{"type":"FeatureCollection","features":[{"type":"Feature","geometry":{"type":"Point","coordinates":[18.649659,54.356487]},"properties":{"name":"Tartaczna","band":0,"modes":"tram,bus","arr":["8","9","100","106","108","111","112","123","130","132","138","154","167","178","184","186","189","199","208","210","212","267","289","600","606","M32","N5","N56","N89"],"off":[0,-0.8]}},{"type":"Feature","geometry":{"type":"Point","coordinates":[18.649659,54.356487]},"properties":{"name":"Muzeum II Wojny Światowej","band":0,"modes":"tram,bus","arr":["8","9","100","106","108","111","112","123","130","132","138","154","167","178","184","186","189","199","208","210","212","267","289","600","606","M32","N5","N56","N89"],"off":[0,-1.9]}},{"type":"Feature","geometry":{"type":"Point","coordinates":[18.649659,54.356487]},"properties":{"name":"Jana z Kolna","band":0,"modes":"tram,bus","arr":["8","9","100","106","108","111","112","123","130","132","138","154","167","178","184","186","189","199","208","210","212","267","289","600","606","M32","N5","N56","N89"],"off":[0,-4.1]}},{"type":"Feature","geometry":{"type":"Point","coordinates":[18.649659,54.356487]},"properties":{"name":"Dworzec Główny","band":0,"modes":"tram,bus","arr":["8","9","100","106","108","111","112","123","130","132","138","154","167","178","184","186","189","199","208","210","212","267","289","600","606","M32","N5","N56","N89"],"off":[0,-5.2]}},{"type":"Feature","geometry":{"type":"Point","coordinates":[18.649659,54.356487]},"properties":{"line":"8","mode":"tram","color":"#d6212b","colorDark":"#7c1116","band":0,"off":[-6.8,1.1]}},{"type":"Feature","geometry":{"type":"Point","coordinates":[18.649659,54.356487]},"properties":{"line":"9","mode":"tram","color":"#d6212b","colorDark":"#7c1116","band":0,"off":[-3.4,1.1]}},{"type":"Feature","geometry":{"type":"Point","coordinates":[18.649659,54.356487]},"properties":{"line":"100","mode":"bus","color":"#0059a9","colorDark":"#00294f","band":0,"off":[0,1.1]}},{"type":"Feature","geometry":{"type":"Point","coordinates":[18.649659,54.356487]},"properties":{"line":"106","mode":"bus","color":"#0059a9","colorDark":"#00294f","band":0,"off":[3.4,1.1]}},{"type":"Feature","geometry":{"type":"Point","coordinates":[18.649659,54.356487]},"properties":{"line":"108","mode":"bus","color":"#0059a9","colorDark":"#00294f","band":0,"off":[6.8,1.1]}},{"type":"Feature","geometry":{"type":"Point","coordinates":[18.649659,54.356487]},"properties":{"line":"111","mode":"bus","color":"#0059a9","colorDark":"#00294f","band":0,"off":[-6.8,3.1]}},{"type":"Feature","geometry":{"type":"Point","coordinates":[18.649659,54.356487]},"properties":{"line":"112","mode":"bus","color":"#0059a9","colorDark":"#00294f","band":0,"off":[-3.4,3.1]}},{"type":"Feature","geometry":{"type":"Point","coordinates":[18.649659,54.356487]},"properties":{"line":"123","mode":"bus","color":"#0059a9","colorDark":"#00294f","band":0,"off":[0,3.1]}},{"type":"Feature","geometry":{"type":"Point","coordinates":[18.649659,54.356487]},"properties":{"line":"130","mode":"bus","color":"#0059a9","colorDark":"#00294f","band":0,"off":[3.4,3.1]}},{"type":"Feature","geometry":{"type":"Point","coordinates":[18.649659,54.356487]},"properties":{"line":"132","mode":"bus","color":"#0059a9","colorDark":"#00294f","band":0,"off":[6.8,3.1]}},{"type":"Feature","geometry":{"type":"Point","coordinates":[18.649659,54.356487]},"properties":{"line":"138","mode":"bus","color":"#0059a9","colorDark":"#00294f","band":0,"off":[-6.8,5.1]}},{"type":"Feature","geometry":{"type":"Point","coordinates":[18.649659,54.356487]},"properties":{"line":"154","mode":"bus","color":"#0059a9","colorDark":"#00294f","band":0,"off":[-3.4,5.1]}},{"type":"Feature","geometry":{"type":"Point","coordinates":[18.649659,54.356487]},"properties":{"line":"167","mode":"bus","color":"#0059a9","colorDark":"#00294f","band":0,"off":[0,5.1]}},{"type":"Feature","geometry":{"type":"Point","coordinates":[18.649659,54.356487]},"properties":{"line":"178","mode":"bus","color":"#0059a9","colorDark":"#00294f","band":0,"off":[3.4,5.1]}},{"type":"Feature","geometry":{"type":"Point","coordinates":[18.649659,54.356487]},"properties":{"line":"184","mode":"bus","color":"#0059a9","colorDark":"#00294f","band":0,"off":[6.8,5.1]}},{"type":"Feature","geometry":{"type":"Point","coordinates":[18.649659,54.356487]},"properties":{"line":"186","mode":"bus","color":"#0059a9","colorDark":"#00294f","band":0,"off":[-6.8,7.1]}},{"type":"Feature","geometry":{"type":"Point","coordinates":[18.649659,54.356487]},"properties":{"line":"189","mode":"bus","color":"#0059a9","colorDark":"#00294f","band":0,"off":[-3.4,7.1]}},{"type":"Feature","geometry":{"type":"Point","coordinates":[18.649659,54.356487]},"properties":{"line":"199","mode":"bus","color":"#0059a9","colorDark":"#00294f","band":0,"off":[0,7.1]}},{"type":"Feature","geometry":{"type":"Point","coordinates":[18.649659,54.356487]},"properties":{"line":"208","mode":"bus","color":"#0059a9","colorDark":"#00294f","band":0,"off":[3.4,7.1]}},{"type":"Feature","geometry":{"type":"Point","coordinates":[18.649659,54.356487]},"properties":{"line":"210","mode":"bus","color":"#0059a9","colorDark":"#00294f","band":0,"off":[6.8,7.1]}},{"type":"Feature","geometry":{"type":"Point","coordinates":[18.649659,54.356487]},"properties":{"line":"212","mode":"bus","color":"#0059a9","colorDark":"#00294f","band":0,"off":[-6.8,9.1]}},{"type":"Feature","geometry":{"type":"Point","coordinates":[18.649659,54.356487]},"properties":{"line":"267","mode":"bus","color":"#0059a9","colorDark":"#00294f","band":0,"off":[-3.4,9.1]}},{"type":"Feature","geometry":{"type":"Point","coordinates":[18.649659,54.356487]},"properties":{"line":"289","mode":"bus","color":"#0059a9","colorDark":"#00294f","band":0,"off":[0,9.1]}},{"type":"Feature","geometry":{"type":"Point","coordinates":[18.649659,54.356487]},"properties":{"line":"600","mode":"bus","color":"#0059a9","colorDark":"#00294f","band":0,"off":[3.4,9.1]}},{"type":"Feature","geometry":{"type":"Point","coordinates":[18.649659,54.356487]},"properties":{"line":"606","mode":"bus","color":"#0059a9","colorDark":"#00294f","band":0,"off":[6.8,9.1]}},{"type":"Feature","geometry":{"type":"Point","coordinates":[18.649659,54.356487]},"properties":{"line":"M32","mode":"bus","color":"#0059a9","colorDark":"#00294f","band":0,"off":[-5.1,11.1]}},{"type":"Feature","geometry":{"type":"Point","coordinates":[18.649659,54.356487]},"properties":{"line":"N5","mode":"bus","color":"#0059a9","colorDark":"#00294f","band":0,"off":[-1.7,11.1]}},{"type":"Feature","geometry":{"type":"Point","coordinates":[18.649659,54.356487]},"properties":{"line":"N56","mode":"bus","color":"#0059a9","colorDark":"#00294f","band":0,"off":[1.7,11.1]}},{"type":"Feature","geometry":{"type":"Point","coordinates":[18.649659,54.356487]},"properties":{"line":"N89","mode":"bus","color":"#0059a9","colorDark":"#00294f","band":0,"off":[5.1,11.1]}},{"type":"Feature","geometry":{"type":"Point","coordinates":[18.679469,54.356766]},"properties":{"name":"Siennicka","band":0,"modes":"bus","arr":["106","111","911","N8"],"off":[0,-0.8]}},{"type":"Feature","geometry":{"type":"Point","coordinates":[18.679469,54.356766]},"properties":{"line":"106","mode":"bus","color":"#0059a9","colorDark":"#00294f","band":0,"off":[-5.1,1.1]}},{"type":"Feature","geometry":{"type":"Point","coordinates":[18.679469,54.356766]},"properties":{"line":"111","mode":"bus","color":"#0059a9","colorDark":"#00294f","band":0,"off":[-1.7,1.1]}},{"type":"Feature","geometry":{"type":"Point","coordinates":[18.679469,54.356766]},"properties":{"line":"911","mode":"bus","color":"#0059a9","colorDark":"#00294f","band":0,"off":[1.7,1.1]}},{"type":"Feature","geometry":{"type":"Point","coordinates":[18.679469,54.356766]},"properties":{"line":"N8","mode":"bus","color":"#0059a9","colorDark":"#00294f","band":0,"off":[5.1,1.1]}},{"type":"Feature","geometry":{"type":"Point","coordinates":[18.678558,54.40253]},"properties":{"name":"Nowy Port Oliwska","band":0,"modes":"tram,bus","arr":["5","60","106","138","600","606"],"off":[0,-0.8]}},{"type":"Feature","geometry":{"type":"Point","coordinates":[18.678558,54.40253]},"properties":{"name":"Muzeum Westerplatte – Terminal Promowy","band":0,"modes":"tram,bus","arr":["5","60","106","138","600","606"],"off":[0,-1.9]}},{"type":"Feature","geometry":{"type":"Point","coordinates":[18.678558,54.40253]},"properties":{"line":"5","mode":"tram","color":"#d6212b","colorDark":"#7c1116","band":0,"off":[-6.8,1.1]}},{"type":"Feature","geometry":{"type":"Point","coordinates":[18.678558,54.40253]},"properties":{"line":"60","mode":"tram","color":"#d6212b","colorDark":"#7c1116","band":0,"off":[-3.4,1.1]}},{"type":"Feature","geometry":{"type":"Point","coordinates":[18.678558,54.40253]},"properties":{"line":"106","mode":"bus","color":"#0059a9","colorDark":"#00294f","band":0,"off":[0,1.1]}},{"type":"Feature","geometry":{"type":"Point","coordinates":[18.678558,54.40253]},"properties":{"line":"138","mode":"bus","color":"#0059a9","colorDark":"#00294f","band":0,"off":[3.4,1.1]}},{"type":"Feature","geometry":{"type":"Point","coordinates":[18.678558,54.40253]},"properties":{"line":"600","mode":"bus","color":"#0059a9","colorDark":"#00294f","band":0,"off":[6.8,1.1]}},{"type":"Feature","geometry":{"type":"Point","coordinates":[18.678558,54.40253]},"properties":{"line":"606","mode":"bus","color":"#0059a9","colorDark":"#00294f","band":0,"off":[0,3.1]}},{"type":"Feature","geometry":{"type":"Point","coordinates":[18.650973,54.247361]},"properties":{"name":"Pruszcz Gdański Komarowo","band":0,"modes":"bus","arr":["107","507"],"off":[0,-0.8]}},{"type":"Feature","geometry":{"type":"Point","coordinates":[18.650973,54.247361]},"properties":{"line":"107","mode":"bus","color":"#0059a9","colorDark":"#00294f","band":0,"off":[-1.7,1.1]}},{"type":"Feature","geometry":{"type":"Point","coordinates":[18.650973,54.247361]},"properties":{"line":"507","mode":"bus","color":"#0059a9","colorDark":"#00294f","band":0,"off":[1.7,1.1]}},{"type":"Feature","geometry":{"type":"Point","coordinates":[18.645972,54.26173]},"properties":{"name":"Pruszcz Gdański Pruszcz Gdański Dworzec","band":0,"modes":"bus","arr":["107","307","507","607","M32","N5"],"off":[0,-0.8]}},{"type":"Feature","geometry":{"type":"Point","coordinates":[18.645972,54.26173]},"properties":{"name":"Pruszcz Gdański Osiedle Piastowskie","band":0,"modes":"bus","arr":["107","307","507","607","M32","N5"],"off":[0,-4.1]}},{"type":"Feature","geometry":{"type":"Point","coordinates":[18.645972,54.26173]},"properties":{"name":"Pruszcz Gdański Krótka – Dom Wiedemanna","band":0,"modes":"bus","arr":["107","307","507","607","M32","N5"],"off":[0,-6.3]}},{"type":"Feature","geometry":{"type":"Point","coordinates":[18.645972,54.26173]},"properties":{"name":"Pruszcz Gdański Chopina/Żwirki i Wigury","band":0,"modes":"bus","arr":["107","307","507","607","M32","N5"],"off":[0,-9.6]}},{"type":"Feature","geometry":{"type":"Point","coordinates":[18.645972,54.26173]},"properties":{"line":"107","mode":"bus","color":"#0059a9","colorDark":"#00294f","band":0,"off":[-6.8,1.1]}},{"type":"Feature","geometry":{"type":"Point","coordinates":[18.645972,54.26173]},"properties":{"line":"307","mode":"bus","color":"#0059a9","colorDark":"#00294f","band":0,"off":[-3.4,1.1]}},{"type":"Feature","geometry":{"type":"Point","coordinates":[18.645972,54.26173]},"properties":{"line":"507","mode":"bus","color":"#0059a9","colorDark":"#00294f","band":0,"off":[0,1.1]}},{"type":"Feature","geometry":{"type":"Point","coordinates":[18.645972,54.26173]},"properties":{"line":"607","mode":"bus","color":"#0059a9","colorDark":"#00294f","band":0,"off":[3.4,1.1]}},{"type":"Feature","geometry":{"type":"Point","coordinates":[18.645972,54.26173]},"properties":{"line":"M32","mode":"bus","color":"#0059a9","colorDark":"#00294f","band":0,"off":[6.8,1.1]}},{"type":"Feature","geometry":{"type":"Point","coordinates":[18.645972,54.26173]},"properties":{"line":"N5","mode":"bus","color":"#0059a9","colorDark":"#00294f","band":0,"off":[0,3.1]}},{"type":"Feature","geometry":{"type":"Point","coordinates":[18.626457,54.266939]},"properties":{"name":"Pruszcz Gdański Rondo Kaszubskie","band":0,"modes":"bus","arr":["107","132","607"],"off":[0,-0.8]}},{"type":"Feature","geometry":{"type":"Point","coordinates":[18.626457,54.266939]},"properties":{"line":"107","mode":"bus","color":"#0059a9","colorDark":"#00294f","band":0,"off":[-3.4,1.1]}},{"type":"Feature","geometry":{"type":"Point","coordinates":[18.626457,54.266939]},"properties":{"line":"132","mode":"bus","color":"#0059a9","colorDark":"#00294f","band":0,"off":[0,1.1]}},{"type":"Feature","geometry":{"type":"Point","coordinates":[18.626457,54.266939]},"properties":{"line":"607","mode":"bus","color":"#0059a9","colorDark":"#00294f","band":0,"off":[3.4,1.1]}},{"type":"Feature","geometry":{"type":"Point","coordinates":[18.615922,54.333974]},"properties":{"name":"Chełm Więckowskiego","band":0,"modes":"bus","arr":["108"],"off":[0,-0.8]}},{"type":"Feature","geometry":{"type":"Point","coordinates":[18.615922,54.333974]},"properties":{"line":"108","mode":"bus","color":"#0059a9","colorDark":"#00294f","band":0,"off":[0,1.1]}},{"type":"Feature","geometry":{"type":"Point","coordinates":[18.603376,54.382124]},"properties":{"name":"Wrzeszcz PKP","band":0,"modes":"bus","arr":["110","116","126","136","157","158","162","258","N3"],"off":[0,-0.8]}},{"type":"Feature","geometry":{"type":"Point","coordinates":[18.603376,54.382124]},"properties":{"line":"110","mode":"bus","color":"#0059a9","colorDark":"#00294f","band":0,"off":[-6.8,1.1]}},{"type":"Feature","geometry":{"type":"Point","coordinates":[18.603376,54.382124]},"properties":{"line":"116","mode":"bus","color":"#0059a9","colorDark":"#00294f","band":0,"off":[-3.4,1.1]}},{"type":"Feature","geometry":{"type":"Point","coordinates":[18.603376,54.382124]},"properties":{"line":"126","mode":"bus","color":"#0059a9","colorDark":"#00294f","band":0,"off":[0,1.1]}},{"type":"Feature","geometry":{"type":"Point","coordinates":[18.603376,54.382124]},"properties":{"line":"136","mode":"bus","color":"#0059a9","colorDark":"#00294f","band":0,"off":[3.4,1.1]}},{"type":"Feature","geometry":{"type":"Point","coordinates":[18.603376,54.382124]},"properties":{"line":"157","mode":"bus","color":"#0059a9","colorDark":"#00294f","band":0,"off":[6.8,1.1]}},{"type":"Feature","geometry":{"type":"Point","coordinates":[18.603376,54.382124]},"properties":{"line":"158","mode":"bus","color":"#0059a9","colorDark":"#00294f","band":0,"off":[-5.1,3.1]}},{"type":"Feature","geometry":{"type":"Point","coordinates":[18.603376,54.382124]},"properties":{"line":"162","mode":"bus","color":"#0059a9","colorDark":"#00294f","band":0,"off":[-1.7,3.1]}},{"type":"Feature","geometry":{"type":"Point","coordinates":[18.603376,54.382124]},"properties":{"line":"258","mode":"bus","color":"#0059a9","colorDark":"#00294f","band":0,"off":[1.7,3.1]}},{"type":"Feature","geometry":{"type":"Point","coordinates":[18.603376,54.382124]},"properties":{"line":"N3","mode":"bus","color":"#0059a9","colorDark":"#00294f","band":0,"off":[5.1,3.1]}},{"type":"Feature","geometry":{"type":"Point","coordinates":[18.467691,54.382751]},"properties":{"name":"Port Lotniczy","band":0,"modes":"bus","arr":["110","N3"],"off":[0,-0.8]}},{"type":"Feature","geometry":{"type":"Point","coordinates":[18.467691,54.382751]},"properties":{"line":"110","mode":"bus","color":"#0059a9","colorDark":"#00294f","band":0,"off":[-1.7,1.1]}},{"type":"Feature","geometry":{"type":"Point","coordinates":[18.467691,54.382751]},"properties":{"line":"N3","mode":"bus","color":"#0059a9","colorDark":"#00294f","band":0,"off":[1.7,1.1]}},{"type":"Feature","geometry":{"type":"Point","coordinates":[18.782144,54.354739]},"properties":{"name":"Górki Zachodnie","band":0,"modes":"bus","arr":["111","911","N8"],"off":[0,-0.8]}},{"type":"Feature","geometry":{"type":"Point","coordinates":[18.782144,54.354739]},"properties":{"line":"111","mode":"bus","color":"#0059a9","colorDark":"#00294f","band":0,"off":[-3.4,1.1]}},{"type":"Feature","geometry":{"type":"Point","coordinates":[18.782144,54.354739]},"properties":{"line":"911","mode":"bus","color":"#0059a9","colorDark":"#00294f","band":0,"off":[0,1.1]}},{"type":"Feature","geometry":{"type":"Point","coordinates":[18.782144,54.354739]},"properties":{"line":"N8","mode":"bus","color":"#0059a9","colorDark":"#00294f","band":0,"off":[3.4,1.1]}},{"type":"Feature","geometry":{"type":"Point","coordinates":[18.826237,54.343657]},"properties":{"name":"Sobieszewo","band":0,"modes":"bus","arr":["112","186","212","512","607","612","N9"],"off":[0,-0.8]}},{"type":"Feature","geometry":{"type":"Point","coordinates":[18.826237,54.343657]},"properties":{"line":"112","mode":"bus","color":"#0059a9","colorDark":"#00294f","band":0,"off":[-6.8,1.1]}},{"type":"Feature","geometry":{"type":"Point","coordinates":[18.826237,54.343657]},"properties":{"line":"186","mode":"bus","color":"#0059a9","colorDark":"#00294f","band":0,"off":[-3.4,1.1]}},{"type":"Feature","geometry":{"type":"Point","coordinates":[18.826237,54.343657]},"properties":{"line":"212","mode":"bus","color":"#0059a9","colorDark":"#00294f","band":0,"off":[0,1.1]}},{"type":"Feature","geometry":{"type":"Point","coordinates":[18.826237,54.343657]},"properties":{"line":"512","mode":"bus","color":"#0059a9","colorDark":"#00294f","band":0,"off":[3.4,1.1]}},{"type":"Feature","geometry":{"type":"Point","coordinates":[18.826237,54.343657]},"properties":{"line":"607","mode":"bus","color":"#0059a9","colorDark":"#00294f","band":0,"off":[6.8,1.1]}},{"type":"Feature","geometry":{"type":"Point","coordinates":[18.826237,54.343657]},"properties":{"line":"612","mode":"bus","color":"#0059a9","colorDark":"#00294f","band":0,"off":[-1.7,3.1]}},{"type":"Feature","geometry":{"type":"Point","coordinates":[18.826237,54.343657]},"properties":{"line":"N9","mode":"bus","color":"#0059a9","colorDark":"#00294f","band":0,"off":[1.7,3.1]}},{"type":"Feature","geometry":{"type":"Point","coordinates":[18.917126,54.311444]},"properties":{"name":"Przegalina","band":0,"modes":"bus","arr":["112","212","N9"],"off":[0,-0.8]}},{"type":"Feature","geometry":{"type":"Point","coordinates":[18.917126,54.311444]},"properties":{"line":"112","mode":"bus","color":"#0059a9","colorDark":"#00294f","band":0,"off":[-3.4,1.1]}},{"type":"Feature","geometry":{"type":"Point","coordinates":[18.917126,54.311444]},"properties":{"line":"212","mode":"bus","color":"#0059a9","colorDark":"#00294f","band":0,"off":[0,1.1]}},{"type":"Feature","geometry":{"type":"Point","coordinates":[18.917126,54.311444]},"properties":{"line":"N9","mode":"bus","color":"#0059a9","colorDark":"#00294f","band":0,"off":[3.4,1.1]}},{"type":"Feature","geometry":{"type":"Point","coordinates":[18.575342,54.30607]},"properties":{"name":"Olimpijska","band":0,"modes":"bus","arr":["113","156","176","213","255","N14","N4"],"off":[0,-0.8]}},{"type":"Feature","geometry":{"type":"Point","coordinates":[18.575342,54.30607]},"properties":{"name":"Kowale Szkoła Metropolitalna","band":0,"modes":"bus","arr":["113","156","176","213","255","N14","N4"],"off":[0,-1.9]}},{"type":"Feature","geometry":{"type":"Point","coordinates":[18.575342,54.30607]},"properties":{"line":"113","mode":"bus","color":"#0059a9","colorDark":"#00294f","band":0,"off":[-6.8,1.1]}},{"type":"Feature","geometry":{"type":"Point","coordinates":[18.575342,54.30607]},"properties":{"line":"156","mode":"bus","color":"#0059a9","colorDark":"#00294f","band":0,"off":[-3.4,1.1]}},{"type":"Feature","geometry":{"type":"Point","coordinates":[18.575342,54.30607]},"properties":{"line":"176","mode":"bus","color":"#0059a9","colorDark":"#00294f","band":0,"off":[0,1.1]}},{"type":"Feature","geometry":{"type":"Point","coordinates":[18.575342,54.30607]},"properties":{"line":"213","mode":"bus","color":"#0059a9","colorDark":"#00294f","band":0,"off":[3.4,1.1]}},{"type":"Feature","geometry":{"type":"Point","coordinates":[18.575342,54.30607]},"properties":{"line":"255","mode":"bus","color":"#0059a9","colorDark":"#00294f","band":0,"off":[6.8,1.1]}},{"type":"Feature","geometry":{"type":"Point","coordinates":[18.575342,54.30607]},"properties":{"line":"N14","mode":"bus","color":"#0059a9","colorDark":"#00294f","band":0,"off":[-1.7,3.1]}},{"type":"Feature","geometry":{"type":"Point","coordinates":[18.575342,54.30607]},"properties":{"line":"N4","mode":"bus","color":"#0059a9","colorDark":"#00294f","band":0,"off":[1.7,3.1]}},{"type":"Feature","geometry":{"type":"Point","coordinates":[18.610384,54.323643]},"properties":{"name":"Orunia Górna","band":0,"modes":"tram,bus","arr":["3","6","113","120","154","155","162","175","176","195","208","213","255","256","262","295","N1"],"off":[0,-0.8]}},{"type":"Feature","geometry":{"type":"Point","coordinates":[18.610384,54.323643]},"properties":{"name":"Łostowice Świętokrzyska","band":0,"modes":"tram,bus","arr":["3","6","113","120","154","155","162","175","176","195","208","213","255","256","262","295","N1"],"off":[0,-1.9]}},{"type":"Feature","geometry":{"type":"Point","coordinates":[18.610384,54.323643]},"properties":{"line":"3","mode":"tram","color":"#d6212b","colorDark":"#7c1116","band":0,"off":[-6.8,1.1]}},{"type":"Feature","geometry":{"type":"Point","coordinates":[18.610384,54.323643]},"properties":{"line":"6","mode":"tram","color":"#d6212b","colorDark":"#7c1116","band":0,"off":[-3.4,1.1]}},{"type":"Feature","geometry":{"type":"Point","coordinates":[18.610384,54.323643]},"properties":{"line":"113","mode":"bus","color":"#0059a9","colorDark":"#00294f","band":0,"off":[0,1.1]}},{"type":"Feature","geometry":{"type":"Point","coordinates":[18.610384,54.323643]},"properties":{"line":"120","mode":"bus","color":"#0059a9","colorDark":"#00294f","band":0,"off":[3.4,1.1]}},{"type":"Feature","geometry":{"type":"Point","coordinates":[18.610384,54.323643]},"properties":{"line":"154","mode":"bus","color":"#0059a9","colorDark":"#00294f","band":0,"off":[6.8,1.1]}},{"type":"Feature","geometry":{"type":"Point","coordinates":[18.610384,54.323643]},"properties":{"line":"155","mode":"bus","color":"#0059a9","colorDark":"#00294f","band":0,"off":[-6.8,3.1]}},{"type":"Feature","geometry":{"type":"Point","coordinates":[18.610384,54.323643]},"properties":{"line":"162","mode":"bus","color":"#0059a9","colorDark":"#00294f","band":0,"off":[-3.4,3.1]}},{"type":"Feature","geometry":{"type":"Point","coordinates":[18.610384,54.323643]},"properties":{"line":"175","mode":"bus","color":"#0059a9","colorDark":"#00294f","band":0,"off":[0,3.1]}},{"type":"Feature","geometry":{"type":"Point","coordinates":[18.610384,54.323643]},"properties":{"line":"176","mode":"bus","color":"#0059a9","colorDark":"#00294f","band":0,"off":[3.4,3.1]}},{"type":"Feature","geometry":{"type":"Point","coordinates":[18.610384,54.323643]},"properties":{"line":"195","mode":"bus","color":"#0059a9","colorDark":"#00294f","band":0,"off":[6.8,3.1]}},{"type":"Feature","geometry":{"type":"Point","coordinates":[18.610384,54.323643]},"properties":{"line":"208","mode":"bus","color":"#0059a9","colorDark":"#00294f","band":0,"off":[-6.8,5.1]}},{"type":"Feature","geometry":{"type":"Point","coordinates":[18.610384,54.323643]},"properties":{"line":"213","mode":"bus","color":"#0059a9","colorDark":"#00294f","band":0,"off":[-3.4,5.1]}},{"type":"Feature","geometry":{"type":"Point","coordinates":[18.610384,54.323643]},"properties":{"line":"255","mode":"bus","color":"#0059a9","colorDark":"#00294f","band":0,"off":[0,5.1]}},{"type":"Feature","geometry":{"type":"Point","coordinates":[18.610384,54.323643]},"properties":{"line":"256","mode":"bus","color":"#0059a9","colorDark":"#00294f","band":0,"off":[3.4,5.1]}},{"type":"Feature","geometry":{"type":"Point","coordinates":[18.610384,54.323643]},"properties":{"line":"262","mode":"bus","color":"#0059a9","colorDark":"#00294f","band":0,"off":[6.8,5.1]}},{"type":"Feature","geometry":{"type":"Point","coordinates":[18.610384,54.323643]},"properties":{"line":"295","mode":"bus","color":"#0059a9","colorDark":"#00294f","band":0,"off":[-1.7,7.1]}},{"type":"Feature","geometry":{"type":"Point","coordinates":[18.610384,54.323643]},"properties":{"line":"N1","mode":"bus","color":"#0059a9","colorDark":"#00294f","band":0,"off":[1.7,7.1]}},{"type":"Feature","geometry":{"type":"Point","coordinates":[18.632271,54.322922]},"properties":{"name":"Gościnna","band":0,"modes":"bus","arr":["113"],"off":[0,-0.8]}},{"type":"Feature","geometry":{"type":"Point","coordinates":[18.632271,54.322922]},"properties":{"line":"113","mode":"bus","color":"#0059a9","colorDark":"#00294f","band":0,"off":[0,1.1]}},{"type":"Feature","geometry":{"type":"Point","coordinates":[18.57309,54.3188]},"properties":{"name":"Zakoniczyn","band":0,"modes":"bus","arr":["115","118","262","295","N1"],"off":[0,-0.8]}},{"type":"Feature","geometry":{"type":"Point","coordinates":[18.57309,54.3188]},"properties":{"name":"Jaworzniaków","band":0,"modes":"bus","arr":["115","118","262","295","N1"],"off":[0,-1.9]}},{"type":"Feature","geometry":{"type":"Point","coordinates":[18.57309,54.3188]},"properties":{"line":"115","mode":"bus","color":"#0059a9","colorDark":"#00294f","band":0,"off":[-6.8,1.1]}},{"type":"Feature","geometry":{"type":"Point","coordinates":[18.57309,54.3188]},"properties":{"line":"118","mode":"bus","color":"#0059a9","colorDark":"#00294f","band":0,"off":[-3.4,1.1]}},{"type":"Feature","geometry":{"type":"Point","coordinates":[18.57309,54.3188]},"properties":{"line":"262","mode":"bus","color":"#0059a9","colorDark":"#00294f","band":0,"off":[0,1.1]}},{"type":"Feature","geometry":{"type":"Point","coordinates":[18.57309,54.3188]},"properties":{"line":"295","mode":"bus","color":"#0059a9","colorDark":"#00294f","band":0,"off":[3.4,1.1]}},{"type":"Feature","geometry":{"type":"Point","coordinates":[18.57309,54.3188]},"properties":{"line":"N1","mode":"bus","color":"#0059a9","colorDark":"#00294f","band":0,"off":[6.8,1.1]}},{"type":"Feature","geometry":{"type":"Point","coordinates":[18.616772,54.364686]},"properties":{"name":"Szpital Zakaźny","band":0,"modes":"bus","arr":["115","183","184","283"],"off":[0,-0.8]}},{"type":"Feature","geometry":{"type":"Point","coordinates":[18.616772,54.364686]},"properties":{"line":"115","mode":"bus","color":"#0059a9","colorDark":"#00294f","band":0,"off":[-5.1,1.1]}},{"type":"Feature","geometry":{"type":"Point","coordinates":[18.616772,54.364686]},"properties":{"line":"183","mode":"bus","color":"#0059a9","colorDark":"#00294f","band":0,"off":[-1.7,1.1]}},{"type":"Feature","geometry":{"type":"Point","coordinates":[18.616772,54.364686]},"properties":{"line":"184","mode":"bus","color":"#0059a9","colorDark":"#00294f","band":0,"off":[1.7,1.1]}},{"type":"Feature","geometry":{"type":"Point","coordinates":[18.616772,54.364686]},"properties":{"line":"283","mode":"bus","color":"#0059a9","colorDark":"#00294f","band":0,"off":[5.1,1.1]}},{"type":"Feature","geometry":{"type":"Point","coordinates":[18.548914,54.366675]},"properties":{"name":"Matemblewo","band":0,"modes":"bus","arr":["116","131"],"off":[0,-0.8]}},{"type":"Feature","geometry":{"type":"Point","coordinates":[18.548914,54.366675]},"properties":{"line":"116","mode":"bus","color":"#0059a9","colorDark":"#00294f","band":0,"off":[-1.7,1.1]}},{"type":"Feature","geometry":{"type":"Point","coordinates":[18.548914,54.366675]},"properties":{"line":"131","mode":"bus","color":"#0059a9","colorDark":"#00294f","band":0,"off":[1.7,1.1]}},{"type":"Feature","geometry":{"type":"Point","coordinates":[18.601991,54.421549]},"properties":{"name":"Jelitkowo Kapliczna","band":0,"modes":"bus","arr":["117"],"off":[0,-0.8]}},{"type":"Feature","geometry":{"type":"Point","coordinates":[18.601991,54.421549]},"properties":{"line":"117","mode":"bus","color":"#0059a9","colorDark":"#00294f","band":0,"off":[0,1.1]}},{"type":"Feature","geometry":{"type":"Point","coordinates":[18.547847,54.439154]},"properties":{"name":"Sopot Osiedle Mickiewicza","band":0,"modes":"bus","arr":["117","144","287"],"off":[0,-0.8]}},{"type":"Feature","geometry":{"type":"Point","coordinates":[18.547847,54.439154]},"properties":{"name":"Osiedle Mickiewicza","band":0,"modes":"bus","arr":["117","144","287"],"off":[0,-3]}},{"type":"Feature","geometry":{"type":"Point","coordinates":[18.547847,54.439154]},"properties":{"line":"117","mode":"bus","color":"#0059a9","colorDark":"#00294f","band":0,"off":[-3.4,1.1]}},{"type":"Feature","geometry":{"type":"Point","coordinates":[18.547847,54.439154]},"properties":{"line":"144","mode":"bus","color":"#0059a9","colorDark":"#00294f","band":0,"off":[0,1.1]}},{"type":"Feature","geometry":{"type":"Point","coordinates":[18.547847,54.439154]},"properties":{"line":"287","mode":"bus","color":"#0059a9","colorDark":"#00294f","band":0,"off":[3.4,1.1]}},{"type":"Feature","geometry":{"type":"Point","coordinates":[18.574126,54.331339]},"properties":{"name":"Ujeścisko","band":0,"modes":"tram,bus","arr":["12","63","118","156"],"off":[0,-0.8]}},{"type":"Feature","geometry":{"type":"Point","coordinates":[18.574126,54.331339]},"properties":{"line":"12","mode":"tram","color":"#d6212b","colorDark":"#7c1116","band":0,"off":[-5.1,1.1]}},{"type":"Feature","geometry":{"type":"Point","coordinates":[18.574126,54.331339]},"properties":{"line":"63","mode":"tram","color":"#d6212b","colorDark":"#7c1116","band":0,"off":[-1.7,1.1]}},{"type":"Feature","geometry":{"type":"Point","coordinates":[18.574126,54.331339]},"properties":{"line":"118","mode":"bus","color":"#0059a9","colorDark":"#00294f","band":0,"off":[1.7,1.1]}},{"type":"Feature","geometry":{"type":"Point","coordinates":[18.574126,54.331339]},"properties":{"line":"156","mode":"bus","color":"#0059a9","colorDark":"#00294f","band":0,"off":[5.1,1.1]}},{"type":"Feature","geometry":{"type":"Point","coordinates":[18.639826,54.393112]},"properties":{"name":"Letnica Węzeł Harfa","band":0,"modes":"bus","arr":["122","149"],"off":[0,-0.8]}},{"type":"Feature","geometry":{"type":"Point","coordinates":[18.639826,54.393112]},"properties":{"line":"122","mode":"bus","color":"#0059a9","colorDark":"#00294f","band":0,"off":[-1.7,1.1]}},{"type":"Feature","geometry":{"type":"Point","coordinates":[18.639826,54.393112]},"properties":{"line":"149","mode":"bus","color":"#0059a9","colorDark":"#00294f","band":0,"off":[1.7,1.1]}},{"type":"Feature","geometry":{"type":"Point","coordinates":[18.540588,54.447842]},"properties":{"name":"Sopot Przylesie","band":0,"modes":"bus","arr":["122"],"off":[0,-0.8]}},{"type":"Feature","geometry":{"type":"Point","coordinates":[18.540588,54.447842]},"properties":{"line":"122","mode":"bus","color":"#0059a9","colorDark":"#00294f","band":0,"off":[0,1.1]}},{"type":"Feature","geometry":{"type":"Point","coordinates":[18.587692,54.403407]},"properties":{"name":"Krynicka","band":0,"modes":"bus","arr":["122","149","199","N14"],"off":[0,-0.8]}},{"type":"Feature","geometry":{"type":"Point","coordinates":[18.587692,54.403407]},"properties":{"line":"122","mode":"bus","color":"#0059a9","colorDark":"#00294f","band":0,"off":[-5.1,1.1]}},{"type":"Feature","geometry":{"type":"Point","coordinates":[18.587692,54.403407]},"properties":{"line":"149","mode":"bus","color":"#0059a9","colorDark":"#00294f","band":0,"off":[-1.7,1.1]}},{"type":"Feature","geometry":{"type":"Point","coordinates":[18.587692,54.403407]},"properties":{"line":"199","mode":"bus","color":"#0059a9","colorDark":"#00294f","band":0,"off":[1.7,1.1]}},{"type":"Feature","geometry":{"type":"Point","coordinates":[18.587692,54.403407]},"properties":{"line":"N14","mode":"bus","color":"#0059a9","colorDark":"#00294f","band":0,"off":[5.1,1.1]}},{"type":"Feature","geometry":{"type":"Point","coordinates":[18.61199,54.403863]},"properties":{"name":"Zaspa Szpital","band":0,"modes":"bus","arr":["122","124","127","158","258","N6"],"off":[0,-0.8]}},{"type":"Feature","geometry":{"type":"Point","coordinates":[18.61199,54.403863]},"properties":{"line":"122","mode":"bus","color":"#0059a9","colorDark":"#00294f","band":0,"off":[-6.8,1.1]}},{"type":"Feature","geometry":{"type":"Point","coordinates":[18.61199,54.403863]},"properties":{"line":"124","mode":"bus","color":"#0059a9","colorDark":"#00294f","band":0,"off":[-3.4,1.1]}},{"type":"Feature","geometry":{"type":"Point","coordinates":[18.61199,54.403863]},"properties":{"line":"127","mode":"bus","color":"#0059a9","colorDark":"#00294f","band":0,"off":[0,1.1]}},{"type":"Feature","geometry":{"type":"Point","coordinates":[18.61199,54.403863]},"properties":{"line":"158","mode":"bus","color":"#0059a9","colorDark":"#00294f","band":0,"off":[3.4,1.1]}},{"type":"Feature","geometry":{"type":"Point","coordinates":[18.61199,54.403863]},"properties":{"line":"258","mode":"bus","color":"#0059a9","colorDark":"#00294f","band":0,"off":[6.8,1.1]}},{"type":"Feature","geometry":{"type":"Point","coordinates":[18.61199,54.403863]},"properties":{"line":"N6","mode":"bus","color":"#0059a9","colorDark":"#00294f","band":0,"off":[0,3.1]}},{"type":"Feature","geometry":{"type":"Point","coordinates":[18.640875,54.324245]},"properties":{"name":"Równa","band":0,"modes":"bus","arr":["123"],"off":[0,-0.8]}},{"type":"Feature","geometry":{"type":"Point","coordinates":[18.640875,54.324245]},"properties":{"line":"123","mode":"bus","color":"#0059a9","colorDark":"#00294f","band":0,"off":[0,1.1]}},{"type":"Feature","geometry":{"type":"Point","coordinates":[18.384974,54.393435]},"properties":{"name":"Banino Pszenna","band":0,"modes":"bus","arr":["126"],"off":[0,-0.8]}},{"type":"Feature","geometry":{"type":"Point","coordinates":[18.384974,54.393435]},"properties":{"line":"126","mode":"bus","color":"#0059a9","colorDark":"#00294f","band":0,"off":[0,1.1]}},{"type":"Feature","geometry":{"type":"Point","coordinates":[18.568689,54.410074]},"properties":{"name":"Oliwa PKP","band":0,"modes":"tram,bus","arr":["5","60","127","143","169","171","179","199","622"],"off":[0,-0.8]}},{"type":"Feature","geometry":{"type":"Point","coordinates":[18.568689,54.410074]},"properties":{"name":"Oliwa","band":0,"modes":"tram,bus","arr":["5","60","127","143","169","171","179","199","622"],"off":[0,-1.9]}},{"type":"Feature","geometry":{"type":"Point","coordinates":[18.568689,54.410074]},"properties":{"line":"5","mode":"tram","color":"#d6212b","colorDark":"#7c1116","band":0,"off":[-6.8,1.1]}},{"type":"Feature","geometry":{"type":"Point","coordinates":[18.568689,54.410074]},"properties":{"line":"60","mode":"tram","color":"#d6212b","colorDark":"#7c1116","band":0,"off":[-3.4,1.1]}},{"type":"Feature","geometry":{"type":"Point","coordinates":[18.568689,54.410074]},"properties":{"line":"127","mode":"bus","color":"#0059a9","colorDark":"#00294f","band":0,"off":[0,1.1]}},{"type":"Feature","geometry":{"type":"Point","coordinates":[18.568689,54.410074]},"properties":{"line":"143","mode":"bus","color":"#0059a9","colorDark":"#00294f","band":0,"off":[3.4,1.1]}},{"type":"Feature","geometry":{"type":"Point","coordinates":[18.568689,54.410074]},"properties":{"line":"169","mode":"bus","color":"#0059a9","colorDark":"#00294f","band":0,"off":[6.8,1.1]}},{"type":"Feature","geometry":{"type":"Point","coordinates":[18.568689,54.410074]},"properties":{"line":"171","mode":"bus","color":"#0059a9","colorDark":"#00294f","band":0,"off":[-5.1,3.1]}},{"type":"Feature","geometry":{"type":"Point","coordinates":[18.568689,54.410074]},"properties":{"line":"179","mode":"bus","color":"#0059a9","colorDark":"#00294f","band":0,"off":[-1.7,3.1]}},{"type":"Feature","geometry":{"type":"Point","coordinates":[18.568689,54.410074]},"properties":{"line":"199","mode":"bus","color":"#0059a9","colorDark":"#00294f","band":0,"off":[1.7,3.1]}},{"type":"Feature","geometry":{"type":"Point","coordinates":[18.568689,54.410074]},"properties":{"line":"622","mode":"bus","color":"#0059a9","colorDark":"#00294f","band":0,"off":[5.1,3.1]}},{"type":"Feature","geometry":{"type":"Point","coordinates":[18.58263,54.357661]},"properties":{"name":"Warneńska","band":0,"modes":"bus","arr":["127","130","184","210","227","283","N16","N2","N6"],"off":[0,-0.8]}},{"type":"Feature","geometry":{"type":"Point","coordinates":[18.58263,54.357661]},"properties":{"line":"127","mode":"bus","color":"#0059a9","colorDark":"#00294f","band":0,"off":[-6.8,1.1]}},{"type":"Feature","geometry":{"type":"Point","coordinates":[18.58263,54.357661]},"properties":{"line":"130","mode":"bus","color":"#0059a9","colorDark":"#00294f","band":0,"off":[-3.4,1.1]}},{"type":"Feature","geometry":{"type":"Point","coordinates":[18.58263,54.357661]},"properties":{"line":"184","mode":"bus","color":"#0059a9","colorDark":"#00294f","band":0,"off":[0,1.1]}},{"type":"Feature","geometry":{"type":"Point","coordinates":[18.58263,54.357661]},"properties":{"line":"210","mode":"bus","color":"#0059a9","colorDark":"#00294f","band":0,"off":[3.4,1.1]}},{"type":"Feature","geometry":{"type":"Point","coordinates":[18.58263,54.357661]},"properties":{"line":"227","mode":"bus","color":"#0059a9","colorDark":"#00294f","band":0,"off":[6.8,1.1]}},{"type":"Feature","geometry":{"type":"Point","coordinates":[18.58263,54.357661]},"properties":{"line":"283","mode":"bus","color":"#0059a9","colorDark":"#00294f","band":0,"off":[-5.1,3.1]}},{"type":"Feature","geometry":{"type":"Point","coordinates":[18.58263,54.357661]},"properties":{"line":"N16","mode":"bus","color":"#0059a9","colorDark":"#00294f","band":0,"off":[-1.7,3.1]}},{"type":"Feature","geometry":{"type":"Point","coordinates":[18.58263,54.357661]},"properties":{"line":"N2","mode":"bus","color":"#0059a9","colorDark":"#00294f","band":0,"off":[1.7,3.1]}},{"type":"Feature","geometry":{"type":"Point","coordinates":[18.58263,54.357661]},"properties":{"line":"N6","mode":"bus","color":"#0059a9","colorDark":"#00294f","band":0,"off":[5.1,3.1]}},{"type":"Feature","geometry":{"type":"Point","coordinates":[18.550024,54.353176]},"properties":{"name":"Jasień PKM","band":0,"modes":"bus","arr":["127","130","155","268"],"off":[0,-0.8]}},{"type":"Feature","geometry":{"type":"Point","coordinates":[18.550024,54.353176]},"properties":{"line":"127","mode":"bus","color":"#0059a9","colorDark":"#00294f","band":0,"off":[-5.1,1.1]}},{"type":"Feature","geometry":{"type":"Point","coordinates":[18.550024,54.353176]},"properties":{"line":"130","mode":"bus","color":"#0059a9","colorDark":"#00294f","band":0,"off":[-1.7,1.1]}},{"type":"Feature","geometry":{"type":"Point","coordinates":[18.550024,54.353176]},"properties":{"line":"155","mode":"bus","color":"#0059a9","colorDark":"#00294f","band":0,"off":[1.7,1.1]}},{"type":"Feature","geometry":{"type":"Point","coordinates":[18.550024,54.353176]},"properties":{"line":"268","mode":"bus","color":"#0059a9","colorDark":"#00294f","band":0,"off":[5.1,1.1]}},{"type":"Feature","geometry":{"type":"Point","coordinates":[18.552427,54.349538]},"properties":{"name":"Jasieńska","band":0,"modes":"bus","arr":["127","130","N6"],"off":[0,-0.8]}},{"type":"Feature","geometry":{"type":"Point","coordinates":[18.552427,54.349538]},"properties":{"line":"127","mode":"bus","color":"#0059a9","colorDark":"#00294f","band":0,"off":[-3.4,1.1]}},{"type":"Feature","geometry":{"type":"Point","coordinates":[18.552427,54.349538]},"properties":{"line":"130","mode":"bus","color":"#0059a9","colorDark":"#00294f","band":0,"off":[0,1.1]}},{"type":"Feature","geometry":{"type":"Point","coordinates":[18.552427,54.349538]},"properties":{"line":"N6","mode":"bus","color":"#0059a9","colorDark":"#00294f","band":0,"off":[3.4,1.1]}},{"type":"Feature","geometry":{"type":"Point","coordinates":[18.637953,54.249346]},"properties":{"name":"Pruszcz Gdański Urząd Skarbowy","band":0,"modes":"bus","arr":["132"],"off":[0,-0.8]}},{"type":"Feature","geometry":{"type":"Point","coordinates":[18.637953,54.249346]},"properties":{"line":"132","mode":"bus","color":"#0059a9","colorDark":"#00294f","band":0,"off":[0,1.1]}},{"type":"Feature","geometry":{"type":"Point","coordinates":[18.558899,54.380336]},"properties":{"name":"Niedźwiednik","band":0,"modes":"bus","arr":["136","184","283"],"off":[0,-0.8]}},{"type":"Feature","geometry":{"type":"Point","coordinates":[18.558899,54.380336]},"properties":{"line":"136","mode":"bus","color":"#0059a9","colorDark":"#00294f","band":0,"off":[-3.4,1.1]}},{"type":"Feature","geometry":{"type":"Point","coordinates":[18.558899,54.380336]},"properties":{"line":"184","mode":"bus","color":"#0059a9","colorDark":"#00294f","band":0,"off":[0,1.1]}},{"type":"Feature","geometry":{"type":"Point","coordinates":[18.558899,54.380336]},"properties":{"line":"283","mode":"bus","color":"#0059a9","colorDark":"#00294f","band":0,"off":[3.4,1.1]}},{"type":"Feature","geometry":{"type":"Point","coordinates":[18.527331,54.449315]},"properties":{"name":"Sopot Sanatorium Leśnik","band":0,"modes":"bus","arr":["143","177"],"off":[0,-0.8]}},{"type":"Feature","geometry":{"type":"Point","coordinates":[18.527331,54.449315]},"properties":{"name":"Sanatorium Leśnik","band":0,"modes":"bus","arr":["143","177"],"off":[0,-3]}},{"type":"Feature","geometry":{"type":"Point","coordinates":[18.527331,54.449315]},"properties":{"line":"143","mode":"bus","color":"#0059a9","colorDark":"#00294f","band":0,"off":[-1.7,1.1]}},{"type":"Feature","geometry":{"type":"Point","coordinates":[18.527331,54.449315]},"properties":{"line":"177","mode":"bus","color":"#0059a9","colorDark":"#00294f","band":0,"off":[1.7,1.1]}},{"type":"Feature","geometry":{"type":"Point","coordinates":[18.673591,54.396684]},"properties":{"name":"Zajezdnia NOWY PORT T2","band":0,"modes":"tram,bus","arr":["10","148","N6"],"off":[0,-0.8]}},{"type":"Feature","geometry":{"type":"Point","coordinates":[18.673591,54.396684]},"properties":{"name":"Nowy Port Szaniec Zachodni","band":0,"modes":"tram,bus","arr":["10","148","N6"],"off":[0,-3]}},{"type":"Feature","geometry":{"type":"Point","coordinates":[18.673591,54.396684]},"properties":{"line":"10","mode":"tram","color":"#d6212b","colorDark":"#7c1116","band":0,"off":[-3.4,1.1]}},{"type":"Feature","geometry":{"type":"Point","coordinates":[18.673591,54.396684]},"properties":{"line":"148","mode":"bus","color":"#0059a9","colorDark":"#00294f","band":0,"off":[0,1.1]}},{"type":"Feature","geometry":{"type":"Point","coordinates":[18.673591,54.396684]},"properties":{"line":"N6","mode":"bus","color":"#0059a9","colorDark":"#00294f","band":0,"off":[3.4,1.1]}},{"type":"Feature","geometry":{"type":"Point","coordinates":[18.570257,54.421123]},"properties":{"name":"Żabianka SKM","band":0,"modes":"bus","arr":["148","N14","N6"],"off":[0,-0.8]}},{"type":"Feature","geometry":{"type":"Point","coordinates":[18.570257,54.421123]},"properties":{"line":"148","mode":"bus","color":"#0059a9","colorDark":"#00294f","band":0,"off":[-3.4,1.1]}},{"type":"Feature","geometry":{"type":"Point","coordinates":[18.570257,54.421123]},"properties":{"line":"N14","mode":"bus","color":"#0059a9","colorDark":"#00294f","band":0,"off":[0,1.1]}},{"type":"Feature","geometry":{"type":"Point","coordinates":[18.570257,54.421123]},"properties":{"line":"N6","mode":"bus","color":"#0059a9","colorDark":"#00294f","band":0,"off":[3.4,1.1]}},{"type":"Feature","geometry":{"type":"Point","coordinates":[18.463598,54.374847]},"properties":{"name":"Bysewo","band":0,"modes":"bus","arr":["157","167","267"],"off":[0,-0.8]}},{"type":"Feature","geometry":{"type":"Point","coordinates":[18.463598,54.374847]},"properties":{"line":"157","mode":"bus","color":"#0059a9","colorDark":"#00294f","band":0,"off":[-3.4,1.1]}},{"type":"Feature","geometry":{"type":"Point","coordinates":[18.463598,54.374847]},"properties":{"line":"167","mode":"bus","color":"#0059a9","colorDark":"#00294f","band":0,"off":[0,1.1]}},{"type":"Feature","geometry":{"type":"Point","coordinates":[18.463598,54.374847]},"properties":{"line":"267","mode":"bus","color":"#0059a9","colorDark":"#00294f","band":0,"off":[3.4,1.1]}},{"type":"Feature","geometry":{"type":"Point","coordinates":[18.716225,54.362533]},"properties":{"name":"Stogi","band":0,"modes":"bus","arr":["158","258","T8"],"off":[0,-0.8]}},{"type":"Feature","geometry":{"type":"Point","coordinates":[18.716225,54.362533]},"properties":{"line":"158","mode":"bus","color":"#0059a9","colorDark":"#00294f","band":0,"off":[-3.4,1.1]}},{"type":"Feature","geometry":{"type":"Point","coordinates":[18.716225,54.362533]},"properties":{"line":"258","mode":"bus","color":"#0059a9","colorDark":"#00294f","band":0,"off":[0,1.1]}},{"type":"Feature","geometry":{"type":"Point","coordinates":[18.716225,54.362533]},"properties":{"line":"T8","mode":"bus","color":"#0059a9","colorDark":"#00294f","band":0,"off":[3.4,1.1]}},{"type":"Feature","geometry":{"type":"Point","coordinates":[18.677843,54.378863]},"properties":{"name":"Ku Ujściu","band":0,"modes":"bus","arr":["158","258","600","658"],"off":[0,-0.8]}},{"type":"Feature","geometry":{"type":"Point","coordinates":[18.677843,54.378863]},"properties":{"line":"158","mode":"bus","color":"#0059a9","colorDark":"#00294f","band":0,"off":[-5.1,1.1]}},{"type":"Feature","geometry":{"type":"Point","coordinates":[18.677843,54.378863]},"properties":{"line":"258","mode":"bus","color":"#0059a9","colorDark":"#00294f","band":0,"off":[-1.7,1.1]}},{"type":"Feature","geometry":{"type":"Point","coordinates":[18.677843,54.378863]},"properties":{"line":"600","mode":"bus","color":"#0059a9","colorDark":"#00294f","band":0,"off":[1.7,1.1]}},{"type":"Feature","geometry":{"type":"Point","coordinates":[18.677843,54.378863]},"properties":{"line":"658","mode":"bus","color":"#0059a9","colorDark":"#00294f","band":0,"off":[5.1,1.1]}},{"type":"Feature","geometry":{"type":"Point","coordinates":[18.718647,54.353987]},"properties":{"name":"Sztutowska","band":0,"modes":"bus","arr":["166"],"off":[0,-0.8]}},{"type":"Feature","geometry":{"type":"Point","coordinates":[18.718647,54.353987]},"properties":{"line":"166","mode":"bus","color":"#0059a9","colorDark":"#00294f","band":0,"off":[0,1.1]}},{"type":"Feature","geometry":{"type":"Point","coordinates":[18.499203,54.342108]},"properties":{"name":"Kiełpino Górne","band":0,"modes":"bus","arr":["168"],"off":[0,-0.8]}},{"type":"Feature","geometry":{"type":"Point","coordinates":[18.499203,54.342108]},"properties":{"line":"168","mode":"bus","color":"#0059a9","colorDark":"#00294f","band":0,"off":[0,1.1]}},{"type":"Feature","geometry":{"type":"Point","coordinates":[18.606974,54.347841]},"properties":{"name":"Siedlce","band":0,"modes":"bus","arr":["168","174","175","195"],"off":[0,-0.8]}},{"type":"Feature","geometry":{"type":"Point","coordinates":[18.606974,54.347841]},"properties":{"line":"168","mode":"bus","color":"#0059a9","colorDark":"#00294f","band":0,"off":[-5.1,1.1]}},{"type":"Feature","geometry":{"type":"Point","coordinates":[18.606974,54.347841]},"properties":{"line":"174","mode":"bus","color":"#0059a9","colorDark":"#00294f","band":0,"off":[-1.7,1.1]}},{"type":"Feature","geometry":{"type":"Point","coordinates":[18.606974,54.347841]},"properties":{"line":"175","mode":"bus","color":"#0059a9","colorDark":"#00294f","band":0,"off":[1.7,1.1]}},{"type":"Feature","geometry":{"type":"Point","coordinates":[18.606974,54.347841]},"properties":{"line":"195","mode":"bus","color":"#0059a9","colorDark":"#00294f","band":0,"off":[5.1,1.1]}},{"type":"Feature","geometry":{"type":"Point","coordinates":[18.480094,54.414954]},"properties":{"name":"Owczarnia","band":0,"modes":"bus","arr":["169"],"off":[0,-0.8]}},{"type":"Feature","geometry":{"type":"Point","coordinates":[18.480094,54.414954]},"properties":{"line":"169","mode":"bus","color":"#0059a9","colorDark":"#00294f","band":0,"off":[0,1.1]}},{"type":"Feature","geometry":{"type":"Point","coordinates":[18.451976,54.420575]},"properties":{"name":"Osowa PKP","band":0,"modes":"bus","arr":["169","179","210","269","N1"],"off":[0,-0.8]}},{"type":"Feature","geometry":{"type":"Point","coordinates":[18.451976,54.420575]},"properties":{"line":"169","mode":"bus","color":"#0059a9","colorDark":"#00294f","band":0,"off":[-6.8,1.1]}},{"type":"Feature","geometry":{"type":"Point","coordinates":[18.451976,54.420575]},"properties":{"line":"179","mode":"bus","color":"#0059a9","colorDark":"#00294f","band":0,"off":[-3.4,1.1]}},{"type":"Feature","geometry":{"type":"Point","coordinates":[18.451976,54.420575]},"properties":{"line":"210","mode":"bus","color":"#0059a9","colorDark":"#00294f","band":0,"off":[0,1.1]}},{"type":"Feature","geometry":{"type":"Point","coordinates":[18.451976,54.420575]},"properties":{"line":"269","mode":"bus","color":"#0059a9","colorDark":"#00294f","band":0,"off":[3.4,1.1]}},{"type":"Feature","geometry":{"type":"Point","coordinates":[18.451976,54.420575]},"properties":{"line":"N1","mode":"bus","color":"#0059a9","colorDark":"#00294f","band":0,"off":[6.8,1.1]}},{"type":"Feature","geometry":{"type":"Point","coordinates":[18.535319,54.413475]},"properties":{"name":"Oliwa ZOO","band":0,"modes":"bus","arr":["169","622","G"],"off":[0,-0.8]}},{"type":"Feature","geometry":{"type":"Point","coordinates":[18.535319,54.413475]},"properties":{"line":"169","mode":"bus","color":"#0059a9","colorDark":"#00294f","band":0,"off":[-3.4,1.1]}},{"type":"Feature","geometry":{"type":"Point","coordinates":[18.535319,54.413475]},"properties":{"line":"622","mode":"bus","color":"#0059a9","colorDark":"#00294f","band":0,"off":[0,1.1]}},{"type":"Feature","geometry":{"type":"Point","coordinates":[18.535319,54.413475]},"properties":{"line":"G","mode":"bus","color":"#0059a9","colorDark":"#00294f","band":0,"off":[3.4,1.1]}},{"type":"Feature","geometry":{"type":"Point","coordinates":[18.475958,54.473618]},"properties":{"name":"Karwiny Tuwima","band":0,"modes":"bus","arr":["23","24","31","33","145","147","171","180","191","193","K"],"off":[0,-0.8]}},{"type":"Feature","geometry":{"type":"Point","coordinates":[18.475958,54.473618]},"properties":{"name":"Karwiny Nowowiczlińska","band":0,"modes":"bus","arr":["23","24","31","33","145","147","171","180","191","193","K"],"off":[0,-1.9]}},{"type":"Feature","geometry":{"type":"Point","coordinates":[18.475958,54.473618]},"properties":{"name":"Gdynia Karwiny Nowowiczlińska","band":0,"modes":"bus","arr":["23","24","31","33","145","147","171","180","191","193","K"],"off":[0,-4.1]}},{"type":"Feature","geometry":{"type":"Point","coordinates":[18.475958,54.473618]},"properties":{"name":"Dąbrowa Centrum","band":0,"modes":"bus","arr":["23","24","31","33","145","147","171","180","191","193","K"],"off":[0,-6.3]}},{"type":"Feature","geometry":{"type":"Point","coordinates":[18.475958,54.473618]},"properties":{"line":"23","mode":"bus","color":"#149a3f","colorDark":"#0a5121","band":0,"off":[-6.8,1.1]}},{"type":"Feature","geometry":{"type":"Point","coordinates":[18.475958,54.473618]},"properties":{"line":"24","mode":"bus","color":"#149a3f","colorDark":"#0a5121","band":0,"off":[-3.4,1.1]}},{"type":"Feature","geometry":{"type":"Point","coordinates":[18.475958,54.473618]},"properties":{"line":"31","mode":"bus","color":"#149a3f","colorDark":"#0a5121","band":0,"off":[0,1.1]}},{"type":"Feature","geometry":{"type":"Point","coordinates":[18.475958,54.473618]},"properties":{"line":"33","mode":"bus","color":"#149a3f","colorDark":"#0a5121","band":0,"off":[3.4,1.1]}},{"type":"Feature","geometry":{"type":"Point","coordinates":[18.475958,54.473618]},"properties":{"line":"145","mode":"bus","color":"#0059a9","colorDark":"#00294f","band":0,"off":[6.8,1.1]}},{"type":"Feature","geometry":{"type":"Point","coordinates":[18.475958,54.473618]},"properties":{"line":"147","mode":"bus","color":"#0059a9","colorDark":"#00294f","band":0,"off":[-6.8,3.1]}},{"type":"Feature","geometry":{"type":"Point","coordinates":[18.475958,54.473618]},"properties":{"line":"171","mode":"bus","color":"#0059a9","colorDark":"#00294f","band":0,"off":[-3.4,3.1]}},{"type":"Feature","geometry":{"type":"Point","coordinates":[18.475958,54.473618]},"properties":{"line":"180","mode":"bus","color":"#0059a9","colorDark":"#00294f","band":0,"off":[0,3.1]}},{"type":"Feature","geometry":{"type":"Point","coordinates":[18.475958,54.473618]},"properties":{"line":"191","mode":"bus","color":"#0059a9","colorDark":"#00294f","band":0,"off":[3.4,3.1]}},{"type":"Feature","geometry":{"type":"Point","coordinates":[18.475958,54.473618]},"properties":{"line":"193","mode":"bus","color":"#0059a9","colorDark":"#00294f","band":0,"off":[6.8,3.1]}},{"type":"Feature","geometry":{"type":"Point","coordinates":[18.475958,54.473618]},"properties":{"line":"K","mode":"bus","color":"#0059a9","colorDark":"#00294f","band":0,"off":[0,5.1]}},{"type":"Feature","geometry":{"type":"Point","coordinates":[18.504868,54.321362]},"properties":{"name":"Otomin Słoneczna Pętla","band":0,"modes":"bus","arr":["174"],"off":[0,-0.8]}},{"type":"Feature","geometry":{"type":"Point","coordinates":[18.504868,54.321362]},"properties":{"line":"174","mode":"bus","color":"#0059a9","colorDark":"#00294f","band":0,"off":[0,1.1]}},{"type":"Feature","geometry":{"type":"Point","coordinates":[18.606854,54.301603]},"properties":{"name":"Starogardzka","band":0,"modes":"bus","arr":["175","N2","N89"],"off":[0,-0.8]}},{"type":"Feature","geometry":{"type":"Point","coordinates":[18.606854,54.301603]},"properties":{"line":"175","mode":"bus","color":"#0059a9","colorDark":"#00294f","band":0,"off":[-3.4,1.1]}},{"type":"Feature","geometry":{"type":"Point","coordinates":[18.606854,54.301603]},"properties":{"line":"N2","mode":"bus","color":"#0059a9","colorDark":"#00294f","band":0,"off":[0,1.1]}},{"type":"Feature","geometry":{"type":"Point","coordinates":[18.606854,54.301603]},"properties":{"line":"N89","mode":"bus","color":"#0059a9","colorDark":"#00294f","band":0,"off":[3.4,1.1]}},{"type":"Feature","geometry":{"type":"Point","coordinates":[18.59534,54.298794]},"properties":{"name":"Borkowo Szkoła","band":0,"modes":"bus","arr":["176"],"off":[0,-0.8]}},{"type":"Feature","geometry":{"type":"Point","coordinates":[18.59534,54.298794]},"properties":{"line":"176","mode":"bus","color":"#0059a9","colorDark":"#00294f","band":0,"off":[0,1.1]}},{"type":"Feature","geometry":{"type":"Point","coordinates":[18.669158,54.341867]},"properties":{"name":"Olszynka Szkoła","band":0,"modes":"bus","arr":["178","183","N78"],"off":[0,-0.8]}},{"type":"Feature","geometry":{"type":"Point","coordinates":[18.669158,54.341867]},"properties":{"line":"178","mode":"bus","color":"#0059a9","colorDark":"#00294f","band":0,"off":[-3.4,1.1]}},{"type":"Feature","geometry":{"type":"Point","coordinates":[18.669158,54.341867]},"properties":{"line":"183","mode":"bus","color":"#0059a9","colorDark":"#00294f","band":0,"off":[0,1.1]}},{"type":"Feature","geometry":{"type":"Point","coordinates":[18.669158,54.341867]},"properties":{"line":"N78","mode":"bus","color":"#0059a9","colorDark":"#00294f","band":0,"off":[3.4,1.1]}},{"type":"Feature","geometry":{"type":"Point","coordinates":[18.677235,54.335934]},"properties":{"name":"Olszynka Niwki","band":0,"modes":"bus","arr":["178","N78"],"off":[0,-0.8]}},{"type":"Feature","geometry":{"type":"Point","coordinates":[18.677235,54.335934]},"properties":{"line":"178","mode":"bus","color":"#0059a9","colorDark":"#00294f","band":0,"off":[-1.7,1.1]}},{"type":"Feature","geometry":{"type":"Point","coordinates":[18.677235,54.335934]},"properties":{"line":"N78","mode":"bus","color":"#0059a9","colorDark":"#00294f","band":0,"off":[1.7,1.1]}},{"type":"Feature","geometry":{"type":"Point","coordinates":[18.79088,54.350853]},"properties":{"name":"Górki Wschodnie","band":0,"modes":"bus","arr":["186"],"off":[0,-0.8]}},{"type":"Feature","geometry":{"type":"Point","coordinates":[18.79088,54.350853]},"properties":{"line":"186","mode":"bus","color":"#0059a9","colorDark":"#00294f","band":0,"off":[0,1.1]}},{"type":"Feature","geometry":{"type":"Point","coordinates":[18.593303,54.423222]},"properties":{"name":"Jelitkowo","band":0,"modes":"tram,bus","arr":["2","227"],"off":[0,-0.8]}},{"type":"Feature","geometry":{"type":"Point","coordinates":[18.593303,54.423222]},"properties":{"line":"2","mode":"tram","color":"#d6212b","colorDark":"#7c1116","band":0,"off":[-1.7,1.1]}},{"type":"Feature","geometry":{"type":"Point","coordinates":[18.593303,54.423222]},"properties":{"line":"227","mode":"bus","color":"#0059a9","colorDark":"#00294f","band":0,"off":[1.7,1.1]}},{"type":"Feature","geometry":{"type":"Point","coordinates":[18.626226,54.337621]},"properties":{"name":"Chełm Cienista","band":0,"modes":"bus","arr":["227"],"off":[0,-0.8]}},{"type":"Feature","geometry":{"type":"Point","coordinates":[18.626226,54.337621]},"properties":{"line":"227","mode":"bus","color":"#0059a9","colorDark":"#00294f","band":0,"off":[0,1.1]}},{"type":"Feature","geometry":{"type":"Point","coordinates":[18.554287,54.294889]},"properties":{"name":"Jankowo Conradiego Pętla","band":0,"modes":"bus","arr":["255","256"],"off":[0,-0.8]}},{"type":"Feature","geometry":{"type":"Point","coordinates":[18.554287,54.294889]},"properties":{"line":"255","mode":"bus","color":"#0059a9","colorDark":"#00294f","band":0,"off":[-1.7,1.1]}},{"type":"Feature","geometry":{"type":"Point","coordinates":[18.554287,54.294889]},"properties":{"line":"256","mode":"bus","color":"#0059a9","colorDark":"#00294f","band":0,"off":[1.7,1.1]}},{"type":"Feature","geometry":{"type":"Point","coordinates":[18.576374,54.401842]},"properties":{"name":"Przymorze SKM","band":0,"modes":"bus","arr":["262"],"off":[0,-0.8]}},{"type":"Feature","geometry":{"type":"Point","coordinates":[18.576374,54.401842]},"properties":{"line":"262","mode":"bus","color":"#0059a9","colorDark":"#00294f","band":0,"off":[0,1.1]}},{"type":"Feature","geometry":{"type":"Point","coordinates":[18.443302,54.365347]},"properties":{"name":"Czaple Bysewo","band":0,"modes":"bus","arr":["268"],"off":[0,-0.8]}},{"type":"Feature","geometry":{"type":"Point","coordinates":[18.443302,54.365347]},"properties":{"line":"268","mode":"bus","color":"#0059a9","colorDark":"#00294f","band":0,"off":[0,1.1]}},{"type":"Feature","geometry":{"type":"Point","coordinates":[18.451413,54.412172]},"properties":{"name":"Osiedle Barniewice","band":0,"modes":"bus","arr":["269"],"off":[0,-0.8]}},{"type":"Feature","geometry":{"type":"Point","coordinates":[18.451413,54.412172]},"properties":{"line":"269","mode":"bus","color":"#0059a9","colorDark":"#00294f","band":0,"off":[0,1.1]}},{"type":"Feature","geometry":{"type":"Point","coordinates":[18.457448,54.443959]},"properties":{"name":"Kukawka","band":0,"modes":"bus","arr":["269"],"off":[0,-0.8]}},{"type":"Feature","geometry":{"type":"Point","coordinates":[18.457448,54.443959]},"properties":{"line":"269","mode":"bus","color":"#0059a9","colorDark":"#00294f","band":0,"off":[0,1.1]}},{"type":"Feature","geometry":{"type":"Point","coordinates":[18.632007,54.376625]},"properties":{"name":"Węzeł Kliniczna","band":0,"modes":"bus","arr":["283"],"off":[0,-0.8]}},{"type":"Feature","geometry":{"type":"Point","coordinates":[18.632007,54.376625]},"properties":{"line":"283","mode":"bus","color":"#0059a9","colorDark":"#00294f","band":0,"off":[0,1.1]}},{"type":"Feature","geometry":{"type":"Point","coordinates":[18.615714,54.241256]},"properties":{"name":"Pruszcz Gdański Zastawna/Rondo","band":0,"modes":"bus","arr":["307"],"off":[0,-0.8]}},{"type":"Feature","geometry":{"type":"Point","coordinates":[18.615714,54.241256]},"properties":{"line":"307","mode":"bus","color":"#0059a9","colorDark":"#00294f","band":0,"off":[0,1.1]}},{"type":"Feature","geometry":{"type":"Point","coordinates":[18.648286,54.387289]},"properties":{"name":"Polsat Plus Arena Gdańsk","band":0,"modes":"bus","arr":["600","658","N6"],"off":[0,-0.8]}},{"type":"Feature","geometry":{"type":"Point","coordinates":[18.648286,54.387289]},"properties":{"line":"600","mode":"bus","color":"#0059a9","colorDark":"#00294f","band":0,"off":[-3.4,1.1]}},{"type":"Feature","geometry":{"type":"Point","coordinates":[18.648286,54.387289]},"properties":{"line":"658","mode":"bus","color":"#0059a9","colorDark":"#00294f","band":0,"off":[0,1.1]}},{"type":"Feature","geometry":{"type":"Point","coordinates":[18.648286,54.387289]},"properties":{"line":"N6","mode":"bus","color":"#0059a9","colorDark":"#00294f","band":0,"off":[3.4,1.1]}},{"type":"Feature","geometry":{"type":"Point","coordinates":[18.643546,54.347922]},"properties":{"name":"Śródmieście SKM","band":0,"modes":"bus","arr":["612"],"off":[0,-0.8]}},{"type":"Feature","geometry":{"type":"Point","coordinates":[18.643546,54.347922]},"properties":{"line":"612","mode":"bus","color":"#0059a9","colorDark":"#00294f","band":0,"off":[0,1.1]}},{"type":"Feature","geometry":{"type":"Point","coordinates":[18.622499,54.396149]},"properties":{"name":"Grudziądzka","band":0,"modes":"bus","arr":["N1","N2","N6"],"off":[0,-0.8]}},{"type":"Feature","geometry":{"type":"Point","coordinates":[18.622499,54.396149]},"properties":{"line":"N1","mode":"bus","color":"#0059a9","colorDark":"#00294f","band":0,"off":[-3.4,1.1]}},{"type":"Feature","geometry":{"type":"Point","coordinates":[18.622499,54.396149]},"properties":{"line":"N2","mode":"bus","color":"#0059a9","colorDark":"#00294f","band":0,"off":[0,1.1]}},{"type":"Feature","geometry":{"type":"Point","coordinates":[18.622499,54.396149]},"properties":{"line":"N6","mode":"bus","color":"#0059a9","colorDark":"#00294f","band":0,"off":[3.4,1.1]}},{"type":"Feature","geometry":{"type":"Point","coordinates":[18.621188,54.387868]},"properties":{"name":"Kościuszki","band":0,"modes":"bus","arr":["N2"],"off":[0,-0.8]}},{"type":"Feature","geometry":{"type":"Point","coordinates":[18.621188,54.387868]},"properties":{"line":"N2","mode":"bus","color":"#0059a9","colorDark":"#00294f","band":0,"off":[0,1.1]}},{"type":"Feature","geometry":{"type":"Point","coordinates":[18.466309,54.272483]},"properties":{"name":"Kolbudy Plac Kaszubski","band":0,"modes":"bus","arr":["N56"],"off":[0,-0.8]}},{"type":"Feature","geometry":{"type":"Point","coordinates":[18.466309,54.272483]},"properties":{"line":"N56","mode":"bus","color":"#0059a9","colorDark":"#00294f","band":0,"off":[0,1.1]}},{"type":"Feature","geometry":{"type":"Point","coordinates":[18.729025,54.372207]},"properties":{"name":"Stogi Plaża","band":0,"modes":"bus","arr":["T8"],"off":[0,-0.8]}},{"type":"Feature","geometry":{"type":"Point","coordinates":[18.729025,54.372207]},"properties":{"line":"T8","mode":"bus","color":"#0059a9","colorDark":"#00294f","band":0,"off":[0,1.1]}},{"type":"Feature","geometry":{"type":"Point","coordinates":[18.560641,54.431445]},"properties":{"name":"Sopot Reja","band":0,"modes":"bus","arr":["21","181","S"],"off":[0,-0.8]}},{"type":"Feature","geometry":{"type":"Point","coordinates":[18.560641,54.431445]},"properties":{"line":"21","mode":"bus","color":"#149a3f","colorDark":"#0a5121","band":0,"off":[-3.4,1.1]}},{"type":"Feature","geometry":{"type":"Point","coordinates":[18.560641,54.431445]},"properties":{"line":"181","mode":"bus","color":"#0059a9","colorDark":"#00294f","band":0,"off":[0,1.1]}},{"type":"Feature","geometry":{"type":"Point","coordinates":[18.560641,54.431445]},"properties":{"line":"S","mode":"bus","color":"#0059a9","colorDark":"#00294f","band":0,"off":[3.4,1.1]}},{"type":"Feature","geometry":{"type":"Point","coordinates":[18.536114,54.522112]},"properties":{"name":"Plac Kaszubski","band":0,"modes":"bus","arr":["21","22","23","25","29","32","33","102","119","146","173","190","194","204","740"],"off":[0,-0.8]}},{"type":"Feature","geometry":{"type":"Point","coordinates":[18.536114,54.522112]},"properties":{"name":"Gdynia Dworzec Gł. PKP","band":0,"modes":"bus","arr":["21","22","23","25","29","32","33","102","119","146","173","190","194","204","740"],"off":[0,-1.9]}},{"type":"Feature","geometry":{"type":"Point","coordinates":[18.536114,54.522112]},"properties":{"name":"3 Maja - Hala","band":0,"modes":"bus","arr":["21","22","23","25","29","32","33","102","119","146","173","190","194","204","740"],"off":[0,-4.1]}},{"type":"Feature","geometry":{"type":"Point","coordinates":[18.536114,54.522112]},"properties":{"line":"21","mode":"bus","color":"#149a3f","colorDark":"#0a5121","band":0,"off":[-6.8,1.1]}},{"type":"Feature","geometry":{"type":"Point","coordinates":[18.536114,54.522112]},"properties":{"line":"22","mode":"bus","color":"#149a3f","colorDark":"#0a5121","band":0,"off":[-3.4,1.1]}},{"type":"Feature","geometry":{"type":"Point","coordinates":[18.536114,54.522112]},"properties":{"line":"23","mode":"bus","color":"#149a3f","colorDark":"#0a5121","band":0,"off":[0,1.1]}},{"type":"Feature","geometry":{"type":"Point","coordinates":[18.536114,54.522112]},"properties":{"line":"25","mode":"bus","color":"#149a3f","colorDark":"#0a5121","band":0,"off":[3.4,1.1]}},{"type":"Feature","geometry":{"type":"Point","coordinates":[18.536114,54.522112]},"properties":{"line":"29","mode":"bus","color":"#149a3f","colorDark":"#0a5121","band":0,"off":[6.8,1.1]}},{"type":"Feature","geometry":{"type":"Point","coordinates":[18.536114,54.522112]},"properties":{"line":"32","mode":"bus","color":"#149a3f","colorDark":"#0a5121","band":0,"off":[-6.8,3.1]}},{"type":"Feature","geometry":{"type":"Point","coordinates":[18.536114,54.522112]},"properties":{"line":"33","mode":"bus","color":"#149a3f","colorDark":"#0a5121","band":0,"off":[-3.4,3.1]}},{"type":"Feature","geometry":{"type":"Point","coordinates":[18.536114,54.522112]},"properties":{"line":"102","mode":"bus","color":"#0059a9","colorDark":"#00294f","band":0,"off":[0,3.1]}},{"type":"Feature","geometry":{"type":"Point","coordinates":[18.536114,54.522112]},"properties":{"line":"119","mode":"bus","color":"#0059a9","colorDark":"#00294f","band":0,"off":[3.4,3.1]}},{"type":"Feature","geometry":{"type":"Point","coordinates":[18.536114,54.522112]},"properties":{"line":"146","mode":"bus","color":"#0059a9","colorDark":"#00294f","band":0,"off":[6.8,3.1]}},{"type":"Feature","geometry":{"type":"Point","coordinates":[18.536114,54.522112]},"properties":{"line":"173","mode":"bus","color":"#0059a9","colorDark":"#00294f","band":0,"off":[-6.8,5.1]}},{"type":"Feature","geometry":{"type":"Point","coordinates":[18.536114,54.522112]},"properties":{"line":"190","mode":"bus","color":"#0059a9","colorDark":"#00294f","band":0,"off":[-3.4,5.1]}},{"type":"Feature","geometry":{"type":"Point","coordinates":[18.536114,54.522112]},"properties":{"line":"194","mode":"bus","color":"#0059a9","colorDark":"#00294f","band":0,"off":[0,5.1]}},{"type":"Feature","geometry":{"type":"Point","coordinates":[18.536114,54.522112]},"properties":{"line":"204","mode":"bus","color":"#0059a9","colorDark":"#00294f","band":0,"off":[3.4,5.1]}},{"type":"Feature","geometry":{"type":"Point","coordinates":[18.536114,54.522112]},"properties":{"line":"740","mode":"bus","color":"#0059a9","colorDark":"#00294f","band":0,"off":[6.8,5.1]}},{"type":"Feature","geometry":{"type":"Point","coordinates":[18.550193,54.457911]},"properties":{"name":"Kamienny Potok SKM - Niepodległości","band":0,"modes":"bus","arr":["21","31","177","185","187","287","G","S"],"off":[0,-0.8]}},{"type":"Feature","geometry":{"type":"Point","coordinates":[18.550193,54.457911]},"properties":{"name":"Kamienny Potok SKM","band":0,"modes":"bus","arr":["21","31","177","185","187","287","G","S"],"off":[0,-3]}},{"type":"Feature","geometry":{"type":"Point","coordinates":[18.550193,54.457911]},"properties":{"name":"Kamienny Potok - Kujawska","band":0,"modes":"bus","arr":["21","31","177","185","187","287","G","S"],"off":[0,-4.1]}},{"type":"Feature","geometry":{"type":"Point","coordinates":[18.550193,54.457911]},"properties":{"name":"Kamienny Potok - Kościół","band":0,"modes":"bus","arr":["21","31","177","185","187","287","G","S"],"off":[0,-6.3]}},{"type":"Feature","geometry":{"type":"Point","coordinates":[18.550193,54.457911]},"properties":{"line":"21","mode":"bus","color":"#149a3f","colorDark":"#0a5121","band":0,"off":[-6.8,1.1]}},{"type":"Feature","geometry":{"type":"Point","coordinates":[18.550193,54.457911]},"properties":{"line":"31","mode":"bus","color":"#149a3f","colorDark":"#0a5121","band":0,"off":[-3.4,1.1]}},{"type":"Feature","geometry":{"type":"Point","coordinates":[18.550193,54.457911]},"properties":{"line":"177","mode":"bus","color":"#0059a9","colorDark":"#00294f","band":0,"off":[0,1.1]}},{"type":"Feature","geometry":{"type":"Point","coordinates":[18.550193,54.457911]},"properties":{"line":"185","mode":"bus","color":"#0059a9","colorDark":"#00294f","band":0,"off":[3.4,1.1]}},{"type":"Feature","geometry":{"type":"Point","coordinates":[18.550193,54.457911]},"properties":{"line":"187","mode":"bus","color":"#0059a9","colorDark":"#00294f","band":0,"off":[6.8,1.1]}},{"type":"Feature","geometry":{"type":"Point","coordinates":[18.550193,54.457911]},"properties":{"line":"287","mode":"bus","color":"#0059a9","colorDark":"#00294f","band":0,"off":[-3.4,3.1]}},{"type":"Feature","geometry":{"type":"Point","coordinates":[18.550193,54.457911]},"properties":{"line":"G","mode":"bus","color":"#0059a9","colorDark":"#00294f","band":0,"off":[0,3.1]}},{"type":"Feature","geometry":{"type":"Point","coordinates":[18.550193,54.457911]},"properties":{"line":"S","mode":"bus","color":"#0059a9","colorDark":"#00294f","band":0,"off":[3.4,3.1]}},{"type":"Feature","geometry":{"type":"Point","coordinates":[18.439911,54.548689]},"properties":{"name":"Cisowa SKM","band":0,"modes":"bus","arr":["22","25","26","27","30","173","197"],"off":[0,-0.8]}},{"type":"Feature","geometry":{"type":"Point","coordinates":[18.439911,54.548689]},"properties":{"name":"Cisowa Sibeliusa","band":0,"modes":"bus","arr":["22","25","26","27","30","173","197"],"off":[0,-1.9]}},{"type":"Feature","geometry":{"type":"Point","coordinates":[18.439911,54.548689]},"properties":{"line":"22","mode":"bus","color":"#149a3f","colorDark":"#0a5121","band":0,"off":[-6.8,1.1]}},{"type":"Feature","geometry":{"type":"Point","coordinates":[18.439911,54.548689]},"properties":{"line":"25","mode":"bus","color":"#149a3f","colorDark":"#0a5121","band":0,"off":[-3.4,1.1]}},{"type":"Feature","geometry":{"type":"Point","coordinates":[18.439911,54.548689]},"properties":{"line":"26","mode":"bus","color":"#149a3f","colorDark":"#0a5121","band":0,"off":[0,1.1]}},{"type":"Feature","geometry":{"type":"Point","coordinates":[18.439911,54.548689]},"properties":{"line":"27","mode":"bus","color":"#149a3f","colorDark":"#0a5121","band":0,"off":[3.4,1.1]}},{"type":"Feature","geometry":{"type":"Point","coordinates":[18.439911,54.548689]},"properties":{"line":"30","mode":"bus","color":"#149a3f","colorDark":"#0a5121","band":0,"off":[6.8,1.1]}},{"type":"Feature","geometry":{"type":"Point","coordinates":[18.439911,54.548689]},"properties":{"line":"173","mode":"bus","color":"#0059a9","colorDark":"#00294f","band":0,"off":[-1.7,3.1]}},{"type":"Feature","geometry":{"type":"Point","coordinates":[18.439911,54.548689]},"properties":{"line":"197","mode":"bus","color":"#0059a9","colorDark":"#00294f","band":0,"off":[1.7,3.1]}},{"type":"Feature","geometry":{"type":"Point","coordinates":[18.455194,54.45546]},"properties":{"name":"Kacze Buki","band":0,"modes":"bus","arr":["23","27","181","700","K","N10","N30","R","X"],"off":[0,-0.8]}},{"type":"Feature","geometry":{"type":"Point","coordinates":[18.455194,54.45546]},"properties":{"line":"23","mode":"bus","color":"#149a3f","colorDark":"#0a5121","band":0,"off":[-6.8,1.1]}},{"type":"Feature","geometry":{"type":"Point","coordinates":[18.455194,54.45546]},"properties":{"line":"27","mode":"bus","color":"#149a3f","colorDark":"#0a5121","band":0,"off":[-3.4,1.1]}},{"type":"Feature","geometry":{"type":"Point","coordinates":[18.455194,54.45546]},"properties":{"line":"181","mode":"bus","color":"#0059a9","colorDark":"#00294f","band":0,"off":[0,1.1]}},{"type":"Feature","geometry":{"type":"Point","coordinates":[18.455194,54.45546]},"properties":{"line":"700","mode":"bus","color":"#0059a9","colorDark":"#00294f","band":0,"off":[3.4,1.1]}},{"type":"Feature","geometry":{"type":"Point","coordinates":[18.455194,54.45546]},"properties":{"line":"K","mode":"bus","color":"#0059a9","colorDark":"#00294f","band":0,"off":[6.8,1.1]}},{"type":"Feature","geometry":{"type":"Point","coordinates":[18.455194,54.45546]},"properties":{"line":"N10","mode":"bus","color":"#0059a9","colorDark":"#00294f","band":0,"off":[-5.1,3.1]}},{"type":"Feature","geometry":{"type":"Point","coordinates":[18.455194,54.45546]},"properties":{"line":"N30","mode":"bus","color":"#0059a9","colorDark":"#00294f","band":0,"off":[-1.7,3.1]}},{"type":"Feature","geometry":{"type":"Point","coordinates":[18.455194,54.45546]},"properties":{"line":"R","mode":"bus","color":"#0059a9","colorDark":"#00294f","band":0,"off":[1.7,3.1]}},{"type":"Feature","geometry":{"type":"Point","coordinates":[18.455194,54.45546]},"properties":{"line":"X","mode":"bus","color":"#0059a9","colorDark":"#00294f","band":0,"off":[5.1,3.1]}},{"type":"Feature","geometry":{"type":"Point","coordinates":[18.450052,54.471369]},"properties":{"name":"Dąbrowa Miętowa","band":0,"modes":"bus","arr":["24","31"],"off":[0,-0.8]}},{"type":"Feature","geometry":{"type":"Point","coordinates":[18.450052,54.471369]},"properties":{"line":"24","mode":"bus","color":"#149a3f","colorDark":"#0a5121","band":0,"off":[-1.7,1.1]}},{"type":"Feature","geometry":{"type":"Point","coordinates":[18.450052,54.471369]},"properties":{"line":"31","mode":"bus","color":"#149a3f","colorDark":"#0a5121","band":0,"off":[1.7,1.1]}},{"type":"Feature","geometry":{"type":"Point","coordinates":[18.516918,54.532215]},"properties":{"name":"Stocznia Gdynia","band":0,"modes":"bus","arr":["24","723"],"off":[0,-0.8]}},{"type":"Feature","geometry":{"type":"Point","coordinates":[18.516918,54.532215]},"properties":{"line":"24","mode":"bus","color":"#149a3f","colorDark":"#0a5121","band":0,"off":[-1.7,1.1]}},{"type":"Feature","geometry":{"type":"Point","coordinates":[18.516918,54.532215]},"properties":{"line":"723","mode":"bus","color":"#149a3f","colorDark":"#0a5121","band":0,"off":[1.7,1.1]}},{"type":"Feature","geometry":{"type":"Point","coordinates":[18.552942,54.475971]},"properties":{"name":"Orłowo SKM - Klif","band":0,"modes":"bus","arr":["26","326"],"off":[0,-0.8]}},{"type":"Feature","geometry":{"type":"Point","coordinates":[18.552942,54.475971]},"properties":{"line":"26","mode":"bus","color":"#149a3f","colorDark":"#0a5121","band":0,"off":[-1.7,1.1]}},{"type":"Feature","geometry":{"type":"Point","coordinates":[18.552942,54.475971]},"properties":{"line":"326","mode":"bus","color":"#149a3f","colorDark":"#0a5121","band":0,"off":[1.7,1.1]}},{"type":"Feature","geometry":{"type":"Point","coordinates":[18.434725,54.539056]},"properties":{"name":"Pustki Cisowskie","band":0,"modes":"bus","arr":["28","159","S","W"],"off":[0,-0.8]}},{"type":"Feature","geometry":{"type":"Point","coordinates":[18.434725,54.539056]},"properties":{"line":"28","mode":"bus","color":"#149a3f","colorDark":"#0a5121","band":0,"off":[-5.1,1.1]}},{"type":"Feature","geometry":{"type":"Point","coordinates":[18.434725,54.539056]},"properties":{"line":"159","mode":"bus","color":"#0059a9","colorDark":"#00294f","band":0,"off":[-1.7,1.1]}},{"type":"Feature","geometry":{"type":"Point","coordinates":[18.434725,54.539056]},"properties":{"line":"S","mode":"bus","color":"#0059a9","colorDark":"#00294f","band":0,"off":[1.7,1.1]}},{"type":"Feature","geometry":{"type":"Point","coordinates":[18.434725,54.539056]},"properties":{"line":"W","mode":"bus","color":"#0059a9","colorDark":"#00294f","band":0,"off":[5.1,1.1]}},{"type":"Feature","geometry":{"type":"Point","coordinates":[18.483525,54.465528]},"properties":{"name":"Wielki Kack Fikakowo","band":0,"modes":"bus","arr":["29","153"],"off":[0,-0.8]}},{"type":"Feature","geometry":{"type":"Point","coordinates":[18.483525,54.465528]},"properties":{"line":"29","mode":"bus","color":"#149a3f","colorDark":"#0a5121","band":0,"off":[-1.7,1.1]}},{"type":"Feature","geometry":{"type":"Point","coordinates":[18.483525,54.465528]},"properties":{"line":"153","mode":"bus","color":"#0059a9","colorDark":"#00294f","band":0,"off":[1.7,1.1]}},{"type":"Feature","geometry":{"type":"Point","coordinates":[18.580976,54.425749]},"properties":{"name":"Ergo Arena","band":0,"modes":"bus","arr":["31"],"off":[0,-0.8]}},{"type":"Feature","geometry":{"type":"Point","coordinates":[18.580976,54.425749]},"properties":{"line":"31","mode":"bus","color":"#149a3f","colorDark":"#0a5121","band":0,"off":[0,1.1]}},{"type":"Feature","geometry":{"type":"Point","coordinates":[18.503246,54.477784]},"properties":{"name":"Mały Kack Strzelców","band":0,"modes":"bus","arr":["32","145"],"off":[0,-0.8]}},{"type":"Feature","geometry":{"type":"Point","coordinates":[18.503246,54.477784]},"properties":{"line":"32","mode":"bus","color":"#149a3f","colorDark":"#0a5121","band":0,"off":[-1.7,1.1]}},{"type":"Feature","geometry":{"type":"Point","coordinates":[18.503246,54.477784]},"properties":{"line":"145","mode":"bus","color":"#0059a9","colorDark":"#00294f","band":0,"off":[1.7,1.1]}},{"type":"Feature","geometry":{"type":"Point","coordinates":[18.504133,54.549374]},"properties":{"name":"Terminal Kontenerowy","band":0,"modes":"bus","arr":["32","104","105","125","128","135","146","150","173","194","196","197","198","365","G","K","N94"],"off":[0,-0.8]}},{"type":"Feature","geometry":{"type":"Point","coordinates":[18.504133,54.549374]},"properties":{"name":"Obłuże Centrum","band":0,"modes":"bus","arr":["32","104","105","125","128","135","146","150","173","194","196","197","198","365","G","K","N94"],"off":[0,-3]}},{"type":"Feature","geometry":{"type":"Point","coordinates":[18.504133,54.549374]},"properties":{"line":"32","mode":"bus","color":"#149a3f","colorDark":"#0a5121","band":0,"off":[-6.8,1.1]}},{"type":"Feature","geometry":{"type":"Point","coordinates":[18.504133,54.549374]},"properties":{"line":"104","mode":"bus","color":"#0059a9","colorDark":"#00294f","band":0,"off":[-3.4,1.1]}},{"type":"Feature","geometry":{"type":"Point","coordinates":[18.504133,54.549374]},"properties":{"line":"105","mode":"bus","color":"#0059a9","colorDark":"#00294f","band":0,"off":[0,1.1]}},{"type":"Feature","geometry":{"type":"Point","coordinates":[18.504133,54.549374]},"properties":{"line":"125","mode":"bus","color":"#0059a9","colorDark":"#00294f","band":0,"off":[3.4,1.1]}},{"type":"Feature","geometry":{"type":"Point","coordinates":[18.504133,54.549374]},"properties":{"line":"128","mode":"bus","color":"#0059a9","colorDark":"#00294f","band":0,"off":[6.8,1.1]}},{"type":"Feature","geometry":{"type":"Point","coordinates":[18.504133,54.549374]},"properties":{"line":"135","mode":"bus","color":"#0059a9","colorDark":"#00294f","band":0,"off":[-6.8,3.1]}},{"type":"Feature","geometry":{"type":"Point","coordinates":[18.504133,54.549374]},"properties":{"line":"146","mode":"bus","color":"#0059a9","colorDark":"#00294f","band":0,"off":[-3.4,3.1]}},{"type":"Feature","geometry":{"type":"Point","coordinates":[18.504133,54.549374]},"properties":{"line":"150","mode":"bus","color":"#0059a9","colorDark":"#00294f","band":0,"off":[0,3.1]}},{"type":"Feature","geometry":{"type":"Point","coordinates":[18.504133,54.549374]},"properties":{"line":"173","mode":"bus","color":"#0059a9","colorDark":"#00294f","band":0,"off":[3.4,3.1]}},{"type":"Feature","geometry":{"type":"Point","coordinates":[18.504133,54.549374]},"properties":{"line":"194","mode":"bus","color":"#0059a9","colorDark":"#00294f","band":0,"off":[6.8,3.1]}},{"type":"Feature","geometry":{"type":"Point","coordinates":[18.504133,54.549374]},"properties":{"line":"196","mode":"bus","color":"#0059a9","colorDark":"#00294f","band":0,"off":[-6.8,5.1]}},{"type":"Feature","geometry":{"type":"Point","coordinates":[18.504133,54.549374]},"properties":{"line":"197","mode":"bus","color":"#0059a9","colorDark":"#00294f","band":0,"off":[-3.4,5.1]}},{"type":"Feature","geometry":{"type":"Point","coordinates":[18.504133,54.549374]},"properties":{"line":"198","mode":"bus","color":"#0059a9","colorDark":"#00294f","band":0,"off":[0,5.1]}},{"type":"Feature","geometry":{"type":"Point","coordinates":[18.504133,54.549374]},"properties":{"line":"365","mode":"bus","color":"#0059a9","colorDark":"#00294f","band":0,"off":[3.4,5.1]}},{"type":"Feature","geometry":{"type":"Point","coordinates":[18.504133,54.549374]},"properties":{"line":"G","mode":"bus","color":"#0059a9","colorDark":"#00294f","band":0,"off":[6.8,5.1]}},{"type":"Feature","geometry":{"type":"Point","coordinates":[18.504133,54.549374]},"properties":{"line":"K","mode":"bus","color":"#0059a9","colorDark":"#00294f","band":0,"off":[-1.7,7.1]}},{"type":"Feature","geometry":{"type":"Point","coordinates":[18.504133,54.549374]},"properties":{"line":"N94","mode":"bus","color":"#0059a9","colorDark":"#00294f","band":0,"off":[1.7,7.1]}},{"type":"Feature","geometry":{"type":"Point","coordinates":[18.475122,54.560248]},"properties":{"name":"Pogórze Górne","band":0,"modes":"bus","arr":["32","105","125","135","141","146","163","165","173","194","198","282","365","770","G","N40","N65","N94"],"off":[0,-0.8]}},{"type":"Feature","geometry":{"type":"Point","coordinates":[18.475122,54.560248]},"properties":{"name":"Pogórze Dolne Złota","band":0,"modes":"bus","arr":["32","105","125","135","141","146","163","165","173","194","198","282","365","770","G","N40","N65","N94"],"off":[0,-1.9]}},{"type":"Feature","geometry":{"type":"Point","coordinates":[18.475122,54.560248]},"properties":{"name":"Pogórze Dolne","band":0,"modes":"bus","arr":["32","105","125","135","141","146","163","165","173","194","198","282","365","770","G","N40","N65","N94"],"off":[0,-4.1]}},{"type":"Feature","geometry":{"type":"Point","coordinates":[18.475122,54.560248]},"properties":{"name":"Czernickiego I","band":0,"modes":"bus","arr":["32","105","125","135","141","146","163","165","173","194","198","282","365","770","G","N40","N65","N94"],"off":[0,-5.2]}},{"type":"Feature","geometry":{"type":"Point","coordinates":[18.475122,54.560248]},"properties":{"name":"Baza na Pogórzu Dolnym","band":0,"modes":"bus","arr":["32","105","125","135","141","146","163","165","173","194","198","282","365","770","G","N40","N65","N94"],"off":[0,-6.3]}},{"type":"Feature","geometry":{"type":"Point","coordinates":[18.475122,54.560248]},"properties":{"line":"32","mode":"bus","color":"#149a3f","colorDark":"#0a5121","band":0,"off":[-6.8,1.1]}},{"type":"Feature","geometry":{"type":"Point","coordinates":[18.475122,54.560248]},"properties":{"line":"105","mode":"bus","color":"#0059a9","colorDark":"#00294f","band":0,"off":[-3.4,1.1]}},{"type":"Feature","geometry":{"type":"Point","coordinates":[18.475122,54.560248]},"properties":{"line":"125","mode":"bus","color":"#0059a9","colorDark":"#00294f","band":0,"off":[0,1.1]}},{"type":"Feature","geometry":{"type":"Point","coordinates":[18.475122,54.560248]},"properties":{"line":"135","mode":"bus","color":"#0059a9","colorDark":"#00294f","band":0,"off":[3.4,1.1]}},{"type":"Feature","geometry":{"type":"Point","coordinates":[18.475122,54.560248]},"properties":{"line":"141","mode":"bus","color":"#0059a9","colorDark":"#00294f","band":0,"off":[6.8,1.1]}},{"type":"Feature","geometry":{"type":"Point","coordinates":[18.475122,54.560248]},"properties":{"line":"146","mode":"bus","color":"#0059a9","colorDark":"#00294f","band":0,"off":[-6.8,3.1]}},{"type":"Feature","geometry":{"type":"Point","coordinates":[18.475122,54.560248]},"properties":{"line":"163","mode":"bus","color":"#0059a9","colorDark":"#00294f","band":0,"off":[-3.4,3.1]}},{"type":"Feature","geometry":{"type":"Point","coordinates":[18.475122,54.560248]},"properties":{"line":"165","mode":"bus","color":"#0059a9","colorDark":"#00294f","band":0,"off":[0,3.1]}},{"type":"Feature","geometry":{"type":"Point","coordinates":[18.475122,54.560248]},"properties":{"line":"173","mode":"bus","color":"#0059a9","colorDark":"#00294f","band":0,"off":[3.4,3.1]}},{"type":"Feature","geometry":{"type":"Point","coordinates":[18.475122,54.560248]},"properties":{"line":"194","mode":"bus","color":"#0059a9","colorDark":"#00294f","band":0,"off":[6.8,3.1]}},{"type":"Feature","geometry":{"type":"Point","coordinates":[18.475122,54.560248]},"properties":{"line":"198","mode":"bus","color":"#0059a9","colorDark":"#00294f","band":0,"off":[-6.8,5.1]}},{"type":"Feature","geometry":{"type":"Point","coordinates":[18.475122,54.560248]},"properties":{"line":"282","mode":"bus","color":"#0059a9","colorDark":"#00294f","band":0,"off":[-3.4,5.1]}},{"type":"Feature","geometry":{"type":"Point","coordinates":[18.475122,54.560248]},"properties":{"line":"365","mode":"bus","color":"#0059a9","colorDark":"#00294f","band":0,"off":[0,5.1]}},{"type":"Feature","geometry":{"type":"Point","coordinates":[18.475122,54.560248]},"properties":{"line":"770","mode":"bus","color":"#0059a9","colorDark":"#00294f","band":0,"off":[3.4,5.1]}},{"type":"Feature","geometry":{"type":"Point","coordinates":[18.475122,54.560248]},"properties":{"line":"G","mode":"bus","color":"#0059a9","colorDark":"#00294f","band":0,"off":[6.8,5.1]}},{"type":"Feature","geometry":{"type":"Point","coordinates":[18.475122,54.560248]},"properties":{"line":"N40","mode":"bus","color":"#0059a9","colorDark":"#00294f","band":0,"off":[-3.4,7.1]}},{"type":"Feature","geometry":{"type":"Point","coordinates":[18.475122,54.560248]},"properties":{"line":"N65","mode":"bus","color":"#0059a9","colorDark":"#00294f","band":0,"off":[0,7.1]}},{"type":"Feature","geometry":{"type":"Point","coordinates":[18.475122,54.560248]},"properties":{"line":"N94","mode":"bus","color":"#0059a9","colorDark":"#00294f","band":0,"off":[3.4,7.1]}},{"type":"Feature","geometry":{"type":"Point","coordinates":[18.53421,54.5089]},"properties":{"name":"Węzeł Franciszki Cegielskiej","band":0,"modes":"bus","arr":["34","182"],"off":[0,-0.8]}},{"type":"Feature","geometry":{"type":"Point","coordinates":[18.53421,54.5089]},"properties":{"line":"34","mode":"bus","color":"#0059a9","colorDark":"#00294f","band":0,"off":[-1.7,1.1]}},{"type":"Feature","geometry":{"type":"Point","coordinates":[18.53421,54.5089]},"properties":{"line":"182","mode":"bus","color":"#0059a9","colorDark":"#00294f","band":0,"off":[1.7,1.1]}},{"type":"Feature","geometry":{"type":"Point","coordinates":[18.462144,54.525425]},"properties":{"name":"Demptowo","band":0,"modes":"bus","arr":["34"],"off":[0,-0.8]}},{"type":"Feature","geometry":{"type":"Point","coordinates":[18.462144,54.525425]},"properties":{"line":"34","mode":"bus","color":"#0059a9","colorDark":"#00294f","band":0,"off":[0,1.1]}},{"type":"Feature","geometry":{"type":"Point","coordinates":[18.406402,54.556844]},"properties":{"name":"Janowo SKM - Sobieskiego","band":0,"modes":"bus","arr":["83"],"off":[0,-0.8]}},{"type":"Feature","geometry":{"type":"Point","coordinates":[18.406402,54.556844]},"properties":{"line":"83","mode":"bus","color":"#0059a9","colorDark":"#00294f","band":0,"off":[0,1.1]}},{"type":"Feature","geometry":{"type":"Point","coordinates":[18.367317,54.591985]},"properties":{"name":"Reda Bosmańska","band":0,"modes":"bus","arr":["83","84","87"],"off":[0,-0.8]}},{"type":"Feature","geometry":{"type":"Point","coordinates":[18.367317,54.591985]},"properties":{"line":"83","mode":"bus","color":"#0059a9","colorDark":"#00294f","band":0,"off":[-3.4,1.1]}},{"type":"Feature","geometry":{"type":"Point","coordinates":[18.367317,54.591985]},"properties":{"line":"84","mode":"bus","color":"#0059a9","colorDark":"#00294f","band":0,"off":[0,1.1]}},{"type":"Feature","geometry":{"type":"Point","coordinates":[18.367317,54.591985]},"properties":{"line":"87","mode":"bus","color":"#0059a9","colorDark":"#00294f","band":0,"off":[3.4,1.1]}},{"type":"Feature","geometry":{"type":"Point","coordinates":[18.387263,54.569375]},"properties":{"name":"Rumia Dworzec PKP","band":0,"modes":"bus","arr":["84"],"off":[0,-0.8]}},{"type":"Feature","geometry":{"type":"Point","coordinates":[18.387263,54.569375]},"properties":{"line":"84","mode":"bus","color":"#0059a9","colorDark":"#00294f","band":0,"off":[0,1.1]}},{"type":"Feature","geometry":{"type":"Point","coordinates":[18.400118,54.585625]},"properties":{"name":"Rumia Partyzantów","band":0,"modes":"bus","arr":["85","173","J","M"],"off":[0,-0.8]}},{"type":"Feature","geometry":{"type":"Point","coordinates":[18.400118,54.585625]},"properties":{"line":"85","mode":"bus","color":"#0059a9","colorDark":"#00294f","band":0,"off":[-5.1,1.1]}},{"type":"Feature","geometry":{"type":"Point","coordinates":[18.400118,54.585625]},"properties":{"line":"173","mode":"bus","color":"#0059a9","colorDark":"#00294f","band":0,"off":[-1.7,1.1]}},{"type":"Feature","geometry":{"type":"Point","coordinates":[18.400118,54.585625]},"properties":{"line":"J","mode":"bus","color":"#0059a9","colorDark":"#00294f","band":0,"off":[1.7,1.1]}},{"type":"Feature","geometry":{"type":"Point","coordinates":[18.400118,54.585625]},"properties":{"line":"M","mode":"bus","color":"#0059a9","colorDark":"#00294f","band":0,"off":[5.1,1.1]}},{"type":"Feature","geometry":{"type":"Point","coordinates":[18.371189,54.551578]},"properties":{"name":"Rumia Szmelta","band":0,"modes":"bus","arr":["85","288"],"off":[0,-0.8]}},{"type":"Feature","geometry":{"type":"Point","coordinates":[18.371189,54.551578]},"properties":{"line":"85","mode":"bus","color":"#0059a9","colorDark":"#00294f","band":0,"off":[-1.7,1.1]}},{"type":"Feature","geometry":{"type":"Point","coordinates":[18.371189,54.551578]},"properties":{"line":"288","mode":"bus","color":"#0059a9","colorDark":"#00294f","band":0,"off":[1.7,1.1]}},{"type":"Feature","geometry":{"type":"Point","coordinates":[18.393167,54.559151]},"properties":{"name":"Rumia Cmentarz Komunalny","band":0,"modes":"bus","arr":["86"],"off":[0,-0.8]}},{"type":"Feature","geometry":{"type":"Point","coordinates":[18.393167,54.559151]},"properties":{"line":"86","mode":"bus","color":"#0059a9","colorDark":"#00294f","band":0,"off":[0,1.1]}},{"type":"Feature","geometry":{"type":"Point","coordinates":[18.435508,54.573068]},"properties":{"name":"Dębogórze-Wybudowanie - Leśna","band":0,"modes":"bus","arr":["86"],"off":[0,-0.8]}},{"type":"Feature","geometry":{"type":"Point","coordinates":[18.435508,54.573068]},"properties":{"line":"86","mode":"bus","color":"#0059a9","colorDark":"#00294f","band":0,"off":[0,1.1]}},{"type":"Feature","geometry":{"type":"Point","coordinates":[18.494218,54.582988]},"properties":{"name":"Kosakowo - Centrum Handlowe","band":0,"modes":"bus","arr":["86"],"off":[0,-0.8]}},{"type":"Feature","geometry":{"type":"Point","coordinates":[18.494218,54.582988]},"properties":{"line":"86","mode":"bus","color":"#0059a9","colorDark":"#00294f","band":0,"off":[0,1.1]}},{"type":"Feature","geometry":{"type":"Point","coordinates":[18.463198,54.545933]},"properties":{"name":"Chylonia Dworzec PKP - os. Meksyk","band":0,"modes":"bus","arr":["102","114","159","163","165","173","198","288"],"off":[0,-0.8]}},{"type":"Feature","geometry":{"type":"Point","coordinates":[18.463198,54.545933]},"properties":{"name":"Chylonia Dworzec PKP","band":0,"modes":"bus","arr":["102","114","159","163","165","173","198","288"],"off":[0,-3]}},{"type":"Feature","geometry":{"type":"Point","coordinates":[18.463198,54.545933]},"properties":{"line":"102","mode":"bus","color":"#0059a9","colorDark":"#00294f","band":0,"off":[-6.8,1.1]}},{"type":"Feature","geometry":{"type":"Point","coordinates":[18.463198,54.545933]},"properties":{"line":"114","mode":"bus","color":"#0059a9","colorDark":"#00294f","band":0,"off":[-3.4,1.1]}},{"type":"Feature","geometry":{"type":"Point","coordinates":[18.463198,54.545933]},"properties":{"line":"159","mode":"bus","color":"#0059a9","colorDark":"#00294f","band":0,"off":[0,1.1]}},{"type":"Feature","geometry":{"type":"Point","coordinates":[18.463198,54.545933]},"properties":{"line":"163","mode":"bus","color":"#0059a9","colorDark":"#00294f","band":0,"off":[3.4,1.1]}},{"type":"Feature","geometry":{"type":"Point","coordinates":[18.463198,54.545933]},"properties":{"line":"165","mode":"bus","color":"#0059a9","colorDark":"#00294f","band":0,"off":[6.8,1.1]}},{"type":"Feature","geometry":{"type":"Point","coordinates":[18.463198,54.545933]},"properties":{"line":"173","mode":"bus","color":"#0059a9","colorDark":"#00294f","band":0,"off":[-3.4,3.1]}},{"type":"Feature","geometry":{"type":"Point","coordinates":[18.463198,54.545933]},"properties":{"line":"198","mode":"bus","color":"#0059a9","colorDark":"#00294f","band":0,"off":[0,3.1]}},{"type":"Feature","geometry":{"type":"Point","coordinates":[18.463198,54.545933]},"properties":{"line":"288","mode":"bus","color":"#0059a9","colorDark":"#00294f","band":0,"off":[3.4,3.1]}},{"type":"Feature","geometry":{"type":"Point","coordinates":[18.548878,54.507751]},"properties":{"name":"Dom Marynarza","band":0,"modes":"bus","arr":["104","128","196","252","282"],"off":[0,-0.8]}},{"type":"Feature","geometry":{"type":"Point","coordinates":[18.548878,54.507751]},"properties":{"line":"104","mode":"bus","color":"#0059a9","colorDark":"#00294f","band":0,"off":[-6.8,1.1]}},{"type":"Feature","geometry":{"type":"Point","coordinates":[18.548878,54.507751]},"properties":{"line":"128","mode":"bus","color":"#0059a9","colorDark":"#00294f","band":0,"off":[-3.4,1.1]}},{"type":"Feature","geometry":{"type":"Point","coordinates":[18.548878,54.507751]},"properties":{"line":"196","mode":"bus","color":"#0059a9","colorDark":"#00294f","band":0,"off":[0,1.1]}},{"type":"Feature","geometry":{"type":"Point","coordinates":[18.548878,54.507751]},"properties":{"line":"252","mode":"bus","color":"#0059a9","colorDark":"#00294f","band":0,"off":[3.4,1.1]}},{"type":"Feature","geometry":{"type":"Point","coordinates":[18.548878,54.507751]},"properties":{"line":"282","mode":"bus","color":"#0059a9","colorDark":"#00294f","band":0,"off":[6.8,1.1]}},{"type":"Feature","geometry":{"type":"Point","coordinates":[18.54761,54.542849]},"properties":{"name":"Oksywie Dolne","band":0,"modes":"bus","arr":["104","X"],"off":[0,-0.8]}},{"type":"Feature","geometry":{"type":"Point","coordinates":[18.54761,54.542849]},"properties":{"line":"104","mode":"bus","color":"#0059a9","colorDark":"#00294f","band":0,"off":[-1.7,1.1]}},{"type":"Feature","geometry":{"type":"Point","coordinates":[18.54761,54.542849]},"properties":{"line":"X","mode":"bus","color":"#0059a9","colorDark":"#00294f","band":0,"off":[1.7,1.1]}},{"type":"Feature","geometry":{"type":"Point","coordinates":[18.55499,54.489687]},"properties":{"name":"Redłowo Szpital","band":0,"modes":"bus","arr":["105","121","125","180","252","700","W"],"off":[0,-0.8]}},{"type":"Feature","geometry":{"type":"Point","coordinates":[18.55499,54.489687]},"properties":{"line":"105","mode":"bus","color":"#0059a9","colorDark":"#00294f","band":0,"off":[-6.8,1.1]}},{"type":"Feature","geometry":{"type":"Point","coordinates":[18.55499,54.489687]},"properties":{"line":"121","mode":"bus","color":"#0059a9","colorDark":"#00294f","band":0,"off":[-3.4,1.1]}},{"type":"Feature","geometry":{"type":"Point","coordinates":[18.55499,54.489687]},"properties":{"line":"125","mode":"bus","color":"#0059a9","colorDark":"#00294f","band":0,"off":[0,1.1]}},{"type":"Feature","geometry":{"type":"Point","coordinates":[18.55499,54.489687]},"properties":{"line":"180","mode":"bus","color":"#0059a9","colorDark":"#00294f","band":0,"off":[3.4,1.1]}},{"type":"Feature","geometry":{"type":"Point","coordinates":[18.55499,54.489687]},"properties":{"line":"252","mode":"bus","color":"#0059a9","colorDark":"#00294f","band":0,"off":[6.8,1.1]}},{"type":"Feature","geometry":{"type":"Point","coordinates":[18.55499,54.489687]},"properties":{"line":"700","mode":"bus","color":"#0059a9","colorDark":"#00294f","band":0,"off":[-1.7,3.1]}},{"type":"Feature","geometry":{"type":"Point","coordinates":[18.55499,54.489687]},"properties":{"line":"W","mode":"bus","color":"#0059a9","colorDark":"#00294f","band":0,"off":[1.7,3.1]}},{"type":"Feature","geometry":{"type":"Point","coordinates":[18.511655,54.608884]},"properties":{"name":"Mechelinki - Przystań","band":0,"modes":"bus","arr":["105","146","165"],"off":[0,-0.8]}},{"type":"Feature","geometry":{"type":"Point","coordinates":[18.511655,54.608884]},"properties":{"line":"105","mode":"bus","color":"#0059a9","colorDark":"#00294f","band":0,"off":[-3.4,1.1]}},{"type":"Feature","geometry":{"type":"Point","coordinates":[18.511655,54.608884]},"properties":{"line":"146","mode":"bus","color":"#0059a9","colorDark":"#00294f","band":0,"off":[0,1.1]}},{"type":"Feature","geometry":{"type":"Point","coordinates":[18.511655,54.608884]},"properties":{"line":"165","mode":"bus","color":"#0059a9","colorDark":"#00294f","band":0,"off":[3.4,1.1]}},{"type":"Feature","geometry":{"type":"Point","coordinates":[18.538951,54.577838]},"properties":{"name":"Babie Doły","band":0,"modes":"bus","arr":["109","196","209","309"],"off":[0,-0.8]}},{"type":"Feature","geometry":{"type":"Point","coordinates":[18.538951,54.577838]},"properties":{"line":"109","mode":"bus","color":"#0059a9","colorDark":"#00294f","band":0,"off":[-5.1,1.1]}},{"type":"Feature","geometry":{"type":"Point","coordinates":[18.538951,54.577838]},"properties":{"line":"196","mode":"bus","color":"#0059a9","colorDark":"#00294f","band":0,"off":[-1.7,1.1]}},{"type":"Feature","geometry":{"type":"Point","coordinates":[18.538951,54.577838]},"properties":{"line":"209","mode":"bus","color":"#0059a9","colorDark":"#00294f","band":0,"off":[1.7,1.1]}},{"type":"Feature","geometry":{"type":"Point","coordinates":[18.538951,54.577838]},"properties":{"line":"309","mode":"bus","color":"#0059a9","colorDark":"#00294f","band":0,"off":[5.1,1.1]}},{"type":"Feature","geometry":{"type":"Point","coordinates":[18.536983,54.491162]},"properties":{"name":"Redłowo SKM","band":0,"modes":"bus","arr":["109","209"],"off":[0,-0.8]}},{"type":"Feature","geometry":{"type":"Point","coordinates":[18.536983,54.491162]},"properties":{"line":"109","mode":"bus","color":"#0059a9","colorDark":"#00294f","band":0,"off":[-1.7,1.1]}},{"type":"Feature","geometry":{"type":"Point","coordinates":[18.536983,54.491162]},"properties":{"line":"209","mode":"bus","color":"#0059a9","colorDark":"#00294f","band":0,"off":[1.7,1.1]}},{"type":"Feature","geometry":{"type":"Point","coordinates":[18.547128,54.532798]},"properties":{"name":"Dworzec Morski - Muzeum Emigracji","band":0,"modes":"bus","arr":["119","133"],"off":[0,-0.8]}},{"type":"Feature","geometry":{"type":"Point","coordinates":[18.547128,54.532798]},"properties":{"line":"119","mode":"bus","color":"#0059a9","colorDark":"#00294f","band":0,"off":[-1.7,1.1]}},{"type":"Feature","geometry":{"type":"Point","coordinates":[18.547128,54.532798]},"properties":{"line":"133","mode":"bus","color":"#0059a9","colorDark":"#00294f","band":0,"off":[1.7,1.1]}},{"type":"Feature","geometry":{"type":"Point","coordinates":[18.436064,54.498386]},"properties":{"name":"Chwarzno Sokółka","band":0,"modes":"bus","arr":["121","140","160","760","K","N20"],"off":[0,-0.8]}},{"type":"Feature","geometry":{"type":"Point","coordinates":[18.436064,54.498386]},"properties":{"name":"Chwarzno Polanki","band":0,"modes":"bus","arr":["121","140","160","760","K","N20"],"off":[0,-1.9]}},{"type":"Feature","geometry":{"type":"Point","coordinates":[18.436064,54.498386]},"properties":{"line":"121","mode":"bus","color":"#0059a9","colorDark":"#00294f","band":0,"off":[-6.8,1.1]}},{"type":"Feature","geometry":{"type":"Point","coordinates":[18.436064,54.498386]},"properties":{"line":"140","mode":"bus","color":"#0059a9","colorDark":"#00294f","band":0,"off":[-3.4,1.1]}},{"type":"Feature","geometry":{"type":"Point","coordinates":[18.436064,54.498386]},"properties":{"line":"160","mode":"bus","color":"#0059a9","colorDark":"#00294f","band":0,"off":[0,1.1]}},{"type":"Feature","geometry":{"type":"Point","coordinates":[18.436064,54.498386]},"properties":{"line":"760","mode":"bus","color":"#0059a9","colorDark":"#00294f","band":0,"off":[3.4,1.1]}},{"type":"Feature","geometry":{"type":"Point","coordinates":[18.436064,54.498386]},"properties":{"line":"K","mode":"bus","color":"#0059a9","colorDark":"#00294f","band":0,"off":[6.8,1.1]}},{"type":"Feature","geometry":{"type":"Point","coordinates":[18.436064,54.498386]},"properties":{"line":"N20","mode":"bus","color":"#0059a9","colorDark":"#00294f","band":0,"off":[0,3.1]}},{"type":"Feature","geometry":{"type":"Point","coordinates":[18.50714,54.562762]},"properties":{"name":"Obłuże Maciejewicza","band":0,"modes":"bus","arr":["134","182","197","770","K"],"off":[0,-0.8]}},{"type":"Feature","geometry":{"type":"Point","coordinates":[18.50714,54.562762]},"properties":{"line":"134","mode":"bus","color":"#0059a9","colorDark":"#00294f","band":0,"off":[-6.8,1.1]}},{"type":"Feature","geometry":{"type":"Point","coordinates":[18.50714,54.562762]},"properties":{"line":"182","mode":"bus","color":"#0059a9","colorDark":"#00294f","band":0,"off":[-3.4,1.1]}},{"type":"Feature","geometry":{"type":"Point","coordinates":[18.50714,54.562762]},"properties":{"line":"197","mode":"bus","color":"#0059a9","colorDark":"#00294f","band":0,"off":[0,1.1]}},{"type":"Feature","geometry":{"type":"Point","coordinates":[18.50714,54.562762]},"properties":{"line":"770","mode":"bus","color":"#0059a9","colorDark":"#00294f","band":0,"off":[3.4,1.1]}},{"type":"Feature","geometry":{"type":"Point","coordinates":[18.50714,54.562762]},"properties":{"line":"K","mode":"bus","color":"#0059a9","colorDark":"#00294f","band":0,"off":[6.8,1.1]}},{"type":"Feature","geometry":{"type":"Point","coordinates":[18.451306,54.590404]},"properties":{"name":"Dębogórze - Słonecznikowa","band":0,"modes":"bus","arr":["135"],"off":[0,-0.8]}},{"type":"Feature","geometry":{"type":"Point","coordinates":[18.451306,54.590404]},"properties":{"line":"135","mode":"bus","color":"#0059a9","colorDark":"#00294f","band":0,"off":[0,1.1]}},{"type":"Feature","geometry":{"type":"Point","coordinates":[18.45115,54.450756]},"properties":{"name":"Kacze Buki Puszczyka","band":0,"modes":"bus","arr":["137"],"off":[0,-0.8]}},{"type":"Feature","geometry":{"type":"Point","coordinates":[18.45115,54.450756]},"properties":{"line":"137","mode":"bus","color":"#0059a9","colorDark":"#00294f","band":0,"off":[0,1.1]}},{"type":"Feature","geometry":{"type":"Point","coordinates":[18.437278,54.481815]},"properties":{"name":"Wiczlino Działki I","band":0,"modes":"bus","arr":["140","760"],"off":[0,-0.8]}},{"type":"Feature","geometry":{"type":"Point","coordinates":[18.437278,54.481815]},"properties":{"line":"140","mode":"bus","color":"#0059a9","colorDark":"#00294f","band":0,"off":[-1.7,1.1]}},{"type":"Feature","geometry":{"type":"Point","coordinates":[18.437278,54.481815]},"properties":{"line":"760","mode":"bus","color":"#0059a9","colorDark":"#00294f","band":0,"off":[1.7,1.1]}},{"type":"Feature","geometry":{"type":"Point","coordinates":[18.42763,54.488136]},"properties":{"name":"Filipkowskiego","band":0,"modes":"bus","arr":["140","147","760","940","K"],"off":[0,-0.8]}},{"type":"Feature","geometry":{"type":"Point","coordinates":[18.42763,54.488136]},"properties":{"line":"140","mode":"bus","color":"#0059a9","colorDark":"#00294f","band":0,"off":[-6.8,1.1]}},{"type":"Feature","geometry":{"type":"Point","coordinates":[18.42763,54.488136]},"properties":{"line":"147","mode":"bus","color":"#0059a9","colorDark":"#00294f","band":0,"off":[-3.4,1.1]}},{"type":"Feature","geometry":{"type":"Point","coordinates":[18.42763,54.488136]},"properties":{"line":"760","mode":"bus","color":"#0059a9","colorDark":"#00294f","band":0,"off":[0,1.1]}},{"type":"Feature","geometry":{"type":"Point","coordinates":[18.42763,54.488136]},"properties":{"line":"940","mode":"bus","color":"#0059a9","colorDark":"#00294f","band":0,"off":[3.4,1.1]}},{"type":"Feature","geometry":{"type":"Point","coordinates":[18.42763,54.488136]},"properties":{"line":"K","mode":"bus","color":"#0059a9","colorDark":"#00294f","band":0,"off":[6.8,1.1]}},{"type":"Feature","geometry":{"type":"Point","coordinates":[18.492534,54.498386]},"properties":{"name":"Witomino Sosnowa","band":0,"modes":"bus","arr":["141"],"off":[0,-0.8]}},{"type":"Feature","geometry":{"type":"Point","coordinates":[18.492534,54.498386]},"properties":{"line":"141","mode":"bus","color":"#0059a9","colorDark":"#00294f","band":0,"off":[0,1.1]}},{"type":"Feature","geometry":{"type":"Point","coordinates":[18.511392,54.631961]},"properties":{"name":"Rewa - Bursztynowa","band":0,"modes":"bus","arr":["146","165","365","M","N65"],"off":[0,-0.8]}},{"type":"Feature","geometry":{"type":"Point","coordinates":[18.511392,54.631961]},"properties":{"line":"146","mode":"bus","color":"#0059a9","colorDark":"#00294f","band":0,"off":[-6.8,1.1]}},{"type":"Feature","geometry":{"type":"Point","coordinates":[18.511392,54.631961]},"properties":{"line":"165","mode":"bus","color":"#0059a9","colorDark":"#00294f","band":0,"off":[-3.4,1.1]}},{"type":"Feature","geometry":{"type":"Point","coordinates":[18.511392,54.631961]},"properties":{"line":"365","mode":"bus","color":"#0059a9","colorDark":"#00294f","band":0,"off":[0,1.1]}},{"type":"Feature","geometry":{"type":"Point","coordinates":[18.511392,54.631961]},"properties":{"line":"M","mode":"bus","color":"#0059a9","colorDark":"#00294f","band":0,"off":[3.4,1.1]}},{"type":"Feature","geometry":{"type":"Point","coordinates":[18.511392,54.631961]},"properties":{"line":"N65","mode":"bus","color":"#0059a9","colorDark":"#00294f","band":0,"off":[6.8,1.1]}},{"type":"Feature","geometry":{"type":"Point","coordinates":[18.512622,54.491135]},"properties":{"name":"Witomino Leśniczówka","band":0,"modes":"bus","arr":["150","N20","N94"],"off":[0,-0.8]}},{"type":"Feature","geometry":{"type":"Point","coordinates":[18.512622,54.491135]},"properties":{"line":"150","mode":"bus","color":"#0059a9","colorDark":"#00294f","band":0,"off":[-3.4,1.1]}},{"type":"Feature","geometry":{"type":"Point","coordinates":[18.512622,54.491135]},"properties":{"line":"N20","mode":"bus","color":"#0059a9","colorDark":"#00294f","band":0,"off":[0,1.1]}},{"type":"Feature","geometry":{"type":"Point","coordinates":[18.512622,54.491135]},"properties":{"line":"N94","mode":"bus","color":"#0059a9","colorDark":"#00294f","band":0,"off":[3.4,1.1]}},{"type":"Feature","geometry":{"type":"Point","coordinates":[18.539354,54.550742]},"properties":{"name":"Oksywie Godebskiego","band":0,"modes":"bus","arr":["150"],"off":[0,-0.8]}},{"type":"Feature","geometry":{"type":"Point","coordinates":[18.539354,54.550742]},"properties":{"line":"150","mode":"bus","color":"#0059a9","colorDark":"#00294f","band":0,"off":[0,1.1]}},{"type":"Feature","geometry":{"type":"Point","coordinates":[18.528354,54.486695]},"properties":{"name":"Mały Kack Sandomierska","band":0,"modes":"bus","arr":["152","203","252"],"off":[0,-0.8]}},{"type":"Feature","geometry":{"type":"Point","coordinates":[18.528354,54.486695]},"properties":{"line":"152","mode":"bus","color":"#0059a9","colorDark":"#00294f","band":0,"off":[-3.4,1.1]}},{"type":"Feature","geometry":{"type":"Point","coordinates":[18.528354,54.486695]},"properties":{"line":"203","mode":"bus","color":"#0059a9","colorDark":"#00294f","band":0,"off":[0,1.1]}},{"type":"Feature","geometry":{"type":"Point","coordinates":[18.528354,54.486695]},"properties":{"line":"252","mode":"bus","color":"#0059a9","colorDark":"#00294f","band":0,"off":[3.4,1.1]}},{"type":"Feature","geometry":{"type":"Point","coordinates":[18.546348,54.557516]},"properties":{"name":"Oksywie Dickmana","band":0,"modes":"bus","arr":["152"],"off":[0,-0.8]}},{"type":"Feature","geometry":{"type":"Point","coordinates":[18.546348,54.557516]},"properties":{"line":"152","mode":"bus","color":"#0059a9","colorDark":"#00294f","band":0,"off":[0,1.1]}},{"type":"Feature","geometry":{"type":"Point","coordinates":[18.496477,54.464606]},"properties":{"name":"Wielki Kack Starodworcowa","band":0,"modes":"bus","arr":["153"],"off":[0,-0.8]}},{"type":"Feature","geometry":{"type":"Point","coordinates":[18.496477,54.464606]},"properties":{"line":"153","mode":"bus","color":"#0059a9","colorDark":"#00294f","band":0,"off":[0,1.1]}},{"type":"Feature","geometry":{"type":"Point","coordinates":[18.340093,54.488363]},"properties":{"name":"Koleczkowo Poczta","band":0,"modes":"bus","arr":["191"],"off":[0,-0.8]}},{"type":"Feature","geometry":{"type":"Point","coordinates":[18.340093,54.488363]},"properties":{"line":"191","mode":"bus","color":"#0059a9","colorDark":"#00294f","band":0,"off":[0,1.1]}},{"type":"Feature","geometry":{"type":"Point","coordinates":[18.21685,54.486945]},"properties":{"name":"Szemud Centrum Samorządowe","band":0,"modes":"bus","arr":["193"],"off":[0,-0.8]}},{"type":"Feature","geometry":{"type":"Point","coordinates":[18.21685,54.486945]},"properties":{"line":"193","mode":"bus","color":"#0059a9","colorDark":"#00294f","band":0,"off":[0,1.1]}},{"type":"Feature","geometry":{"type":"Point","coordinates":[18.546863,54.50498]},"properties":{"name":"Norwida","band":0,"modes":"bus","arr":["252"],"off":[0,-0.8]}},{"type":"Feature","geometry":{"type":"Point","coordinates":[18.546863,54.50498]},"properties":{"line":"252","mode":"bus","color":"#0059a9","colorDark":"#00294f","band":0,"off":[0,1.1]}},{"type":"Feature","geometry":{"type":"Point","coordinates":[18.494031,54.534221]},"properties":{"name":"Grabówek SKM","band":0,"modes":"bus","arr":["309","326","740"],"off":[0,-0.8]}},{"type":"Feature","geometry":{"type":"Point","coordinates":[18.494031,54.534221]},"properties":{"line":"309","mode":"bus","color":"#0059a9","colorDark":"#00294f","band":0,"off":[-3.4,1.1]}},{"type":"Feature","geometry":{"type":"Point","coordinates":[18.494031,54.534221]},"properties":{"line":"326","mode":"bus","color":"#149a3f","colorDark":"#0a5121","band":0,"off":[0,1.1]}},{"type":"Feature","geometry":{"type":"Point","coordinates":[18.494031,54.534221]},"properties":{"line":"740","mode":"bus","color":"#0059a9","colorDark":"#00294f","band":0,"off":[3.4,1.1]}},{"type":"Feature","geometry":{"type":"Point","coordinates":[18.537646,54.585813]},"properties":{"name":"Babie Doły Plaża","band":0,"modes":"bus","arr":["309"],"off":[0,-0.8]}},{"type":"Feature","geometry":{"type":"Point","coordinates":[18.537646,54.585813]},"properties":{"line":"309","mode":"bus","color":"#0059a9","colorDark":"#00294f","band":0,"off":[0,1.1]}},{"type":"Feature","geometry":{"type":"Point","coordinates":[18.415671,54.500442]},"properties":{"name":"Fregatowa","band":0,"modes":"bus","arr":["940"],"off":[0,-0.8]}},{"type":"Feature","geometry":{"type":"Point","coordinates":[18.415671,54.500442]},"properties":{"line":"940","mode":"bus","color":"#0059a9","colorDark":"#00294f","band":0,"off":[0,1.1]}},{"type":"Feature","geometry":{"type":"Point","coordinates":[18.245237,54.615058]},"properties":{"name":"Wejherowo Szpital","band":0,"modes":"bus","arr":["J"],"off":[0,-0.8]}},{"type":"Feature","geometry":{"type":"Point","coordinates":[18.245237,54.615058]},"properties":{"line":"J","mode":"bus","color":"#0059a9","colorDark":"#00294f","band":0,"off":[0,1.1]}},{"type":"Feature","geometry":{"type":"Point","coordinates":[18.463986,54.573205]},"properties":{"name":"Suchy Dwór - Borchardta","band":0,"modes":"bus","arr":["N94"],"off":[0,-0.8]}},{"type":"Feature","geometry":{"type":"Point","coordinates":[18.463986,54.573205]},"properties":{"line":"N94","mode":"bus","color":"#0059a9","colorDark":"#00294f","band":0,"off":[0,1.1]}},{"type":"Feature","geometry":{"type":"Point","coordinates":[18.355079,54.341527]},"properties":{"name":"Żukowo Urząd Gminy","band":0,"modes":"bus","arr":["Z"],"off":[0,-0.8]}},{"type":"Feature","geometry":{"type":"Point","coordinates":[18.355079,54.341527]},"properties":{"line":"Z","mode":"bus","color":"#0059a9","colorDark":"#00294f","band":0,"off":[0,1.1]}},{"type":"Feature","geometry":{"type":"Point","coordinates":[18.569905,54.327928]},"properties":{"name":"Lawendowe Wzgórze","band":0,"modes":"tram","arr":["2","11"],"off":[0,-0.8]}},{"type":"Feature","geometry":{"type":"Point","coordinates":[18.569905,54.327928]},"properties":{"line":"2","mode":"tram","color":"#d6212b","colorDark":"#7c1116","band":0,"off":[-1.7,1.1]}},{"type":"Feature","geometry":{"type":"Point","coordinates":[18.569905,54.327928]},"properties":{"line":"11","mode":"tram","color":"#d6212b","colorDark":"#7c1116","band":0,"off":[1.7,1.1]}},{"type":"Feature","geometry":{"type":"Point","coordinates":[18.638073,54.407341]},"properties":{"name":"Brzeźno Dom Zdrojowy","band":0,"modes":"tram","arr":["3","63"],"off":[0,-0.8]}},{"type":"Feature","geometry":{"type":"Point","coordinates":[18.638073,54.407341]},"properties":{"line":"3","mode":"tram","color":"#d6212b","colorDark":"#7c1116","band":0,"off":[-1.7,1.1]}},{"type":"Feature","geometry":{"type":"Point","coordinates":[18.638073,54.407341]},"properties":{"line":"63","mode":"tram","color":"#d6212b","colorDark":"#7c1116","band":0,"off":[1.7,1.1]}},{"type":"Feature","geometry":{"type":"Point","coordinates":[18.579232,54.390061]},"properties":{"name":"Zajezdnia WRZESZCZ T2","band":0,"modes":"tram","arr":["9","11"],"off":[0,-0.8]}},{"type":"Feature","geometry":{"type":"Point","coordinates":[18.579232,54.390061]},"properties":{"line":"9","mode":"tram","color":"#d6212b","colorDark":"#7c1116","band":0,"off":[-1.7,1.1]}},{"type":"Feature","geometry":{"type":"Point","coordinates":[18.579232,54.390061]},"properties":{"line":"11","mode":"tram","color":"#d6212b","colorDark":"#7c1116","band":0,"off":[1.7,1.1]}},{"type":"Feature","geometry":{"type":"Point","coordinates":[18.574168,54.366014]},"properties":{"name":"Brętowo PKM","band":0,"modes":"tram","arr":["10"],"off":[0,-0.8]}},{"type":"Feature","geometry":{"type":"Point","coordinates":[18.574168,54.366014]},"properties":{"line":"10","mode":"tram","color":"#d6212b","colorDark":"#7c1116","band":0,"off":[0,1.1]}},{"type":"Feature","geometry":{"type":"Point","coordinates":[18.594857,54.399259]},"properties":{"name":"Zaspa","band":0,"modes":"tram","arr":["12"],"off":[0,-0.8]}},{"type":"Feature","geometry":{"type":"Point","coordinates":[18.594857,54.399259]},"properties":{"line":"12","mode":"tram","color":"#d6212b","colorDark":"#7c1116","band":0,"off":[0,1.1]}},{"type":"Feature","geometry":{"type":"Point","coordinates":[18.645703,54.356977]},"properties":{"name":"Dworzec Główny","band":1,"modes":"bus","arr":["100"],"off":[0,-0.8]}},{"type":"Feature","geometry":{"type":"Point","coordinates":[18.645703,54.356977]},"properties":{"line":"100","mode":"bus","color":"#0059a9","colorDark":"#00294f","band":1,"off":[0,1.1]}},{"type":"Feature","geometry":{"type":"Point","coordinates":[18.656682,54.353759]},"properties":{"name":"Tartaczna","band":1,"modes":"bus","arr":["100"],"off":[0,-0.8]}},{"type":"Feature","geometry":{"type":"Point","coordinates":[18.656682,54.353759]},"properties":{"line":"100","mode":"bus","color":"#0059a9","colorDark":"#00294f","band":1,"off":[0,1.1]}},{"type":"Feature","geometry":{"type":"Point","coordinates":[18.659337,54.357441]},"properties":{"name":"Muzeum II Wojny Światowej","band":1,"modes":"bus","arr":["106","130","208","600"],"off":[0,-0.8]}},{"type":"Feature","geometry":{"type":"Point","coordinates":[18.659337,54.357441]},"properties":{"line":"106","mode":"bus","color":"#0059a9","colorDark":"#00294f","band":1,"off":[-5.1,1.1]}},{"type":"Feature","geometry":{"type":"Point","coordinates":[18.659337,54.357441]},"properties":{"line":"130","mode":"bus","color":"#0059a9","colorDark":"#00294f","band":1,"off":[-1.7,1.1]}},{"type":"Feature","geometry":{"type":"Point","coordinates":[18.659337,54.357441]},"properties":{"line":"208","mode":"bus","color":"#0059a9","colorDark":"#00294f","band":1,"off":[1.7,1.1]}},{"type":"Feature","geometry":{"type":"Point","coordinates":[18.659337,54.357441]},"properties":{"line":"600","mode":"bus","color":"#0059a9","colorDark":"#00294f","band":1,"off":[5.1,1.1]}},{"type":"Feature","geometry":{"type":"Point","coordinates":[18.679469,54.356766]},"properties":{"name":"Siennicka","band":1,"modes":"bus","arr":["106","111","911","N8"],"off":[0,-0.8]}},{"type":"Feature","geometry":{"type":"Point","coordinates":[18.679469,54.356766]},"properties":{"line":"106","mode":"bus","color":"#0059a9","colorDark":"#00294f","band":1,"off":[-5.1,1.1]}},{"type":"Feature","geometry":{"type":"Point","coordinates":[18.679469,54.356766]},"properties":{"line":"111","mode":"bus","color":"#0059a9","colorDark":"#00294f","band":1,"off":[-1.7,1.1]}},{"type":"Feature","geometry":{"type":"Point","coordinates":[18.679469,54.356766]},"properties":{"line":"911","mode":"bus","color":"#0059a9","colorDark":"#00294f","band":1,"off":[1.7,1.1]}},{"type":"Feature","geometry":{"type":"Point","coordinates":[18.679469,54.356766]},"properties":{"line":"N8","mode":"bus","color":"#0059a9","colorDark":"#00294f","band":1,"off":[5.1,1.1]}},{"type":"Feature","geometry":{"type":"Point","coordinates":[18.68279,54.40345]},"properties":{"name":"Muzeum Westerplatte – Terminal Promowy","band":1,"modes":"bus","arr":["106","138","600","606"],"off":[0,-0.8]}},{"type":"Feature","geometry":{"type":"Point","coordinates":[18.68279,54.40345]},"properties":{"line":"106","mode":"bus","color":"#0059a9","colorDark":"#00294f","band":1,"off":[-5.1,1.1]}},{"type":"Feature","geometry":{"type":"Point","coordinates":[18.68279,54.40345]},"properties":{"line":"138","mode":"bus","color":"#0059a9","colorDark":"#00294f","band":1,"off":[-1.7,1.1]}},{"type":"Feature","geometry":{"type":"Point","coordinates":[18.68279,54.40345]},"properties":{"line":"600","mode":"bus","color":"#0059a9","colorDark":"#00294f","band":1,"off":[1.7,1.1]}},{"type":"Feature","geometry":{"type":"Point","coordinates":[18.68279,54.40345]},"properties":{"line":"606","mode":"bus","color":"#0059a9","colorDark":"#00294f","band":1,"off":[5.1,1.1]}},{"type":"Feature","geometry":{"type":"Point","coordinates":[18.650973,54.247361]},"properties":{"name":"Pruszcz Gdański Komarowo","band":1,"modes":"bus","arr":["107","507"],"off":[0,-0.8]}},{"type":"Feature","geometry":{"type":"Point","coordinates":[18.650973,54.247361]},"properties":{"line":"107","mode":"bus","color":"#0059a9","colorDark":"#00294f","band":1,"off":[-1.7,1.1]}},{"type":"Feature","geometry":{"type":"Point","coordinates":[18.650973,54.247361]},"properties":{"line":"507","mode":"bus","color":"#0059a9","colorDark":"#00294f","band":1,"off":[1.7,1.1]}},{"type":"Feature","geometry":{"type":"Point","coordinates":[18.652325,54.267183]},"properties":{"name":"Pruszcz Gdański Osiedle Piastowskie","band":1,"modes":"bus","arr":["107","607","N5"],"off":[0,-0.8]}},{"type":"Feature","geometry":{"type":"Point","coordinates":[18.652325,54.267183]},"properties":{"line":"107","mode":"bus","color":"#0059a9","colorDark":"#00294f","band":1,"off":[-3.4,1.1]}},{"type":"Feature","geometry":{"type":"Point","coordinates":[18.652325,54.267183]},"properties":{"line":"607","mode":"bus","color":"#0059a9","colorDark":"#00294f","band":1,"off":[0,1.1]}},{"type":"Feature","geometry":{"type":"Point","coordinates":[18.652325,54.267183]},"properties":{"line":"N5","mode":"bus","color":"#0059a9","colorDark":"#00294f","band":1,"off":[3.4,1.1]}},{"type":"Feature","geometry":{"type":"Point","coordinates":[18.626457,54.266939]},"properties":{"name":"Pruszcz Gdański Rondo Kaszubskie","band":1,"modes":"bus","arr":["107","132","607"],"off":[0,-0.8]}},{"type":"Feature","geometry":{"type":"Point","coordinates":[18.626457,54.266939]},"properties":{"line":"107","mode":"bus","color":"#0059a9","colorDark":"#00294f","band":1,"off":[-3.4,1.1]}},{"type":"Feature","geometry":{"type":"Point","coordinates":[18.626457,54.266939]},"properties":{"line":"132","mode":"bus","color":"#0059a9","colorDark":"#00294f","band":1,"off":[0,1.1]}},{"type":"Feature","geometry":{"type":"Point","coordinates":[18.626457,54.266939]},"properties":{"line":"607","mode":"bus","color":"#0059a9","colorDark":"#00294f","band":1,"off":[3.4,1.1]}},{"type":"Feature","geometry":{"type":"Point","coordinates":[18.636207,54.262625]},"properties":{"name":"Pruszcz Gdański Krótka – Dom Wiedemanna","band":1,"modes":"bus","arr":["107","607","M32","N5"],"off":[0,-0.8]}},{"type":"Feature","geometry":{"type":"Point","coordinates":[18.636207,54.262625]},"properties":{"line":"107","mode":"bus","color":"#0059a9","colorDark":"#00294f","band":1,"off":[-5.1,1.1]}},{"type":"Feature","geometry":{"type":"Point","coordinates":[18.636207,54.262625]},"properties":{"line":"607","mode":"bus","color":"#0059a9","colorDark":"#00294f","band":1,"off":[-1.7,1.1]}},{"type":"Feature","geometry":{"type":"Point","coordinates":[18.636207,54.262625]},"properties":{"line":"M32","mode":"bus","color":"#0059a9","colorDark":"#00294f","band":1,"off":[1.7,1.1]}},{"type":"Feature","geometry":{"type":"Point","coordinates":[18.636207,54.262625]},"properties":{"line":"N5","mode":"bus","color":"#0059a9","colorDark":"#00294f","band":1,"off":[5.1,1.1]}},{"type":"Feature","geometry":{"type":"Point","coordinates":[18.645672,54.361583]},"properties":{"name":"Jana z Kolna","band":1,"modes":"bus","arr":["108","111","112","123","138","154","167","178","184","186","189","199","210","212","267","289","606"],"off":[0,-0.8]}},{"type":"Feature","geometry":{"type":"Point","coordinates":[18.645672,54.361583]},"properties":{"line":"108","mode":"bus","color":"#0059a9","colorDark":"#00294f","band":1,"off":[-6.8,1.1]}},{"type":"Feature","geometry":{"type":"Point","coordinates":[18.645672,54.361583]},"properties":{"line":"111","mode":"bus","color":"#0059a9","colorDark":"#00294f","band":1,"off":[-3.4,1.1]}},{"type":"Feature","geometry":{"type":"Point","coordinates":[18.645672,54.361583]},"properties":{"line":"112","mode":"bus","color":"#0059a9","colorDark":"#00294f","band":1,"off":[0,1.1]}},{"type":"Feature","geometry":{"type":"Point","coordinates":[18.645672,54.361583]},"properties":{"line":"123","mode":"bus","color":"#0059a9","colorDark":"#00294f","band":1,"off":[3.4,1.1]}},{"type":"Feature","geometry":{"type":"Point","coordinates":[18.645672,54.361583]},"properties":{"line":"138","mode":"bus","color":"#0059a9","colorDark":"#00294f","band":1,"off":[6.8,1.1]}},{"type":"Feature","geometry":{"type":"Point","coordinates":[18.645672,54.361583]},"properties":{"line":"154","mode":"bus","color":"#0059a9","colorDark":"#00294f","band":1,"off":[-6.8,3.1]}},{"type":"Feature","geometry":{"type":"Point","coordinates":[18.645672,54.361583]},"properties":{"line":"167","mode":"bus","color":"#0059a9","colorDark":"#00294f","band":1,"off":[-3.4,3.1]}},{"type":"Feature","geometry":{"type":"Point","coordinates":[18.645672,54.361583]},"properties":{"line":"178","mode":"bus","color":"#0059a9","colorDark":"#00294f","band":1,"off":[0,3.1]}},{"type":"Feature","geometry":{"type":"Point","coordinates":[18.645672,54.361583]},"properties":{"line":"184","mode":"bus","color":"#0059a9","colorDark":"#00294f","band":1,"off":[3.4,3.1]}},{"type":"Feature","geometry":{"type":"Point","coordinates":[18.645672,54.361583]},"properties":{"line":"186","mode":"bus","color":"#0059a9","colorDark":"#00294f","band":1,"off":[6.8,3.1]}},{"type":"Feature","geometry":{"type":"Point","coordinates":[18.645672,54.361583]},"properties":{"line":"189","mode":"bus","color":"#0059a9","colorDark":"#00294f","band":1,"off":[-6.8,5.1]}},{"type":"Feature","geometry":{"type":"Point","coordinates":[18.645672,54.361583]},"properties":{"line":"199","mode":"bus","color":"#0059a9","colorDark":"#00294f","band":1,"off":[-3.4,5.1]}},{"type":"Feature","geometry":{"type":"Point","coordinates":[18.645672,54.361583]},"properties":{"line":"210","mode":"bus","color":"#0059a9","colorDark":"#00294f","band":1,"off":[0,5.1]}},{"type":"Feature","geometry":{"type":"Point","coordinates":[18.645672,54.361583]},"properties":{"line":"212","mode":"bus","color":"#0059a9","colorDark":"#00294f","band":1,"off":[3.4,5.1]}},{"type":"Feature","geometry":{"type":"Point","coordinates":[18.645672,54.361583]},"properties":{"line":"267","mode":"bus","color":"#0059a9","colorDark":"#00294f","band":1,"off":[6.8,5.1]}},{"type":"Feature","geometry":{"type":"Point","coordinates":[18.645672,54.361583]},"properties":{"line":"289","mode":"bus","color":"#0059a9","colorDark":"#00294f","band":1,"off":[-1.7,7.1]}},{"type":"Feature","geometry":{"type":"Point","coordinates":[18.645672,54.361583]},"properties":{"line":"606","mode":"bus","color":"#0059a9","colorDark":"#00294f","band":1,"off":[1.7,7.1]}},{"type":"Feature","geometry":{"type":"Point","coordinates":[18.645281,54.35458]},"properties":{"name":"Dworzec Główny","band":1,"modes":"tram,bus","arr":["8","9","108","132","154","189","208","289","M32","N5","N56","N89"],"off":[0,-0.8]}},{"type":"Feature","geometry":{"type":"Point","coordinates":[18.645281,54.35458]},"properties":{"line":"8","mode":"tram","color":"#d6212b","colorDark":"#7c1116","band":1,"off":[-6.8,1.1]}},{"type":"Feature","geometry":{"type":"Point","coordinates":[18.645281,54.35458]},"properties":{"line":"9","mode":"tram","color":"#d6212b","colorDark":"#7c1116","band":1,"off":[-3.4,1.1]}},{"type":"Feature","geometry":{"type":"Point","coordinates":[18.645281,54.35458]},"properties":{"line":"108","mode":"bus","color":"#0059a9","colorDark":"#00294f","band":1,"off":[0,1.1]}},{"type":"Feature","geometry":{"type":"Point","coordinates":[18.645281,54.35458]},"properties":{"line":"132","mode":"bus","color":"#0059a9","colorDark":"#00294f","band":1,"off":[3.4,1.1]}},{"type":"Feature","geometry":{"type":"Point","coordinates":[18.645281,54.35458]},"properties":{"line":"154","mode":"bus","color":"#0059a9","colorDark":"#00294f","band":1,"off":[6.8,1.1]}},{"type":"Feature","geometry":{"type":"Point","coordinates":[18.645281,54.35458]},"properties":{"line":"189","mode":"bus","color":"#0059a9","colorDark":"#00294f","band":1,"off":[-6.8,3.1]}},{"type":"Feature","geometry":{"type":"Point","coordinates":[18.645281,54.35458]},"properties":{"line":"208","mode":"bus","color":"#0059a9","colorDark":"#00294f","band":1,"off":[-3.4,3.1]}},{"type":"Feature","geometry":{"type":"Point","coordinates":[18.645281,54.35458]},"properties":{"line":"289","mode":"bus","color":"#0059a9","colorDark":"#00294f","band":1,"off":[0,3.1]}},{"type":"Feature","geometry":{"type":"Point","coordinates":[18.645281,54.35458]},"properties":{"line":"M32","mode":"bus","color":"#0059a9","colorDark":"#00294f","band":1,"off":[3.4,3.1]}},{"type":"Feature","geometry":{"type":"Point","coordinates":[18.645281,54.35458]},"properties":{"line":"N5","mode":"bus","color":"#0059a9","colorDark":"#00294f","band":1,"off":[6.8,3.1]}},{"type":"Feature","geometry":{"type":"Point","coordinates":[18.645281,54.35458]},"properties":{"line":"N56","mode":"bus","color":"#0059a9","colorDark":"#00294f","band":1,"off":[-1.7,5.1]}},{"type":"Feature","geometry":{"type":"Point","coordinates":[18.645281,54.35458]},"properties":{"line":"N89","mode":"bus","color":"#0059a9","colorDark":"#00294f","band":1,"off":[1.7,5.1]}},{"type":"Feature","geometry":{"type":"Point","coordinates":[18.615922,54.333974]},"properties":{"name":"Chełm Więckowskiego","band":1,"modes":"bus","arr":["108"],"off":[0,-0.8]}},{"type":"Feature","geometry":{"type":"Point","coordinates":[18.615922,54.333974]},"properties":{"line":"108","mode":"bus","color":"#0059a9","colorDark":"#00294f","band":1,"off":[0,1.1]}},{"type":"Feature","geometry":{"type":"Point","coordinates":[18.603376,54.382124]},"properties":{"name":"Wrzeszcz PKP","band":1,"modes":"bus","arr":["110","116","126","136","157","158","162","258","N3"],"off":[0,-0.8]}},{"type":"Feature","geometry":{"type":"Point","coordinates":[18.603376,54.382124]},"properties":{"line":"110","mode":"bus","color":"#0059a9","colorDark":"#00294f","band":1,"off":[-6.8,1.1]}},{"type":"Feature","geometry":{"type":"Point","coordinates":[18.603376,54.382124]},"properties":{"line":"116","mode":"bus","color":"#0059a9","colorDark":"#00294f","band":1,"off":[-3.4,1.1]}},{"type":"Feature","geometry":{"type":"Point","coordinates":[18.603376,54.382124]},"properties":{"line":"126","mode":"bus","color":"#0059a9","colorDark":"#00294f","band":1,"off":[0,1.1]}},{"type":"Feature","geometry":{"type":"Point","coordinates":[18.603376,54.382124]},"properties":{"line":"136","mode":"bus","color":"#0059a9","colorDark":"#00294f","band":1,"off":[3.4,1.1]}},{"type":"Feature","geometry":{"type":"Point","coordinates":[18.603376,54.382124]},"properties":{"line":"157","mode":"bus","color":"#0059a9","colorDark":"#00294f","band":1,"off":[6.8,1.1]}},{"type":"Feature","geometry":{"type":"Point","coordinates":[18.603376,54.382124]},"properties":{"line":"158","mode":"bus","color":"#0059a9","colorDark":"#00294f","band":1,"off":[-5.1,3.1]}},{"type":"Feature","geometry":{"type":"Point","coordinates":[18.603376,54.382124]},"properties":{"line":"162","mode":"bus","color":"#0059a9","colorDark":"#00294f","band":1,"off":[-1.7,3.1]}},{"type":"Feature","geometry":{"type":"Point","coordinates":[18.603376,54.382124]},"properties":{"line":"258","mode":"bus","color":"#0059a9","colorDark":"#00294f","band":1,"off":[1.7,3.1]}},{"type":"Feature","geometry":{"type":"Point","coordinates":[18.603376,54.382124]},"properties":{"line":"N3","mode":"bus","color":"#0059a9","colorDark":"#00294f","band":1,"off":[5.1,3.1]}},{"type":"Feature","geometry":{"type":"Point","coordinates":[18.467691,54.382751]},"properties":{"name":"Port Lotniczy","band":1,"modes":"bus","arr":["110","N3"],"off":[0,-0.8]}},{"type":"Feature","geometry":{"type":"Point","coordinates":[18.467691,54.382751]},"properties":{"line":"110","mode":"bus","color":"#0059a9","colorDark":"#00294f","band":1,"off":[-1.7,1.1]}},{"type":"Feature","geometry":{"type":"Point","coordinates":[18.467691,54.382751]},"properties":{"line":"N3","mode":"bus","color":"#0059a9","colorDark":"#00294f","band":1,"off":[1.7,1.1]}},{"type":"Feature","geometry":{"type":"Point","coordinates":[18.782144,54.354739]},"properties":{"name":"Górki Zachodnie","band":1,"modes":"bus","arr":["111","911","N8"],"off":[0,-0.8]}},{"type":"Feature","geometry":{"type":"Point","coordinates":[18.782144,54.354739]},"properties":{"line":"111","mode":"bus","color":"#0059a9","colorDark":"#00294f","band":1,"off":[-3.4,1.1]}},{"type":"Feature","geometry":{"type":"Point","coordinates":[18.782144,54.354739]},"properties":{"line":"911","mode":"bus","color":"#0059a9","colorDark":"#00294f","band":1,"off":[0,1.1]}},{"type":"Feature","geometry":{"type":"Point","coordinates":[18.782144,54.354739]},"properties":{"line":"N8","mode":"bus","color":"#0059a9","colorDark":"#00294f","band":1,"off":[3.4,1.1]}},{"type":"Feature","geometry":{"type":"Point","coordinates":[18.826237,54.343657]},"properties":{"name":"Sobieszewo","band":1,"modes":"bus","arr":["112","186","212","512","607","612","N9"],"off":[0,-0.8]}},{"type":"Feature","geometry":{"type":"Point","coordinates":[18.826237,54.343657]},"properties":{"line":"112","mode":"bus","color":"#0059a9","colorDark":"#00294f","band":1,"off":[-6.8,1.1]}},{"type":"Feature","geometry":{"type":"Point","coordinates":[18.826237,54.343657]},"properties":{"line":"186","mode":"bus","color":"#0059a9","colorDark":"#00294f","band":1,"off":[-3.4,1.1]}},{"type":"Feature","geometry":{"type":"Point","coordinates":[18.826237,54.343657]},"properties":{"line":"212","mode":"bus","color":"#0059a9","colorDark":"#00294f","band":1,"off":[0,1.1]}},{"type":"Feature","geometry":{"type":"Point","coordinates":[18.826237,54.343657]},"properties":{"line":"512","mode":"bus","color":"#0059a9","colorDark":"#00294f","band":1,"off":[3.4,1.1]}},{"type":"Feature","geometry":{"type":"Point","coordinates":[18.826237,54.343657]},"properties":{"line":"607","mode":"bus","color":"#0059a9","colorDark":"#00294f","band":1,"off":[6.8,1.1]}},{"type":"Feature","geometry":{"type":"Point","coordinates":[18.826237,54.343657]},"properties":{"line":"612","mode":"bus","color":"#0059a9","colorDark":"#00294f","band":1,"off":[-1.7,3.1]}},{"type":"Feature","geometry":{"type":"Point","coordinates":[18.826237,54.343657]},"properties":{"line":"N9","mode":"bus","color":"#0059a9","colorDark":"#00294f","band":1,"off":[1.7,3.1]}},{"type":"Feature","geometry":{"type":"Point","coordinates":[18.917126,54.311444]},"properties":{"name":"Przegalina","band":1,"modes":"bus","arr":["112","212","N9"],"off":[0,-0.8]}},{"type":"Feature","geometry":{"type":"Point","coordinates":[18.917126,54.311444]},"properties":{"line":"112","mode":"bus","color":"#0059a9","colorDark":"#00294f","band":1,"off":[-3.4,1.1]}},{"type":"Feature","geometry":{"type":"Point","coordinates":[18.917126,54.311444]},"properties":{"line":"212","mode":"bus","color":"#0059a9","colorDark":"#00294f","band":1,"off":[0,1.1]}},{"type":"Feature","geometry":{"type":"Point","coordinates":[18.917126,54.311444]},"properties":{"line":"N9","mode":"bus","color":"#0059a9","colorDark":"#00294f","band":1,"off":[3.4,1.1]}},{"type":"Feature","geometry":{"type":"Point","coordinates":[18.581233,54.305568]},"properties":{"name":"Olimpijska","band":1,"modes":"bus","arr":["113","176","213","N14","N4"],"off":[0,-0.8]}},{"type":"Feature","geometry":{"type":"Point","coordinates":[18.581233,54.305568]},"properties":{"line":"113","mode":"bus","color":"#0059a9","colorDark":"#00294f","band":1,"off":[-6.8,1.1]}},{"type":"Feature","geometry":{"type":"Point","coordinates":[18.581233,54.305568]},"properties":{"line":"176","mode":"bus","color":"#0059a9","colorDark":"#00294f","band":1,"off":[-3.4,1.1]}},{"type":"Feature","geometry":{"type":"Point","coordinates":[18.581233,54.305568]},"properties":{"line":"213","mode":"bus","color":"#0059a9","colorDark":"#00294f","band":1,"off":[0,1.1]}},{"type":"Feature","geometry":{"type":"Point","coordinates":[18.581233,54.305568]},"properties":{"line":"N14","mode":"bus","color":"#0059a9","colorDark":"#00294f","band":1,"off":[3.4,1.1]}},{"type":"Feature","geometry":{"type":"Point","coordinates":[18.581233,54.305568]},"properties":{"line":"N4","mode":"bus","color":"#0059a9","colorDark":"#00294f","band":1,"off":[6.8,1.1]}},{"type":"Feature","geometry":{"type":"Point","coordinates":[18.606329,54.322872]},"properties":{"name":"Łostowice Świętokrzyska","band":1,"modes":"tram,bus","arr":["3","6","113","120","155","162","175","176","195","208","213","255","256","262","295"],"off":[0,-0.8]}},{"type":"Feature","geometry":{"type":"Point","coordinates":[18.606329,54.322872]},"properties":{"line":"3","mode":"tram","color":"#d6212b","colorDark":"#7c1116","band":1,"off":[-6.8,1.1]}},{"type":"Feature","geometry":{"type":"Point","coordinates":[18.606329,54.322872]},"properties":{"line":"6","mode":"tram","color":"#d6212b","colorDark":"#7c1116","band":1,"off":[-3.4,1.1]}},{"type":"Feature","geometry":{"type":"Point","coordinates":[18.606329,54.322872]},"properties":{"line":"113","mode":"bus","color":"#0059a9","colorDark":"#00294f","band":1,"off":[0,1.1]}},{"type":"Feature","geometry":{"type":"Point","coordinates":[18.606329,54.322872]},"properties":{"line":"120","mode":"bus","color":"#0059a9","colorDark":"#00294f","band":1,"off":[3.4,1.1]}},{"type":"Feature","geometry":{"type":"Point","coordinates":[18.606329,54.322872]},"properties":{"line":"155","mode":"bus","color":"#0059a9","colorDark":"#00294f","band":1,"off":[6.8,1.1]}},{"type":"Feature","geometry":{"type":"Point","coordinates":[18.606329,54.322872]},"properties":{"line":"162","mode":"bus","color":"#0059a9","colorDark":"#00294f","band":1,"off":[-6.8,3.1]}},{"type":"Feature","geometry":{"type":"Point","coordinates":[18.606329,54.322872]},"properties":{"line":"175","mode":"bus","color":"#0059a9","colorDark":"#00294f","band":1,"off":[-3.4,3.1]}},{"type":"Feature","geometry":{"type":"Point","coordinates":[18.606329,54.322872]},"properties":{"line":"176","mode":"bus","color":"#0059a9","colorDark":"#00294f","band":1,"off":[0,3.1]}},{"type":"Feature","geometry":{"type":"Point","coordinates":[18.606329,54.322872]},"properties":{"line":"195","mode":"bus","color":"#0059a9","colorDark":"#00294f","band":1,"off":[3.4,3.1]}},{"type":"Feature","geometry":{"type":"Point","coordinates":[18.606329,54.322872]},"properties":{"line":"208","mode":"bus","color":"#0059a9","colorDark":"#00294f","band":1,"off":[6.8,3.1]}},{"type":"Feature","geometry":{"type":"Point","coordinates":[18.606329,54.322872]},"properties":{"line":"213","mode":"bus","color":"#0059a9","colorDark":"#00294f","band":1,"off":[-6.8,5.1]}},{"type":"Feature","geometry":{"type":"Point","coordinates":[18.606329,54.322872]},"properties":{"line":"255","mode":"bus","color":"#0059a9","colorDark":"#00294f","band":1,"off":[-3.4,5.1]}},{"type":"Feature","geometry":{"type":"Point","coordinates":[18.606329,54.322872]},"properties":{"line":"256","mode":"bus","color":"#0059a9","colorDark":"#00294f","band":1,"off":[0,5.1]}},{"type":"Feature","geometry":{"type":"Point","coordinates":[18.606329,54.322872]},"properties":{"line":"262","mode":"bus","color":"#0059a9","colorDark":"#00294f","band":1,"off":[3.4,5.1]}},{"type":"Feature","geometry":{"type":"Point","coordinates":[18.606329,54.322872]},"properties":{"line":"295","mode":"bus","color":"#0059a9","colorDark":"#00294f","band":1,"off":[6.8,5.1]}},{"type":"Feature","geometry":{"type":"Point","coordinates":[18.632271,54.322922]},"properties":{"name":"Gościnna","band":1,"modes":"bus","arr":["113"],"off":[0,-0.8]}},{"type":"Feature","geometry":{"type":"Point","coordinates":[18.632271,54.322922]},"properties":{"line":"113","mode":"bus","color":"#0059a9","colorDark":"#00294f","band":1,"off":[0,1.1]}},{"type":"Feature","geometry":{"type":"Point","coordinates":[18.568885,54.31785]},"properties":{"name":"Jaworzniaków","band":1,"modes":"bus","arr":["115","262"],"off":[0,-0.8]}},{"type":"Feature","geometry":{"type":"Point","coordinates":[18.568885,54.31785]},"properties":{"line":"115","mode":"bus","color":"#0059a9","colorDark":"#00294f","band":1,"off":[-1.7,1.1]}},{"type":"Feature","geometry":{"type":"Point","coordinates":[18.568885,54.31785]},"properties":{"line":"262","mode":"bus","color":"#0059a9","colorDark":"#00294f","band":1,"off":[1.7,1.1]}},{"type":"Feature","geometry":{"type":"Point","coordinates":[18.616772,54.364686]},"properties":{"name":"Szpital Zakaźny","band":1,"modes":"bus","arr":["115","183","184","283"],"off":[0,-0.8]}},{"type":"Feature","geometry":{"type":"Point","coordinates":[18.616772,54.364686]},"properties":{"line":"115","mode":"bus","color":"#0059a9","colorDark":"#00294f","band":1,"off":[-5.1,1.1]}},{"type":"Feature","geometry":{"type":"Point","coordinates":[18.616772,54.364686]},"properties":{"line":"183","mode":"bus","color":"#0059a9","colorDark":"#00294f","band":1,"off":[-1.7,1.1]}},{"type":"Feature","geometry":{"type":"Point","coordinates":[18.616772,54.364686]},"properties":{"line":"184","mode":"bus","color":"#0059a9","colorDark":"#00294f","band":1,"off":[1.7,1.1]}},{"type":"Feature","geometry":{"type":"Point","coordinates":[18.616772,54.364686]},"properties":{"line":"283","mode":"bus","color":"#0059a9","colorDark":"#00294f","band":1,"off":[5.1,1.1]}},{"type":"Feature","geometry":{"type":"Point","coordinates":[18.548914,54.366675]},"properties":{"name":"Matemblewo","band":1,"modes":"bus","arr":["116","131"],"off":[0,-0.8]}},{"type":"Feature","geometry":{"type":"Point","coordinates":[18.548914,54.366675]},"properties":{"line":"116","mode":"bus","color":"#0059a9","colorDark":"#00294f","band":1,"off":[-1.7,1.1]}},{"type":"Feature","geometry":{"type":"Point","coordinates":[18.548914,54.366675]},"properties":{"line":"131","mode":"bus","color":"#0059a9","colorDark":"#00294f","band":1,"off":[1.7,1.1]}},{"type":"Feature","geometry":{"type":"Point","coordinates":[18.601991,54.421549]},"properties":{"name":"Jelitkowo Kapliczna","band":1,"modes":"bus","arr":["117"],"off":[0,-0.8]}},{"type":"Feature","geometry":{"type":"Point","coordinates":[18.601991,54.421549]},"properties":{"line":"117","mode":"bus","color":"#0059a9","colorDark":"#00294f","band":1,"off":[0,1.1]}},{"type":"Feature","geometry":{"type":"Point","coordinates":[18.547847,54.439154]},"properties":{"name":"Sopot Osiedle Mickiewicza","band":1,"modes":"bus","arr":["117","144","287"],"off":[0,-0.8]}},{"type":"Feature","geometry":{"type":"Point","coordinates":[18.547847,54.439154]},"properties":{"name":"Osiedle Mickiewicza","band":1,"modes":"bus","arr":["117","144","287"],"off":[0,-3]}},{"type":"Feature","geometry":{"type":"Point","coordinates":[18.547847,54.439154]},"properties":{"line":"117","mode":"bus","color":"#0059a9","colorDark":"#00294f","band":1,"off":[-3.4,1.1]}},{"type":"Feature","geometry":{"type":"Point","coordinates":[18.547847,54.439154]},"properties":{"line":"144","mode":"bus","color":"#0059a9","colorDark":"#00294f","band":1,"off":[0,1.1]}},{"type":"Feature","geometry":{"type":"Point","coordinates":[18.547847,54.439154]},"properties":{"line":"287","mode":"bus","color":"#0059a9","colorDark":"#00294f","band":1,"off":[3.4,1.1]}},{"type":"Feature","geometry":{"type":"Point","coordinates":[18.574126,54.331339]},"properties":{"name":"Ujeścisko","band":1,"modes":"tram,bus","arr":["12","63","118","156"],"off":[0,-0.8]}},{"type":"Feature","geometry":{"type":"Point","coordinates":[18.574126,54.331339]},"properties":{"line":"12","mode":"tram","color":"#d6212b","colorDark":"#7c1116","band":1,"off":[-5.1,1.1]}},{"type":"Feature","geometry":{"type":"Point","coordinates":[18.574126,54.331339]},"properties":{"line":"63","mode":"tram","color":"#d6212b","colorDark":"#7c1116","band":1,"off":[-1.7,1.1]}},{"type":"Feature","geometry":{"type":"Point","coordinates":[18.574126,54.331339]},"properties":{"line":"118","mode":"bus","color":"#0059a9","colorDark":"#00294f","band":1,"off":[1.7,1.1]}},{"type":"Feature","geometry":{"type":"Point","coordinates":[18.574126,54.331339]},"properties":{"line":"156","mode":"bus","color":"#0059a9","colorDark":"#00294f","band":1,"off":[5.1,1.1]}},{"type":"Feature","geometry":{"type":"Point","coordinates":[18.577295,54.319751]},"properties":{"name":"Zakoniczyn","band":1,"modes":"bus","arr":["118","295","N1"],"off":[0,-0.8]}},{"type":"Feature","geometry":{"type":"Point","coordinates":[18.577295,54.319751]},"properties":{"line":"118","mode":"bus","color":"#0059a9","colorDark":"#00294f","band":1,"off":[-3.4,1.1]}},{"type":"Feature","geometry":{"type":"Point","coordinates":[18.577295,54.319751]},"properties":{"line":"295","mode":"bus","color":"#0059a9","colorDark":"#00294f","band":1,"off":[0,1.1]}},{"type":"Feature","geometry":{"type":"Point","coordinates":[18.577295,54.319751]},"properties":{"line":"N1","mode":"bus","color":"#0059a9","colorDark":"#00294f","band":1,"off":[3.4,1.1]}},{"type":"Feature","geometry":{"type":"Point","coordinates":[18.639826,54.393112]},"properties":{"name":"Letnica Węzeł Harfa","band":1,"modes":"bus","arr":["122","149"],"off":[0,-0.8]}},{"type":"Feature","geometry":{"type":"Point","coordinates":[18.639826,54.393112]},"properties":{"line":"122","mode":"bus","color":"#0059a9","colorDark":"#00294f","band":1,"off":[-1.7,1.1]}},{"type":"Feature","geometry":{"type":"Point","coordinates":[18.639826,54.393112]},"properties":{"line":"149","mode":"bus","color":"#0059a9","colorDark":"#00294f","band":1,"off":[1.7,1.1]}},{"type":"Feature","geometry":{"type":"Point","coordinates":[18.540588,54.447842]},"properties":{"name":"Sopot Przylesie","band":1,"modes":"bus","arr":["122"],"off":[0,-0.8]}},{"type":"Feature","geometry":{"type":"Point","coordinates":[18.540588,54.447842]},"properties":{"line":"122","mode":"bus","color":"#0059a9","colorDark":"#00294f","band":1,"off":[0,1.1]}},{"type":"Feature","geometry":{"type":"Point","coordinates":[18.587692,54.403407]},"properties":{"name":"Krynicka","band":1,"modes":"bus","arr":["122","149","199","N14"],"off":[0,-0.8]}},{"type":"Feature","geometry":{"type":"Point","coordinates":[18.587692,54.403407]},"properties":{"line":"122","mode":"bus","color":"#0059a9","colorDark":"#00294f","band":1,"off":[-5.1,1.1]}},{"type":"Feature","geometry":{"type":"Point","coordinates":[18.587692,54.403407]},"properties":{"line":"149","mode":"bus","color":"#0059a9","colorDark":"#00294f","band":1,"off":[-1.7,1.1]}},{"type":"Feature","geometry":{"type":"Point","coordinates":[18.587692,54.403407]},"properties":{"line":"199","mode":"bus","color":"#0059a9","colorDark":"#00294f","band":1,"off":[1.7,1.1]}},{"type":"Feature","geometry":{"type":"Point","coordinates":[18.587692,54.403407]},"properties":{"line":"N14","mode":"bus","color":"#0059a9","colorDark":"#00294f","band":1,"off":[5.1,1.1]}},{"type":"Feature","geometry":{"type":"Point","coordinates":[18.61199,54.403863]},"properties":{"name":"Zaspa Szpital","band":1,"modes":"bus","arr":["122","124","127","158","258","N6"],"off":[0,-0.8]}},{"type":"Feature","geometry":{"type":"Point","coordinates":[18.61199,54.403863]},"properties":{"line":"122","mode":"bus","color":"#0059a9","colorDark":"#00294f","band":1,"off":[-6.8,1.1]}},{"type":"Feature","geometry":{"type":"Point","coordinates":[18.61199,54.403863]},"properties":{"line":"124","mode":"bus","color":"#0059a9","colorDark":"#00294f","band":1,"off":[-3.4,1.1]}},{"type":"Feature","geometry":{"type":"Point","coordinates":[18.61199,54.403863]},"properties":{"line":"127","mode":"bus","color":"#0059a9","colorDark":"#00294f","band":1,"off":[0,1.1]}},{"type":"Feature","geometry":{"type":"Point","coordinates":[18.61199,54.403863]},"properties":{"line":"158","mode":"bus","color":"#0059a9","colorDark":"#00294f","band":1,"off":[3.4,1.1]}},{"type":"Feature","geometry":{"type":"Point","coordinates":[18.61199,54.403863]},"properties":{"line":"258","mode":"bus","color":"#0059a9","colorDark":"#00294f","band":1,"off":[6.8,1.1]}},{"type":"Feature","geometry":{"type":"Point","coordinates":[18.61199,54.403863]},"properties":{"line":"N6","mode":"bus","color":"#0059a9","colorDark":"#00294f","band":1,"off":[0,3.1]}},{"type":"Feature","geometry":{"type":"Point","coordinates":[18.640875,54.324245]},"properties":{"name":"Równa","band":1,"modes":"bus","arr":["123"],"off":[0,-0.8]}},{"type":"Feature","geometry":{"type":"Point","coordinates":[18.640875,54.324245]},"properties":{"line":"123","mode":"bus","color":"#0059a9","colorDark":"#00294f","band":1,"off":[0,1.1]}},{"type":"Feature","geometry":{"type":"Point","coordinates":[18.384974,54.393435]},"properties":{"name":"Banino Pszenna","band":1,"modes":"bus","arr":["126"],"off":[0,-0.8]}},{"type":"Feature","geometry":{"type":"Point","coordinates":[18.384974,54.393435]},"properties":{"line":"126","mode":"bus","color":"#0059a9","colorDark":"#00294f","band":1,"off":[0,1.1]}},{"type":"Feature","geometry":{"type":"Point","coordinates":[18.568689,54.410074]},"properties":{"name":"Oliwa PKP","band":1,"modes":"tram,bus","arr":["5","60","127","143","169","171","179","199","622"],"off":[0,-0.8]}},{"type":"Feature","geometry":{"type":"Point","coordinates":[18.568689,54.410074]},"properties":{"name":"Oliwa","band":1,"modes":"tram,bus","arr":["5","60","127","143","169","171","179","199","622"],"off":[0,-1.9]}},{"type":"Feature","geometry":{"type":"Point","coordinates":[18.568689,54.410074]},"properties":{"line":"5","mode":"tram","color":"#d6212b","colorDark":"#7c1116","band":1,"off":[-6.8,1.1]}},{"type":"Feature","geometry":{"type":"Point","coordinates":[18.568689,54.410074]},"properties":{"line":"60","mode":"tram","color":"#d6212b","colorDark":"#7c1116","band":1,"off":[-3.4,1.1]}},{"type":"Feature","geometry":{"type":"Point","coordinates":[18.568689,54.410074]},"properties":{"line":"127","mode":"bus","color":"#0059a9","colorDark":"#00294f","band":1,"off":[0,1.1]}},{"type":"Feature","geometry":{"type":"Point","coordinates":[18.568689,54.410074]},"properties":{"line":"143","mode":"bus","color":"#0059a9","colorDark":"#00294f","band":1,"off":[3.4,1.1]}},{"type":"Feature","geometry":{"type":"Point","coordinates":[18.568689,54.410074]},"properties":{"line":"169","mode":"bus","color":"#0059a9","colorDark":"#00294f","band":1,"off":[6.8,1.1]}},{"type":"Feature","geometry":{"type":"Point","coordinates":[18.568689,54.410074]},"properties":{"line":"171","mode":"bus","color":"#0059a9","colorDark":"#00294f","band":1,"off":[-5.1,3.1]}},{"type":"Feature","geometry":{"type":"Point","coordinates":[18.568689,54.410074]},"properties":{"line":"179","mode":"bus","color":"#0059a9","colorDark":"#00294f","band":1,"off":[-1.7,3.1]}},{"type":"Feature","geometry":{"type":"Point","coordinates":[18.568689,54.410074]},"properties":{"line":"199","mode":"bus","color":"#0059a9","colorDark":"#00294f","band":1,"off":[1.7,3.1]}},{"type":"Feature","geometry":{"type":"Point","coordinates":[18.568689,54.410074]},"properties":{"line":"622","mode":"bus","color":"#0059a9","colorDark":"#00294f","band":1,"off":[5.1,3.1]}},{"type":"Feature","geometry":{"type":"Point","coordinates":[18.58263,54.357661]},"properties":{"name":"Warneńska","band":1,"modes":"bus","arr":["127","130","184","210","227","283","N16","N2","N6"],"off":[0,-0.8]}},{"type":"Feature","geometry":{"type":"Point","coordinates":[18.58263,54.357661]},"properties":{"line":"127","mode":"bus","color":"#0059a9","colorDark":"#00294f","band":1,"off":[-6.8,1.1]}},{"type":"Feature","geometry":{"type":"Point","coordinates":[18.58263,54.357661]},"properties":{"line":"130","mode":"bus","color":"#0059a9","colorDark":"#00294f","band":1,"off":[-3.4,1.1]}},{"type":"Feature","geometry":{"type":"Point","coordinates":[18.58263,54.357661]},"properties":{"line":"184","mode":"bus","color":"#0059a9","colorDark":"#00294f","band":1,"off":[0,1.1]}},{"type":"Feature","geometry":{"type":"Point","coordinates":[18.58263,54.357661]},"properties":{"line":"210","mode":"bus","color":"#0059a9","colorDark":"#00294f","band":1,"off":[3.4,1.1]}},{"type":"Feature","geometry":{"type":"Point","coordinates":[18.58263,54.357661]},"properties":{"line":"227","mode":"bus","color":"#0059a9","colorDark":"#00294f","band":1,"off":[6.8,1.1]}},{"type":"Feature","geometry":{"type":"Point","coordinates":[18.58263,54.357661]},"properties":{"line":"283","mode":"bus","color":"#0059a9","colorDark":"#00294f","band":1,"off":[-5.1,3.1]}},{"type":"Feature","geometry":{"type":"Point","coordinates":[18.58263,54.357661]},"properties":{"line":"N16","mode":"bus","color":"#0059a9","colorDark":"#00294f","band":1,"off":[-1.7,3.1]}},{"type":"Feature","geometry":{"type":"Point","coordinates":[18.58263,54.357661]},"properties":{"line":"N2","mode":"bus","color":"#0059a9","colorDark":"#00294f","band":1,"off":[1.7,3.1]}},{"type":"Feature","geometry":{"type":"Point","coordinates":[18.58263,54.357661]},"properties":{"line":"N6","mode":"bus","color":"#0059a9","colorDark":"#00294f","band":1,"off":[5.1,3.1]}},{"type":"Feature","geometry":{"type":"Point","coordinates":[18.550024,54.353176]},"properties":{"name":"Jasień PKM","band":1,"modes":"bus","arr":["127","130","155","268"],"off":[0,-0.8]}},{"type":"Feature","geometry":{"type":"Point","coordinates":[18.550024,54.353176]},"properties":{"line":"127","mode":"bus","color":"#0059a9","colorDark":"#00294f","band":1,"off":[-5.1,1.1]}},{"type":"Feature","geometry":{"type":"Point","coordinates":[18.550024,54.353176]},"properties":{"line":"130","mode":"bus","color":"#0059a9","colorDark":"#00294f","band":1,"off":[-1.7,1.1]}},{"type":"Feature","geometry":{"type":"Point","coordinates":[18.550024,54.353176]},"properties":{"line":"155","mode":"bus","color":"#0059a9","colorDark":"#00294f","band":1,"off":[1.7,1.1]}},{"type":"Feature","geometry":{"type":"Point","coordinates":[18.550024,54.353176]},"properties":{"line":"268","mode":"bus","color":"#0059a9","colorDark":"#00294f","band":1,"off":[5.1,1.1]}},{"type":"Feature","geometry":{"type":"Point","coordinates":[18.552427,54.349538]},"properties":{"name":"Jasieńska","band":1,"modes":"bus","arr":["127","130","N6"],"off":[0,-0.8]}},{"type":"Feature","geometry":{"type":"Point","coordinates":[18.552427,54.349538]},"properties":{"line":"127","mode":"bus","color":"#0059a9","colorDark":"#00294f","band":1,"off":[-3.4,1.1]}},{"type":"Feature","geometry":{"type":"Point","coordinates":[18.552427,54.349538]},"properties":{"line":"130","mode":"bus","color":"#0059a9","colorDark":"#00294f","band":1,"off":[0,1.1]}},{"type":"Feature","geometry":{"type":"Point","coordinates":[18.552427,54.349538]},"properties":{"line":"N6","mode":"bus","color":"#0059a9","colorDark":"#00294f","band":1,"off":[3.4,1.1]}},{"type":"Feature","geometry":{"type":"Point","coordinates":[18.637953,54.249346]},"properties":{"name":"Pruszcz Gdański Urząd Skarbowy","band":1,"modes":"bus","arr":["132"],"off":[0,-0.8]}},{"type":"Feature","geometry":{"type":"Point","coordinates":[18.637953,54.249346]},"properties":{"line":"132","mode":"bus","color":"#0059a9","colorDark":"#00294f","band":1,"off":[0,1.1]}},{"type":"Feature","geometry":{"type":"Point","coordinates":[18.558899,54.380336]},"properties":{"name":"Niedźwiednik","band":1,"modes":"bus","arr":["136","184","283"],"off":[0,-0.8]}},{"type":"Feature","geometry":{"type":"Point","coordinates":[18.558899,54.380336]},"properties":{"line":"136","mode":"bus","color":"#0059a9","colorDark":"#00294f","band":1,"off":[-3.4,1.1]}},{"type":"Feature","geometry":{"type":"Point","coordinates":[18.558899,54.380336]},"properties":{"line":"184","mode":"bus","color":"#0059a9","colorDark":"#00294f","band":1,"off":[0,1.1]}},{"type":"Feature","geometry":{"type":"Point","coordinates":[18.558899,54.380336]},"properties":{"line":"283","mode":"bus","color":"#0059a9","colorDark":"#00294f","band":1,"off":[3.4,1.1]}},{"type":"Feature","geometry":{"type":"Point","coordinates":[18.527331,54.449315]},"properties":{"name":"Sopot Sanatorium Leśnik","band":1,"modes":"bus","arr":["143","177"],"off":[0,-0.8]}},{"type":"Feature","geometry":{"type":"Point","coordinates":[18.527331,54.449315]},"properties":{"name":"Sanatorium Leśnik","band":1,"modes":"bus","arr":["143","177"],"off":[0,-3]}},{"type":"Feature","geometry":{"type":"Point","coordinates":[18.527331,54.449315]},"properties":{"line":"143","mode":"bus","color":"#0059a9","colorDark":"#00294f","band":1,"off":[-1.7,1.1]}},{"type":"Feature","geometry":{"type":"Point","coordinates":[18.527331,54.449315]},"properties":{"line":"177","mode":"bus","color":"#0059a9","colorDark":"#00294f","band":1,"off":[1.7,1.1]}},{"type":"Feature","geometry":{"type":"Point","coordinates":[18.673591,54.396684]},"properties":{"name":"Zajezdnia NOWY PORT T2","band":1,"modes":"tram,bus","arr":["10","148","N6"],"off":[0,-0.8]}},{"type":"Feature","geometry":{"type":"Point","coordinates":[18.673591,54.396684]},"properties":{"name":"Nowy Port Szaniec Zachodni","band":1,"modes":"tram,bus","arr":["10","148","N6"],"off":[0,-3]}},{"type":"Feature","geometry":{"type":"Point","coordinates":[18.673591,54.396684]},"properties":{"line":"10","mode":"tram","color":"#d6212b","colorDark":"#7c1116","band":1,"off":[-3.4,1.1]}},{"type":"Feature","geometry":{"type":"Point","coordinates":[18.673591,54.396684]},"properties":{"line":"148","mode":"bus","color":"#0059a9","colorDark":"#00294f","band":1,"off":[0,1.1]}},{"type":"Feature","geometry":{"type":"Point","coordinates":[18.673591,54.396684]},"properties":{"line":"N6","mode":"bus","color":"#0059a9","colorDark":"#00294f","band":1,"off":[3.4,1.1]}},{"type":"Feature","geometry":{"type":"Point","coordinates":[18.570257,54.421123]},"properties":{"name":"Żabianka SKM","band":1,"modes":"bus","arr":["148","N14","N6"],"off":[0,-0.8]}},{"type":"Feature","geometry":{"type":"Point","coordinates":[18.570257,54.421123]},"properties":{"line":"148","mode":"bus","color":"#0059a9","colorDark":"#00294f","band":1,"off":[-3.4,1.1]}},{"type":"Feature","geometry":{"type":"Point","coordinates":[18.570257,54.421123]},"properties":{"line":"N14","mode":"bus","color":"#0059a9","colorDark":"#00294f","band":1,"off":[0,1.1]}},{"type":"Feature","geometry":{"type":"Point","coordinates":[18.570257,54.421123]},"properties":{"line":"N6","mode":"bus","color":"#0059a9","colorDark":"#00294f","band":1,"off":[3.4,1.1]}},{"type":"Feature","geometry":{"type":"Point","coordinates":[18.618495,54.325186]},"properties":{"name":"Orunia Górna","band":1,"modes":"bus","arr":["154","162","N1"],"off":[0,-0.8]}},{"type":"Feature","geometry":{"type":"Point","coordinates":[18.618495,54.325186]},"properties":{"line":"154","mode":"bus","color":"#0059a9","colorDark":"#00294f","band":1,"off":[-3.4,1.1]}},{"type":"Feature","geometry":{"type":"Point","coordinates":[18.618495,54.325186]},"properties":{"line":"162","mode":"bus","color":"#0059a9","colorDark":"#00294f","band":1,"off":[0,1.1]}},{"type":"Feature","geometry":{"type":"Point","coordinates":[18.618495,54.325186]},"properties":{"line":"N1","mode":"bus","color":"#0059a9","colorDark":"#00294f","band":1,"off":[3.4,1.1]}},{"type":"Feature","geometry":{"type":"Point","coordinates":[18.56945,54.306572]},"properties":{"name":"Kowale Szkoła Metropolitalna","band":1,"modes":"bus","arr":["156","255"],"off":[0,-0.8]}},{"type":"Feature","geometry":{"type":"Point","coordinates":[18.56945,54.306572]},"properties":{"line":"156","mode":"bus","color":"#0059a9","colorDark":"#00294f","band":1,"off":[-1.7,1.1]}},{"type":"Feature","geometry":{"type":"Point","coordinates":[18.56945,54.306572]},"properties":{"line":"255","mode":"bus","color":"#0059a9","colorDark":"#00294f","band":1,"off":[1.7,1.1]}},{"type":"Feature","geometry":{"type":"Point","coordinates":[18.463598,54.374847]},"properties":{"name":"Bysewo","band":1,"modes":"bus","arr":["157","167","267"],"off":[0,-0.8]}},{"type":"Feature","geometry":{"type":"Point","coordinates":[18.463598,54.374847]},"properties":{"line":"157","mode":"bus","color":"#0059a9","colorDark":"#00294f","band":1,"off":[-3.4,1.1]}},{"type":"Feature","geometry":{"type":"Point","coordinates":[18.463598,54.374847]},"properties":{"line":"167","mode":"bus","color":"#0059a9","colorDark":"#00294f","band":1,"off":[0,1.1]}},{"type":"Feature","geometry":{"type":"Point","coordinates":[18.463598,54.374847]},"properties":{"line":"267","mode":"bus","color":"#0059a9","colorDark":"#00294f","band":1,"off":[3.4,1.1]}},{"type":"Feature","geometry":{"type":"Point","coordinates":[18.716225,54.362533]},"properties":{"name":"Stogi","band":1,"modes":"bus","arr":["158","258","T8"],"off":[0,-0.8]}},{"type":"Feature","geometry":{"type":"Point","coordinates":[18.716225,54.362533]},"properties":{"line":"158","mode":"bus","color":"#0059a9","colorDark":"#00294f","band":1,"off":[-3.4,1.1]}},{"type":"Feature","geometry":{"type":"Point","coordinates":[18.716225,54.362533]},"properties":{"line":"258","mode":"bus","color":"#0059a9","colorDark":"#00294f","band":1,"off":[0,1.1]}},{"type":"Feature","geometry":{"type":"Point","coordinates":[18.716225,54.362533]},"properties":{"line":"T8","mode":"bus","color":"#0059a9","colorDark":"#00294f","band":1,"off":[3.4,1.1]}},{"type":"Feature","geometry":{"type":"Point","coordinates":[18.677843,54.378863]},"properties":{"name":"Ku Ujściu","band":1,"modes":"bus","arr":["158","258","600","658"],"off":[0,-0.8]}},{"type":"Feature","geometry":{"type":"Point","coordinates":[18.677843,54.378863]},"properties":{"line":"158","mode":"bus","color":"#0059a9","colorDark":"#00294f","band":1,"off":[-5.1,1.1]}},{"type":"Feature","geometry":{"type":"Point","coordinates":[18.677843,54.378863]},"properties":{"line":"258","mode":"bus","color":"#0059a9","colorDark":"#00294f","band":1,"off":[-1.7,1.1]}},{"type":"Feature","geometry":{"type":"Point","coordinates":[18.677843,54.378863]},"properties":{"line":"600","mode":"bus","color":"#0059a9","colorDark":"#00294f","band":1,"off":[1.7,1.1]}},{"type":"Feature","geometry":{"type":"Point","coordinates":[18.677843,54.378863]},"properties":{"line":"658","mode":"bus","color":"#0059a9","colorDark":"#00294f","band":1,"off":[5.1,1.1]}},{"type":"Feature","geometry":{"type":"Point","coordinates":[18.718647,54.353987]},"properties":{"name":"Sztutowska","band":1,"modes":"bus","arr":["166"],"off":[0,-0.8]}},{"type":"Feature","geometry":{"type":"Point","coordinates":[18.718647,54.353987]},"properties":{"line":"166","mode":"bus","color":"#0059a9","colorDark":"#00294f","band":1,"off":[0,1.1]}},{"type":"Feature","geometry":{"type":"Point","coordinates":[18.499203,54.342108]},"properties":{"name":"Kiełpino Górne","band":1,"modes":"bus","arr":["168"],"off":[0,-0.8]}},{"type":"Feature","geometry":{"type":"Point","coordinates":[18.499203,54.342108]},"properties":{"line":"168","mode":"bus","color":"#0059a9","colorDark":"#00294f","band":1,"off":[0,1.1]}},{"type":"Feature","geometry":{"type":"Point","coordinates":[18.606974,54.347841]},"properties":{"name":"Siedlce","band":1,"modes":"bus","arr":["168","174","175","195"],"off":[0,-0.8]}},{"type":"Feature","geometry":{"type":"Point","coordinates":[18.606974,54.347841]},"properties":{"line":"168","mode":"bus","color":"#0059a9","colorDark":"#00294f","band":1,"off":[-5.1,1.1]}},{"type":"Feature","geometry":{"type":"Point","coordinates":[18.606974,54.347841]},"properties":{"line":"174","mode":"bus","color":"#0059a9","colorDark":"#00294f","band":1,"off":[-1.7,1.1]}},{"type":"Feature","geometry":{"type":"Point","coordinates":[18.606974,54.347841]},"properties":{"line":"175","mode":"bus","color":"#0059a9","colorDark":"#00294f","band":1,"off":[1.7,1.1]}},{"type":"Feature","geometry":{"type":"Point","coordinates":[18.606974,54.347841]},"properties":{"line":"195","mode":"bus","color":"#0059a9","colorDark":"#00294f","band":1,"off":[5.1,1.1]}},{"type":"Feature","geometry":{"type":"Point","coordinates":[18.480094,54.414954]},"properties":{"name":"Owczarnia","band":1,"modes":"bus","arr":["169"],"off":[0,-0.8]}},{"type":"Feature","geometry":{"type":"Point","coordinates":[18.480094,54.414954]},"properties":{"line":"169","mode":"bus","color":"#0059a9","colorDark":"#00294f","band":1,"off":[0,1.1]}},{"type":"Feature","geometry":{"type":"Point","coordinates":[18.451976,54.420575]},"properties":{"name":"Osowa PKP","band":1,"modes":"bus","arr":["169","179","210","269","N1"],"off":[0,-0.8]}},{"type":"Feature","geometry":{"type":"Point","coordinates":[18.451976,54.420575]},"properties":{"line":"169","mode":"bus","color":"#0059a9","colorDark":"#00294f","band":1,"off":[-6.8,1.1]}},{"type":"Feature","geometry":{"type":"Point","coordinates":[18.451976,54.420575]},"properties":{"line":"179","mode":"bus","color":"#0059a9","colorDark":"#00294f","band":1,"off":[-3.4,1.1]}},{"type":"Feature","geometry":{"type":"Point","coordinates":[18.451976,54.420575]},"properties":{"line":"210","mode":"bus","color":"#0059a9","colorDark":"#00294f","band":1,"off":[0,1.1]}},{"type":"Feature","geometry":{"type":"Point","coordinates":[18.451976,54.420575]},"properties":{"line":"269","mode":"bus","color":"#0059a9","colorDark":"#00294f","band":1,"off":[3.4,1.1]}},{"type":"Feature","geometry":{"type":"Point","coordinates":[18.451976,54.420575]},"properties":{"line":"N1","mode":"bus","color":"#0059a9","colorDark":"#00294f","band":1,"off":[6.8,1.1]}},{"type":"Feature","geometry":{"type":"Point","coordinates":[18.535319,54.413475]},"properties":{"name":"Oliwa ZOO","band":1,"modes":"bus","arr":["169","622","G"],"off":[0,-0.8]}},{"type":"Feature","geometry":{"type":"Point","coordinates":[18.535319,54.413475]},"properties":{"line":"169","mode":"bus","color":"#0059a9","colorDark":"#00294f","band":1,"off":[-3.4,1.1]}},{"type":"Feature","geometry":{"type":"Point","coordinates":[18.535319,54.413475]},"properties":{"line":"622","mode":"bus","color":"#0059a9","colorDark":"#00294f","band":1,"off":[0,1.1]}},{"type":"Feature","geometry":{"type":"Point","coordinates":[18.535319,54.413475]},"properties":{"line":"G","mode":"bus","color":"#0059a9","colorDark":"#00294f","band":1,"off":[3.4,1.1]}},{"type":"Feature","geometry":{"type":"Point","coordinates":[18.479879,54.473334]},"properties":{"name":"Karwiny Tuwima","band":1,"modes":"bus","arr":["23","33","145","147","171","180","191","193"],"off":[0,-0.8]}},{"type":"Feature","geometry":{"type":"Point","coordinates":[18.479879,54.473334]},"properties":{"name":"Karwiny Nowowiczlińska","band":1,"modes":"bus","arr":["23","33","145","147","171","180","191","193"],"off":[0,-1.9]}},{"type":"Feature","geometry":{"type":"Point","coordinates":[18.479879,54.473334]},"properties":{"name":"Gdynia Karwiny Nowowiczlińska","band":1,"modes":"bus","arr":["23","33","145","147","171","180","191","193"],"off":[0,-4.1]}},{"type":"Feature","geometry":{"type":"Point","coordinates":[18.479879,54.473334]},"properties":{"line":"23","mode":"bus","color":"#149a3f","colorDark":"#0a5121","band":1,"off":[-6.8,1.1]}},{"type":"Feature","geometry":{"type":"Point","coordinates":[18.479879,54.473334]},"properties":{"line":"33","mode":"bus","color":"#149a3f","colorDark":"#0a5121","band":1,"off":[-3.4,1.1]}},{"type":"Feature","geometry":{"type":"Point","coordinates":[18.479879,54.473334]},"properties":{"line":"145","mode":"bus","color":"#0059a9","colorDark":"#00294f","band":1,"off":[0,1.1]}},{"type":"Feature","geometry":{"type":"Point","coordinates":[18.479879,54.473334]},"properties":{"line":"147","mode":"bus","color":"#0059a9","colorDark":"#00294f","band":1,"off":[3.4,1.1]}},{"type":"Feature","geometry":{"type":"Point","coordinates":[18.479879,54.473334]},"properties":{"line":"171","mode":"bus","color":"#0059a9","colorDark":"#00294f","band":1,"off":[6.8,1.1]}},{"type":"Feature","geometry":{"type":"Point","coordinates":[18.479879,54.473334]},"properties":{"line":"180","mode":"bus","color":"#0059a9","colorDark":"#00294f","band":1,"off":[-3.4,3.1]}},{"type":"Feature","geometry":{"type":"Point","coordinates":[18.479879,54.473334]},"properties":{"line":"191","mode":"bus","color":"#0059a9","colorDark":"#00294f","band":1,"off":[0,3.1]}},{"type":"Feature","geometry":{"type":"Point","coordinates":[18.479879,54.473334]},"properties":{"line":"193","mode":"bus","color":"#0059a9","colorDark":"#00294f","band":1,"off":[3.4,3.1]}},{"type":"Feature","geometry":{"type":"Point","coordinates":[18.504868,54.321362]},"properties":{"name":"Otomin Słoneczna Pętla","band":1,"modes":"bus","arr":["174"],"off":[0,-0.8]}},{"type":"Feature","geometry":{"type":"Point","coordinates":[18.504868,54.321362]},"properties":{"line":"174","mode":"bus","color":"#0059a9","colorDark":"#00294f","band":1,"off":[0,1.1]}},{"type":"Feature","geometry":{"type":"Point","coordinates":[18.606854,54.301603]},"properties":{"name":"Starogardzka","band":1,"modes":"bus","arr":["175","N2","N89"],"off":[0,-0.8]}},{"type":"Feature","geometry":{"type":"Point","coordinates":[18.606854,54.301603]},"properties":{"line":"175","mode":"bus","color":"#0059a9","colorDark":"#00294f","band":1,"off":[-3.4,1.1]}},{"type":"Feature","geometry":{"type":"Point","coordinates":[18.606854,54.301603]},"properties":{"line":"N2","mode":"bus","color":"#0059a9","colorDark":"#00294f","band":1,"off":[0,1.1]}},{"type":"Feature","geometry":{"type":"Point","coordinates":[18.606854,54.301603]},"properties":{"line":"N89","mode":"bus","color":"#0059a9","colorDark":"#00294f","band":1,"off":[3.4,1.1]}},{"type":"Feature","geometry":{"type":"Point","coordinates":[18.59534,54.298794]},"properties":{"name":"Borkowo Szkoła","band":1,"modes":"bus","arr":["176"],"off":[0,-0.8]}},{"type":"Feature","geometry":{"type":"Point","coordinates":[18.59534,54.298794]},"properties":{"line":"176","mode":"bus","color":"#0059a9","colorDark":"#00294f","band":1,"off":[0,1.1]}},{"type":"Feature","geometry":{"type":"Point","coordinates":[18.669158,54.341867]},"properties":{"name":"Olszynka Szkoła","band":1,"modes":"bus","arr":["178","183","N78"],"off":[0,-0.8]}},{"type":"Feature","geometry":{"type":"Point","coordinates":[18.669158,54.341867]},"properties":{"line":"178","mode":"bus","color":"#0059a9","colorDark":"#00294f","band":1,"off":[-3.4,1.1]}},{"type":"Feature","geometry":{"type":"Point","coordinates":[18.669158,54.341867]},"properties":{"line":"183","mode":"bus","color":"#0059a9","colorDark":"#00294f","band":1,"off":[0,1.1]}},{"type":"Feature","geometry":{"type":"Point","coordinates":[18.669158,54.341867]},"properties":{"line":"N78","mode":"bus","color":"#0059a9","colorDark":"#00294f","band":1,"off":[3.4,1.1]}},{"type":"Feature","geometry":{"type":"Point","coordinates":[18.677235,54.335934]},"properties":{"name":"Olszynka Niwki","band":1,"modes":"bus","arr":["178","N78"],"off":[0,-0.8]}},{"type":"Feature","geometry":{"type":"Point","coordinates":[18.677235,54.335934]},"properties":{"line":"178","mode":"bus","color":"#0059a9","colorDark":"#00294f","band":1,"off":[-1.7,1.1]}},{"type":"Feature","geometry":{"type":"Point","coordinates":[18.677235,54.335934]},"properties":{"line":"N78","mode":"bus","color":"#0059a9","colorDark":"#00294f","band":1,"off":[1.7,1.1]}},{"type":"Feature","geometry":{"type":"Point","coordinates":[18.79088,54.350853]},"properties":{"name":"Górki Wschodnie","band":1,"modes":"bus","arr":["186"],"off":[0,-0.8]}},{"type":"Feature","geometry":{"type":"Point","coordinates":[18.79088,54.350853]},"properties":{"line":"186","mode":"bus","color":"#0059a9","colorDark":"#00294f","band":1,"off":[0,1.1]}},{"type":"Feature","geometry":{"type":"Point","coordinates":[18.593303,54.423222]},"properties":{"name":"Jelitkowo","band":1,"modes":"tram,bus","arr":["2","227"],"off":[0,-0.8]}},{"type":"Feature","geometry":{"type":"Point","coordinates":[18.593303,54.423222]},"properties":{"line":"2","mode":"tram","color":"#d6212b","colorDark":"#7c1116","band":1,"off":[-1.7,1.1]}},{"type":"Feature","geometry":{"type":"Point","coordinates":[18.593303,54.423222]},"properties":{"line":"227","mode":"bus","color":"#0059a9","colorDark":"#00294f","band":1,"off":[1.7,1.1]}},{"type":"Feature","geometry":{"type":"Point","coordinates":[18.626226,54.337621]},"properties":{"name":"Chełm Cienista","band":1,"modes":"bus","arr":["227"],"off":[0,-0.8]}},{"type":"Feature","geometry":{"type":"Point","coordinates":[18.626226,54.337621]},"properties":{"line":"227","mode":"bus","color":"#0059a9","colorDark":"#00294f","band":1,"off":[0,1.1]}},{"type":"Feature","geometry":{"type":"Point","coordinates":[18.554287,54.294889]},"properties":{"name":"Jankowo Conradiego Pętla","band":1,"modes":"bus","arr":["255","256"],"off":[0,-0.8]}},{"type":"Feature","geometry":{"type":"Point","coordinates":[18.554287,54.294889]},"properties":{"line":"255","mode":"bus","color":"#0059a9","colorDark":"#00294f","band":1,"off":[-1.7,1.1]}},{"type":"Feature","geometry":{"type":"Point","coordinates":[18.554287,54.294889]},"properties":{"line":"256","mode":"bus","color":"#0059a9","colorDark":"#00294f","band":1,"off":[1.7,1.1]}},{"type":"Feature","geometry":{"type":"Point","coordinates":[18.576374,54.401842]},"properties":{"name":"Przymorze SKM","band":1,"modes":"bus","arr":["262"],"off":[0,-0.8]}},{"type":"Feature","geometry":{"type":"Point","coordinates":[18.576374,54.401842]},"properties":{"line":"262","mode":"bus","color":"#0059a9","colorDark":"#00294f","band":1,"off":[0,1.1]}},{"type":"Feature","geometry":{"type":"Point","coordinates":[18.443302,54.365347]},"properties":{"name":"Czaple Bysewo","band":1,"modes":"bus","arr":["268"],"off":[0,-0.8]}},{"type":"Feature","geometry":{"type":"Point","coordinates":[18.443302,54.365347]},"properties":{"line":"268","mode":"bus","color":"#0059a9","colorDark":"#00294f","band":1,"off":[0,1.1]}},{"type":"Feature","geometry":{"type":"Point","coordinates":[18.451413,54.412172]},"properties":{"name":"Osiedle Barniewice","band":1,"modes":"bus","arr":["269"],"off":[0,-0.8]}},{"type":"Feature","geometry":{"type":"Point","coordinates":[18.451413,54.412172]},"properties":{"line":"269","mode":"bus","color":"#0059a9","colorDark":"#00294f","band":1,"off":[0,1.1]}},{"type":"Feature","geometry":{"type":"Point","coordinates":[18.457448,54.443959]},"properties":{"name":"Kukawka","band":1,"modes":"bus","arr":["269"],"off":[0,-0.8]}},{"type":"Feature","geometry":{"type":"Point","coordinates":[18.457448,54.443959]},"properties":{"line":"269","mode":"bus","color":"#0059a9","colorDark":"#00294f","band":1,"off":[0,1.1]}},{"type":"Feature","geometry":{"type":"Point","coordinates":[18.632007,54.376625]},"properties":{"name":"Węzeł Kliniczna","band":1,"modes":"bus","arr":["283"],"off":[0,-0.8]}},{"type":"Feature","geometry":{"type":"Point","coordinates":[18.632007,54.376625]},"properties":{"line":"283","mode":"bus","color":"#0059a9","colorDark":"#00294f","band":1,"off":[0,1.1]}},{"type":"Feature","geometry":{"type":"Point","coordinates":[18.647678,54.258556]},"properties":{"name":"Pruszcz Gdański Pruszcz Gdański Dworzec","band":1,"modes":"bus","arr":["307","507","607","M32"],"off":[0,-0.8]}},{"type":"Feature","geometry":{"type":"Point","coordinates":[18.647678,54.258556]},"properties":{"name":"Pruszcz Gdański Chopina/Żwirki i Wigury","band":1,"modes":"bus","arr":["307","507","607","M32"],"off":[0,-4.1]}},{"type":"Feature","geometry":{"type":"Point","coordinates":[18.647678,54.258556]},"properties":{"line":"307","mode":"bus","color":"#0059a9","colorDark":"#00294f","band":1,"off":[-5.1,1.1]}},{"type":"Feature","geometry":{"type":"Point","coordinates":[18.647678,54.258556]},"properties":{"line":"507","mode":"bus","color":"#0059a9","colorDark":"#00294f","band":1,"off":[-1.7,1.1]}},{"type":"Feature","geometry":{"type":"Point","coordinates":[18.647678,54.258556]},"properties":{"line":"607","mode":"bus","color":"#0059a9","colorDark":"#00294f","band":1,"off":[1.7,1.1]}},{"type":"Feature","geometry":{"type":"Point","coordinates":[18.647678,54.258556]},"properties":{"line":"M32","mode":"bus","color":"#0059a9","colorDark":"#00294f","band":1,"off":[5.1,1.1]}},{"type":"Feature","geometry":{"type":"Point","coordinates":[18.615714,54.241256]},"properties":{"name":"Pruszcz Gdański Zastawna/Rondo","band":1,"modes":"bus","arr":["307"],"off":[0,-0.8]}},{"type":"Feature","geometry":{"type":"Point","coordinates":[18.615714,54.241256]},"properties":{"line":"307","mode":"bus","color":"#0059a9","colorDark":"#00294f","band":1,"off":[0,1.1]}},{"type":"Feature","geometry":{"type":"Point","coordinates":[18.648286,54.387289]},"properties":{"name":"Polsat Plus Arena Gdańsk","band":1,"modes":"bus","arr":["600","658","N6"],"off":[0,-0.8]}},{"type":"Feature","geometry":{"type":"Point","coordinates":[18.648286,54.387289]},"properties":{"line":"600","mode":"bus","color":"#0059a9","colorDark":"#00294f","band":1,"off":[-3.4,1.1]}},{"type":"Feature","geometry":{"type":"Point","coordinates":[18.648286,54.387289]},"properties":{"line":"658","mode":"bus","color":"#0059a9","colorDark":"#00294f","band":1,"off":[0,1.1]}},{"type":"Feature","geometry":{"type":"Point","coordinates":[18.648286,54.387289]},"properties":{"line":"N6","mode":"bus","color":"#0059a9","colorDark":"#00294f","band":1,"off":[3.4,1.1]}},{"type":"Feature","geometry":{"type":"Point","coordinates":[18.643546,54.347922]},"properties":{"name":"Śródmieście SKM","band":1,"modes":"bus","arr":["612"],"off":[0,-0.8]}},{"type":"Feature","geometry":{"type":"Point","coordinates":[18.643546,54.347922]},"properties":{"line":"612","mode":"bus","color":"#0059a9","colorDark":"#00294f","band":1,"off":[0,1.1]}},{"type":"Feature","geometry":{"type":"Point","coordinates":[18.622499,54.396149]},"properties":{"name":"Grudziądzka","band":1,"modes":"bus","arr":["N1","N2","N6"],"off":[0,-0.8]}},{"type":"Feature","geometry":{"type":"Point","coordinates":[18.622499,54.396149]},"properties":{"line":"N1","mode":"bus","color":"#0059a9","colorDark":"#00294f","band":1,"off":[-3.4,1.1]}},{"type":"Feature","geometry":{"type":"Point","coordinates":[18.622499,54.396149]},"properties":{"line":"N2","mode":"bus","color":"#0059a9","colorDark":"#00294f","band":1,"off":[0,1.1]}},{"type":"Feature","geometry":{"type":"Point","coordinates":[18.622499,54.396149]},"properties":{"line":"N6","mode":"bus","color":"#0059a9","colorDark":"#00294f","band":1,"off":[3.4,1.1]}},{"type":"Feature","geometry":{"type":"Point","coordinates":[18.621188,54.387868]},"properties":{"name":"Kościuszki","band":1,"modes":"bus","arr":["N2"],"off":[0,-0.8]}},{"type":"Feature","geometry":{"type":"Point","coordinates":[18.621188,54.387868]},"properties":{"line":"N2","mode":"bus","color":"#0059a9","colorDark":"#00294f","band":1,"off":[0,1.1]}},{"type":"Feature","geometry":{"type":"Point","coordinates":[18.466309,54.272483]},"properties":{"name":"Kolbudy Plac Kaszubski","band":1,"modes":"bus","arr":["N56"],"off":[0,-0.8]}},{"type":"Feature","geometry":{"type":"Point","coordinates":[18.466309,54.272483]},"properties":{"line":"N56","mode":"bus","color":"#0059a9","colorDark":"#00294f","band":1,"off":[0,1.1]}},{"type":"Feature","geometry":{"type":"Point","coordinates":[18.729025,54.372207]},"properties":{"name":"Stogi Plaża","band":1,"modes":"bus","arr":["T8"],"off":[0,-0.8]}},{"type":"Feature","geometry":{"type":"Point","coordinates":[18.729025,54.372207]},"properties":{"line":"T8","mode":"bus","color":"#0059a9","colorDark":"#00294f","band":1,"off":[0,1.1]}},{"type":"Feature","geometry":{"type":"Point","coordinates":[18.560641,54.431445]},"properties":{"name":"Sopot Reja","band":1,"modes":"bus","arr":["21","181","S"],"off":[0,-0.8]}},{"type":"Feature","geometry":{"type":"Point","coordinates":[18.560641,54.431445]},"properties":{"line":"21","mode":"bus","color":"#149a3f","colorDark":"#0a5121","band":1,"off":[-3.4,1.1]}},{"type":"Feature","geometry":{"type":"Point","coordinates":[18.560641,54.431445]},"properties":{"line":"181","mode":"bus","color":"#0059a9","colorDark":"#00294f","band":1,"off":[0,1.1]}},{"type":"Feature","geometry":{"type":"Point","coordinates":[18.560641,54.431445]},"properties":{"line":"S","mode":"bus","color":"#0059a9","colorDark":"#00294f","band":1,"off":[3.4,1.1]}},{"type":"Feature","geometry":{"type":"Point","coordinates":[18.536114,54.522112]},"properties":{"name":"Plac Kaszubski","band":1,"modes":"bus","arr":["21","22","23","25","29","32","33","102","119","146","173","190","194","204","740"],"off":[0,-0.8]}},{"type":"Feature","geometry":{"type":"Point","coordinates":[18.536114,54.522112]},"properties":{"name":"Gdynia Dworzec Gł. PKP","band":1,"modes":"bus","arr":["21","22","23","25","29","32","33","102","119","146","173","190","194","204","740"],"off":[0,-1.9]}},{"type":"Feature","geometry":{"type":"Point","coordinates":[18.536114,54.522112]},"properties":{"name":"3 Maja - Hala","band":1,"modes":"bus","arr":["21","22","23","25","29","32","33","102","119","146","173","190","194","204","740"],"off":[0,-4.1]}},{"type":"Feature","geometry":{"type":"Point","coordinates":[18.536114,54.522112]},"properties":{"line":"21","mode":"bus","color":"#149a3f","colorDark":"#0a5121","band":1,"off":[-6.8,1.1]}},{"type":"Feature","geometry":{"type":"Point","coordinates":[18.536114,54.522112]},"properties":{"line":"22","mode":"bus","color":"#149a3f","colorDark":"#0a5121","band":1,"off":[-3.4,1.1]}},{"type":"Feature","geometry":{"type":"Point","coordinates":[18.536114,54.522112]},"properties":{"line":"23","mode":"bus","color":"#149a3f","colorDark":"#0a5121","band":1,"off":[0,1.1]}},{"type":"Feature","geometry":{"type":"Point","coordinates":[18.536114,54.522112]},"properties":{"line":"25","mode":"bus","color":"#149a3f","colorDark":"#0a5121","band":1,"off":[3.4,1.1]}},{"type":"Feature","geometry":{"type":"Point","coordinates":[18.536114,54.522112]},"properties":{"line":"29","mode":"bus","color":"#149a3f","colorDark":"#0a5121","band":1,"off":[6.8,1.1]}},{"type":"Feature","geometry":{"type":"Point","coordinates":[18.536114,54.522112]},"properties":{"line":"32","mode":"bus","color":"#149a3f","colorDark":"#0a5121","band":1,"off":[-6.8,3.1]}},{"type":"Feature","geometry":{"type":"Point","coordinates":[18.536114,54.522112]},"properties":{"line":"33","mode":"bus","color":"#149a3f","colorDark":"#0a5121","band":1,"off":[-3.4,3.1]}},{"type":"Feature","geometry":{"type":"Point","coordinates":[18.536114,54.522112]},"properties":{"line":"102","mode":"bus","color":"#0059a9","colorDark":"#00294f","band":1,"off":[0,3.1]}},{"type":"Feature","geometry":{"type":"Point","coordinates":[18.536114,54.522112]},"properties":{"line":"119","mode":"bus","color":"#0059a9","colorDark":"#00294f","band":1,"off":[3.4,3.1]}},{"type":"Feature","geometry":{"type":"Point","coordinates":[18.536114,54.522112]},"properties":{"line":"146","mode":"bus","color":"#0059a9","colorDark":"#00294f","band":1,"off":[6.8,3.1]}},{"type":"Feature","geometry":{"type":"Point","coordinates":[18.536114,54.522112]},"properties":{"line":"173","mode":"bus","color":"#0059a9","colorDark":"#00294f","band":1,"off":[-6.8,5.1]}},{"type":"Feature","geometry":{"type":"Point","coordinates":[18.536114,54.522112]},"properties":{"line":"190","mode":"bus","color":"#0059a9","colorDark":"#00294f","band":1,"off":[-3.4,5.1]}},{"type":"Feature","geometry":{"type":"Point","coordinates":[18.536114,54.522112]},"properties":{"line":"194","mode":"bus","color":"#0059a9","colorDark":"#00294f","band":1,"off":[0,5.1]}},{"type":"Feature","geometry":{"type":"Point","coordinates":[18.536114,54.522112]},"properties":{"line":"204","mode":"bus","color":"#0059a9","colorDark":"#00294f","band":1,"off":[3.4,5.1]}},{"type":"Feature","geometry":{"type":"Point","coordinates":[18.536114,54.522112]},"properties":{"line":"740","mode":"bus","color":"#0059a9","colorDark":"#00294f","band":1,"off":[6.8,5.1]}},{"type":"Feature","geometry":{"type":"Point","coordinates":[18.550193,54.457911]},"properties":{"name":"Kamienny Potok SKM - Niepodległości","band":1,"modes":"bus","arr":["21","31","177","185","187","287","G","S"],"off":[0,-0.8]}},{"type":"Feature","geometry":{"type":"Point","coordinates":[18.550193,54.457911]},"properties":{"name":"Kamienny Potok SKM","band":1,"modes":"bus","arr":["21","31","177","185","187","287","G","S"],"off":[0,-3]}},{"type":"Feature","geometry":{"type":"Point","coordinates":[18.550193,54.457911]},"properties":{"name":"Kamienny Potok - Kujawska","band":1,"modes":"bus","arr":["21","31","177","185","187","287","G","S"],"off":[0,-4.1]}},{"type":"Feature","geometry":{"type":"Point","coordinates":[18.550193,54.457911]},"properties":{"name":"Kamienny Potok - Kościół","band":1,"modes":"bus","arr":["21","31","177","185","187","287","G","S"],"off":[0,-6.3]}},{"type":"Feature","geometry":{"type":"Point","coordinates":[18.550193,54.457911]},"properties":{"line":"21","mode":"bus","color":"#149a3f","colorDark":"#0a5121","band":1,"off":[-6.8,1.1]}},{"type":"Feature","geometry":{"type":"Point","coordinates":[18.550193,54.457911]},"properties":{"line":"31","mode":"bus","color":"#149a3f","colorDark":"#0a5121","band":1,"off":[-3.4,1.1]}},{"type":"Feature","geometry":{"type":"Point","coordinates":[18.550193,54.457911]},"properties":{"line":"177","mode":"bus","color":"#0059a9","colorDark":"#00294f","band":1,"off":[0,1.1]}},{"type":"Feature","geometry":{"type":"Point","coordinates":[18.550193,54.457911]},"properties":{"line":"185","mode":"bus","color":"#0059a9","colorDark":"#00294f","band":1,"off":[3.4,1.1]}},{"type":"Feature","geometry":{"type":"Point","coordinates":[18.550193,54.457911]},"properties":{"line":"187","mode":"bus","color":"#0059a9","colorDark":"#00294f","band":1,"off":[6.8,1.1]}},{"type":"Feature","geometry":{"type":"Point","coordinates":[18.550193,54.457911]},"properties":{"line":"287","mode":"bus","color":"#0059a9","colorDark":"#00294f","band":1,"off":[-3.4,3.1]}},{"type":"Feature","geometry":{"type":"Point","coordinates":[18.550193,54.457911]},"properties":{"line":"G","mode":"bus","color":"#0059a9","colorDark":"#00294f","band":1,"off":[0,3.1]}},{"type":"Feature","geometry":{"type":"Point","coordinates":[18.550193,54.457911]},"properties":{"line":"S","mode":"bus","color":"#0059a9","colorDark":"#00294f","band":1,"off":[3.4,3.1]}},{"type":"Feature","geometry":{"type":"Point","coordinates":[18.444896,54.549483]},"properties":{"name":"Cisowa SKM","band":1,"modes":"bus","arr":["22","25","27"],"off":[0,-0.8]}},{"type":"Feature","geometry":{"type":"Point","coordinates":[18.444896,54.549483]},"properties":{"line":"22","mode":"bus","color":"#149a3f","colorDark":"#0a5121","band":1,"off":[-3.4,1.1]}},{"type":"Feature","geometry":{"type":"Point","coordinates":[18.444896,54.549483]},"properties":{"line":"25","mode":"bus","color":"#149a3f","colorDark":"#0a5121","band":1,"off":[0,1.1]}},{"type":"Feature","geometry":{"type":"Point","coordinates":[18.444896,54.549483]},"properties":{"line":"27","mode":"bus","color":"#149a3f","colorDark":"#0a5121","band":1,"off":[3.4,1.1]}},{"type":"Feature","geometry":{"type":"Point","coordinates":[18.455194,54.45546]},"properties":{"name":"Kacze Buki","band":1,"modes":"bus","arr":["23","27","181","700","K","N10","N30","R","X"],"off":[0,-0.8]}},{"type":"Feature","geometry":{"type":"Point","coordinates":[18.455194,54.45546]},"properties":{"line":"23","mode":"bus","color":"#149a3f","colorDark":"#0a5121","band":1,"off":[-6.8,1.1]}},{"type":"Feature","geometry":{"type":"Point","coordinates":[18.455194,54.45546]},"properties":{"line":"27","mode":"bus","color":"#149a3f","colorDark":"#0a5121","band":1,"off":[-3.4,1.1]}},{"type":"Feature","geometry":{"type":"Point","coordinates":[18.455194,54.45546]},"properties":{"line":"181","mode":"bus","color":"#0059a9","colorDark":"#00294f","band":1,"off":[0,1.1]}},{"type":"Feature","geometry":{"type":"Point","coordinates":[18.455194,54.45546]},"properties":{"line":"700","mode":"bus","color":"#0059a9","colorDark":"#00294f","band":1,"off":[3.4,1.1]}},{"type":"Feature","geometry":{"type":"Point","coordinates":[18.455194,54.45546]},"properties":{"line":"K","mode":"bus","color":"#0059a9","colorDark":"#00294f","band":1,"off":[6.8,1.1]}},{"type":"Feature","geometry":{"type":"Point","coordinates":[18.455194,54.45546]},"properties":{"line":"N10","mode":"bus","color":"#0059a9","colorDark":"#00294f","band":1,"off":[-5.1,3.1]}},{"type":"Feature","geometry":{"type":"Point","coordinates":[18.455194,54.45546]},"properties":{"line":"N30","mode":"bus","color":"#0059a9","colorDark":"#00294f","band":1,"off":[-1.7,3.1]}},{"type":"Feature","geometry":{"type":"Point","coordinates":[18.455194,54.45546]},"properties":{"line":"R","mode":"bus","color":"#0059a9","colorDark":"#00294f","band":1,"off":[1.7,3.1]}},{"type":"Feature","geometry":{"type":"Point","coordinates":[18.455194,54.45546]},"properties":{"line":"X","mode":"bus","color":"#0059a9","colorDark":"#00294f","band":1,"off":[5.1,3.1]}},{"type":"Feature","geometry":{"type":"Point","coordinates":[18.450052,54.471369]},"properties":{"name":"Dąbrowa Miętowa","band":1,"modes":"bus","arr":["24","31"],"off":[0,-0.8]}},{"type":"Feature","geometry":{"type":"Point","coordinates":[18.450052,54.471369]},"properties":{"line":"24","mode":"bus","color":"#149a3f","colorDark":"#0a5121","band":1,"off":[-1.7,1.1]}},{"type":"Feature","geometry":{"type":"Point","coordinates":[18.450052,54.471369]},"properties":{"line":"31","mode":"bus","color":"#149a3f","colorDark":"#0a5121","band":1,"off":[1.7,1.1]}},{"type":"Feature","geometry":{"type":"Point","coordinates":[18.516918,54.532215]},"properties":{"name":"Stocznia Gdynia","band":1,"modes":"bus","arr":["24","723"],"off":[0,-0.8]}},{"type":"Feature","geometry":{"type":"Point","coordinates":[18.516918,54.532215]},"properties":{"line":"24","mode":"bus","color":"#149a3f","colorDark":"#0a5121","band":1,"off":[-1.7,1.1]}},{"type":"Feature","geometry":{"type":"Point","coordinates":[18.516918,54.532215]},"properties":{"line":"723","mode":"bus","color":"#149a3f","colorDark":"#0a5121","band":1,"off":[1.7,1.1]}},{"type":"Feature","geometry":{"type":"Point","coordinates":[18.464193,54.474469]},"properties":{"name":"Dąbrowa Centrum","band":1,"modes":"bus","arr":["24","31","147","K"],"off":[0,-0.8]}},{"type":"Feature","geometry":{"type":"Point","coordinates":[18.464193,54.474469]},"properties":{"line":"24","mode":"bus","color":"#149a3f","colorDark":"#0a5121","band":1,"off":[-5.1,1.1]}},{"type":"Feature","geometry":{"type":"Point","coordinates":[18.464193,54.474469]},"properties":{"line":"31","mode":"bus","color":"#149a3f","colorDark":"#0a5121","band":1,"off":[-1.7,1.1]}},{"type":"Feature","geometry":{"type":"Point","coordinates":[18.464193,54.474469]},"properties":{"line":"147","mode":"bus","color":"#0059a9","colorDark":"#00294f","band":1,"off":[1.7,1.1]}},{"type":"Feature","geometry":{"type":"Point","coordinates":[18.464193,54.474469]},"properties":{"line":"K","mode":"bus","color":"#0059a9","colorDark":"#00294f","band":1,"off":[5.1,1.1]}},{"type":"Feature","geometry":{"type":"Point","coordinates":[18.434926,54.547895]},"properties":{"name":"Cisowa Sibeliusa","band":1,"modes":"bus","arr":["25","26","30","173","197"],"off":[0,-0.8]}},{"type":"Feature","geometry":{"type":"Point","coordinates":[18.434926,54.547895]},"properties":{"line":"25","mode":"bus","color":"#149a3f","colorDark":"#0a5121","band":1,"off":[-6.8,1.1]}},{"type":"Feature","geometry":{"type":"Point","coordinates":[18.434926,54.547895]},"properties":{"line":"26","mode":"bus","color":"#149a3f","colorDark":"#0a5121","band":1,"off":[-3.4,1.1]}},{"type":"Feature","geometry":{"type":"Point","coordinates":[18.434926,54.547895]},"properties":{"line":"30","mode":"bus","color":"#149a3f","colorDark":"#0a5121","band":1,"off":[0,1.1]}},{"type":"Feature","geometry":{"type":"Point","coordinates":[18.434926,54.547895]},"properties":{"line":"173","mode":"bus","color":"#0059a9","colorDark":"#00294f","band":1,"off":[3.4,1.1]}},{"type":"Feature","geometry":{"type":"Point","coordinates":[18.434926,54.547895]},"properties":{"line":"197","mode":"bus","color":"#0059a9","colorDark":"#00294f","band":1,"off":[6.8,1.1]}},{"type":"Feature","geometry":{"type":"Point","coordinates":[18.552942,54.475971]},"properties":{"name":"Orłowo SKM - Klif","band":1,"modes":"bus","arr":["26","326"],"off":[0,-0.8]}},{"type":"Feature","geometry":{"type":"Point","coordinates":[18.552942,54.475971]},"properties":{"line":"26","mode":"bus","color":"#149a3f","colorDark":"#0a5121","band":1,"off":[-1.7,1.1]}},{"type":"Feature","geometry":{"type":"Point","coordinates":[18.552942,54.475971]},"properties":{"line":"326","mode":"bus","color":"#149a3f","colorDark":"#0a5121","band":1,"off":[1.7,1.1]}},{"type":"Feature","geometry":{"type":"Point","coordinates":[18.434725,54.539056]},"properties":{"name":"Pustki Cisowskie","band":1,"modes":"bus","arr":["28","159","S","W"],"off":[0,-0.8]}},{"type":"Feature","geometry":{"type":"Point","coordinates":[18.434725,54.539056]},"properties":{"line":"28","mode":"bus","color":"#149a3f","colorDark":"#0a5121","band":1,"off":[-5.1,1.1]}},{"type":"Feature","geometry":{"type":"Point","coordinates":[18.434725,54.539056]},"properties":{"line":"159","mode":"bus","color":"#0059a9","colorDark":"#00294f","band":1,"off":[-1.7,1.1]}},{"type":"Feature","geometry":{"type":"Point","coordinates":[18.434725,54.539056]},"properties":{"line":"S","mode":"bus","color":"#0059a9","colorDark":"#00294f","band":1,"off":[1.7,1.1]}},{"type":"Feature","geometry":{"type":"Point","coordinates":[18.434725,54.539056]},"properties":{"line":"W","mode":"bus","color":"#0059a9","colorDark":"#00294f","band":1,"off":[5.1,1.1]}},{"type":"Feature","geometry":{"type":"Point","coordinates":[18.483525,54.465528]},"properties":{"name":"Wielki Kack Fikakowo","band":1,"modes":"bus","arr":["29","153"],"off":[0,-0.8]}},{"type":"Feature","geometry":{"type":"Point","coordinates":[18.483525,54.465528]},"properties":{"line":"29","mode":"bus","color":"#149a3f","colorDark":"#0a5121","band":1,"off":[-1.7,1.1]}},{"type":"Feature","geometry":{"type":"Point","coordinates":[18.483525,54.465528]},"properties":{"line":"153","mode":"bus","color":"#0059a9","colorDark":"#00294f","band":1,"off":[1.7,1.1]}},{"type":"Feature","geometry":{"type":"Point","coordinates":[18.580976,54.425749]},"properties":{"name":"Ergo Arena","band":1,"modes":"bus","arr":["31"],"off":[0,-0.8]}},{"type":"Feature","geometry":{"type":"Point","coordinates":[18.580976,54.425749]},"properties":{"line":"31","mode":"bus","color":"#149a3f","colorDark":"#0a5121","band":1,"off":[0,1.1]}},{"type":"Feature","geometry":{"type":"Point","coordinates":[18.503246,54.477784]},"properties":{"name":"Mały Kack Strzelców","band":1,"modes":"bus","arr":["32","145"],"off":[0,-0.8]}},{"type":"Feature","geometry":{"type":"Point","coordinates":[18.503246,54.477784]},"properties":{"line":"32","mode":"bus","color":"#149a3f","colorDark":"#0a5121","band":1,"off":[-1.7,1.1]}},{"type":"Feature","geometry":{"type":"Point","coordinates":[18.503246,54.477784]},"properties":{"line":"145","mode":"bus","color":"#0059a9","colorDark":"#00294f","band":1,"off":[1.7,1.1]}},{"type":"Feature","geometry":{"type":"Point","coordinates":[18.504133,54.549374]},"properties":{"name":"Terminal Kontenerowy","band":1,"modes":"bus","arr":["32","104","105","125","128","135","146","150","173","194","196","197","198","365","G","K","N94"],"off":[0,-0.8]}},{"type":"Feature","geometry":{"type":"Point","coordinates":[18.504133,54.549374]},"properties":{"name":"Obłuże Centrum","band":1,"modes":"bus","arr":["32","104","105","125","128","135","146","150","173","194","196","197","198","365","G","K","N94"],"off":[0,-3]}},{"type":"Feature","geometry":{"type":"Point","coordinates":[18.504133,54.549374]},"properties":{"line":"32","mode":"bus","color":"#149a3f","colorDark":"#0a5121","band":1,"off":[-6.8,1.1]}},{"type":"Feature","geometry":{"type":"Point","coordinates":[18.504133,54.549374]},"properties":{"line":"104","mode":"bus","color":"#0059a9","colorDark":"#00294f","band":1,"off":[-3.4,1.1]}},{"type":"Feature","geometry":{"type":"Point","coordinates":[18.504133,54.549374]},"properties":{"line":"105","mode":"bus","color":"#0059a9","colorDark":"#00294f","band":1,"off":[0,1.1]}},{"type":"Feature","geometry":{"type":"Point","coordinates":[18.504133,54.549374]},"properties":{"line":"125","mode":"bus","color":"#0059a9","colorDark":"#00294f","band":1,"off":[3.4,1.1]}},{"type":"Feature","geometry":{"type":"Point","coordinates":[18.504133,54.549374]},"properties":{"line":"128","mode":"bus","color":"#0059a9","colorDark":"#00294f","band":1,"off":[6.8,1.1]}},{"type":"Feature","geometry":{"type":"Point","coordinates":[18.504133,54.549374]},"properties":{"line":"135","mode":"bus","color":"#0059a9","colorDark":"#00294f","band":1,"off":[-6.8,3.1]}},{"type":"Feature","geometry":{"type":"Point","coordinates":[18.504133,54.549374]},"properties":{"line":"146","mode":"bus","color":"#0059a9","colorDark":"#00294f","band":1,"off":[-3.4,3.1]}},{"type":"Feature","geometry":{"type":"Point","coordinates":[18.504133,54.549374]},"properties":{"line":"150","mode":"bus","color":"#0059a9","colorDark":"#00294f","band":1,"off":[0,3.1]}},{"type":"Feature","geometry":{"type":"Point","coordinates":[18.504133,54.549374]},"properties":{"line":"173","mode":"bus","color":"#0059a9","colorDark":"#00294f","band":1,"off":[3.4,3.1]}},{"type":"Feature","geometry":{"type":"Point","coordinates":[18.504133,54.549374]},"properties":{"line":"194","mode":"bus","color":"#0059a9","colorDark":"#00294f","band":1,"off":[6.8,3.1]}},{"type":"Feature","geometry":{"type":"Point","coordinates":[18.504133,54.549374]},"properties":{"line":"196","mode":"bus","color":"#0059a9","colorDark":"#00294f","band":1,"off":[-6.8,5.1]}},{"type":"Feature","geometry":{"type":"Point","coordinates":[18.504133,54.549374]},"properties":{"line":"197","mode":"bus","color":"#0059a9","colorDark":"#00294f","band":1,"off":[-3.4,5.1]}},{"type":"Feature","geometry":{"type":"Point","coordinates":[18.504133,54.549374]},"properties":{"line":"198","mode":"bus","color":"#0059a9","colorDark":"#00294f","band":1,"off":[0,5.1]}},{"type":"Feature","geometry":{"type":"Point","coordinates":[18.504133,54.549374]},"properties":{"line":"365","mode":"bus","color":"#0059a9","colorDark":"#00294f","band":1,"off":[3.4,5.1]}},{"type":"Feature","geometry":{"type":"Point","coordinates":[18.504133,54.549374]},"properties":{"line":"G","mode":"bus","color":"#0059a9","colorDark":"#00294f","band":1,"off":[6.8,5.1]}},{"type":"Feature","geometry":{"type":"Point","coordinates":[18.504133,54.549374]},"properties":{"line":"K","mode":"bus","color":"#0059a9","colorDark":"#00294f","band":1,"off":[-1.7,7.1]}},{"type":"Feature","geometry":{"type":"Point","coordinates":[18.504133,54.549374]},"properties":{"line":"N94","mode":"bus","color":"#0059a9","colorDark":"#00294f","band":1,"off":[1.7,7.1]}},{"type":"Feature","geometry":{"type":"Point","coordinates":[18.475122,54.560248]},"properties":{"name":"Pogórze Górne","band":1,"modes":"bus","arr":["32","105","125","135","141","146","163","165","173","194","198","282","365","770","G","N40","N65","N94"],"off":[0,-0.8]}},{"type":"Feature","geometry":{"type":"Point","coordinates":[18.475122,54.560248]},"properties":{"name":"Pogórze Dolne Złota","band":1,"modes":"bus","arr":["32","105","125","135","141","146","163","165","173","194","198","282","365","770","G","N40","N65","N94"],"off":[0,-1.9]}},{"type":"Feature","geometry":{"type":"Point","coordinates":[18.475122,54.560248]},"properties":{"name":"Pogórze Dolne","band":1,"modes":"bus","arr":["32","105","125","135","141","146","163","165","173","194","198","282","365","770","G","N40","N65","N94"],"off":[0,-4.1]}},{"type":"Feature","geometry":{"type":"Point","coordinates":[18.475122,54.560248]},"properties":{"name":"Czernickiego I","band":1,"modes":"bus","arr":["32","105","125","135","141","146","163","165","173","194","198","282","365","770","G","N40","N65","N94"],"off":[0,-5.2]}},{"type":"Feature","geometry":{"type":"Point","coordinates":[18.475122,54.560248]},"properties":{"name":"Baza na Pogórzu Dolnym","band":1,"modes":"bus","arr":["32","105","125","135","141","146","163","165","173","194","198","282","365","770","G","N40","N65","N94"],"off":[0,-6.3]}},{"type":"Feature","geometry":{"type":"Point","coordinates":[18.475122,54.560248]},"properties":{"line":"32","mode":"bus","color":"#149a3f","colorDark":"#0a5121","band":1,"off":[-6.8,1.1]}},{"type":"Feature","geometry":{"type":"Point","coordinates":[18.475122,54.560248]},"properties":{"line":"105","mode":"bus","color":"#0059a9","colorDark":"#00294f","band":1,"off":[-3.4,1.1]}},{"type":"Feature","geometry":{"type":"Point","coordinates":[18.475122,54.560248]},"properties":{"line":"125","mode":"bus","color":"#0059a9","colorDark":"#00294f","band":1,"off":[0,1.1]}},{"type":"Feature","geometry":{"type":"Point","coordinates":[18.475122,54.560248]},"properties":{"line":"135","mode":"bus","color":"#0059a9","colorDark":"#00294f","band":1,"off":[3.4,1.1]}},{"type":"Feature","geometry":{"type":"Point","coordinates":[18.475122,54.560248]},"properties":{"line":"141","mode":"bus","color":"#0059a9","colorDark":"#00294f","band":1,"off":[6.8,1.1]}},{"type":"Feature","geometry":{"type":"Point","coordinates":[18.475122,54.560248]},"properties":{"line":"146","mode":"bus","color":"#0059a9","colorDark":"#00294f","band":1,"off":[-6.8,3.1]}},{"type":"Feature","geometry":{"type":"Point","coordinates":[18.475122,54.560248]},"properties":{"line":"163","mode":"bus","color":"#0059a9","colorDark":"#00294f","band":1,"off":[-3.4,3.1]}},{"type":"Feature","geometry":{"type":"Point","coordinates":[18.475122,54.560248]},"properties":{"line":"165","mode":"bus","color":"#0059a9","colorDark":"#00294f","band":1,"off":[0,3.1]}},{"type":"Feature","geometry":{"type":"Point","coordinates":[18.475122,54.560248]},"properties":{"line":"173","mode":"bus","color":"#0059a9","colorDark":"#00294f","band":1,"off":[3.4,3.1]}},{"type":"Feature","geometry":{"type":"Point","coordinates":[18.475122,54.560248]},"properties":{"line":"194","mode":"bus","color":"#0059a9","colorDark":"#00294f","band":1,"off":[6.8,3.1]}},{"type":"Feature","geometry":{"type":"Point","coordinates":[18.475122,54.560248]},"properties":{"line":"198","mode":"bus","color":"#0059a9","colorDark":"#00294f","band":1,"off":[-6.8,5.1]}},{"type":"Feature","geometry":{"type":"Point","coordinates":[18.475122,54.560248]},"properties":{"line":"282","mode":"bus","color":"#0059a9","colorDark":"#00294f","band":1,"off":[-3.4,5.1]}},{"type":"Feature","geometry":{"type":"Point","coordinates":[18.475122,54.560248]},"properties":{"line":"365","mode":"bus","color":"#0059a9","colorDark":"#00294f","band":1,"off":[0,5.1]}},{"type":"Feature","geometry":{"type":"Point","coordinates":[18.475122,54.560248]},"properties":{"line":"770","mode":"bus","color":"#0059a9","colorDark":"#00294f","band":1,"off":[3.4,5.1]}},{"type":"Feature","geometry":{"type":"Point","coordinates":[18.475122,54.560248]},"properties":{"line":"G","mode":"bus","color":"#0059a9","colorDark":"#00294f","band":1,"off":[6.8,5.1]}},{"type":"Feature","geometry":{"type":"Point","coordinates":[18.475122,54.560248]},"properties":{"line":"N40","mode":"bus","color":"#0059a9","colorDark":"#00294f","band":1,"off":[-3.4,7.1]}},{"type":"Feature","geometry":{"type":"Point","coordinates":[18.475122,54.560248]},"properties":{"line":"N65","mode":"bus","color":"#0059a9","colorDark":"#00294f","band":1,"off":[0,7.1]}},{"type":"Feature","geometry":{"type":"Point","coordinates":[18.475122,54.560248]},"properties":{"line":"N94","mode":"bus","color":"#0059a9","colorDark":"#00294f","band":1,"off":[3.4,7.1]}},{"type":"Feature","geometry":{"type":"Point","coordinates":[18.53421,54.5089]},"properties":{"name":"Węzeł Franciszki Cegielskiej","band":1,"modes":"bus","arr":["34","182"],"off":[0,-0.8]}},{"type":"Feature","geometry":{"type":"Point","coordinates":[18.53421,54.5089]},"properties":{"line":"34","mode":"bus","color":"#0059a9","colorDark":"#00294f","band":1,"off":[-1.7,1.1]}},{"type":"Feature","geometry":{"type":"Point","coordinates":[18.53421,54.5089]},"properties":{"line":"182","mode":"bus","color":"#0059a9","colorDark":"#00294f","band":1,"off":[1.7,1.1]}},{"type":"Feature","geometry":{"type":"Point","coordinates":[18.462144,54.525425]},"properties":{"name":"Demptowo","band":1,"modes":"bus","arr":["34"],"off":[0,-0.8]}},{"type":"Feature","geometry":{"type":"Point","coordinates":[18.462144,54.525425]},"properties":{"line":"34","mode":"bus","color":"#0059a9","colorDark":"#00294f","band":1,"off":[0,1.1]}},{"type":"Feature","geometry":{"type":"Point","coordinates":[18.406402,54.556844]},"properties":{"name":"Janowo SKM - Sobieskiego","band":1,"modes":"bus","arr":["83"],"off":[0,-0.8]}},{"type":"Feature","geometry":{"type":"Point","coordinates":[18.406402,54.556844]},"properties":{"line":"83","mode":"bus","color":"#0059a9","colorDark":"#00294f","band":1,"off":[0,1.1]}},{"type":"Feature","geometry":{"type":"Point","coordinates":[18.367317,54.591985]},"properties":{"name":"Reda Bosmańska","band":1,"modes":"bus","arr":["83","84","87"],"off":[0,-0.8]}},{"type":"Feature","geometry":{"type":"Point","coordinates":[18.367317,54.591985]},"properties":{"line":"83","mode":"bus","color":"#0059a9","colorDark":"#00294f","band":1,"off":[-3.4,1.1]}},{"type":"Feature","geometry":{"type":"Point","coordinates":[18.367317,54.591985]},"properties":{"line":"84","mode":"bus","color":"#0059a9","colorDark":"#00294f","band":1,"off":[0,1.1]}},{"type":"Feature","geometry":{"type":"Point","coordinates":[18.367317,54.591985]},"properties":{"line":"87","mode":"bus","color":"#0059a9","colorDark":"#00294f","band":1,"off":[3.4,1.1]}},{"type":"Feature","geometry":{"type":"Point","coordinates":[18.387263,54.569375]},"properties":{"name":"Rumia Dworzec PKP","band":1,"modes":"bus","arr":["84"],"off":[0,-0.8]}},{"type":"Feature","geometry":{"type":"Point","coordinates":[18.387263,54.569375]},"properties":{"line":"84","mode":"bus","color":"#0059a9","colorDark":"#00294f","band":1,"off":[0,1.1]}},{"type":"Feature","geometry":{"type":"Point","coordinates":[18.400118,54.585625]},"properties":{"name":"Rumia Partyzantów","band":1,"modes":"bus","arr":["85","173","J","M"],"off":[0,-0.8]}},{"type":"Feature","geometry":{"type":"Point","coordinates":[18.400118,54.585625]},"properties":{"line":"85","mode":"bus","color":"#0059a9","colorDark":"#00294f","band":1,"off":[-5.1,1.1]}},{"type":"Feature","geometry":{"type":"Point","coordinates":[18.400118,54.585625]},"properties":{"line":"173","mode":"bus","color":"#0059a9","colorDark":"#00294f","band":1,"off":[-1.7,1.1]}},{"type":"Feature","geometry":{"type":"Point","coordinates":[18.400118,54.585625]},"properties":{"line":"J","mode":"bus","color":"#0059a9","colorDark":"#00294f","band":1,"off":[1.7,1.1]}},{"type":"Feature","geometry":{"type":"Point","coordinates":[18.400118,54.585625]},"properties":{"line":"M","mode":"bus","color":"#0059a9","colorDark":"#00294f","band":1,"off":[5.1,1.1]}},{"type":"Feature","geometry":{"type":"Point","coordinates":[18.371189,54.551578]},"properties":{"name":"Rumia Szmelta","band":1,"modes":"bus","arr":["85","288"],"off":[0,-0.8]}},{"type":"Feature","geometry":{"type":"Point","coordinates":[18.371189,54.551578]},"properties":{"line":"85","mode":"bus","color":"#0059a9","colorDark":"#00294f","band":1,"off":[-1.7,1.1]}},{"type":"Feature","geometry":{"type":"Point","coordinates":[18.371189,54.551578]},"properties":{"line":"288","mode":"bus","color":"#0059a9","colorDark":"#00294f","band":1,"off":[1.7,1.1]}},{"type":"Feature","geometry":{"type":"Point","coordinates":[18.393167,54.559151]},"properties":{"name":"Rumia Cmentarz Komunalny","band":1,"modes":"bus","arr":["86"],"off":[0,-0.8]}},{"type":"Feature","geometry":{"type":"Point","coordinates":[18.393167,54.559151]},"properties":{"line":"86","mode":"bus","color":"#0059a9","colorDark":"#00294f","band":1,"off":[0,1.1]}},{"type":"Feature","geometry":{"type":"Point","coordinates":[18.435508,54.573068]},"properties":{"name":"Dębogórze-Wybudowanie - Leśna","band":1,"modes":"bus","arr":["86"],"off":[0,-0.8]}},{"type":"Feature","geometry":{"type":"Point","coordinates":[18.435508,54.573068]},"properties":{"line":"86","mode":"bus","color":"#0059a9","colorDark":"#00294f","band":1,"off":[0,1.1]}},{"type":"Feature","geometry":{"type":"Point","coordinates":[18.494218,54.582988]},"properties":{"name":"Kosakowo - Centrum Handlowe","band":1,"modes":"bus","arr":["86"],"off":[0,-0.8]}},{"type":"Feature","geometry":{"type":"Point","coordinates":[18.494218,54.582988]},"properties":{"line":"86","mode":"bus","color":"#0059a9","colorDark":"#00294f","band":1,"off":[0,1.1]}},{"type":"Feature","geometry":{"type":"Point","coordinates":[18.463198,54.545933]},"properties":{"name":"Chylonia Dworzec PKP - os. Meksyk","band":1,"modes":"bus","arr":["102","114","159","163","165","173","198","288"],"off":[0,-0.8]}},{"type":"Feature","geometry":{"type":"Point","coordinates":[18.463198,54.545933]},"properties":{"name":"Chylonia Dworzec PKP","band":1,"modes":"bus","arr":["102","114","159","163","165","173","198","288"],"off":[0,-3]}},{"type":"Feature","geometry":{"type":"Point","coordinates":[18.463198,54.545933]},"properties":{"line":"102","mode":"bus","color":"#0059a9","colorDark":"#00294f","band":1,"off":[-6.8,1.1]}},{"type":"Feature","geometry":{"type":"Point","coordinates":[18.463198,54.545933]},"properties":{"line":"114","mode":"bus","color":"#0059a9","colorDark":"#00294f","band":1,"off":[-3.4,1.1]}},{"type":"Feature","geometry":{"type":"Point","coordinates":[18.463198,54.545933]},"properties":{"line":"159","mode":"bus","color":"#0059a9","colorDark":"#00294f","band":1,"off":[0,1.1]}},{"type":"Feature","geometry":{"type":"Point","coordinates":[18.463198,54.545933]},"properties":{"line":"163","mode":"bus","color":"#0059a9","colorDark":"#00294f","band":1,"off":[3.4,1.1]}},{"type":"Feature","geometry":{"type":"Point","coordinates":[18.463198,54.545933]},"properties":{"line":"165","mode":"bus","color":"#0059a9","colorDark":"#00294f","band":1,"off":[6.8,1.1]}},{"type":"Feature","geometry":{"type":"Point","coordinates":[18.463198,54.545933]},"properties":{"line":"173","mode":"bus","color":"#0059a9","colorDark":"#00294f","band":1,"off":[-3.4,3.1]}},{"type":"Feature","geometry":{"type":"Point","coordinates":[18.463198,54.545933]},"properties":{"line":"198","mode":"bus","color":"#0059a9","colorDark":"#00294f","band":1,"off":[0,3.1]}},{"type":"Feature","geometry":{"type":"Point","coordinates":[18.463198,54.545933]},"properties":{"line":"288","mode":"bus","color":"#0059a9","colorDark":"#00294f","band":1,"off":[3.4,3.1]}},{"type":"Feature","geometry":{"type":"Point","coordinates":[18.548878,54.507751]},"properties":{"name":"Dom Marynarza","band":1,"modes":"bus","arr":["104","128","196","252","282"],"off":[0,-0.8]}},{"type":"Feature","geometry":{"type":"Point","coordinates":[18.548878,54.507751]},"properties":{"line":"104","mode":"bus","color":"#0059a9","colorDark":"#00294f","band":1,"off":[-6.8,1.1]}},{"type":"Feature","geometry":{"type":"Point","coordinates":[18.548878,54.507751]},"properties":{"line":"128","mode":"bus","color":"#0059a9","colorDark":"#00294f","band":1,"off":[-3.4,1.1]}},{"type":"Feature","geometry":{"type":"Point","coordinates":[18.548878,54.507751]},"properties":{"line":"196","mode":"bus","color":"#0059a9","colorDark":"#00294f","band":1,"off":[0,1.1]}},{"type":"Feature","geometry":{"type":"Point","coordinates":[18.548878,54.507751]},"properties":{"line":"252","mode":"bus","color":"#0059a9","colorDark":"#00294f","band":1,"off":[3.4,1.1]}},{"type":"Feature","geometry":{"type":"Point","coordinates":[18.548878,54.507751]},"properties":{"line":"282","mode":"bus","color":"#0059a9","colorDark":"#00294f","band":1,"off":[6.8,1.1]}},{"type":"Feature","geometry":{"type":"Point","coordinates":[18.54761,54.542849]},"properties":{"name":"Oksywie Dolne","band":1,"modes":"bus","arr":["104","X"],"off":[0,-0.8]}},{"type":"Feature","geometry":{"type":"Point","coordinates":[18.54761,54.542849]},"properties":{"line":"104","mode":"bus","color":"#0059a9","colorDark":"#00294f","band":1,"off":[-1.7,1.1]}},{"type":"Feature","geometry":{"type":"Point","coordinates":[18.54761,54.542849]},"properties":{"line":"X","mode":"bus","color":"#0059a9","colorDark":"#00294f","band":1,"off":[1.7,1.1]}},{"type":"Feature","geometry":{"type":"Point","coordinates":[18.55499,54.489687]},"properties":{"name":"Redłowo Szpital","band":1,"modes":"bus","arr":["105","121","125","180","252","700","W"],"off":[0,-0.8]}},{"type":"Feature","geometry":{"type":"Point","coordinates":[18.55499,54.489687]},"properties":{"line":"105","mode":"bus","color":"#0059a9","colorDark":"#00294f","band":1,"off":[-6.8,1.1]}},{"type":"Feature","geometry":{"type":"Point","coordinates":[18.55499,54.489687]},"properties":{"line":"121","mode":"bus","color":"#0059a9","colorDark":"#00294f","band":1,"off":[-3.4,1.1]}},{"type":"Feature","geometry":{"type":"Point","coordinates":[18.55499,54.489687]},"properties":{"line":"125","mode":"bus","color":"#0059a9","colorDark":"#00294f","band":1,"off":[0,1.1]}},{"type":"Feature","geometry":{"type":"Point","coordinates":[18.55499,54.489687]},"properties":{"line":"180","mode":"bus","color":"#0059a9","colorDark":"#00294f","band":1,"off":[3.4,1.1]}},{"type":"Feature","geometry":{"type":"Point","coordinates":[18.55499,54.489687]},"properties":{"line":"252","mode":"bus","color":"#0059a9","colorDark":"#00294f","band":1,"off":[6.8,1.1]}},{"type":"Feature","geometry":{"type":"Point","coordinates":[18.55499,54.489687]},"properties":{"line":"700","mode":"bus","color":"#0059a9","colorDark":"#00294f","band":1,"off":[-1.7,3.1]}},{"type":"Feature","geometry":{"type":"Point","coordinates":[18.55499,54.489687]},"properties":{"line":"W","mode":"bus","color":"#0059a9","colorDark":"#00294f","band":1,"off":[1.7,3.1]}},{"type":"Feature","geometry":{"type":"Point","coordinates":[18.511655,54.608884]},"properties":{"name":"Mechelinki - Przystań","band":1,"modes":"bus","arr":["105","146","165"],"off":[0,-0.8]}},{"type":"Feature","geometry":{"type":"Point","coordinates":[18.511655,54.608884]},"properties":{"line":"105","mode":"bus","color":"#0059a9","colorDark":"#00294f","band":1,"off":[-3.4,1.1]}},{"type":"Feature","geometry":{"type":"Point","coordinates":[18.511655,54.608884]},"properties":{"line":"146","mode":"bus","color":"#0059a9","colorDark":"#00294f","band":1,"off":[0,1.1]}},{"type":"Feature","geometry":{"type":"Point","coordinates":[18.511655,54.608884]},"properties":{"line":"165","mode":"bus","color":"#0059a9","colorDark":"#00294f","band":1,"off":[3.4,1.1]}},{"type":"Feature","geometry":{"type":"Point","coordinates":[18.538951,54.577838]},"properties":{"name":"Babie Doły","band":1,"modes":"bus","arr":["109","196","209","309"],"off":[0,-0.8]}},{"type":"Feature","geometry":{"type":"Point","coordinates":[18.538951,54.577838]},"properties":{"line":"109","mode":"bus","color":"#0059a9","colorDark":"#00294f","band":1,"off":[-5.1,1.1]}},{"type":"Feature","geometry":{"type":"Point","coordinates":[18.538951,54.577838]},"properties":{"line":"196","mode":"bus","color":"#0059a9","colorDark":"#00294f","band":1,"off":[-1.7,1.1]}},{"type":"Feature","geometry":{"type":"Point","coordinates":[18.538951,54.577838]},"properties":{"line":"209","mode":"bus","color":"#0059a9","colorDark":"#00294f","band":1,"off":[1.7,1.1]}},{"type":"Feature","geometry":{"type":"Point","coordinates":[18.538951,54.577838]},"properties":{"line":"309","mode":"bus","color":"#0059a9","colorDark":"#00294f","band":1,"off":[5.1,1.1]}},{"type":"Feature","geometry":{"type":"Point","coordinates":[18.536983,54.491162]},"properties":{"name":"Redłowo SKM","band":1,"modes":"bus","arr":["109","209"],"off":[0,-0.8]}},{"type":"Feature","geometry":{"type":"Point","coordinates":[18.536983,54.491162]},"properties":{"line":"109","mode":"bus","color":"#0059a9","colorDark":"#00294f","band":1,"off":[-1.7,1.1]}},{"type":"Feature","geometry":{"type":"Point","coordinates":[18.536983,54.491162]},"properties":{"line":"209","mode":"bus","color":"#0059a9","colorDark":"#00294f","band":1,"off":[1.7,1.1]}},{"type":"Feature","geometry":{"type":"Point","coordinates":[18.547128,54.532798]},"properties":{"name":"Dworzec Morski - Muzeum Emigracji","band":1,"modes":"bus","arr":["119","133"],"off":[0,-0.8]}},{"type":"Feature","geometry":{"type":"Point","coordinates":[18.547128,54.532798]},"properties":{"line":"119","mode":"bus","color":"#0059a9","colorDark":"#00294f","band":1,"off":[-1.7,1.1]}},{"type":"Feature","geometry":{"type":"Point","coordinates":[18.547128,54.532798]},"properties":{"line":"133","mode":"bus","color":"#0059a9","colorDark":"#00294f","band":1,"off":[1.7,1.1]}},{"type":"Feature","geometry":{"type":"Point","coordinates":[18.438303,54.497609]},"properties":{"name":"Chwarzno Sokółka","band":1,"modes":"bus","arr":["121","N20"],"off":[0,-0.8]}},{"type":"Feature","geometry":{"type":"Point","coordinates":[18.438303,54.497609]},"properties":{"line":"121","mode":"bus","color":"#0059a9","colorDark":"#00294f","band":1,"off":[-1.7,1.1]}},{"type":"Feature","geometry":{"type":"Point","coordinates":[18.438303,54.497609]},"properties":{"line":"N20","mode":"bus","color":"#0059a9","colorDark":"#00294f","band":1,"off":[1.7,1.1]}},{"type":"Feature","geometry":{"type":"Point","coordinates":[18.50714,54.562762]},"properties":{"name":"Obłuże Maciejewicza","band":1,"modes":"bus","arr":["134","182","197","770","K"],"off":[0,-0.8]}},{"type":"Feature","geometry":{"type":"Point","coordinates":[18.50714,54.562762]},"properties":{"line":"134","mode":"bus","color":"#0059a9","colorDark":"#00294f","band":1,"off":[-6.8,1.1]}},{"type":"Feature","geometry":{"type":"Point","coordinates":[18.50714,54.562762]},"properties":{"line":"182","mode":"bus","color":"#0059a9","colorDark":"#00294f","band":1,"off":[-3.4,1.1]}},{"type":"Feature","geometry":{"type":"Point","coordinates":[18.50714,54.562762]},"properties":{"line":"197","mode":"bus","color":"#0059a9","colorDark":"#00294f","band":1,"off":[0,1.1]}},{"type":"Feature","geometry":{"type":"Point","coordinates":[18.50714,54.562762]},"properties":{"line":"770","mode":"bus","color":"#0059a9","colorDark":"#00294f","band":1,"off":[3.4,1.1]}},{"type":"Feature","geometry":{"type":"Point","coordinates":[18.50714,54.562762]},"properties":{"line":"K","mode":"bus","color":"#0059a9","colorDark":"#00294f","band":1,"off":[6.8,1.1]}},{"type":"Feature","geometry":{"type":"Point","coordinates":[18.451306,54.590404]},"properties":{"name":"Dębogórze - Słonecznikowa","band":1,"modes":"bus","arr":["135"],"off":[0,-0.8]}},{"type":"Feature","geometry":{"type":"Point","coordinates":[18.451306,54.590404]},"properties":{"line":"135","mode":"bus","color":"#0059a9","colorDark":"#00294f","band":1,"off":[0,1.1]}},{"type":"Feature","geometry":{"type":"Point","coordinates":[18.45115,54.450756]},"properties":{"name":"Kacze Buki Puszczyka","band":1,"modes":"bus","arr":["137"],"off":[0,-0.8]}},{"type":"Feature","geometry":{"type":"Point","coordinates":[18.45115,54.450756]},"properties":{"line":"137","mode":"bus","color":"#0059a9","colorDark":"#00294f","band":1,"off":[0,1.1]}},{"type":"Feature","geometry":{"type":"Point","coordinates":[18.437278,54.481815]},"properties":{"name":"Wiczlino Działki I","band":1,"modes":"bus","arr":["140","760"],"off":[0,-0.8]}},{"type":"Feature","geometry":{"type":"Point","coordinates":[18.437278,54.481815]},"properties":{"line":"140","mode":"bus","color":"#0059a9","colorDark":"#00294f","band":1,"off":[-1.7,1.1]}},{"type":"Feature","geometry":{"type":"Point","coordinates":[18.437278,54.481815]},"properties":{"line":"760","mode":"bus","color":"#0059a9","colorDark":"#00294f","band":1,"off":[1.7,1.1]}},{"type":"Feature","geometry":{"type":"Point","coordinates":[18.42763,54.488136]},"properties":{"name":"Filipkowskiego","band":1,"modes":"bus","arr":["140","147","760","940","K"],"off":[0,-0.8]}},{"type":"Feature","geometry":{"type":"Point","coordinates":[18.42763,54.488136]},"properties":{"line":"140","mode":"bus","color":"#0059a9","colorDark":"#00294f","band":1,"off":[-6.8,1.1]}},{"type":"Feature","geometry":{"type":"Point","coordinates":[18.42763,54.488136]},"properties":{"line":"147","mode":"bus","color":"#0059a9","colorDark":"#00294f","band":1,"off":[-3.4,1.1]}},{"type":"Feature","geometry":{"type":"Point","coordinates":[18.42763,54.488136]},"properties":{"line":"760","mode":"bus","color":"#0059a9","colorDark":"#00294f","band":1,"off":[0,1.1]}},{"type":"Feature","geometry":{"type":"Point","coordinates":[18.42763,54.488136]},"properties":{"line":"940","mode":"bus","color":"#0059a9","colorDark":"#00294f","band":1,"off":[3.4,1.1]}},{"type":"Feature","geometry":{"type":"Point","coordinates":[18.42763,54.488136]},"properties":{"line":"K","mode":"bus","color":"#0059a9","colorDark":"#00294f","band":1,"off":[6.8,1.1]}},{"type":"Feature","geometry":{"type":"Point","coordinates":[18.433824,54.499163]},"properties":{"name":"Chwarzno Polanki","band":1,"modes":"bus","arr":["140","160","760","K"],"off":[0,-0.8]}},{"type":"Feature","geometry":{"type":"Point","coordinates":[18.433824,54.499163]},"properties":{"line":"140","mode":"bus","color":"#0059a9","colorDark":"#00294f","band":1,"off":[-5.1,1.1]}},{"type":"Feature","geometry":{"type":"Point","coordinates":[18.433824,54.499163]},"properties":{"line":"160","mode":"bus","color":"#0059a9","colorDark":"#00294f","band":1,"off":[-1.7,1.1]}},{"type":"Feature","geometry":{"type":"Point","coordinates":[18.433824,54.499163]},"properties":{"line":"760","mode":"bus","color":"#0059a9","colorDark":"#00294f","band":1,"off":[1.7,1.1]}},{"type":"Feature","geometry":{"type":"Point","coordinates":[18.433824,54.499163]},"properties":{"line":"K","mode":"bus","color":"#0059a9","colorDark":"#00294f","band":1,"off":[5.1,1.1]}},{"type":"Feature","geometry":{"type":"Point","coordinates":[18.492534,54.498386]},"properties":{"name":"Witomino Sosnowa","band":1,"modes":"bus","arr":["141"],"off":[0,-0.8]}},{"type":"Feature","geometry":{"type":"Point","coordinates":[18.492534,54.498386]},"properties":{"line":"141","mode":"bus","color":"#0059a9","colorDark":"#00294f","band":1,"off":[0,1.1]}},{"type":"Feature","geometry":{"type":"Point","coordinates":[18.511392,54.631961]},"properties":{"name":"Rewa - Bursztynowa","band":1,"modes":"bus","arr":["146","165","365","M","N65"],"off":[0,-0.8]}},{"type":"Feature","geometry":{"type":"Point","coordinates":[18.511392,54.631961]},"properties":{"line":"146","mode":"bus","color":"#0059a9","colorDark":"#00294f","band":1,"off":[-6.8,1.1]}},{"type":"Feature","geometry":{"type":"Point","coordinates":[18.511392,54.631961]},"properties":{"line":"165","mode":"bus","color":"#0059a9","colorDark":"#00294f","band":1,"off":[-3.4,1.1]}},{"type":"Feature","geometry":{"type":"Point","coordinates":[18.511392,54.631961]},"properties":{"line":"365","mode":"bus","color":"#0059a9","colorDark":"#00294f","band":1,"off":[0,1.1]}},{"type":"Feature","geometry":{"type":"Point","coordinates":[18.511392,54.631961]},"properties":{"line":"M","mode":"bus","color":"#0059a9","colorDark":"#00294f","band":1,"off":[3.4,1.1]}},{"type":"Feature","geometry":{"type":"Point","coordinates":[18.511392,54.631961]},"properties":{"line":"N65","mode":"bus","color":"#0059a9","colorDark":"#00294f","band":1,"off":[6.8,1.1]}},{"type":"Feature","geometry":{"type":"Point","coordinates":[18.512622,54.491135]},"properties":{"name":"Witomino Leśniczówka","band":1,"modes":"bus","arr":["150","N20","N94"],"off":[0,-0.8]}},{"type":"Feature","geometry":{"type":"Point","coordinates":[18.512622,54.491135]},"properties":{"line":"150","mode":"bus","color":"#0059a9","colorDark":"#00294f","band":1,"off":[-3.4,1.1]}},{"type":"Feature","geometry":{"type":"Point","coordinates":[18.512622,54.491135]},"properties":{"line":"N20","mode":"bus","color":"#0059a9","colorDark":"#00294f","band":1,"off":[0,1.1]}},{"type":"Feature","geometry":{"type":"Point","coordinates":[18.512622,54.491135]},"properties":{"line":"N94","mode":"bus","color":"#0059a9","colorDark":"#00294f","band":1,"off":[3.4,1.1]}},{"type":"Feature","geometry":{"type":"Point","coordinates":[18.539354,54.550742]},"properties":{"name":"Oksywie Godebskiego","band":1,"modes":"bus","arr":["150"],"off":[0,-0.8]}},{"type":"Feature","geometry":{"type":"Point","coordinates":[18.539354,54.550742]},"properties":{"line":"150","mode":"bus","color":"#0059a9","colorDark":"#00294f","band":1,"off":[0,1.1]}},{"type":"Feature","geometry":{"type":"Point","coordinates":[18.528354,54.486695]},"properties":{"name":"Mały Kack Sandomierska","band":1,"modes":"bus","arr":["152","203","252"],"off":[0,-0.8]}},{"type":"Feature","geometry":{"type":"Point","coordinates":[18.528354,54.486695]},"properties":{"line":"152","mode":"bus","color":"#0059a9","colorDark":"#00294f","band":1,"off":[-3.4,1.1]}},{"type":"Feature","geometry":{"type":"Point","coordinates":[18.528354,54.486695]},"properties":{"line":"203","mode":"bus","color":"#0059a9","colorDark":"#00294f","band":1,"off":[0,1.1]}},{"type":"Feature","geometry":{"type":"Point","coordinates":[18.528354,54.486695]},"properties":{"line":"252","mode":"bus","color":"#0059a9","colorDark":"#00294f","band":1,"off":[3.4,1.1]}},{"type":"Feature","geometry":{"type":"Point","coordinates":[18.546348,54.557516]},"properties":{"name":"Oksywie Dickmana","band":1,"modes":"bus","arr":["152"],"off":[0,-0.8]}},{"type":"Feature","geometry":{"type":"Point","coordinates":[18.546348,54.557516]},"properties":{"line":"152","mode":"bus","color":"#0059a9","colorDark":"#00294f","band":1,"off":[0,1.1]}},{"type":"Feature","geometry":{"type":"Point","coordinates":[18.496477,54.464606]},"properties":{"name":"Wielki Kack Starodworcowa","band":1,"modes":"bus","arr":["153"],"off":[0,-0.8]}},{"type":"Feature","geometry":{"type":"Point","coordinates":[18.496477,54.464606]},"properties":{"line":"153","mode":"bus","color":"#0059a9","colorDark":"#00294f","band":1,"off":[0,1.1]}},{"type":"Feature","geometry":{"type":"Point","coordinates":[18.340093,54.488363]},"properties":{"name":"Koleczkowo Poczta","band":1,"modes":"bus","arr":["191"],"off":[0,-0.8]}},{"type":"Feature","geometry":{"type":"Point","coordinates":[18.340093,54.488363]},"properties":{"line":"191","mode":"bus","color":"#0059a9","colorDark":"#00294f","band":1,"off":[0,1.1]}},{"type":"Feature","geometry":{"type":"Point","coordinates":[18.21685,54.486945]},"properties":{"name":"Szemud Centrum Samorządowe","band":1,"modes":"bus","arr":["193"],"off":[0,-0.8]}},{"type":"Feature","geometry":{"type":"Point","coordinates":[18.21685,54.486945]},"properties":{"line":"193","mode":"bus","color":"#0059a9","colorDark":"#00294f","band":1,"off":[0,1.1]}},{"type":"Feature","geometry":{"type":"Point","coordinates":[18.546863,54.50498]},"properties":{"name":"Norwida","band":1,"modes":"bus","arr":["252"],"off":[0,-0.8]}},{"type":"Feature","geometry":{"type":"Point","coordinates":[18.546863,54.50498]},"properties":{"line":"252","mode":"bus","color":"#0059a9","colorDark":"#00294f","band":1,"off":[0,1.1]}},{"type":"Feature","geometry":{"type":"Point","coordinates":[18.494031,54.534221]},"properties":{"name":"Grabówek SKM","band":1,"modes":"bus","arr":["309","326","740"],"off":[0,-0.8]}},{"type":"Feature","geometry":{"type":"Point","coordinates":[18.494031,54.534221]},"properties":{"line":"309","mode":"bus","color":"#0059a9","colorDark":"#00294f","band":1,"off":[-3.4,1.1]}},{"type":"Feature","geometry":{"type":"Point","coordinates":[18.494031,54.534221]},"properties":{"line":"326","mode":"bus","color":"#149a3f","colorDark":"#0a5121","band":1,"off":[0,1.1]}},{"type":"Feature","geometry":{"type":"Point","coordinates":[18.494031,54.534221]},"properties":{"line":"740","mode":"bus","color":"#0059a9","colorDark":"#00294f","band":1,"off":[3.4,1.1]}},{"type":"Feature","geometry":{"type":"Point","coordinates":[18.537646,54.585813]},"properties":{"name":"Babie Doły Plaża","band":1,"modes":"bus","arr":["309"],"off":[0,-0.8]}},{"type":"Feature","geometry":{"type":"Point","coordinates":[18.537646,54.585813]},"properties":{"line":"309","mode":"bus","color":"#0059a9","colorDark":"#00294f","band":1,"off":[0,1.1]}},{"type":"Feature","geometry":{"type":"Point","coordinates":[18.415671,54.500442]},"properties":{"name":"Fregatowa","band":1,"modes":"bus","arr":["940"],"off":[0,-0.8]}},{"type":"Feature","geometry":{"type":"Point","coordinates":[18.415671,54.500442]},"properties":{"line":"940","mode":"bus","color":"#0059a9","colorDark":"#00294f","band":1,"off":[0,1.1]}},{"type":"Feature","geometry":{"type":"Point","coordinates":[18.245237,54.615058]},"properties":{"name":"Wejherowo Szpital","band":1,"modes":"bus","arr":["J"],"off":[0,-0.8]}},{"type":"Feature","geometry":{"type":"Point","coordinates":[18.245237,54.615058]},"properties":{"line":"J","mode":"bus","color":"#0059a9","colorDark":"#00294f","band":1,"off":[0,1.1]}},{"type":"Feature","geometry":{"type":"Point","coordinates":[18.463986,54.573205]},"properties":{"name":"Suchy Dwór - Borchardta","band":1,"modes":"bus","arr":["N94"],"off":[0,-0.8]}},{"type":"Feature","geometry":{"type":"Point","coordinates":[18.463986,54.573205]},"properties":{"line":"N94","mode":"bus","color":"#0059a9","colorDark":"#00294f","band":1,"off":[0,1.1]}},{"type":"Feature","geometry":{"type":"Point","coordinates":[18.355079,54.341527]},"properties":{"name":"Żukowo Urząd Gminy","band":1,"modes":"bus","arr":["Z"],"off":[0,-0.8]}},{"type":"Feature","geometry":{"type":"Point","coordinates":[18.355079,54.341527]},"properties":{"line":"Z","mode":"bus","color":"#0059a9","colorDark":"#00294f","band":1,"off":[0,1.1]}},{"type":"Feature","geometry":{"type":"Point","coordinates":[18.569905,54.327928]},"properties":{"name":"Lawendowe Wzgórze","band":1,"modes":"tram","arr":["2","11"],"off":[0,-0.8]}},{"type":"Feature","geometry":{"type":"Point","coordinates":[18.569905,54.327928]},"properties":{"line":"2","mode":"tram","color":"#d6212b","colorDark":"#7c1116","band":1,"off":[-1.7,1.1]}},{"type":"Feature","geometry":{"type":"Point","coordinates":[18.569905,54.327928]},"properties":{"line":"11","mode":"tram","color":"#d6212b","colorDark":"#7c1116","band":1,"off":[1.7,1.1]}},{"type":"Feature","geometry":{"type":"Point","coordinates":[18.638073,54.407341]},"properties":{"name":"Brzeźno Dom Zdrojowy","band":1,"modes":"tram","arr":["3","63"],"off":[0,-0.8]}},{"type":"Feature","geometry":{"type":"Point","coordinates":[18.638073,54.407341]},"properties":{"line":"3","mode":"tram","color":"#d6212b","colorDark":"#7c1116","band":1,"off":[-1.7,1.1]}},{"type":"Feature","geometry":{"type":"Point","coordinates":[18.638073,54.407341]},"properties":{"line":"63","mode":"tram","color":"#d6212b","colorDark":"#7c1116","band":1,"off":[1.7,1.1]}},{"type":"Feature","geometry":{"type":"Point","coordinates":[18.674326,54.401609]},"properties":{"name":"Nowy Port Oliwska","band":1,"modes":"tram","arr":["5","60"],"off":[0,-0.8]}},{"type":"Feature","geometry":{"type":"Point","coordinates":[18.674326,54.401609]},"properties":{"line":"5","mode":"tram","color":"#d6212b","colorDark":"#7c1116","band":1,"off":[-1.7,1.1]}},{"type":"Feature","geometry":{"type":"Point","coordinates":[18.674326,54.401609]},"properties":{"line":"60","mode":"tram","color":"#d6212b","colorDark":"#7c1116","band":1,"off":[1.7,1.1]}},{"type":"Feature","geometry":{"type":"Point","coordinates":[18.579232,54.390061]},"properties":{"name":"Zajezdnia WRZESZCZ T2","band":1,"modes":"tram","arr":["9","11"],"off":[0,-0.8]}},{"type":"Feature","geometry":{"type":"Point","coordinates":[18.579232,54.390061]},"properties":{"line":"9","mode":"tram","color":"#d6212b","colorDark":"#7c1116","band":1,"off":[-1.7,1.1]}},{"type":"Feature","geometry":{"type":"Point","coordinates":[18.579232,54.390061]},"properties":{"line":"11","mode":"tram","color":"#d6212b","colorDark":"#7c1116","band":1,"off":[1.7,1.1]}},{"type":"Feature","geometry":{"type":"Point","coordinates":[18.574168,54.366014]},"properties":{"name":"Brętowo PKM","band":1,"modes":"tram","arr":["10"],"off":[0,-0.8]}},{"type":"Feature","geometry":{"type":"Point","coordinates":[18.574168,54.366014]},"properties":{"line":"10","mode":"tram","color":"#d6212b","colorDark":"#7c1116","band":1,"off":[0,1.1]}},{"type":"Feature","geometry":{"type":"Point","coordinates":[18.594857,54.399259]},"properties":{"name":"Zaspa","band":1,"modes":"tram","arr":["12"],"off":[0,-0.8]}},{"type":"Feature","geometry":{"type":"Point","coordinates":[18.594857,54.399259]},"properties":{"line":"12","mode":"tram","color":"#d6212b","colorDark":"#7c1116","band":1,"off":[0,1.1]}},{"type":"Feature","geometry":{"type":"Point","coordinates":[18.645703,54.356977]},"properties":{"name":"Dworzec Główny","band":2,"modes":"bus","arr":["100"],"off":[0,-0.8]}},{"type":"Feature","geometry":{"type":"Point","coordinates":[18.645703,54.356977]},"properties":{"line":"100","mode":"bus","color":"#0059a9","colorDark":"#00294f","band":2,"off":[0,1.1]}},{"type":"Feature","geometry":{"type":"Point","coordinates":[18.656682,54.353759]},"properties":{"name":"Tartaczna","band":2,"modes":"bus","arr":["100"],"off":[0,-0.8]}},{"type":"Feature","geometry":{"type":"Point","coordinates":[18.656682,54.353759]},"properties":{"line":"100","mode":"bus","color":"#0059a9","colorDark":"#00294f","band":2,"off":[0,1.1]}},{"type":"Feature","geometry":{"type":"Point","coordinates":[18.659337,54.357441]},"properties":{"name":"Muzeum II Wojny Światowej","band":2,"modes":"bus","arr":["106","130","208","600"],"off":[0,-0.8]}},{"type":"Feature","geometry":{"type":"Point","coordinates":[18.659337,54.357441]},"properties":{"line":"106","mode":"bus","color":"#0059a9","colorDark":"#00294f","band":2,"off":[-5.1,1.1]}},{"type":"Feature","geometry":{"type":"Point","coordinates":[18.659337,54.357441]},"properties":{"line":"130","mode":"bus","color":"#0059a9","colorDark":"#00294f","band":2,"off":[-1.7,1.1]}},{"type":"Feature","geometry":{"type":"Point","coordinates":[18.659337,54.357441]},"properties":{"line":"208","mode":"bus","color":"#0059a9","colorDark":"#00294f","band":2,"off":[1.7,1.1]}},{"type":"Feature","geometry":{"type":"Point","coordinates":[18.659337,54.357441]},"properties":{"line":"600","mode":"bus","color":"#0059a9","colorDark":"#00294f","band":2,"off":[5.1,1.1]}},{"type":"Feature","geometry":{"type":"Point","coordinates":[18.679469,54.356766]},"properties":{"name":"Siennicka","band":2,"modes":"bus","arr":["106","111","911","N8"],"off":[0,-0.8]}},{"type":"Feature","geometry":{"type":"Point","coordinates":[18.679469,54.356766]},"properties":{"line":"106","mode":"bus","color":"#0059a9","colorDark":"#00294f","band":2,"off":[-5.1,1.1]}},{"type":"Feature","geometry":{"type":"Point","coordinates":[18.679469,54.356766]},"properties":{"line":"111","mode":"bus","color":"#0059a9","colorDark":"#00294f","band":2,"off":[-1.7,1.1]}},{"type":"Feature","geometry":{"type":"Point","coordinates":[18.679469,54.356766]},"properties":{"line":"911","mode":"bus","color":"#0059a9","colorDark":"#00294f","band":2,"off":[1.7,1.1]}},{"type":"Feature","geometry":{"type":"Point","coordinates":[18.679469,54.356766]},"properties":{"line":"N8","mode":"bus","color":"#0059a9","colorDark":"#00294f","band":2,"off":[5.1,1.1]}},{"type":"Feature","geometry":{"type":"Point","coordinates":[18.68279,54.40345]},"properties":{"name":"Muzeum Westerplatte – Terminal Promowy","band":2,"modes":"bus","arr":["106","138","600","606"],"off":[0,-0.8]}},{"type":"Feature","geometry":{"type":"Point","coordinates":[18.68279,54.40345]},"properties":{"line":"106","mode":"bus","color":"#0059a9","colorDark":"#00294f","band":2,"off":[-5.1,1.1]}},{"type":"Feature","geometry":{"type":"Point","coordinates":[18.68279,54.40345]},"properties":{"line":"138","mode":"bus","color":"#0059a9","colorDark":"#00294f","band":2,"off":[-1.7,1.1]}},{"type":"Feature","geometry":{"type":"Point","coordinates":[18.68279,54.40345]},"properties":{"line":"600","mode":"bus","color":"#0059a9","colorDark":"#00294f","band":2,"off":[1.7,1.1]}},{"type":"Feature","geometry":{"type":"Point","coordinates":[18.68279,54.40345]},"properties":{"line":"606","mode":"bus","color":"#0059a9","colorDark":"#00294f","band":2,"off":[5.1,1.1]}},{"type":"Feature","geometry":{"type":"Point","coordinates":[18.650973,54.247361]},"properties":{"name":"Pruszcz Gdański Komarowo","band":2,"modes":"bus","arr":["107","507"],"off":[0,-0.8]}},{"type":"Feature","geometry":{"type":"Point","coordinates":[18.650973,54.247361]},"properties":{"line":"107","mode":"bus","color":"#0059a9","colorDark":"#00294f","band":2,"off":[-1.7,1.1]}},{"type":"Feature","geometry":{"type":"Point","coordinates":[18.650973,54.247361]},"properties":{"line":"507","mode":"bus","color":"#0059a9","colorDark":"#00294f","band":2,"off":[1.7,1.1]}},{"type":"Feature","geometry":{"type":"Point","coordinates":[18.652325,54.267183]},"properties":{"name":"Pruszcz Gdański Osiedle Piastowskie","band":2,"modes":"bus","arr":["107","607","N5"],"off":[0,-0.8]}},{"type":"Feature","geometry":{"type":"Point","coordinates":[18.652325,54.267183]},"properties":{"line":"107","mode":"bus","color":"#0059a9","colorDark":"#00294f","band":2,"off":[-3.4,1.1]}},{"type":"Feature","geometry":{"type":"Point","coordinates":[18.652325,54.267183]},"properties":{"line":"607","mode":"bus","color":"#0059a9","colorDark":"#00294f","band":2,"off":[0,1.1]}},{"type":"Feature","geometry":{"type":"Point","coordinates":[18.652325,54.267183]},"properties":{"line":"N5","mode":"bus","color":"#0059a9","colorDark":"#00294f","band":2,"off":[3.4,1.1]}},{"type":"Feature","geometry":{"type":"Point","coordinates":[18.626457,54.266939]},"properties":{"name":"Pruszcz Gdański Rondo Kaszubskie","band":2,"modes":"bus","arr":["107","132","607"],"off":[0,-0.8]}},{"type":"Feature","geometry":{"type":"Point","coordinates":[18.626457,54.266939]},"properties":{"line":"107","mode":"bus","color":"#0059a9","colorDark":"#00294f","band":2,"off":[-3.4,1.1]}},{"type":"Feature","geometry":{"type":"Point","coordinates":[18.626457,54.266939]},"properties":{"line":"132","mode":"bus","color":"#0059a9","colorDark":"#00294f","band":2,"off":[0,1.1]}},{"type":"Feature","geometry":{"type":"Point","coordinates":[18.626457,54.266939]},"properties":{"line":"607","mode":"bus","color":"#0059a9","colorDark":"#00294f","band":2,"off":[3.4,1.1]}},{"type":"Feature","geometry":{"type":"Point","coordinates":[18.636207,54.262625]},"properties":{"name":"Pruszcz Gdański Krótka – Dom Wiedemanna","band":2,"modes":"bus","arr":["107","607","M32","N5"],"off":[0,-0.8]}},{"type":"Feature","geometry":{"type":"Point","coordinates":[18.636207,54.262625]},"properties":{"line":"107","mode":"bus","color":"#0059a9","colorDark":"#00294f","band":2,"off":[-5.1,1.1]}},{"type":"Feature","geometry":{"type":"Point","coordinates":[18.636207,54.262625]},"properties":{"line":"607","mode":"bus","color":"#0059a9","colorDark":"#00294f","band":2,"off":[-1.7,1.1]}},{"type":"Feature","geometry":{"type":"Point","coordinates":[18.636207,54.262625]},"properties":{"line":"M32","mode":"bus","color":"#0059a9","colorDark":"#00294f","band":2,"off":[1.7,1.1]}},{"type":"Feature","geometry":{"type":"Point","coordinates":[18.636207,54.262625]},"properties":{"line":"N5","mode":"bus","color":"#0059a9","colorDark":"#00294f","band":2,"off":[5.1,1.1]}},{"type":"Feature","geometry":{"type":"Point","coordinates":[18.645672,54.361583]},"properties":{"name":"Jana z Kolna","band":2,"modes":"bus","arr":["108","111","112","123","138","154","167","178","184","186","189","199","210","212","267","289","606"],"off":[0,-0.8]}},{"type":"Feature","geometry":{"type":"Point","coordinates":[18.645672,54.361583]},"properties":{"line":"108","mode":"bus","color":"#0059a9","colorDark":"#00294f","band":2,"off":[-6.8,1.1]}},{"type":"Feature","geometry":{"type":"Point","coordinates":[18.645672,54.361583]},"properties":{"line":"111","mode":"bus","color":"#0059a9","colorDark":"#00294f","band":2,"off":[-3.4,1.1]}},{"type":"Feature","geometry":{"type":"Point","coordinates":[18.645672,54.361583]},"properties":{"line":"112","mode":"bus","color":"#0059a9","colorDark":"#00294f","band":2,"off":[0,1.1]}},{"type":"Feature","geometry":{"type":"Point","coordinates":[18.645672,54.361583]},"properties":{"line":"123","mode":"bus","color":"#0059a9","colorDark":"#00294f","band":2,"off":[3.4,1.1]}},{"type":"Feature","geometry":{"type":"Point","coordinates":[18.645672,54.361583]},"properties":{"line":"138","mode":"bus","color":"#0059a9","colorDark":"#00294f","band":2,"off":[6.8,1.1]}},{"type":"Feature","geometry":{"type":"Point","coordinates":[18.645672,54.361583]},"properties":{"line":"154","mode":"bus","color":"#0059a9","colorDark":"#00294f","band":2,"off":[-6.8,3.1]}},{"type":"Feature","geometry":{"type":"Point","coordinates":[18.645672,54.361583]},"properties":{"line":"167","mode":"bus","color":"#0059a9","colorDark":"#00294f","band":2,"off":[-3.4,3.1]}},{"type":"Feature","geometry":{"type":"Point","coordinates":[18.645672,54.361583]},"properties":{"line":"178","mode":"bus","color":"#0059a9","colorDark":"#00294f","band":2,"off":[0,3.1]}},{"type":"Feature","geometry":{"type":"Point","coordinates":[18.645672,54.361583]},"properties":{"line":"184","mode":"bus","color":"#0059a9","colorDark":"#00294f","band":2,"off":[3.4,3.1]}},{"type":"Feature","geometry":{"type":"Point","coordinates":[18.645672,54.361583]},"properties":{"line":"186","mode":"bus","color":"#0059a9","colorDark":"#00294f","band":2,"off":[6.8,3.1]}},{"type":"Feature","geometry":{"type":"Point","coordinates":[18.645672,54.361583]},"properties":{"line":"189","mode":"bus","color":"#0059a9","colorDark":"#00294f","band":2,"off":[-6.8,5.1]}},{"type":"Feature","geometry":{"type":"Point","coordinates":[18.645672,54.361583]},"properties":{"line":"199","mode":"bus","color":"#0059a9","colorDark":"#00294f","band":2,"off":[-3.4,5.1]}},{"type":"Feature","geometry":{"type":"Point","coordinates":[18.645672,54.361583]},"properties":{"line":"210","mode":"bus","color":"#0059a9","colorDark":"#00294f","band":2,"off":[0,5.1]}},{"type":"Feature","geometry":{"type":"Point","coordinates":[18.645672,54.361583]},"properties":{"line":"212","mode":"bus","color":"#0059a9","colorDark":"#00294f","band":2,"off":[3.4,5.1]}},{"type":"Feature","geometry":{"type":"Point","coordinates":[18.645672,54.361583]},"properties":{"line":"267","mode":"bus","color":"#0059a9","colorDark":"#00294f","band":2,"off":[6.8,5.1]}},{"type":"Feature","geometry":{"type":"Point","coordinates":[18.645672,54.361583]},"properties":{"line":"289","mode":"bus","color":"#0059a9","colorDark":"#00294f","band":2,"off":[-1.7,7.1]}},{"type":"Feature","geometry":{"type":"Point","coordinates":[18.645672,54.361583]},"properties":{"line":"606","mode":"bus","color":"#0059a9","colorDark":"#00294f","band":2,"off":[1.7,7.1]}},{"type":"Feature","geometry":{"type":"Point","coordinates":[18.645281,54.35458]},"properties":{"name":"Dworzec Główny","band":2,"modes":"tram,bus","arr":["8","9","108","132","154","189","208","289","M32","N5","N56","N89"],"off":[0,-0.8]}},{"type":"Feature","geometry":{"type":"Point","coordinates":[18.645281,54.35458]},"properties":{"line":"8","mode":"tram","color":"#d6212b","colorDark":"#7c1116","band":2,"off":[-6.8,1.1]}},{"type":"Feature","geometry":{"type":"Point","coordinates":[18.645281,54.35458]},"properties":{"line":"9","mode":"tram","color":"#d6212b","colorDark":"#7c1116","band":2,"off":[-3.4,1.1]}},{"type":"Feature","geometry":{"type":"Point","coordinates":[18.645281,54.35458]},"properties":{"line":"108","mode":"bus","color":"#0059a9","colorDark":"#00294f","band":2,"off":[0,1.1]}},{"type":"Feature","geometry":{"type":"Point","coordinates":[18.645281,54.35458]},"properties":{"line":"132","mode":"bus","color":"#0059a9","colorDark":"#00294f","band":2,"off":[3.4,1.1]}},{"type":"Feature","geometry":{"type":"Point","coordinates":[18.645281,54.35458]},"properties":{"line":"154","mode":"bus","color":"#0059a9","colorDark":"#00294f","band":2,"off":[6.8,1.1]}},{"type":"Feature","geometry":{"type":"Point","coordinates":[18.645281,54.35458]},"properties":{"line":"189","mode":"bus","color":"#0059a9","colorDark":"#00294f","band":2,"off":[-6.8,3.1]}},{"type":"Feature","geometry":{"type":"Point","coordinates":[18.645281,54.35458]},"properties":{"line":"208","mode":"bus","color":"#0059a9","colorDark":"#00294f","band":2,"off":[-3.4,3.1]}},{"type":"Feature","geometry":{"type":"Point","coordinates":[18.645281,54.35458]},"properties":{"line":"289","mode":"bus","color":"#0059a9","colorDark":"#00294f","band":2,"off":[0,3.1]}},{"type":"Feature","geometry":{"type":"Point","coordinates":[18.645281,54.35458]},"properties":{"line":"M32","mode":"bus","color":"#0059a9","colorDark":"#00294f","band":2,"off":[3.4,3.1]}},{"type":"Feature","geometry":{"type":"Point","coordinates":[18.645281,54.35458]},"properties":{"line":"N5","mode":"bus","color":"#0059a9","colorDark":"#00294f","band":2,"off":[6.8,3.1]}},{"type":"Feature","geometry":{"type":"Point","coordinates":[18.645281,54.35458]},"properties":{"line":"N56","mode":"bus","color":"#0059a9","colorDark":"#00294f","band":2,"off":[-1.7,5.1]}},{"type":"Feature","geometry":{"type":"Point","coordinates":[18.645281,54.35458]},"properties":{"line":"N89","mode":"bus","color":"#0059a9","colorDark":"#00294f","band":2,"off":[1.7,5.1]}},{"type":"Feature","geometry":{"type":"Point","coordinates":[18.615922,54.333974]},"properties":{"name":"Chełm Więckowskiego","band":2,"modes":"bus","arr":["108"],"off":[0,-0.8]}},{"type":"Feature","geometry":{"type":"Point","coordinates":[18.615922,54.333974]},"properties":{"line":"108","mode":"bus","color":"#0059a9","colorDark":"#00294f","band":2,"off":[0,1.1]}},{"type":"Feature","geometry":{"type":"Point","coordinates":[18.603376,54.382124]},"properties":{"name":"Wrzeszcz PKP","band":2,"modes":"bus","arr":["110","116","126","136","157","158","162","258","N3"],"off":[0,-0.8]}},{"type":"Feature","geometry":{"type":"Point","coordinates":[18.603376,54.382124]},"properties":{"line":"110","mode":"bus","color":"#0059a9","colorDark":"#00294f","band":2,"off":[-6.8,1.1]}},{"type":"Feature","geometry":{"type":"Point","coordinates":[18.603376,54.382124]},"properties":{"line":"116","mode":"bus","color":"#0059a9","colorDark":"#00294f","band":2,"off":[-3.4,1.1]}},{"type":"Feature","geometry":{"type":"Point","coordinates":[18.603376,54.382124]},"properties":{"line":"126","mode":"bus","color":"#0059a9","colorDark":"#00294f","band":2,"off":[0,1.1]}},{"type":"Feature","geometry":{"type":"Point","coordinates":[18.603376,54.382124]},"properties":{"line":"136","mode":"bus","color":"#0059a9","colorDark":"#00294f","band":2,"off":[3.4,1.1]}},{"type":"Feature","geometry":{"type":"Point","coordinates":[18.603376,54.382124]},"properties":{"line":"157","mode":"bus","color":"#0059a9","colorDark":"#00294f","band":2,"off":[6.8,1.1]}},{"type":"Feature","geometry":{"type":"Point","coordinates":[18.603376,54.382124]},"properties":{"line":"158","mode":"bus","color":"#0059a9","colorDark":"#00294f","band":2,"off":[-5.1,3.1]}},{"type":"Feature","geometry":{"type":"Point","coordinates":[18.603376,54.382124]},"properties":{"line":"162","mode":"bus","color":"#0059a9","colorDark":"#00294f","band":2,"off":[-1.7,3.1]}},{"type":"Feature","geometry":{"type":"Point","coordinates":[18.603376,54.382124]},"properties":{"line":"258","mode":"bus","color":"#0059a9","colorDark":"#00294f","band":2,"off":[1.7,3.1]}},{"type":"Feature","geometry":{"type":"Point","coordinates":[18.603376,54.382124]},"properties":{"line":"N3","mode":"bus","color":"#0059a9","colorDark":"#00294f","band":2,"off":[5.1,3.1]}},{"type":"Feature","geometry":{"type":"Point","coordinates":[18.467691,54.382751]},"properties":{"name":"Port Lotniczy","band":2,"modes":"bus","arr":["110","N3"],"off":[0,-0.8]}},{"type":"Feature","geometry":{"type":"Point","coordinates":[18.467691,54.382751]},"properties":{"line":"110","mode":"bus","color":"#0059a9","colorDark":"#00294f","band":2,"off":[-1.7,1.1]}},{"type":"Feature","geometry":{"type":"Point","coordinates":[18.467691,54.382751]},"properties":{"line":"N3","mode":"bus","color":"#0059a9","colorDark":"#00294f","band":2,"off":[1.7,1.1]}},{"type":"Feature","geometry":{"type":"Point","coordinates":[18.782144,54.354739]},"properties":{"name":"Górki Zachodnie","band":2,"modes":"bus","arr":["111","911","N8"],"off":[0,-0.8]}},{"type":"Feature","geometry":{"type":"Point","coordinates":[18.782144,54.354739]},"properties":{"line":"111","mode":"bus","color":"#0059a9","colorDark":"#00294f","band":2,"off":[-3.4,1.1]}},{"type":"Feature","geometry":{"type":"Point","coordinates":[18.782144,54.354739]},"properties":{"line":"911","mode":"bus","color":"#0059a9","colorDark":"#00294f","band":2,"off":[0,1.1]}},{"type":"Feature","geometry":{"type":"Point","coordinates":[18.782144,54.354739]},"properties":{"line":"N8","mode":"bus","color":"#0059a9","colorDark":"#00294f","band":2,"off":[3.4,1.1]}},{"type":"Feature","geometry":{"type":"Point","coordinates":[18.826237,54.343657]},"properties":{"name":"Sobieszewo","band":2,"modes":"bus","arr":["112","186","212","512","607","612","N9"],"off":[0,-0.8]}},{"type":"Feature","geometry":{"type":"Point","coordinates":[18.826237,54.343657]},"properties":{"line":"112","mode":"bus","color":"#0059a9","colorDark":"#00294f","band":2,"off":[-6.8,1.1]}},{"type":"Feature","geometry":{"type":"Point","coordinates":[18.826237,54.343657]},"properties":{"line":"186","mode":"bus","color":"#0059a9","colorDark":"#00294f","band":2,"off":[-3.4,1.1]}},{"type":"Feature","geometry":{"type":"Point","coordinates":[18.826237,54.343657]},"properties":{"line":"212","mode":"bus","color":"#0059a9","colorDark":"#00294f","band":2,"off":[0,1.1]}},{"type":"Feature","geometry":{"type":"Point","coordinates":[18.826237,54.343657]},"properties":{"line":"512","mode":"bus","color":"#0059a9","colorDark":"#00294f","band":2,"off":[3.4,1.1]}},{"type":"Feature","geometry":{"type":"Point","coordinates":[18.826237,54.343657]},"properties":{"line":"607","mode":"bus","color":"#0059a9","colorDark":"#00294f","band":2,"off":[6.8,1.1]}},{"type":"Feature","geometry":{"type":"Point","coordinates":[18.826237,54.343657]},"properties":{"line":"612","mode":"bus","color":"#0059a9","colorDark":"#00294f","band":2,"off":[-1.7,3.1]}},{"type":"Feature","geometry":{"type":"Point","coordinates":[18.826237,54.343657]},"properties":{"line":"N9","mode":"bus","color":"#0059a9","colorDark":"#00294f","band":2,"off":[1.7,3.1]}},{"type":"Feature","geometry":{"type":"Point","coordinates":[18.917126,54.311444]},"properties":{"name":"Przegalina","band":2,"modes":"bus","arr":["112","212","N9"],"off":[0,-0.8]}},{"type":"Feature","geometry":{"type":"Point","coordinates":[18.917126,54.311444]},"properties":{"line":"112","mode":"bus","color":"#0059a9","colorDark":"#00294f","band":2,"off":[-3.4,1.1]}},{"type":"Feature","geometry":{"type":"Point","coordinates":[18.917126,54.311444]},"properties":{"line":"212","mode":"bus","color":"#0059a9","colorDark":"#00294f","band":2,"off":[0,1.1]}},{"type":"Feature","geometry":{"type":"Point","coordinates":[18.917126,54.311444]},"properties":{"line":"N9","mode":"bus","color":"#0059a9","colorDark":"#00294f","band":2,"off":[3.4,1.1]}},{"type":"Feature","geometry":{"type":"Point","coordinates":[18.581233,54.305568]},"properties":{"name":"Olimpijska","band":2,"modes":"bus","arr":["113","176","213","N14","N4"],"off":[0,-0.8]}},{"type":"Feature","geometry":{"type":"Point","coordinates":[18.581233,54.305568]},"properties":{"line":"113","mode":"bus","color":"#0059a9","colorDark":"#00294f","band":2,"off":[-6.8,1.1]}},{"type":"Feature","geometry":{"type":"Point","coordinates":[18.581233,54.305568]},"properties":{"line":"176","mode":"bus","color":"#0059a9","colorDark":"#00294f","band":2,"off":[-3.4,1.1]}},{"type":"Feature","geometry":{"type":"Point","coordinates":[18.581233,54.305568]},"properties":{"line":"213","mode":"bus","color":"#0059a9","colorDark":"#00294f","band":2,"off":[0,1.1]}},{"type":"Feature","geometry":{"type":"Point","coordinates":[18.581233,54.305568]},"properties":{"line":"N14","mode":"bus","color":"#0059a9","colorDark":"#00294f","band":2,"off":[3.4,1.1]}},{"type":"Feature","geometry":{"type":"Point","coordinates":[18.581233,54.305568]},"properties":{"line":"N4","mode":"bus","color":"#0059a9","colorDark":"#00294f","band":2,"off":[6.8,1.1]}},{"type":"Feature","geometry":{"type":"Point","coordinates":[18.606329,54.322872]},"properties":{"name":"Łostowice Świętokrzyska","band":2,"modes":"tram,bus","arr":["3","6","113","120","155","162","175","176","195","208","213","255","256","262","295"],"off":[0,-0.8]}},{"type":"Feature","geometry":{"type":"Point","coordinates":[18.606329,54.322872]},"properties":{"line":"3","mode":"tram","color":"#d6212b","colorDark":"#7c1116","band":2,"off":[-6.8,1.1]}},{"type":"Feature","geometry":{"type":"Point","coordinates":[18.606329,54.322872]},"properties":{"line":"6","mode":"tram","color":"#d6212b","colorDark":"#7c1116","band":2,"off":[-3.4,1.1]}},{"type":"Feature","geometry":{"type":"Point","coordinates":[18.606329,54.322872]},"properties":{"line":"113","mode":"bus","color":"#0059a9","colorDark":"#00294f","band":2,"off":[0,1.1]}},{"type":"Feature","geometry":{"type":"Point","coordinates":[18.606329,54.322872]},"properties":{"line":"120","mode":"bus","color":"#0059a9","colorDark":"#00294f","band":2,"off":[3.4,1.1]}},{"type":"Feature","geometry":{"type":"Point","coordinates":[18.606329,54.322872]},"properties":{"line":"155","mode":"bus","color":"#0059a9","colorDark":"#00294f","band":2,"off":[6.8,1.1]}},{"type":"Feature","geometry":{"type":"Point","coordinates":[18.606329,54.322872]},"properties":{"line":"162","mode":"bus","color":"#0059a9","colorDark":"#00294f","band":2,"off":[-6.8,3.1]}},{"type":"Feature","geometry":{"type":"Point","coordinates":[18.606329,54.322872]},"properties":{"line":"175","mode":"bus","color":"#0059a9","colorDark":"#00294f","band":2,"off":[-3.4,3.1]}},{"type":"Feature","geometry":{"type":"Point","coordinates":[18.606329,54.322872]},"properties":{"line":"176","mode":"bus","color":"#0059a9","colorDark":"#00294f","band":2,"off":[0,3.1]}},{"type":"Feature","geometry":{"type":"Point","coordinates":[18.606329,54.322872]},"properties":{"line":"195","mode":"bus","color":"#0059a9","colorDark":"#00294f","band":2,"off":[3.4,3.1]}},{"type":"Feature","geometry":{"type":"Point","coordinates":[18.606329,54.322872]},"properties":{"line":"208","mode":"bus","color":"#0059a9","colorDark":"#00294f","band":2,"off":[6.8,3.1]}},{"type":"Feature","geometry":{"type":"Point","coordinates":[18.606329,54.322872]},"properties":{"line":"213","mode":"bus","color":"#0059a9","colorDark":"#00294f","band":2,"off":[-6.8,5.1]}},{"type":"Feature","geometry":{"type":"Point","coordinates":[18.606329,54.322872]},"properties":{"line":"255","mode":"bus","color":"#0059a9","colorDark":"#00294f","band":2,"off":[-3.4,5.1]}},{"type":"Feature","geometry":{"type":"Point","coordinates":[18.606329,54.322872]},"properties":{"line":"256","mode":"bus","color":"#0059a9","colorDark":"#00294f","band":2,"off":[0,5.1]}},{"type":"Feature","geometry":{"type":"Point","coordinates":[18.606329,54.322872]},"properties":{"line":"262","mode":"bus","color":"#0059a9","colorDark":"#00294f","band":2,"off":[3.4,5.1]}},{"type":"Feature","geometry":{"type":"Point","coordinates":[18.606329,54.322872]},"properties":{"line":"295","mode":"bus","color":"#0059a9","colorDark":"#00294f","band":2,"off":[6.8,5.1]}},{"type":"Feature","geometry":{"type":"Point","coordinates":[18.632271,54.322922]},"properties":{"name":"Gościnna","band":2,"modes":"bus","arr":["113"],"off":[0,-0.8]}},{"type":"Feature","geometry":{"type":"Point","coordinates":[18.632271,54.322922]},"properties":{"line":"113","mode":"bus","color":"#0059a9","colorDark":"#00294f","band":2,"off":[0,1.1]}},{"type":"Feature","geometry":{"type":"Point","coordinates":[18.568885,54.31785]},"properties":{"name":"Jaworzniaków","band":2,"modes":"bus","arr":["115","262"],"off":[0,-0.8]}},{"type":"Feature","geometry":{"type":"Point","coordinates":[18.568885,54.31785]},"properties":{"line":"115","mode":"bus","color":"#0059a9","colorDark":"#00294f","band":2,"off":[-1.7,1.1]}},{"type":"Feature","geometry":{"type":"Point","coordinates":[18.568885,54.31785]},"properties":{"line":"262","mode":"bus","color":"#0059a9","colorDark":"#00294f","band":2,"off":[1.7,1.1]}},{"type":"Feature","geometry":{"type":"Point","coordinates":[18.616772,54.364686]},"properties":{"name":"Szpital Zakaźny","band":2,"modes":"bus","arr":["115","183","184","283"],"off":[0,-0.8]}},{"type":"Feature","geometry":{"type":"Point","coordinates":[18.616772,54.364686]},"properties":{"line":"115","mode":"bus","color":"#0059a9","colorDark":"#00294f","band":2,"off":[-5.1,1.1]}},{"type":"Feature","geometry":{"type":"Point","coordinates":[18.616772,54.364686]},"properties":{"line":"183","mode":"bus","color":"#0059a9","colorDark":"#00294f","band":2,"off":[-1.7,1.1]}},{"type":"Feature","geometry":{"type":"Point","coordinates":[18.616772,54.364686]},"properties":{"line":"184","mode":"bus","color":"#0059a9","colorDark":"#00294f","band":2,"off":[1.7,1.1]}},{"type":"Feature","geometry":{"type":"Point","coordinates":[18.616772,54.364686]},"properties":{"line":"283","mode":"bus","color":"#0059a9","colorDark":"#00294f","band":2,"off":[5.1,1.1]}},{"type":"Feature","geometry":{"type":"Point","coordinates":[18.548914,54.366675]},"properties":{"name":"Matemblewo","band":2,"modes":"bus","arr":["116","131"],"off":[0,-0.8]}},{"type":"Feature","geometry":{"type":"Point","coordinates":[18.548914,54.366675]},"properties":{"line":"116","mode":"bus","color":"#0059a9","colorDark":"#00294f","band":2,"off":[-1.7,1.1]}},{"type":"Feature","geometry":{"type":"Point","coordinates":[18.548914,54.366675]},"properties":{"line":"131","mode":"bus","color":"#0059a9","colorDark":"#00294f","band":2,"off":[1.7,1.1]}},{"type":"Feature","geometry":{"type":"Point","coordinates":[18.601991,54.421549]},"properties":{"name":"Jelitkowo Kapliczna","band":2,"modes":"bus","arr":["117"],"off":[0,-0.8]}},{"type":"Feature","geometry":{"type":"Point","coordinates":[18.601991,54.421549]},"properties":{"line":"117","mode":"bus","color":"#0059a9","colorDark":"#00294f","band":2,"off":[0,1.1]}},{"type":"Feature","geometry":{"type":"Point","coordinates":[18.547847,54.439154]},"properties":{"name":"Sopot Osiedle Mickiewicza","band":2,"modes":"bus","arr":["117","144","287"],"off":[0,-0.8]}},{"type":"Feature","geometry":{"type":"Point","coordinates":[18.547847,54.439154]},"properties":{"name":"Osiedle Mickiewicza","band":2,"modes":"bus","arr":["117","144","287"],"off":[0,-3]}},{"type":"Feature","geometry":{"type":"Point","coordinates":[18.547847,54.439154]},"properties":{"line":"117","mode":"bus","color":"#0059a9","colorDark":"#00294f","band":2,"off":[-3.4,1.1]}},{"type":"Feature","geometry":{"type":"Point","coordinates":[18.547847,54.439154]},"properties":{"line":"144","mode":"bus","color":"#0059a9","colorDark":"#00294f","band":2,"off":[0,1.1]}},{"type":"Feature","geometry":{"type":"Point","coordinates":[18.547847,54.439154]},"properties":{"line":"287","mode":"bus","color":"#0059a9","colorDark":"#00294f","band":2,"off":[3.4,1.1]}},{"type":"Feature","geometry":{"type":"Point","coordinates":[18.574126,54.331339]},"properties":{"name":"Ujeścisko","band":2,"modes":"tram,bus","arr":["12","63","118","156"],"off":[0,-0.8]}},{"type":"Feature","geometry":{"type":"Point","coordinates":[18.574126,54.331339]},"properties":{"line":"12","mode":"tram","color":"#d6212b","colorDark":"#7c1116","band":2,"off":[-5.1,1.1]}},{"type":"Feature","geometry":{"type":"Point","coordinates":[18.574126,54.331339]},"properties":{"line":"63","mode":"tram","color":"#d6212b","colorDark":"#7c1116","band":2,"off":[-1.7,1.1]}},{"type":"Feature","geometry":{"type":"Point","coordinates":[18.574126,54.331339]},"properties":{"line":"118","mode":"bus","color":"#0059a9","colorDark":"#00294f","band":2,"off":[1.7,1.1]}},{"type":"Feature","geometry":{"type":"Point","coordinates":[18.574126,54.331339]},"properties":{"line":"156","mode":"bus","color":"#0059a9","colorDark":"#00294f","band":2,"off":[5.1,1.1]}},{"type":"Feature","geometry":{"type":"Point","coordinates":[18.577295,54.319751]},"properties":{"name":"Zakoniczyn","band":2,"modes":"bus","arr":["118","295","N1"],"off":[0,-0.8]}},{"type":"Feature","geometry":{"type":"Point","coordinates":[18.577295,54.319751]},"properties":{"line":"118","mode":"bus","color":"#0059a9","colorDark":"#00294f","band":2,"off":[-3.4,1.1]}},{"type":"Feature","geometry":{"type":"Point","coordinates":[18.577295,54.319751]},"properties":{"line":"295","mode":"bus","color":"#0059a9","colorDark":"#00294f","band":2,"off":[0,1.1]}},{"type":"Feature","geometry":{"type":"Point","coordinates":[18.577295,54.319751]},"properties":{"line":"N1","mode":"bus","color":"#0059a9","colorDark":"#00294f","band":2,"off":[3.4,1.1]}},{"type":"Feature","geometry":{"type":"Point","coordinates":[18.639826,54.393112]},"properties":{"name":"Letnica Węzeł Harfa","band":2,"modes":"bus","arr":["122","149"],"off":[0,-0.8]}},{"type":"Feature","geometry":{"type":"Point","coordinates":[18.639826,54.393112]},"properties":{"line":"122","mode":"bus","color":"#0059a9","colorDark":"#00294f","band":2,"off":[-1.7,1.1]}},{"type":"Feature","geometry":{"type":"Point","coordinates":[18.639826,54.393112]},"properties":{"line":"149","mode":"bus","color":"#0059a9","colorDark":"#00294f","band":2,"off":[1.7,1.1]}},{"type":"Feature","geometry":{"type":"Point","coordinates":[18.540588,54.447842]},"properties":{"name":"Sopot Przylesie","band":2,"modes":"bus","arr":["122"],"off":[0,-0.8]}},{"type":"Feature","geometry":{"type":"Point","coordinates":[18.540588,54.447842]},"properties":{"line":"122","mode":"bus","color":"#0059a9","colorDark":"#00294f","band":2,"off":[0,1.1]}},{"type":"Feature","geometry":{"type":"Point","coordinates":[18.587692,54.403407]},"properties":{"name":"Krynicka","band":2,"modes":"bus","arr":["122","149","199","N14"],"off":[0,-0.8]}},{"type":"Feature","geometry":{"type":"Point","coordinates":[18.587692,54.403407]},"properties":{"line":"122","mode":"bus","color":"#0059a9","colorDark":"#00294f","band":2,"off":[-5.1,1.1]}},{"type":"Feature","geometry":{"type":"Point","coordinates":[18.587692,54.403407]},"properties":{"line":"149","mode":"bus","color":"#0059a9","colorDark":"#00294f","band":2,"off":[-1.7,1.1]}},{"type":"Feature","geometry":{"type":"Point","coordinates":[18.587692,54.403407]},"properties":{"line":"199","mode":"bus","color":"#0059a9","colorDark":"#00294f","band":2,"off":[1.7,1.1]}},{"type":"Feature","geometry":{"type":"Point","coordinates":[18.587692,54.403407]},"properties":{"line":"N14","mode":"bus","color":"#0059a9","colorDark":"#00294f","band":2,"off":[5.1,1.1]}},{"type":"Feature","geometry":{"type":"Point","coordinates":[18.61199,54.403863]},"properties":{"name":"Zaspa Szpital","band":2,"modes":"bus","arr":["122","124","127","158","258","N6"],"off":[0,-0.8]}},{"type":"Feature","geometry":{"type":"Point","coordinates":[18.61199,54.403863]},"properties":{"line":"122","mode":"bus","color":"#0059a9","colorDark":"#00294f","band":2,"off":[-6.8,1.1]}},{"type":"Feature","geometry":{"type":"Point","coordinates":[18.61199,54.403863]},"properties":{"line":"124","mode":"bus","color":"#0059a9","colorDark":"#00294f","band":2,"off":[-3.4,1.1]}},{"type":"Feature","geometry":{"type":"Point","coordinates":[18.61199,54.403863]},"properties":{"line":"127","mode":"bus","color":"#0059a9","colorDark":"#00294f","band":2,"off":[0,1.1]}},{"type":"Feature","geometry":{"type":"Point","coordinates":[18.61199,54.403863]},"properties":{"line":"158","mode":"bus","color":"#0059a9","colorDark":"#00294f","band":2,"off":[3.4,1.1]}},{"type":"Feature","geometry":{"type":"Point","coordinates":[18.61199,54.403863]},"properties":{"line":"258","mode":"bus","color":"#0059a9","colorDark":"#00294f","band":2,"off":[6.8,1.1]}},{"type":"Feature","geometry":{"type":"Point","coordinates":[18.61199,54.403863]},"properties":{"line":"N6","mode":"bus","color":"#0059a9","colorDark":"#00294f","band":2,"off":[0,3.1]}},{"type":"Feature","geometry":{"type":"Point","coordinates":[18.640875,54.324245]},"properties":{"name":"Równa","band":2,"modes":"bus","arr":["123"],"off":[0,-0.8]}},{"type":"Feature","geometry":{"type":"Point","coordinates":[18.640875,54.324245]},"properties":{"line":"123","mode":"bus","color":"#0059a9","colorDark":"#00294f","band":2,"off":[0,1.1]}},{"type":"Feature","geometry":{"type":"Point","coordinates":[18.384974,54.393435]},"properties":{"name":"Banino Pszenna","band":2,"modes":"bus","arr":["126"],"off":[0,-0.8]}},{"type":"Feature","geometry":{"type":"Point","coordinates":[18.384974,54.393435]},"properties":{"line":"126","mode":"bus","color":"#0059a9","colorDark":"#00294f","band":2,"off":[0,1.1]}},{"type":"Feature","geometry":{"type":"Point","coordinates":[18.572263,54.411186]},"properties":{"name":"Oliwa PKP","band":2,"modes":"bus","arr":["127","143","199"],"off":[0,-0.8]}},{"type":"Feature","geometry":{"type":"Point","coordinates":[18.572263,54.411186]},"properties":{"line":"127","mode":"bus","color":"#0059a9","colorDark":"#00294f","band":2,"off":[-3.4,1.1]}},{"type":"Feature","geometry":{"type":"Point","coordinates":[18.572263,54.411186]},"properties":{"line":"143","mode":"bus","color":"#0059a9","colorDark":"#00294f","band":2,"off":[0,1.1]}},{"type":"Feature","geometry":{"type":"Point","coordinates":[18.572263,54.411186]},"properties":{"line":"199","mode":"bus","color":"#0059a9","colorDark":"#00294f","band":2,"off":[3.4,1.1]}},{"type":"Feature","geometry":{"type":"Point","coordinates":[18.58263,54.357661]},"properties":{"name":"Warneńska","band":2,"modes":"bus","arr":["127","130","184","210","227","283","N16","N2","N6"],"off":[0,-0.8]}},{"type":"Feature","geometry":{"type":"Point","coordinates":[18.58263,54.357661]},"properties":{"line":"127","mode":"bus","color":"#0059a9","colorDark":"#00294f","band":2,"off":[-6.8,1.1]}},{"type":"Feature","geometry":{"type":"Point","coordinates":[18.58263,54.357661]},"properties":{"line":"130","mode":"bus","color":"#0059a9","colorDark":"#00294f","band":2,"off":[-3.4,1.1]}},{"type":"Feature","geometry":{"type":"Point","coordinates":[18.58263,54.357661]},"properties":{"line":"184","mode":"bus","color":"#0059a9","colorDark":"#00294f","band":2,"off":[0,1.1]}},{"type":"Feature","geometry":{"type":"Point","coordinates":[18.58263,54.357661]},"properties":{"line":"210","mode":"bus","color":"#0059a9","colorDark":"#00294f","band":2,"off":[3.4,1.1]}},{"type":"Feature","geometry":{"type":"Point","coordinates":[18.58263,54.357661]},"properties":{"line":"227","mode":"bus","color":"#0059a9","colorDark":"#00294f","band":2,"off":[6.8,1.1]}},{"type":"Feature","geometry":{"type":"Point","coordinates":[18.58263,54.357661]},"properties":{"line":"283","mode":"bus","color":"#0059a9","colorDark":"#00294f","band":2,"off":[-5.1,3.1]}},{"type":"Feature","geometry":{"type":"Point","coordinates":[18.58263,54.357661]},"properties":{"line":"N16","mode":"bus","color":"#0059a9","colorDark":"#00294f","band":2,"off":[-1.7,3.1]}},{"type":"Feature","geometry":{"type":"Point","coordinates":[18.58263,54.357661]},"properties":{"line":"N2","mode":"bus","color":"#0059a9","colorDark":"#00294f","band":2,"off":[1.7,3.1]}},{"type":"Feature","geometry":{"type":"Point","coordinates":[18.58263,54.357661]},"properties":{"line":"N6","mode":"bus","color":"#0059a9","colorDark":"#00294f","band":2,"off":[5.1,3.1]}},{"type":"Feature","geometry":{"type":"Point","coordinates":[18.550024,54.353176]},"properties":{"name":"Jasień PKM","band":2,"modes":"bus","arr":["127","130","155","268"],"off":[0,-0.8]}},{"type":"Feature","geometry":{"type":"Point","coordinates":[18.550024,54.353176]},"properties":{"line":"127","mode":"bus","color":"#0059a9","colorDark":"#00294f","band":2,"off":[-5.1,1.1]}},{"type":"Feature","geometry":{"type":"Point","coordinates":[18.550024,54.353176]},"properties":{"line":"130","mode":"bus","color":"#0059a9","colorDark":"#00294f","band":2,"off":[-1.7,1.1]}},{"type":"Feature","geometry":{"type":"Point","coordinates":[18.550024,54.353176]},"properties":{"line":"155","mode":"bus","color":"#0059a9","colorDark":"#00294f","band":2,"off":[1.7,1.1]}},{"type":"Feature","geometry":{"type":"Point","coordinates":[18.550024,54.353176]},"properties":{"line":"268","mode":"bus","color":"#0059a9","colorDark":"#00294f","band":2,"off":[5.1,1.1]}},{"type":"Feature","geometry":{"type":"Point","coordinates":[18.552427,54.349538]},"properties":{"name":"Jasieńska","band":2,"modes":"bus","arr":["127","130","N6"],"off":[0,-0.8]}},{"type":"Feature","geometry":{"type":"Point","coordinates":[18.552427,54.349538]},"properties":{"line":"127","mode":"bus","color":"#0059a9","colorDark":"#00294f","band":2,"off":[-3.4,1.1]}},{"type":"Feature","geometry":{"type":"Point","coordinates":[18.552427,54.349538]},"properties":{"line":"130","mode":"bus","color":"#0059a9","colorDark":"#00294f","band":2,"off":[0,1.1]}},{"type":"Feature","geometry":{"type":"Point","coordinates":[18.552427,54.349538]},"properties":{"line":"N6","mode":"bus","color":"#0059a9","colorDark":"#00294f","band":2,"off":[3.4,1.1]}},{"type":"Feature","geometry":{"type":"Point","coordinates":[18.637953,54.249346]},"properties":{"name":"Pruszcz Gdański Urząd Skarbowy","band":2,"modes":"bus","arr":["132"],"off":[0,-0.8]}},{"type":"Feature","geometry":{"type":"Point","coordinates":[18.637953,54.249346]},"properties":{"line":"132","mode":"bus","color":"#0059a9","colorDark":"#00294f","band":2,"off":[0,1.1]}},{"type":"Feature","geometry":{"type":"Point","coordinates":[18.558899,54.380336]},"properties":{"name":"Niedźwiednik","band":2,"modes":"bus","arr":["136","184","283"],"off":[0,-0.8]}},{"type":"Feature","geometry":{"type":"Point","coordinates":[18.558899,54.380336]},"properties":{"line":"136","mode":"bus","color":"#0059a9","colorDark":"#00294f","band":2,"off":[-3.4,1.1]}},{"type":"Feature","geometry":{"type":"Point","coordinates":[18.558899,54.380336]},"properties":{"line":"184","mode":"bus","color":"#0059a9","colorDark":"#00294f","band":2,"off":[0,1.1]}},{"type":"Feature","geometry":{"type":"Point","coordinates":[18.558899,54.380336]},"properties":{"line":"283","mode":"bus","color":"#0059a9","colorDark":"#00294f","band":2,"off":[3.4,1.1]}},{"type":"Feature","geometry":{"type":"Point","coordinates":[18.527331,54.449315]},"properties":{"name":"Sopot Sanatorium Leśnik","band":2,"modes":"bus","arr":["143","177"],"off":[0,-0.8]}},{"type":"Feature","geometry":{"type":"Point","coordinates":[18.527331,54.449315]},"properties":{"name":"Sanatorium Leśnik","band":2,"modes":"bus","arr":["143","177"],"off":[0,-3]}},{"type":"Feature","geometry":{"type":"Point","coordinates":[18.527331,54.449315]},"properties":{"line":"143","mode":"bus","color":"#0059a9","colorDark":"#00294f","band":2,"off":[-1.7,1.1]}},{"type":"Feature","geometry":{"type":"Point","coordinates":[18.527331,54.449315]},"properties":{"line":"177","mode":"bus","color":"#0059a9","colorDark":"#00294f","band":2,"off":[1.7,1.1]}},{"type":"Feature","geometry":{"type":"Point","coordinates":[18.673591,54.396684]},"properties":{"name":"Zajezdnia NOWY PORT T2","band":2,"modes":"tram,bus","arr":["10","148","N6"],"off":[0,-0.8]}},{"type":"Feature","geometry":{"type":"Point","coordinates":[18.673591,54.396684]},"properties":{"name":"Nowy Port Szaniec Zachodni","band":2,"modes":"tram,bus","arr":["10","148","N6"],"off":[0,-3]}},{"type":"Feature","geometry":{"type":"Point","coordinates":[18.673591,54.396684]},"properties":{"line":"10","mode":"tram","color":"#d6212b","colorDark":"#7c1116","band":2,"off":[-3.4,1.1]}},{"type":"Feature","geometry":{"type":"Point","coordinates":[18.673591,54.396684]},"properties":{"line":"148","mode":"bus","color":"#0059a9","colorDark":"#00294f","band":2,"off":[0,1.1]}},{"type":"Feature","geometry":{"type":"Point","coordinates":[18.673591,54.396684]},"properties":{"line":"N6","mode":"bus","color":"#0059a9","colorDark":"#00294f","band":2,"off":[3.4,1.1]}},{"type":"Feature","geometry":{"type":"Point","coordinates":[18.570257,54.421123]},"properties":{"name":"Żabianka SKM","band":2,"modes":"bus","arr":["148","N14","N6"],"off":[0,-0.8]}},{"type":"Feature","geometry":{"type":"Point","coordinates":[18.570257,54.421123]},"properties":{"line":"148","mode":"bus","color":"#0059a9","colorDark":"#00294f","band":2,"off":[-3.4,1.1]}},{"type":"Feature","geometry":{"type":"Point","coordinates":[18.570257,54.421123]},"properties":{"line":"N14","mode":"bus","color":"#0059a9","colorDark":"#00294f","band":2,"off":[0,1.1]}},{"type":"Feature","geometry":{"type":"Point","coordinates":[18.570257,54.421123]},"properties":{"line":"N6","mode":"bus","color":"#0059a9","colorDark":"#00294f","band":2,"off":[3.4,1.1]}},{"type":"Feature","geometry":{"type":"Point","coordinates":[18.618495,54.325186]},"properties":{"name":"Orunia Górna","band":2,"modes":"bus","arr":["154","162","N1"],"off":[0,-0.8]}},{"type":"Feature","geometry":{"type":"Point","coordinates":[18.618495,54.325186]},"properties":{"line":"154","mode":"bus","color":"#0059a9","colorDark":"#00294f","band":2,"off":[-3.4,1.1]}},{"type":"Feature","geometry":{"type":"Point","coordinates":[18.618495,54.325186]},"properties":{"line":"162","mode":"bus","color":"#0059a9","colorDark":"#00294f","band":2,"off":[0,1.1]}},{"type":"Feature","geometry":{"type":"Point","coordinates":[18.618495,54.325186]},"properties":{"line":"N1","mode":"bus","color":"#0059a9","colorDark":"#00294f","band":2,"off":[3.4,1.1]}},{"type":"Feature","geometry":{"type":"Point","coordinates":[18.56945,54.306572]},"properties":{"name":"Kowale Szkoła Metropolitalna","band":2,"modes":"bus","arr":["156","255"],"off":[0,-0.8]}},{"type":"Feature","geometry":{"type":"Point","coordinates":[18.56945,54.306572]},"properties":{"line":"156","mode":"bus","color":"#0059a9","colorDark":"#00294f","band":2,"off":[-1.7,1.1]}},{"type":"Feature","geometry":{"type":"Point","coordinates":[18.56945,54.306572]},"properties":{"line":"255","mode":"bus","color":"#0059a9","colorDark":"#00294f","band":2,"off":[1.7,1.1]}},{"type":"Feature","geometry":{"type":"Point","coordinates":[18.463598,54.374847]},"properties":{"name":"Bysewo","band":2,"modes":"bus","arr":["157","167","267"],"off":[0,-0.8]}},{"type":"Feature","geometry":{"type":"Point","coordinates":[18.463598,54.374847]},"properties":{"line":"157","mode":"bus","color":"#0059a9","colorDark":"#00294f","band":2,"off":[-3.4,1.1]}},{"type":"Feature","geometry":{"type":"Point","coordinates":[18.463598,54.374847]},"properties":{"line":"167","mode":"bus","color":"#0059a9","colorDark":"#00294f","band":2,"off":[0,1.1]}},{"type":"Feature","geometry":{"type":"Point","coordinates":[18.463598,54.374847]},"properties":{"line":"267","mode":"bus","color":"#0059a9","colorDark":"#00294f","band":2,"off":[3.4,1.1]}},{"type":"Feature","geometry":{"type":"Point","coordinates":[18.716225,54.362533]},"properties":{"name":"Stogi","band":2,"modes":"bus","arr":["158","258","T8"],"off":[0,-0.8]}},{"type":"Feature","geometry":{"type":"Point","coordinates":[18.716225,54.362533]},"properties":{"line":"158","mode":"bus","color":"#0059a9","colorDark":"#00294f","band":2,"off":[-3.4,1.1]}},{"type":"Feature","geometry":{"type":"Point","coordinates":[18.716225,54.362533]},"properties":{"line":"258","mode":"bus","color":"#0059a9","colorDark":"#00294f","band":2,"off":[0,1.1]}},{"type":"Feature","geometry":{"type":"Point","coordinates":[18.716225,54.362533]},"properties":{"line":"T8","mode":"bus","color":"#0059a9","colorDark":"#00294f","band":2,"off":[3.4,1.1]}},{"type":"Feature","geometry":{"type":"Point","coordinates":[18.677843,54.378863]},"properties":{"name":"Ku Ujściu","band":2,"modes":"bus","arr":["158","258","600","658"],"off":[0,-0.8]}},{"type":"Feature","geometry":{"type":"Point","coordinates":[18.677843,54.378863]},"properties":{"line":"158","mode":"bus","color":"#0059a9","colorDark":"#00294f","band":2,"off":[-5.1,1.1]}},{"type":"Feature","geometry":{"type":"Point","coordinates":[18.677843,54.378863]},"properties":{"line":"258","mode":"bus","color":"#0059a9","colorDark":"#00294f","band":2,"off":[-1.7,1.1]}},{"type":"Feature","geometry":{"type":"Point","coordinates":[18.677843,54.378863]},"properties":{"line":"600","mode":"bus","color":"#0059a9","colorDark":"#00294f","band":2,"off":[1.7,1.1]}},{"type":"Feature","geometry":{"type":"Point","coordinates":[18.677843,54.378863]},"properties":{"line":"658","mode":"bus","color":"#0059a9","colorDark":"#00294f","band":2,"off":[5.1,1.1]}},{"type":"Feature","geometry":{"type":"Point","coordinates":[18.718647,54.353987]},"properties":{"name":"Sztutowska","band":2,"modes":"bus","arr":["166"],"off":[0,-0.8]}},{"type":"Feature","geometry":{"type":"Point","coordinates":[18.718647,54.353987]},"properties":{"line":"166","mode":"bus","color":"#0059a9","colorDark":"#00294f","band":2,"off":[0,1.1]}},{"type":"Feature","geometry":{"type":"Point","coordinates":[18.499203,54.342108]},"properties":{"name":"Kiełpino Górne","band":2,"modes":"bus","arr":["168"],"off":[0,-0.8]}},{"type":"Feature","geometry":{"type":"Point","coordinates":[18.499203,54.342108]},"properties":{"line":"168","mode":"bus","color":"#0059a9","colorDark":"#00294f","band":2,"off":[0,1.1]}},{"type":"Feature","geometry":{"type":"Point","coordinates":[18.606974,54.347841]},"properties":{"name":"Siedlce","band":2,"modes":"bus","arr":["168","174","175","195"],"off":[0,-0.8]}},{"type":"Feature","geometry":{"type":"Point","coordinates":[18.606974,54.347841]},"properties":{"line":"168","mode":"bus","color":"#0059a9","colorDark":"#00294f","band":2,"off":[-5.1,1.1]}},{"type":"Feature","geometry":{"type":"Point","coordinates":[18.606974,54.347841]},"properties":{"line":"174","mode":"bus","color":"#0059a9","colorDark":"#00294f","band":2,"off":[-1.7,1.1]}},{"type":"Feature","geometry":{"type":"Point","coordinates":[18.606974,54.347841]},"properties":{"line":"175","mode":"bus","color":"#0059a9","colorDark":"#00294f","band":2,"off":[1.7,1.1]}},{"type":"Feature","geometry":{"type":"Point","coordinates":[18.606974,54.347841]},"properties":{"line":"195","mode":"bus","color":"#0059a9","colorDark":"#00294f","band":2,"off":[5.1,1.1]}},{"type":"Feature","geometry":{"type":"Point","coordinates":[18.567498,54.409703]},"properties":{"name":"Oliwa","band":2,"modes":"tram,bus","arr":["5","60","169","171","179","622"],"off":[0,-0.8]}},{"type":"Feature","geometry":{"type":"Point","coordinates":[18.567498,54.409703]},"properties":{"line":"5","mode":"tram","color":"#d6212b","colorDark":"#7c1116","band":2,"off":[-6.8,1.1]}},{"type":"Feature","geometry":{"type":"Point","coordinates":[18.567498,54.409703]},"properties":{"line":"60","mode":"tram","color":"#d6212b","colorDark":"#7c1116","band":2,"off":[-3.4,1.1]}},{"type":"Feature","geometry":{"type":"Point","coordinates":[18.567498,54.409703]},"properties":{"line":"169","mode":"bus","color":"#0059a9","colorDark":"#00294f","band":2,"off":[0,1.1]}},{"type":"Feature","geometry":{"type":"Point","coordinates":[18.567498,54.409703]},"properties":{"line":"171","mode":"bus","color":"#0059a9","colorDark":"#00294f","band":2,"off":[3.4,1.1]}},{"type":"Feature","geometry":{"type":"Point","coordinates":[18.567498,54.409703]},"properties":{"line":"179","mode":"bus","color":"#0059a9","colorDark":"#00294f","band":2,"off":[6.8,1.1]}},{"type":"Feature","geometry":{"type":"Point","coordinates":[18.567498,54.409703]},"properties":{"line":"622","mode":"bus","color":"#0059a9","colorDark":"#00294f","band":2,"off":[0,3.1]}},{"type":"Feature","geometry":{"type":"Point","coordinates":[18.480094,54.414954]},"properties":{"name":"Owczarnia","band":2,"modes":"bus","arr":["169"],"off":[0,-0.8]}},{"type":"Feature","geometry":{"type":"Point","coordinates":[18.480094,54.414954]},"properties":{"line":"169","mode":"bus","color":"#0059a9","colorDark":"#00294f","band":2,"off":[0,1.1]}},{"type":"Feature","geometry":{"type":"Point","coordinates":[18.451976,54.420575]},"properties":{"name":"Osowa PKP","band":2,"modes":"bus","arr":["169","179","210","269","N1"],"off":[0,-0.8]}},{"type":"Feature","geometry":{"type":"Point","coordinates":[18.451976,54.420575]},"properties":{"line":"169","mode":"bus","color":"#0059a9","colorDark":"#00294f","band":2,"off":[-6.8,1.1]}},{"type":"Feature","geometry":{"type":"Point","coordinates":[18.451976,54.420575]},"properties":{"line":"179","mode":"bus","color":"#0059a9","colorDark":"#00294f","band":2,"off":[-3.4,1.1]}},{"type":"Feature","geometry":{"type":"Point","coordinates":[18.451976,54.420575]},"properties":{"line":"210","mode":"bus","color":"#0059a9","colorDark":"#00294f","band":2,"off":[0,1.1]}},{"type":"Feature","geometry":{"type":"Point","coordinates":[18.451976,54.420575]},"properties":{"line":"269","mode":"bus","color":"#0059a9","colorDark":"#00294f","band":2,"off":[3.4,1.1]}},{"type":"Feature","geometry":{"type":"Point","coordinates":[18.451976,54.420575]},"properties":{"line":"N1","mode":"bus","color":"#0059a9","colorDark":"#00294f","band":2,"off":[6.8,1.1]}},{"type":"Feature","geometry":{"type":"Point","coordinates":[18.535319,54.413475]},"properties":{"name":"Oliwa ZOO","band":2,"modes":"bus","arr":["169","622","G"],"off":[0,-0.8]}},{"type":"Feature","geometry":{"type":"Point","coordinates":[18.535319,54.413475]},"properties":{"line":"169","mode":"bus","color":"#0059a9","colorDark":"#00294f","band":2,"off":[-3.4,1.1]}},{"type":"Feature","geometry":{"type":"Point","coordinates":[18.535319,54.413475]},"properties":{"line":"622","mode":"bus","color":"#0059a9","colorDark":"#00294f","band":2,"off":[0,1.1]}},{"type":"Feature","geometry":{"type":"Point","coordinates":[18.535319,54.413475]},"properties":{"line":"G","mode":"bus","color":"#0059a9","colorDark":"#00294f","band":2,"off":[3.4,1.1]}},{"type":"Feature","geometry":{"type":"Point","coordinates":[18.477553,54.473086]},"properties":{"name":"Karwiny Nowowiczlińska","band":2,"modes":"bus","arr":["23","147","171","191","193"],"off":[0,-0.8]}},{"type":"Feature","geometry":{"type":"Point","coordinates":[18.477553,54.473086]},"properties":{"name":"Gdynia Karwiny Nowowiczlińska","band":2,"modes":"bus","arr":["23","147","171","191","193"],"off":[0,-3]}},{"type":"Feature","geometry":{"type":"Point","coordinates":[18.477553,54.473086]},"properties":{"line":"23","mode":"bus","color":"#149a3f","colorDark":"#0a5121","band":2,"off":[-6.8,1.1]}},{"type":"Feature","geometry":{"type":"Point","coordinates":[18.477553,54.473086]},"properties":{"line":"147","mode":"bus","color":"#0059a9","colorDark":"#00294f","band":2,"off":[-3.4,1.1]}},{"type":"Feature","geometry":{"type":"Point","coordinates":[18.477553,54.473086]},"properties":{"line":"171","mode":"bus","color":"#0059a9","colorDark":"#00294f","band":2,"off":[0,1.1]}},{"type":"Feature","geometry":{"type":"Point","coordinates":[18.477553,54.473086]},"properties":{"line":"191","mode":"bus","color":"#0059a9","colorDark":"#00294f","band":2,"off":[3.4,1.1]}},{"type":"Feature","geometry":{"type":"Point","coordinates":[18.477553,54.473086]},"properties":{"line":"193","mode":"bus","color":"#0059a9","colorDark":"#00294f","band":2,"off":[6.8,1.1]}},{"type":"Feature","geometry":{"type":"Point","coordinates":[18.504868,54.321362]},"properties":{"name":"Otomin Słoneczna Pętla","band":2,"modes":"bus","arr":["174"],"off":[0,-0.8]}},{"type":"Feature","geometry":{"type":"Point","coordinates":[18.504868,54.321362]},"properties":{"line":"174","mode":"bus","color":"#0059a9","colorDark":"#00294f","band":2,"off":[0,1.1]}},{"type":"Feature","geometry":{"type":"Point","coordinates":[18.606854,54.301603]},"properties":{"name":"Starogardzka","band":2,"modes":"bus","arr":["175","N2","N89"],"off":[0,-0.8]}},{"type":"Feature","geometry":{"type":"Point","coordinates":[18.606854,54.301603]},"properties":{"line":"175","mode":"bus","color":"#0059a9","colorDark":"#00294f","band":2,"off":[-3.4,1.1]}},{"type":"Feature","geometry":{"type":"Point","coordinates":[18.606854,54.301603]},"properties":{"line":"N2","mode":"bus","color":"#0059a9","colorDark":"#00294f","band":2,"off":[0,1.1]}},{"type":"Feature","geometry":{"type":"Point","coordinates":[18.606854,54.301603]},"properties":{"line":"N89","mode":"bus","color":"#0059a9","colorDark":"#00294f","band":2,"off":[3.4,1.1]}},{"type":"Feature","geometry":{"type":"Point","coordinates":[18.59534,54.298794]},"properties":{"name":"Borkowo Szkoła","band":2,"modes":"bus","arr":["176"],"off":[0,-0.8]}},{"type":"Feature","geometry":{"type":"Point","coordinates":[18.59534,54.298794]},"properties":{"line":"176","mode":"bus","color":"#0059a9","colorDark":"#00294f","band":2,"off":[0,1.1]}},{"type":"Feature","geometry":{"type":"Point","coordinates":[18.669158,54.341867]},"properties":{"name":"Olszynka Szkoła","band":2,"modes":"bus","arr":["178","183","N78"],"off":[0,-0.8]}},{"type":"Feature","geometry":{"type":"Point","coordinates":[18.669158,54.341867]},"properties":{"line":"178","mode":"bus","color":"#0059a9","colorDark":"#00294f","band":2,"off":[-3.4,1.1]}},{"type":"Feature","geometry":{"type":"Point","coordinates":[18.669158,54.341867]},"properties":{"line":"183","mode":"bus","color":"#0059a9","colorDark":"#00294f","band":2,"off":[0,1.1]}},{"type":"Feature","geometry":{"type":"Point","coordinates":[18.669158,54.341867]},"properties":{"line":"N78","mode":"bus","color":"#0059a9","colorDark":"#00294f","band":2,"off":[3.4,1.1]}},{"type":"Feature","geometry":{"type":"Point","coordinates":[18.677235,54.335934]},"properties":{"name":"Olszynka Niwki","band":2,"modes":"bus","arr":["178","N78"],"off":[0,-0.8]}},{"type":"Feature","geometry":{"type":"Point","coordinates":[18.677235,54.335934]},"properties":{"line":"178","mode":"bus","color":"#0059a9","colorDark":"#00294f","band":2,"off":[-1.7,1.1]}},{"type":"Feature","geometry":{"type":"Point","coordinates":[18.677235,54.335934]},"properties":{"line":"N78","mode":"bus","color":"#0059a9","colorDark":"#00294f","band":2,"off":[1.7,1.1]}},{"type":"Feature","geometry":{"type":"Point","coordinates":[18.79088,54.350853]},"properties":{"name":"Górki Wschodnie","band":2,"modes":"bus","arr":["186"],"off":[0,-0.8]}},{"type":"Feature","geometry":{"type":"Point","coordinates":[18.79088,54.350853]},"properties":{"line":"186","mode":"bus","color":"#0059a9","colorDark":"#00294f","band":2,"off":[0,1.1]}},{"type":"Feature","geometry":{"type":"Point","coordinates":[18.593303,54.423222]},"properties":{"name":"Jelitkowo","band":2,"modes":"tram,bus","arr":["2","227"],"off":[0,-0.8]}},{"type":"Feature","geometry":{"type":"Point","coordinates":[18.593303,54.423222]},"properties":{"line":"2","mode":"tram","color":"#d6212b","colorDark":"#7c1116","band":2,"off":[-1.7,1.1]}},{"type":"Feature","geometry":{"type":"Point","coordinates":[18.593303,54.423222]},"properties":{"line":"227","mode":"bus","color":"#0059a9","colorDark":"#00294f","band":2,"off":[1.7,1.1]}},{"type":"Feature","geometry":{"type":"Point","coordinates":[18.626226,54.337621]},"properties":{"name":"Chełm Cienista","band":2,"modes":"bus","arr":["227"],"off":[0,-0.8]}},{"type":"Feature","geometry":{"type":"Point","coordinates":[18.626226,54.337621]},"properties":{"line":"227","mode":"bus","color":"#0059a9","colorDark":"#00294f","band":2,"off":[0,1.1]}},{"type":"Feature","geometry":{"type":"Point","coordinates":[18.554287,54.294889]},"properties":{"name":"Jankowo Conradiego Pętla","band":2,"modes":"bus","arr":["255","256"],"off":[0,-0.8]}},{"type":"Feature","geometry":{"type":"Point","coordinates":[18.554287,54.294889]},"properties":{"line":"255","mode":"bus","color":"#0059a9","colorDark":"#00294f","band":2,"off":[-1.7,1.1]}},{"type":"Feature","geometry":{"type":"Point","coordinates":[18.554287,54.294889]},"properties":{"line":"256","mode":"bus","color":"#0059a9","colorDark":"#00294f","band":2,"off":[1.7,1.1]}},{"type":"Feature","geometry":{"type":"Point","coordinates":[18.576374,54.401842]},"properties":{"name":"Przymorze SKM","band":2,"modes":"bus","arr":["262"],"off":[0,-0.8]}},{"type":"Feature","geometry":{"type":"Point","coordinates":[18.576374,54.401842]},"properties":{"line":"262","mode":"bus","color":"#0059a9","colorDark":"#00294f","band":2,"off":[0,1.1]}},{"type":"Feature","geometry":{"type":"Point","coordinates":[18.443302,54.365347]},"properties":{"name":"Czaple Bysewo","band":2,"modes":"bus","arr":["268"],"off":[0,-0.8]}},{"type":"Feature","geometry":{"type":"Point","coordinates":[18.443302,54.365347]},"properties":{"line":"268","mode":"bus","color":"#0059a9","colorDark":"#00294f","band":2,"off":[0,1.1]}},{"type":"Feature","geometry":{"type":"Point","coordinates":[18.451413,54.412172]},"properties":{"name":"Osiedle Barniewice","band":2,"modes":"bus","arr":["269"],"off":[0,-0.8]}},{"type":"Feature","geometry":{"type":"Point","coordinates":[18.451413,54.412172]},"properties":{"line":"269","mode":"bus","color":"#0059a9","colorDark":"#00294f","band":2,"off":[0,1.1]}},{"type":"Feature","geometry":{"type":"Point","coordinates":[18.457448,54.443959]},"properties":{"name":"Kukawka","band":2,"modes":"bus","arr":["269"],"off":[0,-0.8]}},{"type":"Feature","geometry":{"type":"Point","coordinates":[18.457448,54.443959]},"properties":{"line":"269","mode":"bus","color":"#0059a9","colorDark":"#00294f","band":2,"off":[0,1.1]}},{"type":"Feature","geometry":{"type":"Point","coordinates":[18.632007,54.376625]},"properties":{"name":"Węzeł Kliniczna","band":2,"modes":"bus","arr":["283"],"off":[0,-0.8]}},{"type":"Feature","geometry":{"type":"Point","coordinates":[18.632007,54.376625]},"properties":{"line":"283","mode":"bus","color":"#0059a9","colorDark":"#00294f","band":2,"off":[0,1.1]}},{"type":"Feature","geometry":{"type":"Point","coordinates":[18.64509,54.25825]},"properties":{"name":"Pruszcz Gdański Pruszcz Gdański Dworzec","band":2,"modes":"bus","arr":["307","M32"],"off":[0,-0.8]}},{"type":"Feature","geometry":{"type":"Point","coordinates":[18.64509,54.25825]},"properties":{"line":"307","mode":"bus","color":"#0059a9","colorDark":"#00294f","band":2,"off":[-1.7,1.1]}},{"type":"Feature","geometry":{"type":"Point","coordinates":[18.64509,54.25825]},"properties":{"line":"M32","mode":"bus","color":"#0059a9","colorDark":"#00294f","band":2,"off":[1.7,1.1]}},{"type":"Feature","geometry":{"type":"Point","coordinates":[18.615714,54.241256]},"properties":{"name":"Pruszcz Gdański Zastawna/Rondo","band":2,"modes":"bus","arr":["307"],"off":[0,-0.8]}},{"type":"Feature","geometry":{"type":"Point","coordinates":[18.615714,54.241256]},"properties":{"line":"307","mode":"bus","color":"#0059a9","colorDark":"#00294f","band":2,"off":[0,1.1]}},{"type":"Feature","geometry":{"type":"Point","coordinates":[18.650265,54.258861]},"properties":{"name":"Pruszcz Gdański Chopina/Żwirki i Wigury","band":2,"modes":"bus","arr":["507","607"],"off":[0,-0.8]}},{"type":"Feature","geometry":{"type":"Point","coordinates":[18.650265,54.258861]},"properties":{"line":"507","mode":"bus","color":"#0059a9","colorDark":"#00294f","band":2,"off":[-1.7,1.1]}},{"type":"Feature","geometry":{"type":"Point","coordinates":[18.650265,54.258861]},"properties":{"line":"607","mode":"bus","color":"#0059a9","colorDark":"#00294f","band":2,"off":[1.7,1.1]}},{"type":"Feature","geometry":{"type":"Point","coordinates":[18.648286,54.387289]},"properties":{"name":"Polsat Plus Arena Gdańsk","band":2,"modes":"bus","arr":["600","658","N6"],"off":[0,-0.8]}},{"type":"Feature","geometry":{"type":"Point","coordinates":[18.648286,54.387289]},"properties":{"line":"600","mode":"bus","color":"#0059a9","colorDark":"#00294f","band":2,"off":[-3.4,1.1]}},{"type":"Feature","geometry":{"type":"Point","coordinates":[18.648286,54.387289]},"properties":{"line":"658","mode":"bus","color":"#0059a9","colorDark":"#00294f","band":2,"off":[0,1.1]}},{"type":"Feature","geometry":{"type":"Point","coordinates":[18.648286,54.387289]},"properties":{"line":"N6","mode":"bus","color":"#0059a9","colorDark":"#00294f","band":2,"off":[3.4,1.1]}},{"type":"Feature","geometry":{"type":"Point","coordinates":[18.643546,54.347922]},"properties":{"name":"Śródmieście SKM","band":2,"modes":"bus","arr":["612"],"off":[0,-0.8]}},{"type":"Feature","geometry":{"type":"Point","coordinates":[18.643546,54.347922]},"properties":{"line":"612","mode":"bus","color":"#0059a9","colorDark":"#00294f","band":2,"off":[0,1.1]}},{"type":"Feature","geometry":{"type":"Point","coordinates":[18.622499,54.396149]},"properties":{"name":"Grudziądzka","band":2,"modes":"bus","arr":["N1","N2","N6"],"off":[0,-0.8]}},{"type":"Feature","geometry":{"type":"Point","coordinates":[18.622499,54.396149]},"properties":{"line":"N1","mode":"bus","color":"#0059a9","colorDark":"#00294f","band":2,"off":[-3.4,1.1]}},{"type":"Feature","geometry":{"type":"Point","coordinates":[18.622499,54.396149]},"properties":{"line":"N2","mode":"bus","color":"#0059a9","colorDark":"#00294f","band":2,"off":[0,1.1]}},{"type":"Feature","geometry":{"type":"Point","coordinates":[18.622499,54.396149]},"properties":{"line":"N6","mode":"bus","color":"#0059a9","colorDark":"#00294f","band":2,"off":[3.4,1.1]}},{"type":"Feature","geometry":{"type":"Point","coordinates":[18.621188,54.387868]},"properties":{"name":"Kościuszki","band":2,"modes":"bus","arr":["N2"],"off":[0,-0.8]}},{"type":"Feature","geometry":{"type":"Point","coordinates":[18.621188,54.387868]},"properties":{"line":"N2","mode":"bus","color":"#0059a9","colorDark":"#00294f","band":2,"off":[0,1.1]}},{"type":"Feature","geometry":{"type":"Point","coordinates":[18.466309,54.272483]},"properties":{"name":"Kolbudy Plac Kaszubski","band":2,"modes":"bus","arr":["N56"],"off":[0,-0.8]}},{"type":"Feature","geometry":{"type":"Point","coordinates":[18.466309,54.272483]},"properties":{"line":"N56","mode":"bus","color":"#0059a9","colorDark":"#00294f","band":2,"off":[0,1.1]}},{"type":"Feature","geometry":{"type":"Point","coordinates":[18.729025,54.372207]},"properties":{"name":"Stogi Plaża","band":2,"modes":"bus","arr":["T8"],"off":[0,-0.8]}},{"type":"Feature","geometry":{"type":"Point","coordinates":[18.729025,54.372207]},"properties":{"line":"T8","mode":"bus","color":"#0059a9","colorDark":"#00294f","band":2,"off":[0,1.1]}},{"type":"Feature","geometry":{"type":"Point","coordinates":[18.560641,54.431445]},"properties":{"name":"Sopot Reja","band":2,"modes":"bus","arr":["21","181","S"],"off":[0,-0.8]}},{"type":"Feature","geometry":{"type":"Point","coordinates":[18.560641,54.431445]},"properties":{"line":"21","mode":"bus","color":"#149a3f","colorDark":"#0a5121","band":2,"off":[-3.4,1.1]}},{"type":"Feature","geometry":{"type":"Point","coordinates":[18.560641,54.431445]},"properties":{"line":"181","mode":"bus","color":"#0059a9","colorDark":"#00294f","band":2,"off":[0,1.1]}},{"type":"Feature","geometry":{"type":"Point","coordinates":[18.560641,54.431445]},"properties":{"line":"S","mode":"bus","color":"#0059a9","colorDark":"#00294f","band":2,"off":[3.4,1.1]}},{"type":"Feature","geometry":{"type":"Point","coordinates":[18.531039,54.521755]},"properties":{"name":"Gdynia Dworzec Gł. PKP","band":2,"modes":"bus","arr":["21","29","740"],"off":[0,-0.8]}},{"type":"Feature","geometry":{"type":"Point","coordinates":[18.531039,54.521755]},"properties":{"line":"21","mode":"bus","color":"#149a3f","colorDark":"#0a5121","band":2,"off":[-3.4,1.1]}},{"type":"Feature","geometry":{"type":"Point","coordinates":[18.531039,54.521755]},"properties":{"line":"29","mode":"bus","color":"#149a3f","colorDark":"#0a5121","band":2,"off":[0,1.1]}},{"type":"Feature","geometry":{"type":"Point","coordinates":[18.531039,54.521755]},"properties":{"line":"740","mode":"bus","color":"#0059a9","colorDark":"#00294f","band":2,"off":[3.4,1.1]}},{"type":"Feature","geometry":{"type":"Point","coordinates":[18.553864,54.458053]},"properties":{"name":"Kamienny Potok SKM - Niepodległości","band":2,"modes":"bus","arr":["21","31","177","185","187","287","G","S"],"off":[0,-0.8]}},{"type":"Feature","geometry":{"type":"Point","coordinates":[18.553864,54.458053]},"properties":{"name":"Kamienny Potok SKM","band":2,"modes":"bus","arr":["21","31","177","185","187","287","G","S"],"off":[0,-3]}},{"type":"Feature","geometry":{"type":"Point","coordinates":[18.553864,54.458053]},"properties":{"line":"21","mode":"bus","color":"#149a3f","colorDark":"#0a5121","band":2,"off":[-6.8,1.1]}},{"type":"Feature","geometry":{"type":"Point","coordinates":[18.553864,54.458053]},"properties":{"line":"31","mode":"bus","color":"#149a3f","colorDark":"#0a5121","band":2,"off":[-3.4,1.1]}},{"type":"Feature","geometry":{"type":"Point","coordinates":[18.553864,54.458053]},"properties":{"line":"177","mode":"bus","color":"#0059a9","colorDark":"#00294f","band":2,"off":[0,1.1]}},{"type":"Feature","geometry":{"type":"Point","coordinates":[18.553864,54.458053]},"properties":{"line":"185","mode":"bus","color":"#0059a9","colorDark":"#00294f","band":2,"off":[3.4,1.1]}},{"type":"Feature","geometry":{"type":"Point","coordinates":[18.553864,54.458053]},"properties":{"line":"187","mode":"bus","color":"#0059a9","colorDark":"#00294f","band":2,"off":[6.8,1.1]}},{"type":"Feature","geometry":{"type":"Point","coordinates":[18.553864,54.458053]},"properties":{"line":"287","mode":"bus","color":"#0059a9","colorDark":"#00294f","band":2,"off":[-3.4,3.1]}},{"type":"Feature","geometry":{"type":"Point","coordinates":[18.553864,54.458053]},"properties":{"line":"G","mode":"bus","color":"#0059a9","colorDark":"#00294f","band":2,"off":[0,3.1]}},{"type":"Feature","geometry":{"type":"Point","coordinates":[18.553864,54.458053]},"properties":{"line":"S","mode":"bus","color":"#0059a9","colorDark":"#00294f","band":2,"off":[3.4,3.1]}},{"type":"Feature","geometry":{"type":"Point","coordinates":[18.538652,54.52229]},"properties":{"name":"Plac Kaszubski","band":2,"modes":"bus","arr":["22","23","25","32","33","102","119","146","173","190","194","204"],"off":[0,-0.8]}},{"type":"Feature","geometry":{"type":"Point","coordinates":[18.538652,54.52229]},"properties":{"name":"3 Maja - Hala","band":2,"modes":"bus","arr":["22","23","25","32","33","102","119","146","173","190","194","204"],"off":[0,-1.9]}},{"type":"Feature","geometry":{"type":"Point","coordinates":[18.538652,54.52229]},"properties":{"line":"22","mode":"bus","color":"#149a3f","colorDark":"#0a5121","band":2,"off":[-6.8,1.1]}},{"type":"Feature","geometry":{"type":"Point","coordinates":[18.538652,54.52229]},"properties":{"line":"23","mode":"bus","color":"#149a3f","colorDark":"#0a5121","band":2,"off":[-3.4,1.1]}},{"type":"Feature","geometry":{"type":"Point","coordinates":[18.538652,54.52229]},"properties":{"line":"25","mode":"bus","color":"#149a3f","colorDark":"#0a5121","band":2,"off":[0,1.1]}},{"type":"Feature","geometry":{"type":"Point","coordinates":[18.538652,54.52229]},"properties":{"line":"32","mode":"bus","color":"#149a3f","colorDark":"#0a5121","band":2,"off":[3.4,1.1]}},{"type":"Feature","geometry":{"type":"Point","coordinates":[18.538652,54.52229]},"properties":{"line":"33","mode":"bus","color":"#149a3f","colorDark":"#0a5121","band":2,"off":[6.8,1.1]}},{"type":"Feature","geometry":{"type":"Point","coordinates":[18.538652,54.52229]},"properties":{"line":"102","mode":"bus","color":"#0059a9","colorDark":"#00294f","band":2,"off":[-6.8,3.1]}},{"type":"Feature","geometry":{"type":"Point","coordinates":[18.538652,54.52229]},"properties":{"line":"119","mode":"bus","color":"#0059a9","colorDark":"#00294f","band":2,"off":[-3.4,3.1]}},{"type":"Feature","geometry":{"type":"Point","coordinates":[18.538652,54.52229]},"properties":{"line":"146","mode":"bus","color":"#0059a9","colorDark":"#00294f","band":2,"off":[0,3.1]}},{"type":"Feature","geometry":{"type":"Point","coordinates":[18.538652,54.52229]},"properties":{"line":"173","mode":"bus","color":"#0059a9","colorDark":"#00294f","band":2,"off":[3.4,3.1]}},{"type":"Feature","geometry":{"type":"Point","coordinates":[18.538652,54.52229]},"properties":{"line":"190","mode":"bus","color":"#0059a9","colorDark":"#00294f","band":2,"off":[6.8,3.1]}},{"type":"Feature","geometry":{"type":"Point","coordinates":[18.538652,54.52229]},"properties":{"line":"194","mode":"bus","color":"#0059a9","colorDark":"#00294f","band":2,"off":[-1.7,5.1]}},{"type":"Feature","geometry":{"type":"Point","coordinates":[18.538652,54.52229]},"properties":{"line":"204","mode":"bus","color":"#0059a9","colorDark":"#00294f","band":2,"off":[1.7,5.1]}},{"type":"Feature","geometry":{"type":"Point","coordinates":[18.444896,54.549483]},"properties":{"name":"Cisowa SKM","band":2,"modes":"bus","arr":["22","25","27"],"off":[0,-0.8]}},{"type":"Feature","geometry":{"type":"Point","coordinates":[18.444896,54.549483]},"properties":{"line":"22","mode":"bus","color":"#149a3f","colorDark":"#0a5121","band":2,"off":[-3.4,1.1]}},{"type":"Feature","geometry":{"type":"Point","coordinates":[18.444896,54.549483]},"properties":{"line":"25","mode":"bus","color":"#149a3f","colorDark":"#0a5121","band":2,"off":[0,1.1]}},{"type":"Feature","geometry":{"type":"Point","coordinates":[18.444896,54.549483]},"properties":{"line":"27","mode":"bus","color":"#149a3f","colorDark":"#0a5121","band":2,"off":[3.4,1.1]}},{"type":"Feature","geometry":{"type":"Point","coordinates":[18.455194,54.45546]},"properties":{"name":"Kacze Buki","band":2,"modes":"bus","arr":["23","27","181","700","K","N10","N30","R","X"],"off":[0,-0.8]}},{"type":"Feature","geometry":{"type":"Point","coordinates":[18.455194,54.45546]},"properties":{"line":"23","mode":"bus","color":"#149a3f","colorDark":"#0a5121","band":2,"off":[-6.8,1.1]}},{"type":"Feature","geometry":{"type":"Point","coordinates":[18.455194,54.45546]},"properties":{"line":"27","mode":"bus","color":"#149a3f","colorDark":"#0a5121","band":2,"off":[-3.4,1.1]}},{"type":"Feature","geometry":{"type":"Point","coordinates":[18.455194,54.45546]},"properties":{"line":"181","mode":"bus","color":"#0059a9","colorDark":"#00294f","band":2,"off":[0,1.1]}},{"type":"Feature","geometry":{"type":"Point","coordinates":[18.455194,54.45546]},"properties":{"line":"700","mode":"bus","color":"#0059a9","colorDark":"#00294f","band":2,"off":[3.4,1.1]}},{"type":"Feature","geometry":{"type":"Point","coordinates":[18.455194,54.45546]},"properties":{"line":"K","mode":"bus","color":"#0059a9","colorDark":"#00294f","band":2,"off":[6.8,1.1]}},{"type":"Feature","geometry":{"type":"Point","coordinates":[18.455194,54.45546]},"properties":{"line":"N10","mode":"bus","color":"#0059a9","colorDark":"#00294f","band":2,"off":[-5.1,3.1]}},{"type":"Feature","geometry":{"type":"Point","coordinates":[18.455194,54.45546]},"properties":{"line":"N30","mode":"bus","color":"#0059a9","colorDark":"#00294f","band":2,"off":[-1.7,3.1]}},{"type":"Feature","geometry":{"type":"Point","coordinates":[18.455194,54.45546]},"properties":{"line":"R","mode":"bus","color":"#0059a9","colorDark":"#00294f","band":2,"off":[1.7,3.1]}},{"type":"Feature","geometry":{"type":"Point","coordinates":[18.455194,54.45546]},"properties":{"line":"X","mode":"bus","color":"#0059a9","colorDark":"#00294f","band":2,"off":[5.1,3.1]}},{"type":"Feature","geometry":{"type":"Point","coordinates":[18.450052,54.471369]},"properties":{"name":"Dąbrowa Miętowa","band":2,"modes":"bus","arr":["24","31"],"off":[0,-0.8]}},{"type":"Feature","geometry":{"type":"Point","coordinates":[18.450052,54.471369]},"properties":{"line":"24","mode":"bus","color":"#149a3f","colorDark":"#0a5121","band":2,"off":[-1.7,1.1]}},{"type":"Feature","geometry":{"type":"Point","coordinates":[18.450052,54.471369]},"properties":{"line":"31","mode":"bus","color":"#149a3f","colorDark":"#0a5121","band":2,"off":[1.7,1.1]}},{"type":"Feature","geometry":{"type":"Point","coordinates":[18.516918,54.532215]},"properties":{"name":"Stocznia Gdynia","band":2,"modes":"bus","arr":["24","723"],"off":[0,-0.8]}},{"type":"Feature","geometry":{"type":"Point","coordinates":[18.516918,54.532215]},"properties":{"line":"24","mode":"bus","color":"#149a3f","colorDark":"#0a5121","band":2,"off":[-1.7,1.1]}},{"type":"Feature","geometry":{"type":"Point","coordinates":[18.516918,54.532215]},"properties":{"line":"723","mode":"bus","color":"#149a3f","colorDark":"#0a5121","band":2,"off":[1.7,1.1]}},{"type":"Feature","geometry":{"type":"Point","coordinates":[18.464193,54.474469]},"properties":{"name":"Dąbrowa Centrum","band":2,"modes":"bus","arr":["24","31","147","K"],"off":[0,-0.8]}},{"type":"Feature","geometry":{"type":"Point","coordinates":[18.464193,54.474469]},"properties":{"line":"24","mode":"bus","color":"#149a3f","colorDark":"#0a5121","band":2,"off":[-5.1,1.1]}},{"type":"Feature","geometry":{"type":"Point","coordinates":[18.464193,54.474469]},"properties":{"line":"31","mode":"bus","color":"#149a3f","colorDark":"#0a5121","band":2,"off":[-1.7,1.1]}},{"type":"Feature","geometry":{"type":"Point","coordinates":[18.464193,54.474469]},"properties":{"line":"147","mode":"bus","color":"#0059a9","colorDark":"#00294f","band":2,"off":[1.7,1.1]}},{"type":"Feature","geometry":{"type":"Point","coordinates":[18.464193,54.474469]},"properties":{"line":"K","mode":"bus","color":"#0059a9","colorDark":"#00294f","band":2,"off":[5.1,1.1]}},{"type":"Feature","geometry":{"type":"Point","coordinates":[18.434926,54.547895]},"properties":{"name":"Cisowa Sibeliusa","band":2,"modes":"bus","arr":["25","26","30","173","197"],"off":[0,-0.8]}},{"type":"Feature","geometry":{"type":"Point","coordinates":[18.434926,54.547895]},"properties":{"line":"25","mode":"bus","color":"#149a3f","colorDark":"#0a5121","band":2,"off":[-6.8,1.1]}},{"type":"Feature","geometry":{"type":"Point","coordinates":[18.434926,54.547895]},"properties":{"line":"26","mode":"bus","color":"#149a3f","colorDark":"#0a5121","band":2,"off":[-3.4,1.1]}},{"type":"Feature","geometry":{"type":"Point","coordinates":[18.434926,54.547895]},"properties":{"line":"30","mode":"bus","color":"#149a3f","colorDark":"#0a5121","band":2,"off":[0,1.1]}},{"type":"Feature","geometry":{"type":"Point","coordinates":[18.434926,54.547895]},"properties":{"line":"173","mode":"bus","color":"#0059a9","colorDark":"#00294f","band":2,"off":[3.4,1.1]}},{"type":"Feature","geometry":{"type":"Point","coordinates":[18.434926,54.547895]},"properties":{"line":"197","mode":"bus","color":"#0059a9","colorDark":"#00294f","band":2,"off":[6.8,1.1]}},{"type":"Feature","geometry":{"type":"Point","coordinates":[18.552942,54.475971]},"properties":{"name":"Orłowo SKM - Klif","band":2,"modes":"bus","arr":["26","326"],"off":[0,-0.8]}},{"type":"Feature","geometry":{"type":"Point","coordinates":[18.552942,54.475971]},"properties":{"line":"26","mode":"bus","color":"#149a3f","colorDark":"#0a5121","band":2,"off":[-1.7,1.1]}},{"type":"Feature","geometry":{"type":"Point","coordinates":[18.552942,54.475971]},"properties":{"line":"326","mode":"bus","color":"#149a3f","colorDark":"#0a5121","band":2,"off":[1.7,1.1]}},{"type":"Feature","geometry":{"type":"Point","coordinates":[18.434725,54.539056]},"properties":{"name":"Pustki Cisowskie","band":2,"modes":"bus","arr":["28","159","S","W"],"off":[0,-0.8]}},{"type":"Feature","geometry":{"type":"Point","coordinates":[18.434725,54.539056]},"properties":{"line":"28","mode":"bus","color":"#149a3f","colorDark":"#0a5121","band":2,"off":[-5.1,1.1]}},{"type":"Feature","geometry":{"type":"Point","coordinates":[18.434725,54.539056]},"properties":{"line":"159","mode":"bus","color":"#0059a9","colorDark":"#00294f","band":2,"off":[-1.7,1.1]}},{"type":"Feature","geometry":{"type":"Point","coordinates":[18.434725,54.539056]},"properties":{"line":"S","mode":"bus","color":"#0059a9","colorDark":"#00294f","band":2,"off":[1.7,1.1]}},{"type":"Feature","geometry":{"type":"Point","coordinates":[18.434725,54.539056]},"properties":{"line":"W","mode":"bus","color":"#0059a9","colorDark":"#00294f","band":2,"off":[5.1,1.1]}},{"type":"Feature","geometry":{"type":"Point","coordinates":[18.483525,54.465528]},"properties":{"name":"Wielki Kack Fikakowo","band":2,"modes":"bus","arr":["29","153"],"off":[0,-0.8]}},{"type":"Feature","geometry":{"type":"Point","coordinates":[18.483525,54.465528]},"properties":{"line":"29","mode":"bus","color":"#149a3f","colorDark":"#0a5121","band":2,"off":[-1.7,1.1]}},{"type":"Feature","geometry":{"type":"Point","coordinates":[18.483525,54.465528]},"properties":{"line":"153","mode":"bus","color":"#0059a9","colorDark":"#00294f","band":2,"off":[1.7,1.1]}},{"type":"Feature","geometry":{"type":"Point","coordinates":[18.580976,54.425749]},"properties":{"name":"Ergo Arena","band":2,"modes":"bus","arr":["31"],"off":[0,-0.8]}},{"type":"Feature","geometry":{"type":"Point","coordinates":[18.580976,54.425749]},"properties":{"line":"31","mode":"bus","color":"#149a3f","colorDark":"#0a5121","band":2,"off":[0,1.1]}},{"type":"Feature","geometry":{"type":"Point","coordinates":[18.503246,54.477784]},"properties":{"name":"Mały Kack Strzelców","band":2,"modes":"bus","arr":["32","145"],"off":[0,-0.8]}},{"type":"Feature","geometry":{"type":"Point","coordinates":[18.503246,54.477784]},"properties":{"line":"32","mode":"bus","color":"#149a3f","colorDark":"#0a5121","band":2,"off":[-1.7,1.1]}},{"type":"Feature","geometry":{"type":"Point","coordinates":[18.503246,54.477784]},"properties":{"line":"145","mode":"bus","color":"#0059a9","colorDark":"#00294f","band":2,"off":[1.7,1.1]}},{"type":"Feature","geometry":{"type":"Point","coordinates":[18.506768,54.550668]},"properties":{"name":"Obłuże Centrum","band":2,"modes":"bus","arr":["32","105","125","128","135","146","173","194","198","365","G","K","N94"],"off":[0,-0.8]}},{"type":"Feature","geometry":{"type":"Point","coordinates":[18.506768,54.550668]},"properties":{"line":"32","mode":"bus","color":"#149a3f","colorDark":"#0a5121","band":2,"off":[-6.8,1.1]}},{"type":"Feature","geometry":{"type":"Point","coordinates":[18.506768,54.550668]},"properties":{"line":"105","mode":"bus","color":"#0059a9","colorDark":"#00294f","band":2,"off":[-3.4,1.1]}},{"type":"Feature","geometry":{"type":"Point","coordinates":[18.506768,54.550668]},"properties":{"line":"125","mode":"bus","color":"#0059a9","colorDark":"#00294f","band":2,"off":[0,1.1]}},{"type":"Feature","geometry":{"type":"Point","coordinates":[18.506768,54.550668]},"properties":{"line":"128","mode":"bus","color":"#0059a9","colorDark":"#00294f","band":2,"off":[3.4,1.1]}},{"type":"Feature","geometry":{"type":"Point","coordinates":[18.506768,54.550668]},"properties":{"line":"135","mode":"bus","color":"#0059a9","colorDark":"#00294f","band":2,"off":[6.8,1.1]}},{"type":"Feature","geometry":{"type":"Point","coordinates":[18.506768,54.550668]},"properties":{"line":"146","mode":"bus","color":"#0059a9","colorDark":"#00294f","band":2,"off":[-6.8,3.1]}},{"type":"Feature","geometry":{"type":"Point","coordinates":[18.506768,54.550668]},"properties":{"line":"173","mode":"bus","color":"#0059a9","colorDark":"#00294f","band":2,"off":[-3.4,3.1]}},{"type":"Feature","geometry":{"type":"Point","coordinates":[18.506768,54.550668]},"properties":{"line":"194","mode":"bus","color":"#0059a9","colorDark":"#00294f","band":2,"off":[0,3.1]}},{"type":"Feature","geometry":{"type":"Point","coordinates":[18.506768,54.550668]},"properties":{"line":"198","mode":"bus","color":"#0059a9","colorDark":"#00294f","band":2,"off":[3.4,3.1]}},{"type":"Feature","geometry":{"type":"Point","coordinates":[18.506768,54.550668]},"properties":{"line":"365","mode":"bus","color":"#0059a9","colorDark":"#00294f","band":2,"off":[6.8,3.1]}},{"type":"Feature","geometry":{"type":"Point","coordinates":[18.506768,54.550668]},"properties":{"line":"G","mode":"bus","color":"#0059a9","colorDark":"#00294f","band":2,"off":[-3.4,5.1]}},{"type":"Feature","geometry":{"type":"Point","coordinates":[18.506768,54.550668]},"properties":{"line":"K","mode":"bus","color":"#0059a9","colorDark":"#00294f","band":2,"off":[0,5.1]}},{"type":"Feature","geometry":{"type":"Point","coordinates":[18.506768,54.550668]},"properties":{"line":"N94","mode":"bus","color":"#0059a9","colorDark":"#00294f","band":2,"off":[3.4,5.1]}},{"type":"Feature","geometry":{"type":"Point","coordinates":[18.466693,54.560818]},"properties":{"name":"Pogórze Dolne Złota","band":2,"modes":"bus","arr":["32"],"off":[0,-0.8]}},{"type":"Feature","geometry":{"type":"Point","coordinates":[18.466693,54.560818]},"properties":{"line":"32","mode":"bus","color":"#149a3f","colorDark":"#0a5121","band":2,"off":[0,1.1]}},{"type":"Feature","geometry":{"type":"Point","coordinates":[18.478546,54.557363]},"properties":{"name":"Pogórze Dolne","band":2,"modes":"bus","arr":["32","105","125","135","146","173","198","365","N40"],"off":[0,-0.8]}},{"type":"Feature","geometry":{"type":"Point","coordinates":[18.478546,54.557363]},"properties":{"line":"32","mode":"bus","color":"#149a3f","colorDark":"#0a5121","band":2,"off":[-6.8,1.1]}},{"type":"Feature","geometry":{"type":"Point","coordinates":[18.478546,54.557363]},"properties":{"line":"105","mode":"bus","color":"#0059a9","colorDark":"#00294f","band":2,"off":[-3.4,1.1]}},{"type":"Feature","geometry":{"type":"Point","coordinates":[18.478546,54.557363]},"properties":{"line":"125","mode":"bus","color":"#0059a9","colorDark":"#00294f","band":2,"off":[0,1.1]}},{"type":"Feature","geometry":{"type":"Point","coordinates":[18.478546,54.557363]},"properties":{"line":"135","mode":"bus","color":"#0059a9","colorDark":"#00294f","band":2,"off":[3.4,1.1]}},{"type":"Feature","geometry":{"type":"Point","coordinates":[18.478546,54.557363]},"properties":{"line":"146","mode":"bus","color":"#0059a9","colorDark":"#00294f","band":2,"off":[6.8,1.1]}},{"type":"Feature","geometry":{"type":"Point","coordinates":[18.478546,54.557363]},"properties":{"line":"173","mode":"bus","color":"#0059a9","colorDark":"#00294f","band":2,"off":[-5.1,3.1]}},{"type":"Feature","geometry":{"type":"Point","coordinates":[18.478546,54.557363]},"properties":{"line":"198","mode":"bus","color":"#0059a9","colorDark":"#00294f","band":2,"off":[-1.7,3.1]}},{"type":"Feature","geometry":{"type":"Point","coordinates":[18.478546,54.557363]},"properties":{"line":"365","mode":"bus","color":"#0059a9","colorDark":"#00294f","band":2,"off":[1.7,3.1]}},{"type":"Feature","geometry":{"type":"Point","coordinates":[18.478546,54.557363]},"properties":{"line":"N40","mode":"bus","color":"#0059a9","colorDark":"#00294f","band":2,"off":[5.1,3.1]}},{"type":"Feature","geometry":{"type":"Point","coordinates":[18.484532,54.47383]},"properties":{"name":"Karwiny Tuwima","band":2,"modes":"bus","arr":["33","145","180"],"off":[0,-0.8]}},{"type":"Feature","geometry":{"type":"Point","coordinates":[18.484532,54.47383]},"properties":{"line":"33","mode":"bus","color":"#149a3f","colorDark":"#0a5121","band":2,"off":[-3.4,1.1]}},{"type":"Feature","geometry":{"type":"Point","coordinates":[18.484532,54.47383]},"properties":{"line":"145","mode":"bus","color":"#0059a9","colorDark":"#00294f","band":2,"off":[0,1.1]}},{"type":"Feature","geometry":{"type":"Point","coordinates":[18.484532,54.47383]},"properties":{"line":"180","mode":"bus","color":"#0059a9","colorDark":"#00294f","band":2,"off":[3.4,1.1]}},{"type":"Feature","geometry":{"type":"Point","coordinates":[18.53421,54.5089]},"properties":{"name":"Węzeł Franciszki Cegielskiej","band":2,"modes":"bus","arr":["34","182"],"off":[0,-0.8]}},{"type":"Feature","geometry":{"type":"Point","coordinates":[18.53421,54.5089]},"properties":{"line":"34","mode":"bus","color":"#0059a9","colorDark":"#00294f","band":2,"off":[-1.7,1.1]}},{"type":"Feature","geometry":{"type":"Point","coordinates":[18.53421,54.5089]},"properties":{"line":"182","mode":"bus","color":"#0059a9","colorDark":"#00294f","band":2,"off":[1.7,1.1]}},{"type":"Feature","geometry":{"type":"Point","coordinates":[18.462144,54.525425]},"properties":{"name":"Demptowo","band":2,"modes":"bus","arr":["34"],"off":[0,-0.8]}},{"type":"Feature","geometry":{"type":"Point","coordinates":[18.462144,54.525425]},"properties":{"line":"34","mode":"bus","color":"#0059a9","colorDark":"#00294f","band":2,"off":[0,1.1]}},{"type":"Feature","geometry":{"type":"Point","coordinates":[18.406402,54.556844]},"properties":{"name":"Janowo SKM - Sobieskiego","band":2,"modes":"bus","arr":["83"],"off":[0,-0.8]}},{"type":"Feature","geometry":{"type":"Point","coordinates":[18.406402,54.556844]},"properties":{"line":"83","mode":"bus","color":"#0059a9","colorDark":"#00294f","band":2,"off":[0,1.1]}},{"type":"Feature","geometry":{"type":"Point","coordinates":[18.367317,54.591985]},"properties":{"name":"Reda Bosmańska","band":2,"modes":"bus","arr":["83","84","87"],"off":[0,-0.8]}},{"type":"Feature","geometry":{"type":"Point","coordinates":[18.367317,54.591985]},"properties":{"line":"83","mode":"bus","color":"#0059a9","colorDark":"#00294f","band":2,"off":[-3.4,1.1]}},{"type":"Feature","geometry":{"type":"Point","coordinates":[18.367317,54.591985]},"properties":{"line":"84","mode":"bus","color":"#0059a9","colorDark":"#00294f","band":2,"off":[0,1.1]}},{"type":"Feature","geometry":{"type":"Point","coordinates":[18.367317,54.591985]},"properties":{"line":"87","mode":"bus","color":"#0059a9","colorDark":"#00294f","band":2,"off":[3.4,1.1]}},{"type":"Feature","geometry":{"type":"Point","coordinates":[18.387263,54.569375]},"properties":{"name":"Rumia Dworzec PKP","band":2,"modes":"bus","arr":["84"],"off":[0,-0.8]}},{"type":"Feature","geometry":{"type":"Point","coordinates":[18.387263,54.569375]},"properties":{"line":"84","mode":"bus","color":"#0059a9","colorDark":"#00294f","band":2,"off":[0,1.1]}},{"type":"Feature","geometry":{"type":"Point","coordinates":[18.400118,54.585625]},"properties":{"name":"Rumia Partyzantów","band":2,"modes":"bus","arr":["85","173","J","M"],"off":[0,-0.8]}},{"type":"Feature","geometry":{"type":"Point","coordinates":[18.400118,54.585625]},"properties":{"line":"85","mode":"bus","color":"#0059a9","colorDark":"#00294f","band":2,"off":[-5.1,1.1]}},{"type":"Feature","geometry":{"type":"Point","coordinates":[18.400118,54.585625]},"properties":{"line":"173","mode":"bus","color":"#0059a9","colorDark":"#00294f","band":2,"off":[-1.7,1.1]}},{"type":"Feature","geometry":{"type":"Point","coordinates":[18.400118,54.585625]},"properties":{"line":"J","mode":"bus","color":"#0059a9","colorDark":"#00294f","band":2,"off":[1.7,1.1]}},{"type":"Feature","geometry":{"type":"Point","coordinates":[18.400118,54.585625]},"properties":{"line":"M","mode":"bus","color":"#0059a9","colorDark":"#00294f","band":2,"off":[5.1,1.1]}},{"type":"Feature","geometry":{"type":"Point","coordinates":[18.371189,54.551578]},"properties":{"name":"Rumia Szmelta","band":2,"modes":"bus","arr":["85","288"],"off":[0,-0.8]}},{"type":"Feature","geometry":{"type":"Point","coordinates":[18.371189,54.551578]},"properties":{"line":"85","mode":"bus","color":"#0059a9","colorDark":"#00294f","band":2,"off":[-1.7,1.1]}},{"type":"Feature","geometry":{"type":"Point","coordinates":[18.371189,54.551578]},"properties":{"line":"288","mode":"bus","color":"#0059a9","colorDark":"#00294f","band":2,"off":[1.7,1.1]}},{"type":"Feature","geometry":{"type":"Point","coordinates":[18.393167,54.559151]},"properties":{"name":"Rumia Cmentarz Komunalny","band":2,"modes":"bus","arr":["86"],"off":[0,-0.8]}},{"type":"Feature","geometry":{"type":"Point","coordinates":[18.393167,54.559151]},"properties":{"line":"86","mode":"bus","color":"#0059a9","colorDark":"#00294f","band":2,"off":[0,1.1]}},{"type":"Feature","geometry":{"type":"Point","coordinates":[18.435508,54.573068]},"properties":{"name":"Dębogórze-Wybudowanie - Leśna","band":2,"modes":"bus","arr":["86"],"off":[0,-0.8]}},{"type":"Feature","geometry":{"type":"Point","coordinates":[18.435508,54.573068]},"properties":{"line":"86","mode":"bus","color":"#0059a9","colorDark":"#00294f","band":2,"off":[0,1.1]}},{"type":"Feature","geometry":{"type":"Point","coordinates":[18.494218,54.582988]},"properties":{"name":"Kosakowo - Centrum Handlowe","band":2,"modes":"bus","arr":["86"],"off":[0,-0.8]}},{"type":"Feature","geometry":{"type":"Point","coordinates":[18.494218,54.582988]},"properties":{"line":"86","mode":"bus","color":"#0059a9","colorDark":"#00294f","band":2,"off":[0,1.1]}},{"type":"Feature","geometry":{"type":"Point","coordinates":[18.463198,54.545933]},"properties":{"name":"Chylonia Dworzec PKP - os. Meksyk","band":2,"modes":"bus","arr":["102","114","159","163","165","173","198","288"],"off":[0,-0.8]}},{"type":"Feature","geometry":{"type":"Point","coordinates":[18.463198,54.545933]},"properties":{"name":"Chylonia Dworzec PKP","band":2,"modes":"bus","arr":["102","114","159","163","165","173","198","288"],"off":[0,-3]}},{"type":"Feature","geometry":{"type":"Point","coordinates":[18.463198,54.545933]},"properties":{"line":"102","mode":"bus","color":"#0059a9","colorDark":"#00294f","band":2,"off":[-6.8,1.1]}},{"type":"Feature","geometry":{"type":"Point","coordinates":[18.463198,54.545933]},"properties":{"line":"114","mode":"bus","color":"#0059a9","colorDark":"#00294f","band":2,"off":[-3.4,1.1]}},{"type":"Feature","geometry":{"type":"Point","coordinates":[18.463198,54.545933]},"properties":{"line":"159","mode":"bus","color":"#0059a9","colorDark":"#00294f","band":2,"off":[0,1.1]}},{"type":"Feature","geometry":{"type":"Point","coordinates":[18.463198,54.545933]},"properties":{"line":"163","mode":"bus","color":"#0059a9","colorDark":"#00294f","band":2,"off":[3.4,1.1]}},{"type":"Feature","geometry":{"type":"Point","coordinates":[18.463198,54.545933]},"properties":{"line":"165","mode":"bus","color":"#0059a9","colorDark":"#00294f","band":2,"off":[6.8,1.1]}},{"type":"Feature","geometry":{"type":"Point","coordinates":[18.463198,54.545933]},"properties":{"line":"173","mode":"bus","color":"#0059a9","colorDark":"#00294f","band":2,"off":[-3.4,3.1]}},{"type":"Feature","geometry":{"type":"Point","coordinates":[18.463198,54.545933]},"properties":{"line":"198","mode":"bus","color":"#0059a9","colorDark":"#00294f","band":2,"off":[0,3.1]}},{"type":"Feature","geometry":{"type":"Point","coordinates":[18.463198,54.545933]},"properties":{"line":"288","mode":"bus","color":"#0059a9","colorDark":"#00294f","band":2,"off":[3.4,3.1]}},{"type":"Feature","geometry":{"type":"Point","coordinates":[18.548878,54.507751]},"properties":{"name":"Dom Marynarza","band":2,"modes":"bus","arr":["104","128","196","252","282"],"off":[0,-0.8]}},{"type":"Feature","geometry":{"type":"Point","coordinates":[18.548878,54.507751]},"properties":{"line":"104","mode":"bus","color":"#0059a9","colorDark":"#00294f","band":2,"off":[-6.8,1.1]}},{"type":"Feature","geometry":{"type":"Point","coordinates":[18.548878,54.507751]},"properties":{"line":"128","mode":"bus","color":"#0059a9","colorDark":"#00294f","band":2,"off":[-3.4,1.1]}},{"type":"Feature","geometry":{"type":"Point","coordinates":[18.548878,54.507751]},"properties":{"line":"196","mode":"bus","color":"#0059a9","colorDark":"#00294f","band":2,"off":[0,1.1]}},{"type":"Feature","geometry":{"type":"Point","coordinates":[18.548878,54.507751]},"properties":{"line":"252","mode":"bus","color":"#0059a9","colorDark":"#00294f","band":2,"off":[3.4,1.1]}},{"type":"Feature","geometry":{"type":"Point","coordinates":[18.548878,54.507751]},"properties":{"line":"282","mode":"bus","color":"#0059a9","colorDark":"#00294f","band":2,"off":[6.8,1.1]}},{"type":"Feature","geometry":{"type":"Point","coordinates":[18.501497,54.54808]},"properties":{"name":"Terminal Kontenerowy","band":2,"modes":"bus","arr":["104","105","125","135","150","196","197","198"],"off":[0,-0.8]}},{"type":"Feature","geometry":{"type":"Point","coordinates":[18.501497,54.54808]},"properties":{"line":"104","mode":"bus","color":"#0059a9","colorDark":"#00294f","band":2,"off":[-6.8,1.1]}},{"type":"Feature","geometry":{"type":"Point","coordinates":[18.501497,54.54808]},"properties":{"line":"105","mode":"bus","color":"#0059a9","colorDark":"#00294f","band":2,"off":[-3.4,1.1]}},{"type":"Feature","geometry":{"type":"Point","coordinates":[18.501497,54.54808]},"properties":{"line":"125","mode":"bus","color":"#0059a9","colorDark":"#00294f","band":2,"off":[0,1.1]}},{"type":"Feature","geometry":{"type":"Point","coordinates":[18.501497,54.54808]},"properties":{"line":"135","mode":"bus","color":"#0059a9","colorDark":"#00294f","band":2,"off":[3.4,1.1]}},{"type":"Feature","geometry":{"type":"Point","coordinates":[18.501497,54.54808]},"properties":{"line":"150","mode":"bus","color":"#0059a9","colorDark":"#00294f","band":2,"off":[6.8,1.1]}},{"type":"Feature","geometry":{"type":"Point","coordinates":[18.501497,54.54808]},"properties":{"line":"196","mode":"bus","color":"#0059a9","colorDark":"#00294f","band":2,"off":[-3.4,3.1]}},{"type":"Feature","geometry":{"type":"Point","coordinates":[18.501497,54.54808]},"properties":{"line":"197","mode":"bus","color":"#0059a9","colorDark":"#00294f","band":2,"off":[0,3.1]}},{"type":"Feature","geometry":{"type":"Point","coordinates":[18.501497,54.54808]},"properties":{"line":"198","mode":"bus","color":"#0059a9","colorDark":"#00294f","band":2,"off":[3.4,3.1]}},{"type":"Feature","geometry":{"type":"Point","coordinates":[18.54761,54.542849]},"properties":{"name":"Oksywie Dolne","band":2,"modes":"bus","arr":["104","X"],"off":[0,-0.8]}},{"type":"Feature","geometry":{"type":"Point","coordinates":[18.54761,54.542849]},"properties":{"line":"104","mode":"bus","color":"#0059a9","colorDark":"#00294f","band":2,"off":[-1.7,1.1]}},{"type":"Feature","geometry":{"type":"Point","coordinates":[18.54761,54.542849]},"properties":{"line":"X","mode":"bus","color":"#0059a9","colorDark":"#00294f","band":2,"off":[1.7,1.1]}},{"type":"Feature","geometry":{"type":"Point","coordinates":[18.55499,54.489687]},"properties":{"name":"Redłowo Szpital","band":2,"modes":"bus","arr":["105","121","125","180","252","700","W"],"off":[0,-0.8]}},{"type":"Feature","geometry":{"type":"Point","coordinates":[18.55499,54.489687]},"properties":{"line":"105","mode":"bus","color":"#0059a9","colorDark":"#00294f","band":2,"off":[-6.8,1.1]}},{"type":"Feature","geometry":{"type":"Point","coordinates":[18.55499,54.489687]},"properties":{"line":"121","mode":"bus","color":"#0059a9","colorDark":"#00294f","band":2,"off":[-3.4,1.1]}},{"type":"Feature","geometry":{"type":"Point","coordinates":[18.55499,54.489687]},"properties":{"line":"125","mode":"bus","color":"#0059a9","colorDark":"#00294f","band":2,"off":[0,1.1]}},{"type":"Feature","geometry":{"type":"Point","coordinates":[18.55499,54.489687]},"properties":{"line":"180","mode":"bus","color":"#0059a9","colorDark":"#00294f","band":2,"off":[3.4,1.1]}},{"type":"Feature","geometry":{"type":"Point","coordinates":[18.55499,54.489687]},"properties":{"line":"252","mode":"bus","color":"#0059a9","colorDark":"#00294f","band":2,"off":[6.8,1.1]}},{"type":"Feature","geometry":{"type":"Point","coordinates":[18.55499,54.489687]},"properties":{"line":"700","mode":"bus","color":"#0059a9","colorDark":"#00294f","band":2,"off":[-1.7,3.1]}},{"type":"Feature","geometry":{"type":"Point","coordinates":[18.55499,54.489687]},"properties":{"line":"W","mode":"bus","color":"#0059a9","colorDark":"#00294f","band":2,"off":[1.7,3.1]}},{"type":"Feature","geometry":{"type":"Point","coordinates":[18.474493,54.559826]},"properties":{"name":"Czernickiego I","band":2,"modes":"bus","arr":["105","135","146","163","165","173","365","770"],"off":[0,-0.8]}},{"type":"Feature","geometry":{"type":"Point","coordinates":[18.474493,54.559826]},"properties":{"name":"Baza na Pogórzu Dolnym","band":2,"modes":"bus","arr":["105","135","146","163","165","173","365","770"],"off":[0,-1.9]}},{"type":"Feature","geometry":{"type":"Point","coordinates":[18.474493,54.559826]},"properties":{"line":"105","mode":"bus","color":"#0059a9","colorDark":"#00294f","band":2,"off":[-6.8,1.1]}},{"type":"Feature","geometry":{"type":"Point","coordinates":[18.474493,54.559826]},"properties":{"line":"135","mode":"bus","color":"#0059a9","colorDark":"#00294f","band":2,"off":[-3.4,1.1]}},{"type":"Feature","geometry":{"type":"Point","coordinates":[18.474493,54.559826]},"properties":{"line":"146","mode":"bus","color":"#0059a9","colorDark":"#00294f","band":2,"off":[0,1.1]}},{"type":"Feature","geometry":{"type":"Point","coordinates":[18.474493,54.559826]},"properties":{"line":"163","mode":"bus","color":"#0059a9","colorDark":"#00294f","band":2,"off":[3.4,1.1]}},{"type":"Feature","geometry":{"type":"Point","coordinates":[18.474493,54.559826]},"properties":{"line":"165","mode":"bus","color":"#0059a9","colorDark":"#00294f","band":2,"off":[6.8,1.1]}},{"type":"Feature","geometry":{"type":"Point","coordinates":[18.474493,54.559826]},"properties":{"line":"173","mode":"bus","color":"#0059a9","colorDark":"#00294f","band":2,"off":[-3.4,3.1]}},{"type":"Feature","geometry":{"type":"Point","coordinates":[18.474493,54.559826]},"properties":{"line":"365","mode":"bus","color":"#0059a9","colorDark":"#00294f","band":2,"off":[0,3.1]}},{"type":"Feature","geometry":{"type":"Point","coordinates":[18.474493,54.559826]},"properties":{"line":"770","mode":"bus","color":"#0059a9","colorDark":"#00294f","band":2,"off":[3.4,3.1]}},{"type":"Feature","geometry":{"type":"Point","coordinates":[18.511655,54.608884]},"properties":{"name":"Mechelinki - Przystań","band":2,"modes":"bus","arr":["105","146","165"],"off":[0,-0.8]}},{"type":"Feature","geometry":{"type":"Point","coordinates":[18.511655,54.608884]},"properties":{"line":"105","mode":"bus","color":"#0059a9","colorDark":"#00294f","band":2,"off":[-3.4,1.1]}},{"type":"Feature","geometry":{"type":"Point","coordinates":[18.511655,54.608884]},"properties":{"line":"146","mode":"bus","color":"#0059a9","colorDark":"#00294f","band":2,"off":[0,1.1]}},{"type":"Feature","geometry":{"type":"Point","coordinates":[18.511655,54.608884]},"properties":{"line":"165","mode":"bus","color":"#0059a9","colorDark":"#00294f","band":2,"off":[3.4,1.1]}},{"type":"Feature","geometry":{"type":"Point","coordinates":[18.481387,54.563407]},"properties":{"name":"Pogórze Górne","band":2,"modes":"bus","arr":["105","135","141","146","163","165","173","194","282","365","G","N40","N65","N94"],"off":[0,-0.8]}},{"type":"Feature","geometry":{"type":"Point","coordinates":[18.481387,54.563407]},"properties":{"line":"105","mode":"bus","color":"#0059a9","colorDark":"#00294f","band":2,"off":[-6.8,1.1]}},{"type":"Feature","geometry":{"type":"Point","coordinates":[18.481387,54.563407]},"properties":{"line":"135","mode":"bus","color":"#0059a9","colorDark":"#00294f","band":2,"off":[-3.4,1.1]}},{"type":"Feature","geometry":{"type":"Point","coordinates":[18.481387,54.563407]},"properties":{"line":"141","mode":"bus","color":"#0059a9","colorDark":"#00294f","band":2,"off":[0,1.1]}},{"type":"Feature","geometry":{"type":"Point","coordinates":[18.481387,54.563407]},"properties":{"line":"146","mode":"bus","color":"#0059a9","colorDark":"#00294f","band":2,"off":[3.4,1.1]}},{"type":"Feature","geometry":{"type":"Point","coordinates":[18.481387,54.563407]},"properties":{"line":"163","mode":"bus","color":"#0059a9","colorDark":"#00294f","band":2,"off":[6.8,1.1]}},{"type":"Feature","geometry":{"type":"Point","coordinates":[18.481387,54.563407]},"properties":{"line":"165","mode":"bus","color":"#0059a9","colorDark":"#00294f","band":2,"off":[-6.8,3.1]}},{"type":"Feature","geometry":{"type":"Point","coordinates":[18.481387,54.563407]},"properties":{"line":"173","mode":"bus","color":"#0059a9","colorDark":"#00294f","band":2,"off":[-3.4,3.1]}},{"type":"Feature","geometry":{"type":"Point","coordinates":[18.481387,54.563407]},"properties":{"line":"194","mode":"bus","color":"#0059a9","colorDark":"#00294f","band":2,"off":[0,3.1]}},{"type":"Feature","geometry":{"type":"Point","coordinates":[18.481387,54.563407]},"properties":{"line":"282","mode":"bus","color":"#0059a9","colorDark":"#00294f","band":2,"off":[3.4,3.1]}},{"type":"Feature","geometry":{"type":"Point","coordinates":[18.481387,54.563407]},"properties":{"line":"365","mode":"bus","color":"#0059a9","colorDark":"#00294f","band":2,"off":[6.8,3.1]}},{"type":"Feature","geometry":{"type":"Point","coordinates":[18.481387,54.563407]},"properties":{"line":"G","mode":"bus","color":"#0059a9","colorDark":"#00294f","band":2,"off":[-5.1,5.1]}},{"type":"Feature","geometry":{"type":"Point","coordinates":[18.481387,54.563407]},"properties":{"line":"N40","mode":"bus","color":"#0059a9","colorDark":"#00294f","band":2,"off":[-1.7,5.1]}},{"type":"Feature","geometry":{"type":"Point","coordinates":[18.481387,54.563407]},"properties":{"line":"N65","mode":"bus","color":"#0059a9","colorDark":"#00294f","band":2,"off":[1.7,5.1]}},{"type":"Feature","geometry":{"type":"Point","coordinates":[18.481387,54.563407]},"properties":{"line":"N94","mode":"bus","color":"#0059a9","colorDark":"#00294f","band":2,"off":[5.1,5.1]}},{"type":"Feature","geometry":{"type":"Point","coordinates":[18.538951,54.577838]},"properties":{"name":"Babie Doły","band":2,"modes":"bus","arr":["109","196","209","309"],"off":[0,-0.8]}},{"type":"Feature","geometry":{"type":"Point","coordinates":[18.538951,54.577838]},"properties":{"line":"109","mode":"bus","color":"#0059a9","colorDark":"#00294f","band":2,"off":[-5.1,1.1]}},{"type":"Feature","geometry":{"type":"Point","coordinates":[18.538951,54.577838]},"properties":{"line":"196","mode":"bus","color":"#0059a9","colorDark":"#00294f","band":2,"off":[-1.7,1.1]}},{"type":"Feature","geometry":{"type":"Point","coordinates":[18.538951,54.577838]},"properties":{"line":"209","mode":"bus","color":"#0059a9","colorDark":"#00294f","band":2,"off":[1.7,1.1]}},{"type":"Feature","geometry":{"type":"Point","coordinates":[18.538951,54.577838]},"properties":{"line":"309","mode":"bus","color":"#0059a9","colorDark":"#00294f","band":2,"off":[5.1,1.1]}},{"type":"Feature","geometry":{"type":"Point","coordinates":[18.536983,54.491162]},"properties":{"name":"Redłowo SKM","band":2,"modes":"bus","arr":["109","209"],"off":[0,-0.8]}},{"type":"Feature","geometry":{"type":"Point","coordinates":[18.536983,54.491162]},"properties":{"line":"109","mode":"bus","color":"#0059a9","colorDark":"#00294f","band":2,"off":[-1.7,1.1]}},{"type":"Feature","geometry":{"type":"Point","coordinates":[18.536983,54.491162]},"properties":{"line":"209","mode":"bus","color":"#0059a9","colorDark":"#00294f","band":2,"off":[1.7,1.1]}},{"type":"Feature","geometry":{"type":"Point","coordinates":[18.547128,54.532798]},"properties":{"name":"Dworzec Morski - Muzeum Emigracji","band":2,"modes":"bus","arr":["119","133"],"off":[0,-0.8]}},{"type":"Feature","geometry":{"type":"Point","coordinates":[18.547128,54.532798]},"properties":{"line":"119","mode":"bus","color":"#0059a9","colorDark":"#00294f","band":2,"off":[-1.7,1.1]}},{"type":"Feature","geometry":{"type":"Point","coordinates":[18.547128,54.532798]},"properties":{"line":"133","mode":"bus","color":"#0059a9","colorDark":"#00294f","band":2,"off":[1.7,1.1]}},{"type":"Feature","geometry":{"type":"Point","coordinates":[18.438303,54.497609]},"properties":{"name":"Chwarzno Sokółka","band":2,"modes":"bus","arr":["121","N20"],"off":[0,-0.8]}},{"type":"Feature","geometry":{"type":"Point","coordinates":[18.438303,54.497609]},"properties":{"line":"121","mode":"bus","color":"#0059a9","colorDark":"#00294f","band":2,"off":[-1.7,1.1]}},{"type":"Feature","geometry":{"type":"Point","coordinates":[18.438303,54.497609]},"properties":{"line":"N20","mode":"bus","color":"#0059a9","colorDark":"#00294f","band":2,"off":[1.7,1.1]}},{"type":"Feature","geometry":{"type":"Point","coordinates":[18.50714,54.562762]},"properties":{"name":"Obłuże Maciejewicza","band":2,"modes":"bus","arr":["134","182","197","770","K"],"off":[0,-0.8]}},{"type":"Feature","geometry":{"type":"Point","coordinates":[18.50714,54.562762]},"properties":{"line":"134","mode":"bus","color":"#0059a9","colorDark":"#00294f","band":2,"off":[-6.8,1.1]}},{"type":"Feature","geometry":{"type":"Point","coordinates":[18.50714,54.562762]},"properties":{"line":"182","mode":"bus","color":"#0059a9","colorDark":"#00294f","band":2,"off":[-3.4,1.1]}},{"type":"Feature","geometry":{"type":"Point","coordinates":[18.50714,54.562762]},"properties":{"line":"197","mode":"bus","color":"#0059a9","colorDark":"#00294f","band":2,"off":[0,1.1]}},{"type":"Feature","geometry":{"type":"Point","coordinates":[18.50714,54.562762]},"properties":{"line":"770","mode":"bus","color":"#0059a9","colorDark":"#00294f","band":2,"off":[3.4,1.1]}},{"type":"Feature","geometry":{"type":"Point","coordinates":[18.50714,54.562762]},"properties":{"line":"K","mode":"bus","color":"#0059a9","colorDark":"#00294f","band":2,"off":[6.8,1.1]}},{"type":"Feature","geometry":{"type":"Point","coordinates":[18.451306,54.590404]},"properties":{"name":"Dębogórze - Słonecznikowa","band":2,"modes":"bus","arr":["135"],"off":[0,-0.8]}},{"type":"Feature","geometry":{"type":"Point","coordinates":[18.451306,54.590404]},"properties":{"line":"135","mode":"bus","color":"#0059a9","colorDark":"#00294f","band":2,"off":[0,1.1]}},{"type":"Feature","geometry":{"type":"Point","coordinates":[18.45115,54.450756]},"properties":{"name":"Kacze Buki Puszczyka","band":2,"modes":"bus","arr":["137"],"off":[0,-0.8]}},{"type":"Feature","geometry":{"type":"Point","coordinates":[18.45115,54.450756]},"properties":{"line":"137","mode":"bus","color":"#0059a9","colorDark":"#00294f","band":2,"off":[0,1.1]}},{"type":"Feature","geometry":{"type":"Point","coordinates":[18.437278,54.481815]},"properties":{"name":"Wiczlino Działki I","band":2,"modes":"bus","arr":["140","760"],"off":[0,-0.8]}},{"type":"Feature","geometry":{"type":"Point","coordinates":[18.437278,54.481815]},"properties":{"line":"140","mode":"bus","color":"#0059a9","colorDark":"#00294f","band":2,"off":[-1.7,1.1]}},{"type":"Feature","geometry":{"type":"Point","coordinates":[18.437278,54.481815]},"properties":{"line":"760","mode":"bus","color":"#0059a9","colorDark":"#00294f","band":2,"off":[1.7,1.1]}},{"type":"Feature","geometry":{"type":"Point","coordinates":[18.42763,54.488136]},"properties":{"name":"Filipkowskiego","band":2,"modes":"bus","arr":["140","147","760","940","K"],"off":[0,-0.8]}},{"type":"Feature","geometry":{"type":"Point","coordinates":[18.42763,54.488136]},"properties":{"line":"140","mode":"bus","color":"#0059a9","colorDark":"#00294f","band":2,"off":[-6.8,1.1]}},{"type":"Feature","geometry":{"type":"Point","coordinates":[18.42763,54.488136]},"properties":{"line":"147","mode":"bus","color":"#0059a9","colorDark":"#00294f","band":2,"off":[-3.4,1.1]}},{"type":"Feature","geometry":{"type":"Point","coordinates":[18.42763,54.488136]},"properties":{"line":"760","mode":"bus","color":"#0059a9","colorDark":"#00294f","band":2,"off":[0,1.1]}},{"type":"Feature","geometry":{"type":"Point","coordinates":[18.42763,54.488136]},"properties":{"line":"940","mode":"bus","color":"#0059a9","colorDark":"#00294f","band":2,"off":[3.4,1.1]}},{"type":"Feature","geometry":{"type":"Point","coordinates":[18.42763,54.488136]},"properties":{"line":"K","mode":"bus","color":"#0059a9","colorDark":"#00294f","band":2,"off":[6.8,1.1]}},{"type":"Feature","geometry":{"type":"Point","coordinates":[18.433824,54.499163]},"properties":{"name":"Chwarzno Polanki","band":2,"modes":"bus","arr":["140","160","760","K"],"off":[0,-0.8]}},{"type":"Feature","geometry":{"type":"Point","coordinates":[18.433824,54.499163]},"properties":{"line":"140","mode":"bus","color":"#0059a9","colorDark":"#00294f","band":2,"off":[-5.1,1.1]}},{"type":"Feature","geometry":{"type":"Point","coordinates":[18.433824,54.499163]},"properties":{"line":"160","mode":"bus","color":"#0059a9","colorDark":"#00294f","band":2,"off":[-1.7,1.1]}},{"type":"Feature","geometry":{"type":"Point","coordinates":[18.433824,54.499163]},"properties":{"line":"760","mode":"bus","color":"#0059a9","colorDark":"#00294f","band":2,"off":[1.7,1.1]}},{"type":"Feature","geometry":{"type":"Point","coordinates":[18.433824,54.499163]},"properties":{"line":"K","mode":"bus","color":"#0059a9","colorDark":"#00294f","band":2,"off":[5.1,1.1]}},{"type":"Feature","geometry":{"type":"Point","coordinates":[18.492534,54.498386]},"properties":{"name":"Witomino Sosnowa","band":2,"modes":"bus","arr":["141"],"off":[0,-0.8]}},{"type":"Feature","geometry":{"type":"Point","coordinates":[18.492534,54.498386]},"properties":{"line":"141","mode":"bus","color":"#0059a9","colorDark":"#00294f","band":2,"off":[0,1.1]}},{"type":"Feature","geometry":{"type":"Point","coordinates":[18.511392,54.631961]},"properties":{"name":"Rewa - Bursztynowa","band":2,"modes":"bus","arr":["146","165","365","M","N65"],"off":[0,-0.8]}},{"type":"Feature","geometry":{"type":"Point","coordinates":[18.511392,54.631961]},"properties":{"line":"146","mode":"bus","color":"#0059a9","colorDark":"#00294f","band":2,"off":[-6.8,1.1]}},{"type":"Feature","geometry":{"type":"Point","coordinates":[18.511392,54.631961]},"properties":{"line":"165","mode":"bus","color":"#0059a9","colorDark":"#00294f","band":2,"off":[-3.4,1.1]}},{"type":"Feature","geometry":{"type":"Point","coordinates":[18.511392,54.631961]},"properties":{"line":"365","mode":"bus","color":"#0059a9","colorDark":"#00294f","band":2,"off":[0,1.1]}},{"type":"Feature","geometry":{"type":"Point","coordinates":[18.511392,54.631961]},"properties":{"line":"M","mode":"bus","color":"#0059a9","colorDark":"#00294f","band":2,"off":[3.4,1.1]}},{"type":"Feature","geometry":{"type":"Point","coordinates":[18.511392,54.631961]},"properties":{"line":"N65","mode":"bus","color":"#0059a9","colorDark":"#00294f","band":2,"off":[6.8,1.1]}},{"type":"Feature","geometry":{"type":"Point","coordinates":[18.512622,54.491135]},"properties":{"name":"Witomino Leśniczówka","band":2,"modes":"bus","arr":["150","N20","N94"],"off":[0,-0.8]}},{"type":"Feature","geometry":{"type":"Point","coordinates":[18.512622,54.491135]},"properties":{"line":"150","mode":"bus","color":"#0059a9","colorDark":"#00294f","band":2,"off":[-3.4,1.1]}},{"type":"Feature","geometry":{"type":"Point","coordinates":[18.512622,54.491135]},"properties":{"line":"N20","mode":"bus","color":"#0059a9","colorDark":"#00294f","band":2,"off":[0,1.1]}},{"type":"Feature","geometry":{"type":"Point","coordinates":[18.512622,54.491135]},"properties":{"line":"N94","mode":"bus","color":"#0059a9","colorDark":"#00294f","band":2,"off":[3.4,1.1]}},{"type":"Feature","geometry":{"type":"Point","coordinates":[18.539354,54.550742]},"properties":{"name":"Oksywie Godebskiego","band":2,"modes":"bus","arr":["150"],"off":[0,-0.8]}},{"type":"Feature","geometry":{"type":"Point","coordinates":[18.539354,54.550742]},"properties":{"line":"150","mode":"bus","color":"#0059a9","colorDark":"#00294f","band":2,"off":[0,1.1]}},{"type":"Feature","geometry":{"type":"Point","coordinates":[18.528354,54.486695]},"properties":{"name":"Mały Kack Sandomierska","band":2,"modes":"bus","arr":["152","203","252"],"off":[0,-0.8]}},{"type":"Feature","geometry":{"type":"Point","coordinates":[18.528354,54.486695]},"properties":{"line":"152","mode":"bus","color":"#0059a9","colorDark":"#00294f","band":2,"off":[-3.4,1.1]}},{"type":"Feature","geometry":{"type":"Point","coordinates":[18.528354,54.486695]},"properties":{"line":"203","mode":"bus","color":"#0059a9","colorDark":"#00294f","band":2,"off":[0,1.1]}},{"type":"Feature","geometry":{"type":"Point","coordinates":[18.528354,54.486695]},"properties":{"line":"252","mode":"bus","color":"#0059a9","colorDark":"#00294f","band":2,"off":[3.4,1.1]}},{"type":"Feature","geometry":{"type":"Point","coordinates":[18.546348,54.557516]},"properties":{"name":"Oksywie Dickmana","band":2,"modes":"bus","arr":["152"],"off":[0,-0.8]}},{"type":"Feature","geometry":{"type":"Point","coordinates":[18.546348,54.557516]},"properties":{"line":"152","mode":"bus","color":"#0059a9","colorDark":"#00294f","band":2,"off":[0,1.1]}},{"type":"Feature","geometry":{"type":"Point","coordinates":[18.496477,54.464606]},"properties":{"name":"Wielki Kack Starodworcowa","band":2,"modes":"bus","arr":["153"],"off":[0,-0.8]}},{"type":"Feature","geometry":{"type":"Point","coordinates":[18.496477,54.464606]},"properties":{"line":"153","mode":"bus","color":"#0059a9","colorDark":"#00294f","band":2,"off":[0,1.1]}},{"type":"Feature","geometry":{"type":"Point","coordinates":[18.547883,54.458585]},"properties":{"name":"Kamienny Potok - Kujawska","band":2,"modes":"bus","arr":["185"],"off":[0,-0.8]}},{"type":"Feature","geometry":{"type":"Point","coordinates":[18.547883,54.458585]},"properties":{"line":"185","mode":"bus","color":"#0059a9","colorDark":"#00294f","band":2,"off":[0,1.1]}},{"type":"Feature","geometry":{"type":"Point","coordinates":[18.340093,54.488363]},"properties":{"name":"Koleczkowo Poczta","band":2,"modes":"bus","arr":["191"],"off":[0,-0.8]}},{"type":"Feature","geometry":{"type":"Point","coordinates":[18.340093,54.488363]},"properties":{"line":"191","mode":"bus","color":"#0059a9","colorDark":"#00294f","band":2,"off":[0,1.1]}},{"type":"Feature","geometry":{"type":"Point","coordinates":[18.21685,54.486945]},"properties":{"name":"Szemud Centrum Samorządowe","band":2,"modes":"bus","arr":["193"],"off":[0,-0.8]}},{"type":"Feature","geometry":{"type":"Point","coordinates":[18.21685,54.486945]},"properties":{"line":"193","mode":"bus","color":"#0059a9","colorDark":"#00294f","band":2,"off":[0,1.1]}},{"type":"Feature","geometry":{"type":"Point","coordinates":[18.546863,54.50498]},"properties":{"name":"Norwida","band":2,"modes":"bus","arr":["252"],"off":[0,-0.8]}},{"type":"Feature","geometry":{"type":"Point","coordinates":[18.546863,54.50498]},"properties":{"line":"252","mode":"bus","color":"#0059a9","colorDark":"#00294f","band":2,"off":[0,1.1]}},{"type":"Feature","geometry":{"type":"Point","coordinates":[18.545161,54.456952]},"properties":{"name":"Kamienny Potok - Kościół","band":2,"modes":"bus","arr":["287"],"off":[0,-0.8]}},{"type":"Feature","geometry":{"type":"Point","coordinates":[18.545161,54.456952]},"properties":{"line":"287","mode":"bus","color":"#0059a9","colorDark":"#00294f","band":2,"off":[0,1.1]}},{"type":"Feature","geometry":{"type":"Point","coordinates":[18.494031,54.534221]},"properties":{"name":"Grabówek SKM","band":2,"modes":"bus","arr":["309","326","740"],"off":[0,-0.8]}},{"type":"Feature","geometry":{"type":"Point","coordinates":[18.494031,54.534221]},"properties":{"line":"309","mode":"bus","color":"#0059a9","colorDark":"#00294f","band":2,"off":[-3.4,1.1]}},{"type":"Feature","geometry":{"type":"Point","coordinates":[18.494031,54.534221]},"properties":{"line":"326","mode":"bus","color":"#149a3f","colorDark":"#0a5121","band":2,"off":[0,1.1]}},{"type":"Feature","geometry":{"type":"Point","coordinates":[18.494031,54.534221]},"properties":{"line":"740","mode":"bus","color":"#0059a9","colorDark":"#00294f","band":2,"off":[3.4,1.1]}},{"type":"Feature","geometry":{"type":"Point","coordinates":[18.537646,54.585813]},"properties":{"name":"Babie Doły Plaża","band":2,"modes":"bus","arr":["309"],"off":[0,-0.8]}},{"type":"Feature","geometry":{"type":"Point","coordinates":[18.537646,54.585813]},"properties":{"line":"309","mode":"bus","color":"#0059a9","colorDark":"#00294f","band":2,"off":[0,1.1]}},{"type":"Feature","geometry":{"type":"Point","coordinates":[18.415671,54.500442]},"properties":{"name":"Fregatowa","band":2,"modes":"bus","arr":["940"],"off":[0,-0.8]}},{"type":"Feature","geometry":{"type":"Point","coordinates":[18.415671,54.500442]},"properties":{"line":"940","mode":"bus","color":"#0059a9","colorDark":"#00294f","band":2,"off":[0,1.1]}},{"type":"Feature","geometry":{"type":"Point","coordinates":[18.245237,54.615058]},"properties":{"name":"Wejherowo Szpital","band":2,"modes":"bus","arr":["J"],"off":[0,-0.8]}},{"type":"Feature","geometry":{"type":"Point","coordinates":[18.245237,54.615058]},"properties":{"line":"J","mode":"bus","color":"#0059a9","colorDark":"#00294f","band":2,"off":[0,1.1]}},{"type":"Feature","geometry":{"type":"Point","coordinates":[18.463986,54.573205]},"properties":{"name":"Suchy Dwór - Borchardta","band":2,"modes":"bus","arr":["N94"],"off":[0,-0.8]}},{"type":"Feature","geometry":{"type":"Point","coordinates":[18.463986,54.573205]},"properties":{"line":"N94","mode":"bus","color":"#0059a9","colorDark":"#00294f","band":2,"off":[0,1.1]}},{"type":"Feature","geometry":{"type":"Point","coordinates":[18.355079,54.341527]},"properties":{"name":"Żukowo Urząd Gminy","band":2,"modes":"bus","arr":["Z"],"off":[0,-0.8]}},{"type":"Feature","geometry":{"type":"Point","coordinates":[18.355079,54.341527]},"properties":{"line":"Z","mode":"bus","color":"#0059a9","colorDark":"#00294f","band":2,"off":[0,1.1]}},{"type":"Feature","geometry":{"type":"Point","coordinates":[18.569905,54.327928]},"properties":{"name":"Lawendowe Wzgórze","band":2,"modes":"tram","arr":["2","11"],"off":[0,-0.8]}},{"type":"Feature","geometry":{"type":"Point","coordinates":[18.569905,54.327928]},"properties":{"line":"2","mode":"tram","color":"#d6212b","colorDark":"#7c1116","band":2,"off":[-1.7,1.1]}},{"type":"Feature","geometry":{"type":"Point","coordinates":[18.569905,54.327928]},"properties":{"line":"11","mode":"tram","color":"#d6212b","colorDark":"#7c1116","band":2,"off":[1.7,1.1]}},{"type":"Feature","geometry":{"type":"Point","coordinates":[18.638073,54.407341]},"properties":{"name":"Brzeźno Dom Zdrojowy","band":2,"modes":"tram","arr":["3","63"],"off":[0,-0.8]}},{"type":"Feature","geometry":{"type":"Point","coordinates":[18.638073,54.407341]},"properties":{"line":"3","mode":"tram","color":"#d6212b","colorDark":"#7c1116","band":2,"off":[-1.7,1.1]}},{"type":"Feature","geometry":{"type":"Point","coordinates":[18.638073,54.407341]},"properties":{"line":"63","mode":"tram","color":"#d6212b","colorDark":"#7c1116","band":2,"off":[1.7,1.1]}},{"type":"Feature","geometry":{"type":"Point","coordinates":[18.674326,54.401609]},"properties":{"name":"Nowy Port Oliwska","band":2,"modes":"tram","arr":["5","60"],"off":[0,-0.8]}},{"type":"Feature","geometry":{"type":"Point","coordinates":[18.674326,54.401609]},"properties":{"line":"5","mode":"tram","color":"#d6212b","colorDark":"#7c1116","band":2,"off":[-1.7,1.1]}},{"type":"Feature","geometry":{"type":"Point","coordinates":[18.674326,54.401609]},"properties":{"line":"60","mode":"tram","color":"#d6212b","colorDark":"#7c1116","band":2,"off":[1.7,1.1]}},{"type":"Feature","geometry":{"type":"Point","coordinates":[18.579232,54.390061]},"properties":{"name":"Zajezdnia WRZESZCZ T2","band":2,"modes":"tram","arr":["9","11"],"off":[0,-0.8]}},{"type":"Feature","geometry":{"type":"Point","coordinates":[18.579232,54.390061]},"properties":{"line":"9","mode":"tram","color":"#d6212b","colorDark":"#7c1116","band":2,"off":[-1.7,1.1]}},{"type":"Feature","geometry":{"type":"Point","coordinates":[18.579232,54.390061]},"properties":{"line":"11","mode":"tram","color":"#d6212b","colorDark":"#7c1116","band":2,"off":[1.7,1.1]}},{"type":"Feature","geometry":{"type":"Point","coordinates":[18.574168,54.366014]},"properties":{"name":"Brętowo PKM","band":2,"modes":"tram","arr":["10"],"off":[0,-0.8]}},{"type":"Feature","geometry":{"type":"Point","coordinates":[18.574168,54.366014]},"properties":{"line":"10","mode":"tram","color":"#d6212b","colorDark":"#7c1116","band":2,"off":[0,1.1]}},{"type":"Feature","geometry":{"type":"Point","coordinates":[18.594857,54.399259]},"properties":{"name":"Zaspa","band":2,"modes":"tram","arr":["12"],"off":[0,-0.8]}},{"type":"Feature","geometry":{"type":"Point","coordinates":[18.594857,54.399259]},"properties":{"line":"12","mode":"tram","color":"#d6212b","colorDark":"#7c1116","band":2,"off":[0,1.1]}},{"type":"Feature","geometry":{"type":"Point","coordinates":[18.645703,54.356977]},"properties":{"name":"Dworzec Główny","band":3,"modes":"bus","arr":["100"],"off":[0,-0.8]}},{"type":"Feature","geometry":{"type":"Point","coordinates":[18.645703,54.356977]},"properties":{"line":"100","mode":"bus","color":"#0059a9","colorDark":"#00294f","band":3,"off":[0,1.1]}},{"type":"Feature","geometry":{"type":"Point","coordinates":[18.656682,54.353759]},"properties":{"name":"Tartaczna","band":3,"modes":"bus","arr":["100"],"off":[0,-0.8]}},{"type":"Feature","geometry":{"type":"Point","coordinates":[18.656682,54.353759]},"properties":{"line":"100","mode":"bus","color":"#0059a9","colorDark":"#00294f","band":3,"off":[0,1.1]}},{"type":"Feature","geometry":{"type":"Point","coordinates":[18.659337,54.357441]},"properties":{"name":"Muzeum II Wojny Światowej","band":3,"modes":"bus","arr":["106","130","208","600"],"off":[0,-0.8]}},{"type":"Feature","geometry":{"type":"Point","coordinates":[18.659337,54.357441]},"properties":{"line":"106","mode":"bus","color":"#0059a9","colorDark":"#00294f","band":3,"off":[-5.1,1.1]}},{"type":"Feature","geometry":{"type":"Point","coordinates":[18.659337,54.357441]},"properties":{"line":"130","mode":"bus","color":"#0059a9","colorDark":"#00294f","band":3,"off":[-1.7,1.1]}},{"type":"Feature","geometry":{"type":"Point","coordinates":[18.659337,54.357441]},"properties":{"line":"208","mode":"bus","color":"#0059a9","colorDark":"#00294f","band":3,"off":[1.7,1.1]}},{"type":"Feature","geometry":{"type":"Point","coordinates":[18.659337,54.357441]},"properties":{"line":"600","mode":"bus","color":"#0059a9","colorDark":"#00294f","band":3,"off":[5.1,1.1]}},{"type":"Feature","geometry":{"type":"Point","coordinates":[18.679469,54.356766]},"properties":{"name":"Siennicka","band":3,"modes":"bus","arr":["106","111","911","N8"],"off":[0,-0.8]}},{"type":"Feature","geometry":{"type":"Point","coordinates":[18.679469,54.356766]},"properties":{"line":"106","mode":"bus","color":"#0059a9","colorDark":"#00294f","band":3,"off":[-5.1,1.1]}},{"type":"Feature","geometry":{"type":"Point","coordinates":[18.679469,54.356766]},"properties":{"line":"111","mode":"bus","color":"#0059a9","colorDark":"#00294f","band":3,"off":[-1.7,1.1]}},{"type":"Feature","geometry":{"type":"Point","coordinates":[18.679469,54.356766]},"properties":{"line":"911","mode":"bus","color":"#0059a9","colorDark":"#00294f","band":3,"off":[1.7,1.1]}},{"type":"Feature","geometry":{"type":"Point","coordinates":[18.679469,54.356766]},"properties":{"line":"N8","mode":"bus","color":"#0059a9","colorDark":"#00294f","band":3,"off":[5.1,1.1]}},{"type":"Feature","geometry":{"type":"Point","coordinates":[18.68279,54.40345]},"properties":{"name":"Muzeum Westerplatte – Terminal Promowy","band":3,"modes":"bus","arr":["106","138","600","606"],"off":[0,-0.8]}},{"type":"Feature","geometry":{"type":"Point","coordinates":[18.68279,54.40345]},"properties":{"line":"106","mode":"bus","color":"#0059a9","colorDark":"#00294f","band":3,"off":[-5.1,1.1]}},{"type":"Feature","geometry":{"type":"Point","coordinates":[18.68279,54.40345]},"properties":{"line":"138","mode":"bus","color":"#0059a9","colorDark":"#00294f","band":3,"off":[-1.7,1.1]}},{"type":"Feature","geometry":{"type":"Point","coordinates":[18.68279,54.40345]},"properties":{"line":"600","mode":"bus","color":"#0059a9","colorDark":"#00294f","band":3,"off":[1.7,1.1]}},{"type":"Feature","geometry":{"type":"Point","coordinates":[18.68279,54.40345]},"properties":{"line":"606","mode":"bus","color":"#0059a9","colorDark":"#00294f","band":3,"off":[5.1,1.1]}},{"type":"Feature","geometry":{"type":"Point","coordinates":[18.650973,54.247361]},"properties":{"name":"Pruszcz Gdański Komarowo","band":3,"modes":"bus","arr":["107","507"],"off":[0,-0.8]}},{"type":"Feature","geometry":{"type":"Point","coordinates":[18.650973,54.247361]},"properties":{"line":"107","mode":"bus","color":"#0059a9","colorDark":"#00294f","band":3,"off":[-1.7,1.1]}},{"type":"Feature","geometry":{"type":"Point","coordinates":[18.650973,54.247361]},"properties":{"line":"507","mode":"bus","color":"#0059a9","colorDark":"#00294f","band":3,"off":[1.7,1.1]}},{"type":"Feature","geometry":{"type":"Point","coordinates":[18.652325,54.267183]},"properties":{"name":"Pruszcz Gdański Osiedle Piastowskie","band":3,"modes":"bus","arr":["107","607","N5"],"off":[0,-0.8]}},{"type":"Feature","geometry":{"type":"Point","coordinates":[18.652325,54.267183]},"properties":{"line":"107","mode":"bus","color":"#0059a9","colorDark":"#00294f","band":3,"off":[-3.4,1.1]}},{"type":"Feature","geometry":{"type":"Point","coordinates":[18.652325,54.267183]},"properties":{"line":"607","mode":"bus","color":"#0059a9","colorDark":"#00294f","band":3,"off":[0,1.1]}},{"type":"Feature","geometry":{"type":"Point","coordinates":[18.652325,54.267183]},"properties":{"line":"N5","mode":"bus","color":"#0059a9","colorDark":"#00294f","band":3,"off":[3.4,1.1]}},{"type":"Feature","geometry":{"type":"Point","coordinates":[18.626457,54.266939]},"properties":{"name":"Pruszcz Gdański Rondo Kaszubskie","band":3,"modes":"bus","arr":["107","132","607"],"off":[0,-0.8]}},{"type":"Feature","geometry":{"type":"Point","coordinates":[18.626457,54.266939]},"properties":{"line":"107","mode":"bus","color":"#0059a9","colorDark":"#00294f","band":3,"off":[-3.4,1.1]}},{"type":"Feature","geometry":{"type":"Point","coordinates":[18.626457,54.266939]},"properties":{"line":"132","mode":"bus","color":"#0059a9","colorDark":"#00294f","band":3,"off":[0,1.1]}},{"type":"Feature","geometry":{"type":"Point","coordinates":[18.626457,54.266939]},"properties":{"line":"607","mode":"bus","color":"#0059a9","colorDark":"#00294f","band":3,"off":[3.4,1.1]}},{"type":"Feature","geometry":{"type":"Point","coordinates":[18.636207,54.262625]},"properties":{"name":"Pruszcz Gdański Krótka – Dom Wiedemanna","band":3,"modes":"bus","arr":["107","607","M32","N5"],"off":[0,-0.8]}},{"type":"Feature","geometry":{"type":"Point","coordinates":[18.636207,54.262625]},"properties":{"line":"107","mode":"bus","color":"#0059a9","colorDark":"#00294f","band":3,"off":[-5.1,1.1]}},{"type":"Feature","geometry":{"type":"Point","coordinates":[18.636207,54.262625]},"properties":{"line":"607","mode":"bus","color":"#0059a9","colorDark":"#00294f","band":3,"off":[-1.7,1.1]}},{"type":"Feature","geometry":{"type":"Point","coordinates":[18.636207,54.262625]},"properties":{"line":"M32","mode":"bus","color":"#0059a9","colorDark":"#00294f","band":3,"off":[1.7,1.1]}},{"type":"Feature","geometry":{"type":"Point","coordinates":[18.636207,54.262625]},"properties":{"line":"N5","mode":"bus","color":"#0059a9","colorDark":"#00294f","band":3,"off":[5.1,1.1]}},{"type":"Feature","geometry":{"type":"Point","coordinates":[18.645672,54.361583]},"properties":{"name":"Jana z Kolna","band":3,"modes":"bus","arr":["108","111","112","123","138","154","167","178","184","186","189","199","210","212","267","289","606"],"off":[0,-0.8]}},{"type":"Feature","geometry":{"type":"Point","coordinates":[18.645672,54.361583]},"properties":{"line":"108","mode":"bus","color":"#0059a9","colorDark":"#00294f","band":3,"off":[-6.8,1.1]}},{"type":"Feature","geometry":{"type":"Point","coordinates":[18.645672,54.361583]},"properties":{"line":"111","mode":"bus","color":"#0059a9","colorDark":"#00294f","band":3,"off":[-3.4,1.1]}},{"type":"Feature","geometry":{"type":"Point","coordinates":[18.645672,54.361583]},"properties":{"line":"112","mode":"bus","color":"#0059a9","colorDark":"#00294f","band":3,"off":[0,1.1]}},{"type":"Feature","geometry":{"type":"Point","coordinates":[18.645672,54.361583]},"properties":{"line":"123","mode":"bus","color":"#0059a9","colorDark":"#00294f","band":3,"off":[3.4,1.1]}},{"type":"Feature","geometry":{"type":"Point","coordinates":[18.645672,54.361583]},"properties":{"line":"138","mode":"bus","color":"#0059a9","colorDark":"#00294f","band":3,"off":[6.8,1.1]}},{"type":"Feature","geometry":{"type":"Point","coordinates":[18.645672,54.361583]},"properties":{"line":"154","mode":"bus","color":"#0059a9","colorDark":"#00294f","band":3,"off":[-6.8,3.1]}},{"type":"Feature","geometry":{"type":"Point","coordinates":[18.645672,54.361583]},"properties":{"line":"167","mode":"bus","color":"#0059a9","colorDark":"#00294f","band":3,"off":[-3.4,3.1]}},{"type":"Feature","geometry":{"type":"Point","coordinates":[18.645672,54.361583]},"properties":{"line":"178","mode":"bus","color":"#0059a9","colorDark":"#00294f","band":3,"off":[0,3.1]}},{"type":"Feature","geometry":{"type":"Point","coordinates":[18.645672,54.361583]},"properties":{"line":"184","mode":"bus","color":"#0059a9","colorDark":"#00294f","band":3,"off":[3.4,3.1]}},{"type":"Feature","geometry":{"type":"Point","coordinates":[18.645672,54.361583]},"properties":{"line":"186","mode":"bus","color":"#0059a9","colorDark":"#00294f","band":3,"off":[6.8,3.1]}},{"type":"Feature","geometry":{"type":"Point","coordinates":[18.645672,54.361583]},"properties":{"line":"189","mode":"bus","color":"#0059a9","colorDark":"#00294f","band":3,"off":[-6.8,5.1]}},{"type":"Feature","geometry":{"type":"Point","coordinates":[18.645672,54.361583]},"properties":{"line":"199","mode":"bus","color":"#0059a9","colorDark":"#00294f","band":3,"off":[-3.4,5.1]}},{"type":"Feature","geometry":{"type":"Point","coordinates":[18.645672,54.361583]},"properties":{"line":"210","mode":"bus","color":"#0059a9","colorDark":"#00294f","band":3,"off":[0,5.1]}},{"type":"Feature","geometry":{"type":"Point","coordinates":[18.645672,54.361583]},"properties":{"line":"212","mode":"bus","color":"#0059a9","colorDark":"#00294f","band":3,"off":[3.4,5.1]}},{"type":"Feature","geometry":{"type":"Point","coordinates":[18.645672,54.361583]},"properties":{"line":"267","mode":"bus","color":"#0059a9","colorDark":"#00294f","band":3,"off":[6.8,5.1]}},{"type":"Feature","geometry":{"type":"Point","coordinates":[18.645672,54.361583]},"properties":{"line":"289","mode":"bus","color":"#0059a9","colorDark":"#00294f","band":3,"off":[-1.7,7.1]}},{"type":"Feature","geometry":{"type":"Point","coordinates":[18.645672,54.361583]},"properties":{"line":"606","mode":"bus","color":"#0059a9","colorDark":"#00294f","band":3,"off":[1.7,7.1]}},{"type":"Feature","geometry":{"type":"Point","coordinates":[18.645239,54.354883]},"properties":{"name":"Dworzec Główny","band":3,"modes":"bus","arr":["108","132","154","189","208","289","M32","N5","N56","N89"],"off":[0,-0.8]}},{"type":"Feature","geometry":{"type":"Point","coordinates":[18.645239,54.354883]},"properties":{"line":"108","mode":"bus","color":"#0059a9","colorDark":"#00294f","band":3,"off":[-6.8,1.1]}},{"type":"Feature","geometry":{"type":"Point","coordinates":[18.645239,54.354883]},"properties":{"line":"132","mode":"bus","color":"#0059a9","colorDark":"#00294f","band":3,"off":[-3.4,1.1]}},{"type":"Feature","geometry":{"type":"Point","coordinates":[18.645239,54.354883]},"properties":{"line":"154","mode":"bus","color":"#0059a9","colorDark":"#00294f","band":3,"off":[0,1.1]}},{"type":"Feature","geometry":{"type":"Point","coordinates":[18.645239,54.354883]},"properties":{"line":"189","mode":"bus","color":"#0059a9","colorDark":"#00294f","band":3,"off":[3.4,1.1]}},{"type":"Feature","geometry":{"type":"Point","coordinates":[18.645239,54.354883]},"properties":{"line":"208","mode":"bus","color":"#0059a9","colorDark":"#00294f","band":3,"off":[6.8,1.1]}},{"type":"Feature","geometry":{"type":"Point","coordinates":[18.645239,54.354883]},"properties":{"line":"289","mode":"bus","color":"#0059a9","colorDark":"#00294f","band":3,"off":[-6.8,3.1]}},{"type":"Feature","geometry":{"type":"Point","coordinates":[18.645239,54.354883]},"properties":{"line":"M32","mode":"bus","color":"#0059a9","colorDark":"#00294f","band":3,"off":[-3.4,3.1]}},{"type":"Feature","geometry":{"type":"Point","coordinates":[18.645239,54.354883]},"properties":{"line":"N5","mode":"bus","color":"#0059a9","colorDark":"#00294f","band":3,"off":[0,3.1]}},{"type":"Feature","geometry":{"type":"Point","coordinates":[18.645239,54.354883]},"properties":{"line":"N56","mode":"bus","color":"#0059a9","colorDark":"#00294f","band":3,"off":[3.4,3.1]}},{"type":"Feature","geometry":{"type":"Point","coordinates":[18.645239,54.354883]},"properties":{"line":"N89","mode":"bus","color":"#0059a9","colorDark":"#00294f","band":3,"off":[6.8,3.1]}},{"type":"Feature","geometry":{"type":"Point","coordinates":[18.615922,54.333974]},"properties":{"name":"Chełm Więckowskiego","band":3,"modes":"bus","arr":["108"],"off":[0,-0.8]}},{"type":"Feature","geometry":{"type":"Point","coordinates":[18.615922,54.333974]},"properties":{"line":"108","mode":"bus","color":"#0059a9","colorDark":"#00294f","band":3,"off":[0,1.1]}},{"type":"Feature","geometry":{"type":"Point","coordinates":[18.603376,54.382124]},"properties":{"name":"Wrzeszcz PKP","band":3,"modes":"bus","arr":["110","116","126","136","157","158","162","258","N3"],"off":[0,-0.8]}},{"type":"Feature","geometry":{"type":"Point","coordinates":[18.603376,54.382124]},"properties":{"line":"110","mode":"bus","color":"#0059a9","colorDark":"#00294f","band":3,"off":[-6.8,1.1]}},{"type":"Feature","geometry":{"type":"Point","coordinates":[18.603376,54.382124]},"properties":{"line":"116","mode":"bus","color":"#0059a9","colorDark":"#00294f","band":3,"off":[-3.4,1.1]}},{"type":"Feature","geometry":{"type":"Point","coordinates":[18.603376,54.382124]},"properties":{"line":"126","mode":"bus","color":"#0059a9","colorDark":"#00294f","band":3,"off":[0,1.1]}},{"type":"Feature","geometry":{"type":"Point","coordinates":[18.603376,54.382124]},"properties":{"line":"136","mode":"bus","color":"#0059a9","colorDark":"#00294f","band":3,"off":[3.4,1.1]}},{"type":"Feature","geometry":{"type":"Point","coordinates":[18.603376,54.382124]},"properties":{"line":"157","mode":"bus","color":"#0059a9","colorDark":"#00294f","band":3,"off":[6.8,1.1]}},{"type":"Feature","geometry":{"type":"Point","coordinates":[18.603376,54.382124]},"properties":{"line":"158","mode":"bus","color":"#0059a9","colorDark":"#00294f","band":3,"off":[-5.1,3.1]}},{"type":"Feature","geometry":{"type":"Point","coordinates":[18.603376,54.382124]},"properties":{"line":"162","mode":"bus","color":"#0059a9","colorDark":"#00294f","band":3,"off":[-1.7,3.1]}},{"type":"Feature","geometry":{"type":"Point","coordinates":[18.603376,54.382124]},"properties":{"line":"258","mode":"bus","color":"#0059a9","colorDark":"#00294f","band":3,"off":[1.7,3.1]}},{"type":"Feature","geometry":{"type":"Point","coordinates":[18.603376,54.382124]},"properties":{"line":"N3","mode":"bus","color":"#0059a9","colorDark":"#00294f","band":3,"off":[5.1,3.1]}},{"type":"Feature","geometry":{"type":"Point","coordinates":[18.467691,54.382751]},"properties":{"name":"Port Lotniczy","band":3,"modes":"bus","arr":["110","N3"],"off":[0,-0.8]}},{"type":"Feature","geometry":{"type":"Point","coordinates":[18.467691,54.382751]},"properties":{"line":"110","mode":"bus","color":"#0059a9","colorDark":"#00294f","band":3,"off":[-1.7,1.1]}},{"type":"Feature","geometry":{"type":"Point","coordinates":[18.467691,54.382751]},"properties":{"line":"N3","mode":"bus","color":"#0059a9","colorDark":"#00294f","band":3,"off":[1.7,1.1]}},{"type":"Feature","geometry":{"type":"Point","coordinates":[18.782144,54.354739]},"properties":{"name":"Górki Zachodnie","band":3,"modes":"bus","arr":["111","911","N8"],"off":[0,-0.8]}},{"type":"Feature","geometry":{"type":"Point","coordinates":[18.782144,54.354739]},"properties":{"line":"111","mode":"bus","color":"#0059a9","colorDark":"#00294f","band":3,"off":[-3.4,1.1]}},{"type":"Feature","geometry":{"type":"Point","coordinates":[18.782144,54.354739]},"properties":{"line":"911","mode":"bus","color":"#0059a9","colorDark":"#00294f","band":3,"off":[0,1.1]}},{"type":"Feature","geometry":{"type":"Point","coordinates":[18.782144,54.354739]},"properties":{"line":"N8","mode":"bus","color":"#0059a9","colorDark":"#00294f","band":3,"off":[3.4,1.1]}},{"type":"Feature","geometry":{"type":"Point","coordinates":[18.826237,54.343657]},"properties":{"name":"Sobieszewo","band":3,"modes":"bus","arr":["112","186","212","512","607","612","N9"],"off":[0,-0.8]}},{"type":"Feature","geometry":{"type":"Point","coordinates":[18.826237,54.343657]},"properties":{"line":"112","mode":"bus","color":"#0059a9","colorDark":"#00294f","band":3,"off":[-6.8,1.1]}},{"type":"Feature","geometry":{"type":"Point","coordinates":[18.826237,54.343657]},"properties":{"line":"186","mode":"bus","color":"#0059a9","colorDark":"#00294f","band":3,"off":[-3.4,1.1]}},{"type":"Feature","geometry":{"type":"Point","coordinates":[18.826237,54.343657]},"properties":{"line":"212","mode":"bus","color":"#0059a9","colorDark":"#00294f","band":3,"off":[0,1.1]}},{"type":"Feature","geometry":{"type":"Point","coordinates":[18.826237,54.343657]},"properties":{"line":"512","mode":"bus","color":"#0059a9","colorDark":"#00294f","band":3,"off":[3.4,1.1]}},{"type":"Feature","geometry":{"type":"Point","coordinates":[18.826237,54.343657]},"properties":{"line":"607","mode":"bus","color":"#0059a9","colorDark":"#00294f","band":3,"off":[6.8,1.1]}},{"type":"Feature","geometry":{"type":"Point","coordinates":[18.826237,54.343657]},"properties":{"line":"612","mode":"bus","color":"#0059a9","colorDark":"#00294f","band":3,"off":[-1.7,3.1]}},{"type":"Feature","geometry":{"type":"Point","coordinates":[18.826237,54.343657]},"properties":{"line":"N9","mode":"bus","color":"#0059a9","colorDark":"#00294f","band":3,"off":[1.7,3.1]}},{"type":"Feature","geometry":{"type":"Point","coordinates":[18.917126,54.311444]},"properties":{"name":"Przegalina","band":3,"modes":"bus","arr":["112","212","N9"],"off":[0,-0.8]}},{"type":"Feature","geometry":{"type":"Point","coordinates":[18.917126,54.311444]},"properties":{"line":"112","mode":"bus","color":"#0059a9","colorDark":"#00294f","band":3,"off":[-3.4,1.1]}},{"type":"Feature","geometry":{"type":"Point","coordinates":[18.917126,54.311444]},"properties":{"line":"212","mode":"bus","color":"#0059a9","colorDark":"#00294f","band":3,"off":[0,1.1]}},{"type":"Feature","geometry":{"type":"Point","coordinates":[18.917126,54.311444]},"properties":{"line":"N9","mode":"bus","color":"#0059a9","colorDark":"#00294f","band":3,"off":[3.4,1.1]}},{"type":"Feature","geometry":{"type":"Point","coordinates":[18.581233,54.305568]},"properties":{"name":"Olimpijska","band":3,"modes":"bus","arr":["113","176","213","N14","N4"],"off":[0,-0.8]}},{"type":"Feature","geometry":{"type":"Point","coordinates":[18.581233,54.305568]},"properties":{"line":"113","mode":"bus","color":"#0059a9","colorDark":"#00294f","band":3,"off":[-6.8,1.1]}},{"type":"Feature","geometry":{"type":"Point","coordinates":[18.581233,54.305568]},"properties":{"line":"176","mode":"bus","color":"#0059a9","colorDark":"#00294f","band":3,"off":[-3.4,1.1]}},{"type":"Feature","geometry":{"type":"Point","coordinates":[18.581233,54.305568]},"properties":{"line":"213","mode":"bus","color":"#0059a9","colorDark":"#00294f","band":3,"off":[0,1.1]}},{"type":"Feature","geometry":{"type":"Point","coordinates":[18.581233,54.305568]},"properties":{"line":"N14","mode":"bus","color":"#0059a9","colorDark":"#00294f","band":3,"off":[3.4,1.1]}},{"type":"Feature","geometry":{"type":"Point","coordinates":[18.581233,54.305568]},"properties":{"line":"N4","mode":"bus","color":"#0059a9","colorDark":"#00294f","band":3,"off":[6.8,1.1]}},{"type":"Feature","geometry":{"type":"Point","coordinates":[18.606329,54.322872]},"properties":{"name":"Łostowice Świętokrzyska","band":3,"modes":"tram,bus","arr":["3","6","113","120","155","162","175","176","195","208","213","255","256","262","295"],"off":[0,-0.8]}},{"type":"Feature","geometry":{"type":"Point","coordinates":[18.606329,54.322872]},"properties":{"line":"3","mode":"tram","color":"#d6212b","colorDark":"#7c1116","band":3,"off":[-6.8,1.1]}},{"type":"Feature","geometry":{"type":"Point","coordinates":[18.606329,54.322872]},"properties":{"line":"6","mode":"tram","color":"#d6212b","colorDark":"#7c1116","band":3,"off":[-3.4,1.1]}},{"type":"Feature","geometry":{"type":"Point","coordinates":[18.606329,54.322872]},"properties":{"line":"113","mode":"bus","color":"#0059a9","colorDark":"#00294f","band":3,"off":[0,1.1]}},{"type":"Feature","geometry":{"type":"Point","coordinates":[18.606329,54.322872]},"properties":{"line":"120","mode":"bus","color":"#0059a9","colorDark":"#00294f","band":3,"off":[3.4,1.1]}},{"type":"Feature","geometry":{"type":"Point","coordinates":[18.606329,54.322872]},"properties":{"line":"155","mode":"bus","color":"#0059a9","colorDark":"#00294f","band":3,"off":[6.8,1.1]}},{"type":"Feature","geometry":{"type":"Point","coordinates":[18.606329,54.322872]},"properties":{"line":"162","mode":"bus","color":"#0059a9","colorDark":"#00294f","band":3,"off":[-6.8,3.1]}},{"type":"Feature","geometry":{"type":"Point","coordinates":[18.606329,54.322872]},"properties":{"line":"175","mode":"bus","color":"#0059a9","colorDark":"#00294f","band":3,"off":[-3.4,3.1]}},{"type":"Feature","geometry":{"type":"Point","coordinates":[18.606329,54.322872]},"properties":{"line":"176","mode":"bus","color":"#0059a9","colorDark":"#00294f","band":3,"off":[0,3.1]}},{"type":"Feature","geometry":{"type":"Point","coordinates":[18.606329,54.322872]},"properties":{"line":"195","mode":"bus","color":"#0059a9","colorDark":"#00294f","band":3,"off":[3.4,3.1]}},{"type":"Feature","geometry":{"type":"Point","coordinates":[18.606329,54.322872]},"properties":{"line":"208","mode":"bus","color":"#0059a9","colorDark":"#00294f","band":3,"off":[6.8,3.1]}},{"type":"Feature","geometry":{"type":"Point","coordinates":[18.606329,54.322872]},"properties":{"line":"213","mode":"bus","color":"#0059a9","colorDark":"#00294f","band":3,"off":[-6.8,5.1]}},{"type":"Feature","geometry":{"type":"Point","coordinates":[18.606329,54.322872]},"properties":{"line":"255","mode":"bus","color":"#0059a9","colorDark":"#00294f","band":3,"off":[-3.4,5.1]}},{"type":"Feature","geometry":{"type":"Point","coordinates":[18.606329,54.322872]},"properties":{"line":"256","mode":"bus","color":"#0059a9","colorDark":"#00294f","band":3,"off":[0,5.1]}},{"type":"Feature","geometry":{"type":"Point","coordinates":[18.606329,54.322872]},"properties":{"line":"262","mode":"bus","color":"#0059a9","colorDark":"#00294f","band":3,"off":[3.4,5.1]}},{"type":"Feature","geometry":{"type":"Point","coordinates":[18.606329,54.322872]},"properties":{"line":"295","mode":"bus","color":"#0059a9","colorDark":"#00294f","band":3,"off":[6.8,5.1]}},{"type":"Feature","geometry":{"type":"Point","coordinates":[18.632271,54.322922]},"properties":{"name":"Gościnna","band":3,"modes":"bus","arr":["113"],"off":[0,-0.8]}},{"type":"Feature","geometry":{"type":"Point","coordinates":[18.632271,54.322922]},"properties":{"line":"113","mode":"bus","color":"#0059a9","colorDark":"#00294f","band":3,"off":[0,1.1]}},{"type":"Feature","geometry":{"type":"Point","coordinates":[18.568885,54.31785]},"properties":{"name":"Jaworzniaków","band":3,"modes":"bus","arr":["115","262"],"off":[0,-0.8]}},{"type":"Feature","geometry":{"type":"Point","coordinates":[18.568885,54.31785]},"properties":{"line":"115","mode":"bus","color":"#0059a9","colorDark":"#00294f","band":3,"off":[-1.7,1.1]}},{"type":"Feature","geometry":{"type":"Point","coordinates":[18.568885,54.31785]},"properties":{"line":"262","mode":"bus","color":"#0059a9","colorDark":"#00294f","band":3,"off":[1.7,1.1]}},{"type":"Feature","geometry":{"type":"Point","coordinates":[18.616772,54.364686]},"properties":{"name":"Szpital Zakaźny","band":3,"modes":"bus","arr":["115","183","184","283"],"off":[0,-0.8]}},{"type":"Feature","geometry":{"type":"Point","coordinates":[18.616772,54.364686]},"properties":{"line":"115","mode":"bus","color":"#0059a9","colorDark":"#00294f","band":3,"off":[-5.1,1.1]}},{"type":"Feature","geometry":{"type":"Point","coordinates":[18.616772,54.364686]},"properties":{"line":"183","mode":"bus","color":"#0059a9","colorDark":"#00294f","band":3,"off":[-1.7,1.1]}},{"type":"Feature","geometry":{"type":"Point","coordinates":[18.616772,54.364686]},"properties":{"line":"184","mode":"bus","color":"#0059a9","colorDark":"#00294f","band":3,"off":[1.7,1.1]}},{"type":"Feature","geometry":{"type":"Point","coordinates":[18.616772,54.364686]},"properties":{"line":"283","mode":"bus","color":"#0059a9","colorDark":"#00294f","band":3,"off":[5.1,1.1]}},{"type":"Feature","geometry":{"type":"Point","coordinates":[18.548914,54.366675]},"properties":{"name":"Matemblewo","band":3,"modes":"bus","arr":["116","131"],"off":[0,-0.8]}},{"type":"Feature","geometry":{"type":"Point","coordinates":[18.548914,54.366675]},"properties":{"line":"116","mode":"bus","color":"#0059a9","colorDark":"#00294f","band":3,"off":[-1.7,1.1]}},{"type":"Feature","geometry":{"type":"Point","coordinates":[18.548914,54.366675]},"properties":{"line":"131","mode":"bus","color":"#0059a9","colorDark":"#00294f","band":3,"off":[1.7,1.1]}},{"type":"Feature","geometry":{"type":"Point","coordinates":[18.601991,54.421549]},"properties":{"name":"Jelitkowo Kapliczna","band":3,"modes":"bus","arr":["117"],"off":[0,-0.8]}},{"type":"Feature","geometry":{"type":"Point","coordinates":[18.601991,54.421549]},"properties":{"line":"117","mode":"bus","color":"#0059a9","colorDark":"#00294f","band":3,"off":[0,1.1]}},{"type":"Feature","geometry":{"type":"Point","coordinates":[18.547847,54.439154]},"properties":{"name":"Sopot Osiedle Mickiewicza","band":3,"modes":"bus","arr":["117","144","287"],"off":[0,-0.8]}},{"type":"Feature","geometry":{"type":"Point","coordinates":[18.547847,54.439154]},"properties":{"name":"Osiedle Mickiewicza","band":3,"modes":"bus","arr":["117","144","287"],"off":[0,-3]}},{"type":"Feature","geometry":{"type":"Point","coordinates":[18.547847,54.439154]},"properties":{"line":"117","mode":"bus","color":"#0059a9","colorDark":"#00294f","band":3,"off":[-3.4,1.1]}},{"type":"Feature","geometry":{"type":"Point","coordinates":[18.547847,54.439154]},"properties":{"line":"144","mode":"bus","color":"#0059a9","colorDark":"#00294f","band":3,"off":[0,1.1]}},{"type":"Feature","geometry":{"type":"Point","coordinates":[18.547847,54.439154]},"properties":{"line":"287","mode":"bus","color":"#0059a9","colorDark":"#00294f","band":3,"off":[3.4,1.1]}},{"type":"Feature","geometry":{"type":"Point","coordinates":[18.574126,54.331339]},"properties":{"name":"Ujeścisko","band":3,"modes":"tram,bus","arr":["12","63","118","156"],"off":[0,-0.8]}},{"type":"Feature","geometry":{"type":"Point","coordinates":[18.574126,54.331339]},"properties":{"line":"12","mode":"tram","color":"#d6212b","colorDark":"#7c1116","band":3,"off":[-5.1,1.1]}},{"type":"Feature","geometry":{"type":"Point","coordinates":[18.574126,54.331339]},"properties":{"line":"63","mode":"tram","color":"#d6212b","colorDark":"#7c1116","band":3,"off":[-1.7,1.1]}},{"type":"Feature","geometry":{"type":"Point","coordinates":[18.574126,54.331339]},"properties":{"line":"118","mode":"bus","color":"#0059a9","colorDark":"#00294f","band":3,"off":[1.7,1.1]}},{"type":"Feature","geometry":{"type":"Point","coordinates":[18.574126,54.331339]},"properties":{"line":"156","mode":"bus","color":"#0059a9","colorDark":"#00294f","band":3,"off":[5.1,1.1]}},{"type":"Feature","geometry":{"type":"Point","coordinates":[18.577295,54.319751]},"properties":{"name":"Zakoniczyn","band":3,"modes":"bus","arr":["118","295","N1"],"off":[0,-0.8]}},{"type":"Feature","geometry":{"type":"Point","coordinates":[18.577295,54.319751]},"properties":{"line":"118","mode":"bus","color":"#0059a9","colorDark":"#00294f","band":3,"off":[-3.4,1.1]}},{"type":"Feature","geometry":{"type":"Point","coordinates":[18.577295,54.319751]},"properties":{"line":"295","mode":"bus","color":"#0059a9","colorDark":"#00294f","band":3,"off":[0,1.1]}},{"type":"Feature","geometry":{"type":"Point","coordinates":[18.577295,54.319751]},"properties":{"line":"N1","mode":"bus","color":"#0059a9","colorDark":"#00294f","band":3,"off":[3.4,1.1]}},{"type":"Feature","geometry":{"type":"Point","coordinates":[18.639826,54.393112]},"properties":{"name":"Letnica Węzeł Harfa","band":3,"modes":"bus","arr":["122","149"],"off":[0,-0.8]}},{"type":"Feature","geometry":{"type":"Point","coordinates":[18.639826,54.393112]},"properties":{"line":"122","mode":"bus","color":"#0059a9","colorDark":"#00294f","band":3,"off":[-1.7,1.1]}},{"type":"Feature","geometry":{"type":"Point","coordinates":[18.639826,54.393112]},"properties":{"line":"149","mode":"bus","color":"#0059a9","colorDark":"#00294f","band":3,"off":[1.7,1.1]}},{"type":"Feature","geometry":{"type":"Point","coordinates":[18.540588,54.447842]},"properties":{"name":"Sopot Przylesie","band":3,"modes":"bus","arr":["122"],"off":[0,-0.8]}},{"type":"Feature","geometry":{"type":"Point","coordinates":[18.540588,54.447842]},"properties":{"line":"122","mode":"bus","color":"#0059a9","colorDark":"#00294f","band":3,"off":[0,1.1]}},{"type":"Feature","geometry":{"type":"Point","coordinates":[18.587692,54.403407]},"properties":{"name":"Krynicka","band":3,"modes":"bus","arr":["122","149","199","N14"],"off":[0,-0.8]}},{"type":"Feature","geometry":{"type":"Point","coordinates":[18.587692,54.403407]},"properties":{"line":"122","mode":"bus","color":"#0059a9","colorDark":"#00294f","band":3,"off":[-5.1,1.1]}},{"type":"Feature","geometry":{"type":"Point","coordinates":[18.587692,54.403407]},"properties":{"line":"149","mode":"bus","color":"#0059a9","colorDark":"#00294f","band":3,"off":[-1.7,1.1]}},{"type":"Feature","geometry":{"type":"Point","coordinates":[18.587692,54.403407]},"properties":{"line":"199","mode":"bus","color":"#0059a9","colorDark":"#00294f","band":3,"off":[1.7,1.1]}},{"type":"Feature","geometry":{"type":"Point","coordinates":[18.587692,54.403407]},"properties":{"line":"N14","mode":"bus","color":"#0059a9","colorDark":"#00294f","band":3,"off":[5.1,1.1]}},{"type":"Feature","geometry":{"type":"Point","coordinates":[18.61199,54.403863]},"properties":{"name":"Zaspa Szpital","band":3,"modes":"bus","arr":["122","124","127","158","258","N6"],"off":[0,-0.8]}},{"type":"Feature","geometry":{"type":"Point","coordinates":[18.61199,54.403863]},"properties":{"line":"122","mode":"bus","color":"#0059a9","colorDark":"#00294f","band":3,"off":[-6.8,1.1]}},{"type":"Feature","geometry":{"type":"Point","coordinates":[18.61199,54.403863]},"properties":{"line":"124","mode":"bus","color":"#0059a9","colorDark":"#00294f","band":3,"off":[-3.4,1.1]}},{"type":"Feature","geometry":{"type":"Point","coordinates":[18.61199,54.403863]},"properties":{"line":"127","mode":"bus","color":"#0059a9","colorDark":"#00294f","band":3,"off":[0,1.1]}},{"type":"Feature","geometry":{"type":"Point","coordinates":[18.61199,54.403863]},"properties":{"line":"158","mode":"bus","color":"#0059a9","colorDark":"#00294f","band":3,"off":[3.4,1.1]}},{"type":"Feature","geometry":{"type":"Point","coordinates":[18.61199,54.403863]},"properties":{"line":"258","mode":"bus","color":"#0059a9","colorDark":"#00294f","band":3,"off":[6.8,1.1]}},{"type":"Feature","geometry":{"type":"Point","coordinates":[18.61199,54.403863]},"properties":{"line":"N6","mode":"bus","color":"#0059a9","colorDark":"#00294f","band":3,"off":[0,3.1]}},{"type":"Feature","geometry":{"type":"Point","coordinates":[18.640875,54.324245]},"properties":{"name":"Równa","band":3,"modes":"bus","arr":["123"],"off":[0,-0.8]}},{"type":"Feature","geometry":{"type":"Point","coordinates":[18.640875,54.324245]},"properties":{"line":"123","mode":"bus","color":"#0059a9","colorDark":"#00294f","band":3,"off":[0,1.1]}},{"type":"Feature","geometry":{"type":"Point","coordinates":[18.384974,54.393435]},"properties":{"name":"Banino Pszenna","band":3,"modes":"bus","arr":["126"],"off":[0,-0.8]}},{"type":"Feature","geometry":{"type":"Point","coordinates":[18.384974,54.393435]},"properties":{"line":"126","mode":"bus","color":"#0059a9","colorDark":"#00294f","band":3,"off":[0,1.1]}},{"type":"Feature","geometry":{"type":"Point","coordinates":[18.572263,54.411186]},"properties":{"name":"Oliwa PKP","band":3,"modes":"bus","arr":["127","143","199"],"off":[0,-0.8]}},{"type":"Feature","geometry":{"type":"Point","coordinates":[18.572263,54.411186]},"properties":{"line":"127","mode":"bus","color":"#0059a9","colorDark":"#00294f","band":3,"off":[-3.4,1.1]}},{"type":"Feature","geometry":{"type":"Point","coordinates":[18.572263,54.411186]},"properties":{"line":"143","mode":"bus","color":"#0059a9","colorDark":"#00294f","band":3,"off":[0,1.1]}},{"type":"Feature","geometry":{"type":"Point","coordinates":[18.572263,54.411186]},"properties":{"line":"199","mode":"bus","color":"#0059a9","colorDark":"#00294f","band":3,"off":[3.4,1.1]}},{"type":"Feature","geometry":{"type":"Point","coordinates":[18.58263,54.357661]},"properties":{"name":"Warneńska","band":3,"modes":"bus","arr":["127","130","184","210","227","283","N16","N2","N6"],"off":[0,-0.8]}},{"type":"Feature","geometry":{"type":"Point","coordinates":[18.58263,54.357661]},"properties":{"line":"127","mode":"bus","color":"#0059a9","colorDark":"#00294f","band":3,"off":[-6.8,1.1]}},{"type":"Feature","geometry":{"type":"Point","coordinates":[18.58263,54.357661]},"properties":{"line":"130","mode":"bus","color":"#0059a9","colorDark":"#00294f","band":3,"off":[-3.4,1.1]}},{"type":"Feature","geometry":{"type":"Point","coordinates":[18.58263,54.357661]},"properties":{"line":"184","mode":"bus","color":"#0059a9","colorDark":"#00294f","band":3,"off":[0,1.1]}},{"type":"Feature","geometry":{"type":"Point","coordinates":[18.58263,54.357661]},"properties":{"line":"210","mode":"bus","color":"#0059a9","colorDark":"#00294f","band":3,"off":[3.4,1.1]}},{"type":"Feature","geometry":{"type":"Point","coordinates":[18.58263,54.357661]},"properties":{"line":"227","mode":"bus","color":"#0059a9","colorDark":"#00294f","band":3,"off":[6.8,1.1]}},{"type":"Feature","geometry":{"type":"Point","coordinates":[18.58263,54.357661]},"properties":{"line":"283","mode":"bus","color":"#0059a9","colorDark":"#00294f","band":3,"off":[-5.1,3.1]}},{"type":"Feature","geometry":{"type":"Point","coordinates":[18.58263,54.357661]},"properties":{"line":"N16","mode":"bus","color":"#0059a9","colorDark":"#00294f","band":3,"off":[-1.7,3.1]}},{"type":"Feature","geometry":{"type":"Point","coordinates":[18.58263,54.357661]},"properties":{"line":"N2","mode":"bus","color":"#0059a9","colorDark":"#00294f","band":3,"off":[1.7,3.1]}},{"type":"Feature","geometry":{"type":"Point","coordinates":[18.58263,54.357661]},"properties":{"line":"N6","mode":"bus","color":"#0059a9","colorDark":"#00294f","band":3,"off":[5.1,3.1]}},{"type":"Feature","geometry":{"type":"Point","coordinates":[18.550024,54.353176]},"properties":{"name":"Jasień PKM","band":3,"modes":"bus","arr":["127","130","155","268"],"off":[0,-0.8]}},{"type":"Feature","geometry":{"type":"Point","coordinates":[18.550024,54.353176]},"properties":{"line":"127","mode":"bus","color":"#0059a9","colorDark":"#00294f","band":3,"off":[-5.1,1.1]}},{"type":"Feature","geometry":{"type":"Point","coordinates":[18.550024,54.353176]},"properties":{"line":"130","mode":"bus","color":"#0059a9","colorDark":"#00294f","band":3,"off":[-1.7,1.1]}},{"type":"Feature","geometry":{"type":"Point","coordinates":[18.550024,54.353176]},"properties":{"line":"155","mode":"bus","color":"#0059a9","colorDark":"#00294f","band":3,"off":[1.7,1.1]}},{"type":"Feature","geometry":{"type":"Point","coordinates":[18.550024,54.353176]},"properties":{"line":"268","mode":"bus","color":"#0059a9","colorDark":"#00294f","band":3,"off":[5.1,1.1]}},{"type":"Feature","geometry":{"type":"Point","coordinates":[18.552427,54.349538]},"properties":{"name":"Jasieńska","band":3,"modes":"bus","arr":["127","130","N6"],"off":[0,-0.8]}},{"type":"Feature","geometry":{"type":"Point","coordinates":[18.552427,54.349538]},"properties":{"line":"127","mode":"bus","color":"#0059a9","colorDark":"#00294f","band":3,"off":[-3.4,1.1]}},{"type":"Feature","geometry":{"type":"Point","coordinates":[18.552427,54.349538]},"properties":{"line":"130","mode":"bus","color":"#0059a9","colorDark":"#00294f","band":3,"off":[0,1.1]}},{"type":"Feature","geometry":{"type":"Point","coordinates":[18.552427,54.349538]},"properties":{"line":"N6","mode":"bus","color":"#0059a9","colorDark":"#00294f","band":3,"off":[3.4,1.1]}},{"type":"Feature","geometry":{"type":"Point","coordinates":[18.637953,54.249346]},"properties":{"name":"Pruszcz Gdański Urząd Skarbowy","band":3,"modes":"bus","arr":["132"],"off":[0,-0.8]}},{"type":"Feature","geometry":{"type":"Point","coordinates":[18.637953,54.249346]},"properties":{"line":"132","mode":"bus","color":"#0059a9","colorDark":"#00294f","band":3,"off":[0,1.1]}},{"type":"Feature","geometry":{"type":"Point","coordinates":[18.558899,54.380336]},"properties":{"name":"Niedźwiednik","band":3,"modes":"bus","arr":["136","184","283"],"off":[0,-0.8]}},{"type":"Feature","geometry":{"type":"Point","coordinates":[18.558899,54.380336]},"properties":{"line":"136","mode":"bus","color":"#0059a9","colorDark":"#00294f","band":3,"off":[-3.4,1.1]}},{"type":"Feature","geometry":{"type":"Point","coordinates":[18.558899,54.380336]},"properties":{"line":"184","mode":"bus","color":"#0059a9","colorDark":"#00294f","band":3,"off":[0,1.1]}},{"type":"Feature","geometry":{"type":"Point","coordinates":[18.558899,54.380336]},"properties":{"line":"283","mode":"bus","color":"#0059a9","colorDark":"#00294f","band":3,"off":[3.4,1.1]}},{"type":"Feature","geometry":{"type":"Point","coordinates":[18.527331,54.449315]},"properties":{"name":"Sopot Sanatorium Leśnik","band":3,"modes":"bus","arr":["143","177"],"off":[0,-0.8]}},{"type":"Feature","geometry":{"type":"Point","coordinates":[18.527331,54.449315]},"properties":{"name":"Sanatorium Leśnik","band":3,"modes":"bus","arr":["143","177"],"off":[0,-3]}},{"type":"Feature","geometry":{"type":"Point","coordinates":[18.527331,54.449315]},"properties":{"line":"143","mode":"bus","color":"#0059a9","colorDark":"#00294f","band":3,"off":[-1.7,1.1]}},{"type":"Feature","geometry":{"type":"Point","coordinates":[18.527331,54.449315]},"properties":{"line":"177","mode":"bus","color":"#0059a9","colorDark":"#00294f","band":3,"off":[1.7,1.1]}},{"type":"Feature","geometry":{"type":"Point","coordinates":[18.673519,54.396258]},"properties":{"name":"Nowy Port Szaniec Zachodni","band":3,"modes":"bus","arr":["148","N6"],"off":[0,-0.8]}},{"type":"Feature","geometry":{"type":"Point","coordinates":[18.673519,54.396258]},"properties":{"line":"148","mode":"bus","color":"#0059a9","colorDark":"#00294f","band":3,"off":[-1.7,1.1]}},{"type":"Feature","geometry":{"type":"Point","coordinates":[18.673519,54.396258]},"properties":{"line":"N6","mode":"bus","color":"#0059a9","colorDark":"#00294f","band":3,"off":[1.7,1.1]}},{"type":"Feature","geometry":{"type":"Point","coordinates":[18.570257,54.421123]},"properties":{"name":"Żabianka SKM","band":3,"modes":"bus","arr":["148","N14","N6"],"off":[0,-0.8]}},{"type":"Feature","geometry":{"type":"Point","coordinates":[18.570257,54.421123]},"properties":{"line":"148","mode":"bus","color":"#0059a9","colorDark":"#00294f","band":3,"off":[-3.4,1.1]}},{"type":"Feature","geometry":{"type":"Point","coordinates":[18.570257,54.421123]},"properties":{"line":"N14","mode":"bus","color":"#0059a9","colorDark":"#00294f","band":3,"off":[0,1.1]}},{"type":"Feature","geometry":{"type":"Point","coordinates":[18.570257,54.421123]},"properties":{"line":"N6","mode":"bus","color":"#0059a9","colorDark":"#00294f","band":3,"off":[3.4,1.1]}},{"type":"Feature","geometry":{"type":"Point","coordinates":[18.618495,54.325186]},"properties":{"name":"Orunia Górna","band":3,"modes":"bus","arr":["154","162","N1"],"off":[0,-0.8]}},{"type":"Feature","geometry":{"type":"Point","coordinates":[18.618495,54.325186]},"properties":{"line":"154","mode":"bus","color":"#0059a9","colorDark":"#00294f","band":3,"off":[-3.4,1.1]}},{"type":"Feature","geometry":{"type":"Point","coordinates":[18.618495,54.325186]},"properties":{"line":"162","mode":"bus","color":"#0059a9","colorDark":"#00294f","band":3,"off":[0,1.1]}},{"type":"Feature","geometry":{"type":"Point","coordinates":[18.618495,54.325186]},"properties":{"line":"N1","mode":"bus","color":"#0059a9","colorDark":"#00294f","band":3,"off":[3.4,1.1]}},{"type":"Feature","geometry":{"type":"Point","coordinates":[18.56945,54.306572]},"properties":{"name":"Kowale Szkoła Metropolitalna","band":3,"modes":"bus","arr":["156","255"],"off":[0,-0.8]}},{"type":"Feature","geometry":{"type":"Point","coordinates":[18.56945,54.306572]},"properties":{"line":"156","mode":"bus","color":"#0059a9","colorDark":"#00294f","band":3,"off":[-1.7,1.1]}},{"type":"Feature","geometry":{"type":"Point","coordinates":[18.56945,54.306572]},"properties":{"line":"255","mode":"bus","color":"#0059a9","colorDark":"#00294f","band":3,"off":[1.7,1.1]}},{"type":"Feature","geometry":{"type":"Point","coordinates":[18.463598,54.374847]},"properties":{"name":"Bysewo","band":3,"modes":"bus","arr":["157","167","267"],"off":[0,-0.8]}},{"type":"Feature","geometry":{"type":"Point","coordinates":[18.463598,54.374847]},"properties":{"line":"157","mode":"bus","color":"#0059a9","colorDark":"#00294f","band":3,"off":[-3.4,1.1]}},{"type":"Feature","geometry":{"type":"Point","coordinates":[18.463598,54.374847]},"properties":{"line":"167","mode":"bus","color":"#0059a9","colorDark":"#00294f","band":3,"off":[0,1.1]}},{"type":"Feature","geometry":{"type":"Point","coordinates":[18.463598,54.374847]},"properties":{"line":"267","mode":"bus","color":"#0059a9","colorDark":"#00294f","band":3,"off":[3.4,1.1]}},{"type":"Feature","geometry":{"type":"Point","coordinates":[18.716225,54.362533]},"properties":{"name":"Stogi","band":3,"modes":"bus","arr":["158","258","T8"],"off":[0,-0.8]}},{"type":"Feature","geometry":{"type":"Point","coordinates":[18.716225,54.362533]},"properties":{"line":"158","mode":"bus","color":"#0059a9","colorDark":"#00294f","band":3,"off":[-3.4,1.1]}},{"type":"Feature","geometry":{"type":"Point","coordinates":[18.716225,54.362533]},"properties":{"line":"258","mode":"bus","color":"#0059a9","colorDark":"#00294f","band":3,"off":[0,1.1]}},{"type":"Feature","geometry":{"type":"Point","coordinates":[18.716225,54.362533]},"properties":{"line":"T8","mode":"bus","color":"#0059a9","colorDark":"#00294f","band":3,"off":[3.4,1.1]}},{"type":"Feature","geometry":{"type":"Point","coordinates":[18.677843,54.378863]},"properties":{"name":"Ku Ujściu","band":3,"modes":"bus","arr":["158","258","600","658"],"off":[0,-0.8]}},{"type":"Feature","geometry":{"type":"Point","coordinates":[18.677843,54.378863]},"properties":{"line":"158","mode":"bus","color":"#0059a9","colorDark":"#00294f","band":3,"off":[-5.1,1.1]}},{"type":"Feature","geometry":{"type":"Point","coordinates":[18.677843,54.378863]},"properties":{"line":"258","mode":"bus","color":"#0059a9","colorDark":"#00294f","band":3,"off":[-1.7,1.1]}},{"type":"Feature","geometry":{"type":"Point","coordinates":[18.677843,54.378863]},"properties":{"line":"600","mode":"bus","color":"#0059a9","colorDark":"#00294f","band":3,"off":[1.7,1.1]}},{"type":"Feature","geometry":{"type":"Point","coordinates":[18.677843,54.378863]},"properties":{"line":"658","mode":"bus","color":"#0059a9","colorDark":"#00294f","band":3,"off":[5.1,1.1]}},{"type":"Feature","geometry":{"type":"Point","coordinates":[18.718647,54.353987]},"properties":{"name":"Sztutowska","band":3,"modes":"bus","arr":["166"],"off":[0,-0.8]}},{"type":"Feature","geometry":{"type":"Point","coordinates":[18.718647,54.353987]},"properties":{"line":"166","mode":"bus","color":"#0059a9","colorDark":"#00294f","band":3,"off":[0,1.1]}},{"type":"Feature","geometry":{"type":"Point","coordinates":[18.499203,54.342108]},"properties":{"name":"Kiełpino Górne","band":3,"modes":"bus","arr":["168"],"off":[0,-0.8]}},{"type":"Feature","geometry":{"type":"Point","coordinates":[18.499203,54.342108]},"properties":{"line":"168","mode":"bus","color":"#0059a9","colorDark":"#00294f","band":3,"off":[0,1.1]}},{"type":"Feature","geometry":{"type":"Point","coordinates":[18.606974,54.347841]},"properties":{"name":"Siedlce","band":3,"modes":"bus","arr":["168","174","175","195"],"off":[0,-0.8]}},{"type":"Feature","geometry":{"type":"Point","coordinates":[18.606974,54.347841]},"properties":{"line":"168","mode":"bus","color":"#0059a9","colorDark":"#00294f","band":3,"off":[-5.1,1.1]}},{"type":"Feature","geometry":{"type":"Point","coordinates":[18.606974,54.347841]},"properties":{"line":"174","mode":"bus","color":"#0059a9","colorDark":"#00294f","band":3,"off":[-1.7,1.1]}},{"type":"Feature","geometry":{"type":"Point","coordinates":[18.606974,54.347841]},"properties":{"line":"175","mode":"bus","color":"#0059a9","colorDark":"#00294f","band":3,"off":[1.7,1.1]}},{"type":"Feature","geometry":{"type":"Point","coordinates":[18.606974,54.347841]},"properties":{"line":"195","mode":"bus","color":"#0059a9","colorDark":"#00294f","band":3,"off":[5.1,1.1]}},{"type":"Feature","geometry":{"type":"Point","coordinates":[18.567498,54.409703]},"properties":{"name":"Oliwa","band":3,"modes":"tram,bus","arr":["5","60","169","171","179","622"],"off":[0,-0.8]}},{"type":"Feature","geometry":{"type":"Point","coordinates":[18.567498,54.409703]},"properties":{"line":"5","mode":"tram","color":"#d6212b","colorDark":"#7c1116","band":3,"off":[-6.8,1.1]}},{"type":"Feature","geometry":{"type":"Point","coordinates":[18.567498,54.409703]},"properties":{"line":"60","mode":"tram","color":"#d6212b","colorDark":"#7c1116","band":3,"off":[-3.4,1.1]}},{"type":"Feature","geometry":{"type":"Point","coordinates":[18.567498,54.409703]},"properties":{"line":"169","mode":"bus","color":"#0059a9","colorDark":"#00294f","band":3,"off":[0,1.1]}},{"type":"Feature","geometry":{"type":"Point","coordinates":[18.567498,54.409703]},"properties":{"line":"171","mode":"bus","color":"#0059a9","colorDark":"#00294f","band":3,"off":[3.4,1.1]}},{"type":"Feature","geometry":{"type":"Point","coordinates":[18.567498,54.409703]},"properties":{"line":"179","mode":"bus","color":"#0059a9","colorDark":"#00294f","band":3,"off":[6.8,1.1]}},{"type":"Feature","geometry":{"type":"Point","coordinates":[18.567498,54.409703]},"properties":{"line":"622","mode":"bus","color":"#0059a9","colorDark":"#00294f","band":3,"off":[0,3.1]}},{"type":"Feature","geometry":{"type":"Point","coordinates":[18.480094,54.414954]},"properties":{"name":"Owczarnia","band":3,"modes":"bus","arr":["169"],"off":[0,-0.8]}},{"type":"Feature","geometry":{"type":"Point","coordinates":[18.480094,54.414954]},"properties":{"line":"169","mode":"bus","color":"#0059a9","colorDark":"#00294f","band":3,"off":[0,1.1]}},{"type":"Feature","geometry":{"type":"Point","coordinates":[18.451976,54.420575]},"properties":{"name":"Osowa PKP","band":3,"modes":"bus","arr":["169","179","210","269","N1"],"off":[0,-0.8]}},{"type":"Feature","geometry":{"type":"Point","coordinates":[18.451976,54.420575]},"properties":{"line":"169","mode":"bus","color":"#0059a9","colorDark":"#00294f","band":3,"off":[-6.8,1.1]}},{"type":"Feature","geometry":{"type":"Point","coordinates":[18.451976,54.420575]},"properties":{"line":"179","mode":"bus","color":"#0059a9","colorDark":"#00294f","band":3,"off":[-3.4,1.1]}},{"type":"Feature","geometry":{"type":"Point","coordinates":[18.451976,54.420575]},"properties":{"line":"210","mode":"bus","color":"#0059a9","colorDark":"#00294f","band":3,"off":[0,1.1]}},{"type":"Feature","geometry":{"type":"Point","coordinates":[18.451976,54.420575]},"properties":{"line":"269","mode":"bus","color":"#0059a9","colorDark":"#00294f","band":3,"off":[3.4,1.1]}},{"type":"Feature","geometry":{"type":"Point","coordinates":[18.451976,54.420575]},"properties":{"line":"N1","mode":"bus","color":"#0059a9","colorDark":"#00294f","band":3,"off":[6.8,1.1]}},{"type":"Feature","geometry":{"type":"Point","coordinates":[18.535319,54.413475]},"properties":{"name":"Oliwa ZOO","band":3,"modes":"bus","arr":["169","622","G"],"off":[0,-0.8]}},{"type":"Feature","geometry":{"type":"Point","coordinates":[18.535319,54.413475]},"properties":{"line":"169","mode":"bus","color":"#0059a9","colorDark":"#00294f","band":3,"off":[-3.4,1.1]}},{"type":"Feature","geometry":{"type":"Point","coordinates":[18.535319,54.413475]},"properties":{"line":"622","mode":"bus","color":"#0059a9","colorDark":"#00294f","band":3,"off":[0,1.1]}},{"type":"Feature","geometry":{"type":"Point","coordinates":[18.535319,54.413475]},"properties":{"line":"G","mode":"bus","color":"#0059a9","colorDark":"#00294f","band":3,"off":[3.4,1.1]}},{"type":"Feature","geometry":{"type":"Point","coordinates":[18.477553,54.473086]},"properties":{"name":"Karwiny Nowowiczlińska","band":3,"modes":"bus","arr":["23","147","171","191","193"],"off":[0,-0.8]}},{"type":"Feature","geometry":{"type":"Point","coordinates":[18.477553,54.473086]},"properties":{"name":"Gdynia Karwiny Nowowiczlińska","band":3,"modes":"bus","arr":["23","147","171","191","193"],"off":[0,-3]}},{"type":"Feature","geometry":{"type":"Point","coordinates":[18.477553,54.473086]},"properties":{"line":"23","mode":"bus","color":"#149a3f","colorDark":"#0a5121","band":3,"off":[-6.8,1.1]}},{"type":"Feature","geometry":{"type":"Point","coordinates":[18.477553,54.473086]},"properties":{"line":"147","mode":"bus","color":"#0059a9","colorDark":"#00294f","band":3,"off":[-3.4,1.1]}},{"type":"Feature","geometry":{"type":"Point","coordinates":[18.477553,54.473086]},"properties":{"line":"171","mode":"bus","color":"#0059a9","colorDark":"#00294f","band":3,"off":[0,1.1]}},{"type":"Feature","geometry":{"type":"Point","coordinates":[18.477553,54.473086]},"properties":{"line":"191","mode":"bus","color":"#0059a9","colorDark":"#00294f","band":3,"off":[3.4,1.1]}},{"type":"Feature","geometry":{"type":"Point","coordinates":[18.477553,54.473086]},"properties":{"line":"193","mode":"bus","color":"#0059a9","colorDark":"#00294f","band":3,"off":[6.8,1.1]}},{"type":"Feature","geometry":{"type":"Point","coordinates":[18.504868,54.321362]},"properties":{"name":"Otomin Słoneczna Pętla","band":3,"modes":"bus","arr":["174"],"off":[0,-0.8]}},{"type":"Feature","geometry":{"type":"Point","coordinates":[18.504868,54.321362]},"properties":{"line":"174","mode":"bus","color":"#0059a9","colorDark":"#00294f","band":3,"off":[0,1.1]}},{"type":"Feature","geometry":{"type":"Point","coordinates":[18.606854,54.301603]},"properties":{"name":"Starogardzka","band":3,"modes":"bus","arr":["175","N2","N89"],"off":[0,-0.8]}},{"type":"Feature","geometry":{"type":"Point","coordinates":[18.606854,54.301603]},"properties":{"line":"175","mode":"bus","color":"#0059a9","colorDark":"#00294f","band":3,"off":[-3.4,1.1]}},{"type":"Feature","geometry":{"type":"Point","coordinates":[18.606854,54.301603]},"properties":{"line":"N2","mode":"bus","color":"#0059a9","colorDark":"#00294f","band":3,"off":[0,1.1]}},{"type":"Feature","geometry":{"type":"Point","coordinates":[18.606854,54.301603]},"properties":{"line":"N89","mode":"bus","color":"#0059a9","colorDark":"#00294f","band":3,"off":[3.4,1.1]}},{"type":"Feature","geometry":{"type":"Point","coordinates":[18.59534,54.298794]},"properties":{"name":"Borkowo Szkoła","band":3,"modes":"bus","arr":["176"],"off":[0,-0.8]}},{"type":"Feature","geometry":{"type":"Point","coordinates":[18.59534,54.298794]},"properties":{"line":"176","mode":"bus","color":"#0059a9","colorDark":"#00294f","band":3,"off":[0,1.1]}},{"type":"Feature","geometry":{"type":"Point","coordinates":[18.669158,54.341867]},"properties":{"name":"Olszynka Szkoła","band":3,"modes":"bus","arr":["178","183","N78"],"off":[0,-0.8]}},{"type":"Feature","geometry":{"type":"Point","coordinates":[18.669158,54.341867]},"properties":{"line":"178","mode":"bus","color":"#0059a9","colorDark":"#00294f","band":3,"off":[-3.4,1.1]}},{"type":"Feature","geometry":{"type":"Point","coordinates":[18.669158,54.341867]},"properties":{"line":"183","mode":"bus","color":"#0059a9","colorDark":"#00294f","band":3,"off":[0,1.1]}},{"type":"Feature","geometry":{"type":"Point","coordinates":[18.669158,54.341867]},"properties":{"line":"N78","mode":"bus","color":"#0059a9","colorDark":"#00294f","band":3,"off":[3.4,1.1]}},{"type":"Feature","geometry":{"type":"Point","coordinates":[18.677235,54.335934]},"properties":{"name":"Olszynka Niwki","band":3,"modes":"bus","arr":["178","N78"],"off":[0,-0.8]}},{"type":"Feature","geometry":{"type":"Point","coordinates":[18.677235,54.335934]},"properties":{"line":"178","mode":"bus","color":"#0059a9","colorDark":"#00294f","band":3,"off":[-1.7,1.1]}},{"type":"Feature","geometry":{"type":"Point","coordinates":[18.677235,54.335934]},"properties":{"line":"N78","mode":"bus","color":"#0059a9","colorDark":"#00294f","band":3,"off":[1.7,1.1]}},{"type":"Feature","geometry":{"type":"Point","coordinates":[18.79088,54.350853]},"properties":{"name":"Górki Wschodnie","band":3,"modes":"bus","arr":["186"],"off":[0,-0.8]}},{"type":"Feature","geometry":{"type":"Point","coordinates":[18.79088,54.350853]},"properties":{"line":"186","mode":"bus","color":"#0059a9","colorDark":"#00294f","band":3,"off":[0,1.1]}},{"type":"Feature","geometry":{"type":"Point","coordinates":[18.593961,54.423165]},"properties":{"name":"Jelitkowo","band":3,"modes":"bus","arr":["227"],"off":[0,-0.8]}},{"type":"Feature","geometry":{"type":"Point","coordinates":[18.593961,54.423165]},"properties":{"line":"227","mode":"bus","color":"#0059a9","colorDark":"#00294f","band":3,"off":[0,1.1]}},{"type":"Feature","geometry":{"type":"Point","coordinates":[18.626226,54.337621]},"properties":{"name":"Chełm Cienista","band":3,"modes":"bus","arr":["227"],"off":[0,-0.8]}},{"type":"Feature","geometry":{"type":"Point","coordinates":[18.626226,54.337621]},"properties":{"line":"227","mode":"bus","color":"#0059a9","colorDark":"#00294f","band":3,"off":[0,1.1]}},{"type":"Feature","geometry":{"type":"Point","coordinates":[18.554287,54.294889]},"properties":{"name":"Jankowo Conradiego Pętla","band":3,"modes":"bus","arr":["255","256"],"off":[0,-0.8]}},{"type":"Feature","geometry":{"type":"Point","coordinates":[18.554287,54.294889]},"properties":{"line":"255","mode":"bus","color":"#0059a9","colorDark":"#00294f","band":3,"off":[-1.7,1.1]}},{"type":"Feature","geometry":{"type":"Point","coordinates":[18.554287,54.294889]},"properties":{"line":"256","mode":"bus","color":"#0059a9","colorDark":"#00294f","band":3,"off":[1.7,1.1]}},{"type":"Feature","geometry":{"type":"Point","coordinates":[18.576374,54.401842]},"properties":{"name":"Przymorze SKM","band":3,"modes":"bus","arr":["262"],"off":[0,-0.8]}},{"type":"Feature","geometry":{"type":"Point","coordinates":[18.576374,54.401842]},"properties":{"line":"262","mode":"bus","color":"#0059a9","colorDark":"#00294f","band":3,"off":[0,1.1]}},{"type":"Feature","geometry":{"type":"Point","coordinates":[18.443302,54.365347]},"properties":{"name":"Czaple Bysewo","band":3,"modes":"bus","arr":["268"],"off":[0,-0.8]}},{"type":"Feature","geometry":{"type":"Point","coordinates":[18.443302,54.365347]},"properties":{"line":"268","mode":"bus","color":"#0059a9","colorDark":"#00294f","band":3,"off":[0,1.1]}},{"type":"Feature","geometry":{"type":"Point","coordinates":[18.451413,54.412172]},"properties":{"name":"Osiedle Barniewice","band":3,"modes":"bus","arr":["269"],"off":[0,-0.8]}},{"type":"Feature","geometry":{"type":"Point","coordinates":[18.451413,54.412172]},"properties":{"line":"269","mode":"bus","color":"#0059a9","colorDark":"#00294f","band":3,"off":[0,1.1]}},{"type":"Feature","geometry":{"type":"Point","coordinates":[18.457448,54.443959]},"properties":{"name":"Kukawka","band":3,"modes":"bus","arr":["269"],"off":[0,-0.8]}},{"type":"Feature","geometry":{"type":"Point","coordinates":[18.457448,54.443959]},"properties":{"line":"269","mode":"bus","color":"#0059a9","colorDark":"#00294f","band":3,"off":[0,1.1]}},{"type":"Feature","geometry":{"type":"Point","coordinates":[18.632007,54.376625]},"properties":{"name":"Węzeł Kliniczna","band":3,"modes":"bus","arr":["283"],"off":[0,-0.8]}},{"type":"Feature","geometry":{"type":"Point","coordinates":[18.632007,54.376625]},"properties":{"line":"283","mode":"bus","color":"#0059a9","colorDark":"#00294f","band":3,"off":[0,1.1]}},{"type":"Feature","geometry":{"type":"Point","coordinates":[18.64509,54.25825]},"properties":{"name":"Pruszcz Gdański Pruszcz Gdański Dworzec","band":3,"modes":"bus","arr":["307","M32"],"off":[0,-0.8]}},{"type":"Feature","geometry":{"type":"Point","coordinates":[18.64509,54.25825]},"properties":{"line":"307","mode":"bus","color":"#0059a9","colorDark":"#00294f","band":3,"off":[-1.7,1.1]}},{"type":"Feature","geometry":{"type":"Point","coordinates":[18.64509,54.25825]},"properties":{"line":"M32","mode":"bus","color":"#0059a9","colorDark":"#00294f","band":3,"off":[1.7,1.1]}},{"type":"Feature","geometry":{"type":"Point","coordinates":[18.615714,54.241256]},"properties":{"name":"Pruszcz Gdański Zastawna/Rondo","band":3,"modes":"bus","arr":["307"],"off":[0,-0.8]}},{"type":"Feature","geometry":{"type":"Point","coordinates":[18.615714,54.241256]},"properties":{"line":"307","mode":"bus","color":"#0059a9","colorDark":"#00294f","band":3,"off":[0,1.1]}},{"type":"Feature","geometry":{"type":"Point","coordinates":[18.650265,54.258861]},"properties":{"name":"Pruszcz Gdański Chopina/Żwirki i Wigury","band":3,"modes":"bus","arr":["507","607"],"off":[0,-0.8]}},{"type":"Feature","geometry":{"type":"Point","coordinates":[18.650265,54.258861]},"properties":{"line":"507","mode":"bus","color":"#0059a9","colorDark":"#00294f","band":3,"off":[-1.7,1.1]}},{"type":"Feature","geometry":{"type":"Point","coordinates":[18.650265,54.258861]},"properties":{"line":"607","mode":"bus","color":"#0059a9","colorDark":"#00294f","band":3,"off":[1.7,1.1]}},{"type":"Feature","geometry":{"type":"Point","coordinates":[18.648286,54.387289]},"properties":{"name":"Polsat Plus Arena Gdańsk","band":3,"modes":"bus","arr":["600","658","N6"],"off":[0,-0.8]}},{"type":"Feature","geometry":{"type":"Point","coordinates":[18.648286,54.387289]},"properties":{"line":"600","mode":"bus","color":"#0059a9","colorDark":"#00294f","band":3,"off":[-3.4,1.1]}},{"type":"Feature","geometry":{"type":"Point","coordinates":[18.648286,54.387289]},"properties":{"line":"658","mode":"bus","color":"#0059a9","colorDark":"#00294f","band":3,"off":[0,1.1]}},{"type":"Feature","geometry":{"type":"Point","coordinates":[18.648286,54.387289]},"properties":{"line":"N6","mode":"bus","color":"#0059a9","colorDark":"#00294f","band":3,"off":[3.4,1.1]}},{"type":"Feature","geometry":{"type":"Point","coordinates":[18.643546,54.347922]},"properties":{"name":"Śródmieście SKM","band":3,"modes":"bus","arr":["612"],"off":[0,-0.8]}},{"type":"Feature","geometry":{"type":"Point","coordinates":[18.643546,54.347922]},"properties":{"line":"612","mode":"bus","color":"#0059a9","colorDark":"#00294f","band":3,"off":[0,1.1]}},{"type":"Feature","geometry":{"type":"Point","coordinates":[18.622499,54.396149]},"properties":{"name":"Grudziądzka","band":3,"modes":"bus","arr":["N1","N2","N6"],"off":[0,-0.8]}},{"type":"Feature","geometry":{"type":"Point","coordinates":[18.622499,54.396149]},"properties":{"line":"N1","mode":"bus","color":"#0059a9","colorDark":"#00294f","band":3,"off":[-3.4,1.1]}},{"type":"Feature","geometry":{"type":"Point","coordinates":[18.622499,54.396149]},"properties":{"line":"N2","mode":"bus","color":"#0059a9","colorDark":"#00294f","band":3,"off":[0,1.1]}},{"type":"Feature","geometry":{"type":"Point","coordinates":[18.622499,54.396149]},"properties":{"line":"N6","mode":"bus","color":"#0059a9","colorDark":"#00294f","band":3,"off":[3.4,1.1]}},{"type":"Feature","geometry":{"type":"Point","coordinates":[18.621188,54.387868]},"properties":{"name":"Kościuszki","band":3,"modes":"bus","arr":["N2"],"off":[0,-0.8]}},{"type":"Feature","geometry":{"type":"Point","coordinates":[18.621188,54.387868]},"properties":{"line":"N2","mode":"bus","color":"#0059a9","colorDark":"#00294f","band":3,"off":[0,1.1]}},{"type":"Feature","geometry":{"type":"Point","coordinates":[18.466309,54.272483]},"properties":{"name":"Kolbudy Plac Kaszubski","band":3,"modes":"bus","arr":["N56"],"off":[0,-0.8]}},{"type":"Feature","geometry":{"type":"Point","coordinates":[18.466309,54.272483]},"properties":{"line":"N56","mode":"bus","color":"#0059a9","colorDark":"#00294f","band":3,"off":[0,1.1]}},{"type":"Feature","geometry":{"type":"Point","coordinates":[18.729025,54.372207]},"properties":{"name":"Stogi Plaża","band":3,"modes":"bus","arr":["T8"],"off":[0,-0.8]}},{"type":"Feature","geometry":{"type":"Point","coordinates":[18.729025,54.372207]},"properties":{"line":"T8","mode":"bus","color":"#0059a9","colorDark":"#00294f","band":3,"off":[0,1.1]}},{"type":"Feature","geometry":{"type":"Point","coordinates":[18.560641,54.431445]},"properties":{"name":"Sopot Reja","band":3,"modes":"bus","arr":["21","181","S"],"off":[0,-0.8]}},{"type":"Feature","geometry":{"type":"Point","coordinates":[18.560641,54.431445]},"properties":{"line":"21","mode":"bus","color":"#149a3f","colorDark":"#0a5121","band":3,"off":[-3.4,1.1]}},{"type":"Feature","geometry":{"type":"Point","coordinates":[18.560641,54.431445]},"properties":{"line":"181","mode":"bus","color":"#0059a9","colorDark":"#00294f","band":3,"off":[0,1.1]}},{"type":"Feature","geometry":{"type":"Point","coordinates":[18.560641,54.431445]},"properties":{"line":"S","mode":"bus","color":"#0059a9","colorDark":"#00294f","band":3,"off":[3.4,1.1]}},{"type":"Feature","geometry":{"type":"Point","coordinates":[18.531039,54.521755]},"properties":{"name":"Gdynia Dworzec Gł. PKP","band":3,"modes":"bus","arr":["21","29","740"],"off":[0,-0.8]}},{"type":"Feature","geometry":{"type":"Point","coordinates":[18.531039,54.521755]},"properties":{"line":"21","mode":"bus","color":"#149a3f","colorDark":"#0a5121","band":3,"off":[-3.4,1.1]}},{"type":"Feature","geometry":{"type":"Point","coordinates":[18.531039,54.521755]},"properties":{"line":"29","mode":"bus","color":"#149a3f","colorDark":"#0a5121","band":3,"off":[0,1.1]}},{"type":"Feature","geometry":{"type":"Point","coordinates":[18.531039,54.521755]},"properties":{"line":"740","mode":"bus","color":"#0059a9","colorDark":"#00294f","band":3,"off":[3.4,1.1]}},{"type":"Feature","geometry":{"type":"Point","coordinates":[18.554723,54.458423]},"properties":{"name":"Kamienny Potok SKM - Niepodległości","band":3,"modes":"bus","arr":["21","31","177","187","G","S"],"off":[0,-0.8]}},{"type":"Feature","geometry":{"type":"Point","coordinates":[18.554723,54.458423]},"properties":{"line":"21","mode":"bus","color":"#149a3f","colorDark":"#0a5121","band":3,"off":[-6.8,1.1]}},{"type":"Feature","geometry":{"type":"Point","coordinates":[18.554723,54.458423]},"properties":{"line":"31","mode":"bus","color":"#149a3f","colorDark":"#0a5121","band":3,"off":[-3.4,1.1]}},{"type":"Feature","geometry":{"type":"Point","coordinates":[18.554723,54.458423]},"properties":{"line":"177","mode":"bus","color":"#0059a9","colorDark":"#00294f","band":3,"off":[0,1.1]}},{"type":"Feature","geometry":{"type":"Point","coordinates":[18.554723,54.458423]},"properties":{"line":"187","mode":"bus","color":"#0059a9","colorDark":"#00294f","band":3,"off":[3.4,1.1]}},{"type":"Feature","geometry":{"type":"Point","coordinates":[18.554723,54.458423]},"properties":{"line":"G","mode":"bus","color":"#0059a9","colorDark":"#00294f","band":3,"off":[6.8,1.1]}},{"type":"Feature","geometry":{"type":"Point","coordinates":[18.554723,54.458423]},"properties":{"line":"S","mode":"bus","color":"#0059a9","colorDark":"#00294f","band":3,"off":[0,3.1]}},{"type":"Feature","geometry":{"type":"Point","coordinates":[18.540456,54.522367]},"properties":{"name":"Plac Kaszubski","band":3,"modes":"bus","arr":["22","23","25","32","33","102","119","146","173","190","194","204"],"off":[0,-0.8]}},{"type":"Feature","geometry":{"type":"Point","coordinates":[18.540456,54.522367]},"properties":{"line":"22","mode":"bus","color":"#149a3f","colorDark":"#0a5121","band":3,"off":[-6.8,1.1]}},{"type":"Feature","geometry":{"type":"Point","coordinates":[18.540456,54.522367]},"properties":{"line":"23","mode":"bus","color":"#149a3f","colorDark":"#0a5121","band":3,"off":[-3.4,1.1]}},{"type":"Feature","geometry":{"type":"Point","coordinates":[18.540456,54.522367]},"properties":{"line":"25","mode":"bus","color":"#149a3f","colorDark":"#0a5121","band":3,"off":[0,1.1]}},{"type":"Feature","geometry":{"type":"Point","coordinates":[18.540456,54.522367]},"properties":{"line":"32","mode":"bus","color":"#149a3f","colorDark":"#0a5121","band":3,"off":[3.4,1.1]}},{"type":"Feature","geometry":{"type":"Point","coordinates":[18.540456,54.522367]},"properties":{"line":"33","mode":"bus","color":"#149a3f","colorDark":"#0a5121","band":3,"off":[6.8,1.1]}},{"type":"Feature","geometry":{"type":"Point","coordinates":[18.540456,54.522367]},"properties":{"line":"102","mode":"bus","color":"#0059a9","colorDark":"#00294f","band":3,"off":[-6.8,3.1]}},{"type":"Feature","geometry":{"type":"Point","coordinates":[18.540456,54.522367]},"properties":{"line":"119","mode":"bus","color":"#0059a9","colorDark":"#00294f","band":3,"off":[-3.4,3.1]}},{"type":"Feature","geometry":{"type":"Point","coordinates":[18.540456,54.522367]},"properties":{"line":"146","mode":"bus","color":"#0059a9","colorDark":"#00294f","band":3,"off":[0,3.1]}},{"type":"Feature","geometry":{"type":"Point","coordinates":[18.540456,54.522367]},"properties":{"line":"173","mode":"bus","color":"#0059a9","colorDark":"#00294f","band":3,"off":[3.4,3.1]}},{"type":"Feature","geometry":{"type":"Point","coordinates":[18.540456,54.522367]},"properties":{"line":"190","mode":"bus","color":"#0059a9","colorDark":"#00294f","band":3,"off":[6.8,3.1]}},{"type":"Feature","geometry":{"type":"Point","coordinates":[18.540456,54.522367]},"properties":{"line":"194","mode":"bus","color":"#0059a9","colorDark":"#00294f","band":3,"off":[-1.7,5.1]}},{"type":"Feature","geometry":{"type":"Point","coordinates":[18.540456,54.522367]},"properties":{"line":"204","mode":"bus","color":"#0059a9","colorDark":"#00294f","band":3,"off":[1.7,5.1]}},{"type":"Feature","geometry":{"type":"Point","coordinates":[18.444896,54.549483]},"properties":{"name":"Cisowa SKM","band":3,"modes":"bus","arr":["22","25","27"],"off":[0,-0.8]}},{"type":"Feature","geometry":{"type":"Point","coordinates":[18.444896,54.549483]},"properties":{"line":"22","mode":"bus","color":"#149a3f","colorDark":"#0a5121","band":3,"off":[-3.4,1.1]}},{"type":"Feature","geometry":{"type":"Point","coordinates":[18.444896,54.549483]},"properties":{"line":"25","mode":"bus","color":"#149a3f","colorDark":"#0a5121","band":3,"off":[0,1.1]}},{"type":"Feature","geometry":{"type":"Point","coordinates":[18.444896,54.549483]},"properties":{"line":"27","mode":"bus","color":"#149a3f","colorDark":"#0a5121","band":3,"off":[3.4,1.1]}},{"type":"Feature","geometry":{"type":"Point","coordinates":[18.455194,54.45546]},"properties":{"name":"Kacze Buki","band":3,"modes":"bus","arr":["23","27","181","700","K","N10","N30","R","X"],"off":[0,-0.8]}},{"type":"Feature","geometry":{"type":"Point","coordinates":[18.455194,54.45546]},"properties":{"line":"23","mode":"bus","color":"#149a3f","colorDark":"#0a5121","band":3,"off":[-6.8,1.1]}},{"type":"Feature","geometry":{"type":"Point","coordinates":[18.455194,54.45546]},"properties":{"line":"27","mode":"bus","color":"#149a3f","colorDark":"#0a5121","band":3,"off":[-3.4,1.1]}},{"type":"Feature","geometry":{"type":"Point","coordinates":[18.455194,54.45546]},"properties":{"line":"181","mode":"bus","color":"#0059a9","colorDark":"#00294f","band":3,"off":[0,1.1]}},{"type":"Feature","geometry":{"type":"Point","coordinates":[18.455194,54.45546]},"properties":{"line":"700","mode":"bus","color":"#0059a9","colorDark":"#00294f","band":3,"off":[3.4,1.1]}},{"type":"Feature","geometry":{"type":"Point","coordinates":[18.455194,54.45546]},"properties":{"line":"K","mode":"bus","color":"#0059a9","colorDark":"#00294f","band":3,"off":[6.8,1.1]}},{"type":"Feature","geometry":{"type":"Point","coordinates":[18.455194,54.45546]},"properties":{"line":"N10","mode":"bus","color":"#0059a9","colorDark":"#00294f","band":3,"off":[-5.1,3.1]}},{"type":"Feature","geometry":{"type":"Point","coordinates":[18.455194,54.45546]},"properties":{"line":"N30","mode":"bus","color":"#0059a9","colorDark":"#00294f","band":3,"off":[-1.7,3.1]}},{"type":"Feature","geometry":{"type":"Point","coordinates":[18.455194,54.45546]},"properties":{"line":"R","mode":"bus","color":"#0059a9","colorDark":"#00294f","band":3,"off":[1.7,3.1]}},{"type":"Feature","geometry":{"type":"Point","coordinates":[18.455194,54.45546]},"properties":{"line":"X","mode":"bus","color":"#0059a9","colorDark":"#00294f","band":3,"off":[5.1,3.1]}},{"type":"Feature","geometry":{"type":"Point","coordinates":[18.450052,54.471369]},"properties":{"name":"Dąbrowa Miętowa","band":3,"modes":"bus","arr":["24","31"],"off":[0,-0.8]}},{"type":"Feature","geometry":{"type":"Point","coordinates":[18.450052,54.471369]},"properties":{"line":"24","mode":"bus","color":"#149a3f","colorDark":"#0a5121","band":3,"off":[-1.7,1.1]}},{"type":"Feature","geometry":{"type":"Point","coordinates":[18.450052,54.471369]},"properties":{"line":"31","mode":"bus","color":"#149a3f","colorDark":"#0a5121","band":3,"off":[1.7,1.1]}},{"type":"Feature","geometry":{"type":"Point","coordinates":[18.516918,54.532215]},"properties":{"name":"Stocznia Gdynia","band":3,"modes":"bus","arr":["24","723"],"off":[0,-0.8]}},{"type":"Feature","geometry":{"type":"Point","coordinates":[18.516918,54.532215]},"properties":{"line":"24","mode":"bus","color":"#149a3f","colorDark":"#0a5121","band":3,"off":[-1.7,1.1]}},{"type":"Feature","geometry":{"type":"Point","coordinates":[18.516918,54.532215]},"properties":{"line":"723","mode":"bus","color":"#149a3f","colorDark":"#0a5121","band":3,"off":[1.7,1.1]}},{"type":"Feature","geometry":{"type":"Point","coordinates":[18.464193,54.474469]},"properties":{"name":"Dąbrowa Centrum","band":3,"modes":"bus","arr":["24","31","147","K"],"off":[0,-0.8]}},{"type":"Feature","geometry":{"type":"Point","coordinates":[18.464193,54.474469]},"properties":{"line":"24","mode":"bus","color":"#149a3f","colorDark":"#0a5121","band":3,"off":[-5.1,1.1]}},{"type":"Feature","geometry":{"type":"Point","coordinates":[18.464193,54.474469]},"properties":{"line":"31","mode":"bus","color":"#149a3f","colorDark":"#0a5121","band":3,"off":[-1.7,1.1]}},{"type":"Feature","geometry":{"type":"Point","coordinates":[18.464193,54.474469]},"properties":{"line":"147","mode":"bus","color":"#0059a9","colorDark":"#00294f","band":3,"off":[1.7,1.1]}},{"type":"Feature","geometry":{"type":"Point","coordinates":[18.464193,54.474469]},"properties":{"line":"K","mode":"bus","color":"#0059a9","colorDark":"#00294f","band":3,"off":[5.1,1.1]}},{"type":"Feature","geometry":{"type":"Point","coordinates":[18.536847,54.522213]},"properties":{"name":"3 Maja - Hala","band":3,"modes":"bus","arr":["25"],"off":[0,-0.8]}},{"type":"Feature","geometry":{"type":"Point","coordinates":[18.536847,54.522213]},"properties":{"line":"25","mode":"bus","color":"#149a3f","colorDark":"#0a5121","band":3,"off":[0,1.1]}},{"type":"Feature","geometry":{"type":"Point","coordinates":[18.434926,54.547895]},"properties":{"name":"Cisowa Sibeliusa","band":3,"modes":"bus","arr":["25","26","30","173","197"],"off":[0,-0.8]}},{"type":"Feature","geometry":{"type":"Point","coordinates":[18.434926,54.547895]},"properties":{"line":"25","mode":"bus","color":"#149a3f","colorDark":"#0a5121","band":3,"off":[-6.8,1.1]}},{"type":"Feature","geometry":{"type":"Point","coordinates":[18.434926,54.547895]},"properties":{"line":"26","mode":"bus","color":"#149a3f","colorDark":"#0a5121","band":3,"off":[-3.4,1.1]}},{"type":"Feature","geometry":{"type":"Point","coordinates":[18.434926,54.547895]},"properties":{"line":"30","mode":"bus","color":"#149a3f","colorDark":"#0a5121","band":3,"off":[0,1.1]}},{"type":"Feature","geometry":{"type":"Point","coordinates":[18.434926,54.547895]},"properties":{"line":"173","mode":"bus","color":"#0059a9","colorDark":"#00294f","band":3,"off":[3.4,1.1]}},{"type":"Feature","geometry":{"type":"Point","coordinates":[18.434926,54.547895]},"properties":{"line":"197","mode":"bus","color":"#0059a9","colorDark":"#00294f","band":3,"off":[6.8,1.1]}},{"type":"Feature","geometry":{"type":"Point","coordinates":[18.552942,54.475971]},"properties":{"name":"Orłowo SKM - Klif","band":3,"modes":"bus","arr":["26","326"],"off":[0,-0.8]}},{"type":"Feature","geometry":{"type":"Point","coordinates":[18.552942,54.475971]},"properties":{"line":"26","mode":"bus","color":"#149a3f","colorDark":"#0a5121","band":3,"off":[-1.7,1.1]}},{"type":"Feature","geometry":{"type":"Point","coordinates":[18.552942,54.475971]},"properties":{"line":"326","mode":"bus","color":"#149a3f","colorDark":"#0a5121","band":3,"off":[1.7,1.1]}},{"type":"Feature","geometry":{"type":"Point","coordinates":[18.434725,54.539056]},"properties":{"name":"Pustki Cisowskie","band":3,"modes":"bus","arr":["28","159","S","W"],"off":[0,-0.8]}},{"type":"Feature","geometry":{"type":"Point","coordinates":[18.434725,54.539056]},"properties":{"line":"28","mode":"bus","color":"#149a3f","colorDark":"#0a5121","band":3,"off":[-5.1,1.1]}},{"type":"Feature","geometry":{"type":"Point","coordinates":[18.434725,54.539056]},"properties":{"line":"159","mode":"bus","color":"#0059a9","colorDark":"#00294f","band":3,"off":[-1.7,1.1]}},{"type":"Feature","geometry":{"type":"Point","coordinates":[18.434725,54.539056]},"properties":{"line":"S","mode":"bus","color":"#0059a9","colorDark":"#00294f","band":3,"off":[1.7,1.1]}},{"type":"Feature","geometry":{"type":"Point","coordinates":[18.434725,54.539056]},"properties":{"line":"W","mode":"bus","color":"#0059a9","colorDark":"#00294f","band":3,"off":[5.1,1.1]}},{"type":"Feature","geometry":{"type":"Point","coordinates":[18.483525,54.465528]},"properties":{"name":"Wielki Kack Fikakowo","band":3,"modes":"bus","arr":["29","153"],"off":[0,-0.8]}},{"type":"Feature","geometry":{"type":"Point","coordinates":[18.483525,54.465528]},"properties":{"line":"29","mode":"bus","color":"#149a3f","colorDark":"#0a5121","band":3,"off":[-1.7,1.1]}},{"type":"Feature","geometry":{"type":"Point","coordinates":[18.483525,54.465528]},"properties":{"line":"153","mode":"bus","color":"#0059a9","colorDark":"#00294f","band":3,"off":[1.7,1.1]}},{"type":"Feature","geometry":{"type":"Point","coordinates":[18.580976,54.425749]},"properties":{"name":"Ergo Arena","band":3,"modes":"bus","arr":["31"],"off":[0,-0.8]}},{"type":"Feature","geometry":{"type":"Point","coordinates":[18.580976,54.425749]},"properties":{"line":"31","mode":"bus","color":"#149a3f","colorDark":"#0a5121","band":3,"off":[0,1.1]}},{"type":"Feature","geometry":{"type":"Point","coordinates":[18.503246,54.477784]},"properties":{"name":"Mały Kack Strzelców","band":3,"modes":"bus","arr":["32","145"],"off":[0,-0.8]}},{"type":"Feature","geometry":{"type":"Point","coordinates":[18.503246,54.477784]},"properties":{"line":"32","mode":"bus","color":"#149a3f","colorDark":"#0a5121","band":3,"off":[-1.7,1.1]}},{"type":"Feature","geometry":{"type":"Point","coordinates":[18.503246,54.477784]},"properties":{"line":"145","mode":"bus","color":"#0059a9","colorDark":"#00294f","band":3,"off":[1.7,1.1]}},{"type":"Feature","geometry":{"type":"Point","coordinates":[18.506768,54.550668]},"properties":{"name":"Obłuże Centrum","band":3,"modes":"bus","arr":["32","105","125","128","135","146","173","194","198","365","G","K","N94"],"off":[0,-0.8]}},{"type":"Feature","geometry":{"type":"Point","coordinates":[18.506768,54.550668]},"properties":{"line":"32","mode":"bus","color":"#149a3f","colorDark":"#0a5121","band":3,"off":[-6.8,1.1]}},{"type":"Feature","geometry":{"type":"Point","coordinates":[18.506768,54.550668]},"properties":{"line":"105","mode":"bus","color":"#0059a9","colorDark":"#00294f","band":3,"off":[-3.4,1.1]}},{"type":"Feature","geometry":{"type":"Point","coordinates":[18.506768,54.550668]},"properties":{"line":"125","mode":"bus","color":"#0059a9","colorDark":"#00294f","band":3,"off":[0,1.1]}},{"type":"Feature","geometry":{"type":"Point","coordinates":[18.506768,54.550668]},"properties":{"line":"128","mode":"bus","color":"#0059a9","colorDark":"#00294f","band":3,"off":[3.4,1.1]}},{"type":"Feature","geometry":{"type":"Point","coordinates":[18.506768,54.550668]},"properties":{"line":"135","mode":"bus","color":"#0059a9","colorDark":"#00294f","band":3,"off":[6.8,1.1]}},{"type":"Feature","geometry":{"type":"Point","coordinates":[18.506768,54.550668]},"properties":{"line":"146","mode":"bus","color":"#0059a9","colorDark":"#00294f","band":3,"off":[-6.8,3.1]}},{"type":"Feature","geometry":{"type":"Point","coordinates":[18.506768,54.550668]},"properties":{"line":"173","mode":"bus","color":"#0059a9","colorDark":"#00294f","band":3,"off":[-3.4,3.1]}},{"type":"Feature","geometry":{"type":"Point","coordinates":[18.506768,54.550668]},"properties":{"line":"194","mode":"bus","color":"#0059a9","colorDark":"#00294f","band":3,"off":[0,3.1]}},{"type":"Feature","geometry":{"type":"Point","coordinates":[18.506768,54.550668]},"properties":{"line":"198","mode":"bus","color":"#0059a9","colorDark":"#00294f","band":3,"off":[3.4,3.1]}},{"type":"Feature","geometry":{"type":"Point","coordinates":[18.506768,54.550668]},"properties":{"line":"365","mode":"bus","color":"#0059a9","colorDark":"#00294f","band":3,"off":[6.8,3.1]}},{"type":"Feature","geometry":{"type":"Point","coordinates":[18.506768,54.550668]},"properties":{"line":"G","mode":"bus","color":"#0059a9","colorDark":"#00294f","band":3,"off":[-3.4,5.1]}},{"type":"Feature","geometry":{"type":"Point","coordinates":[18.506768,54.550668]},"properties":{"line":"K","mode":"bus","color":"#0059a9","colorDark":"#00294f","band":3,"off":[0,5.1]}},{"type":"Feature","geometry":{"type":"Point","coordinates":[18.506768,54.550668]},"properties":{"line":"N94","mode":"bus","color":"#0059a9","colorDark":"#00294f","band":3,"off":[3.4,5.1]}},{"type":"Feature","geometry":{"type":"Point","coordinates":[18.466693,54.560818]},"properties":{"name":"Pogórze Dolne Złota","band":3,"modes":"bus","arr":["32"],"off":[0,-0.8]}},{"type":"Feature","geometry":{"type":"Point","coordinates":[18.466693,54.560818]},"properties":{"line":"32","mode":"bus","color":"#149a3f","colorDark":"#0a5121","band":3,"off":[0,1.1]}},{"type":"Feature","geometry":{"type":"Point","coordinates":[18.478546,54.557363]},"properties":{"name":"Pogórze Dolne","band":3,"modes":"bus","arr":["32","105","125","135","146","173","198","365","N40"],"off":[0,-0.8]}},{"type":"Feature","geometry":{"type":"Point","coordinates":[18.478546,54.557363]},"properties":{"line":"32","mode":"bus","color":"#149a3f","colorDark":"#0a5121","band":3,"off":[-6.8,1.1]}},{"type":"Feature","geometry":{"type":"Point","coordinates":[18.478546,54.557363]},"properties":{"line":"105","mode":"bus","color":"#0059a9","colorDark":"#00294f","band":3,"off":[-3.4,1.1]}},{"type":"Feature","geometry":{"type":"Point","coordinates":[18.478546,54.557363]},"properties":{"line":"125","mode":"bus","color":"#0059a9","colorDark":"#00294f","band":3,"off":[0,1.1]}},{"type":"Feature","geometry":{"type":"Point","coordinates":[18.478546,54.557363]},"properties":{"line":"135","mode":"bus","color":"#0059a9","colorDark":"#00294f","band":3,"off":[3.4,1.1]}},{"type":"Feature","geometry":{"type":"Point","coordinates":[18.478546,54.557363]},"properties":{"line":"146","mode":"bus","color":"#0059a9","colorDark":"#00294f","band":3,"off":[6.8,1.1]}},{"type":"Feature","geometry":{"type":"Point","coordinates":[18.478546,54.557363]},"properties":{"line":"173","mode":"bus","color":"#0059a9","colorDark":"#00294f","band":3,"off":[-5.1,3.1]}},{"type":"Feature","geometry":{"type":"Point","coordinates":[18.478546,54.557363]},"properties":{"line":"198","mode":"bus","color":"#0059a9","colorDark":"#00294f","band":3,"off":[-1.7,3.1]}},{"type":"Feature","geometry":{"type":"Point","coordinates":[18.478546,54.557363]},"properties":{"line":"365","mode":"bus","color":"#0059a9","colorDark":"#00294f","band":3,"off":[1.7,3.1]}},{"type":"Feature","geometry":{"type":"Point","coordinates":[18.478546,54.557363]},"properties":{"line":"N40","mode":"bus","color":"#0059a9","colorDark":"#00294f","band":3,"off":[5.1,3.1]}},{"type":"Feature","geometry":{"type":"Point","coordinates":[18.484532,54.47383]},"properties":{"name":"Karwiny Tuwima","band":3,"modes":"bus","arr":["33","145","180"],"off":[0,-0.8]}},{"type":"Feature","geometry":{"type":"Point","coordinates":[18.484532,54.47383]},"properties":{"line":"33","mode":"bus","color":"#149a3f","colorDark":"#0a5121","band":3,"off":[-3.4,1.1]}},{"type":"Feature","geometry":{"type":"Point","coordinates":[18.484532,54.47383]},"properties":{"line":"145","mode":"bus","color":"#0059a9","colorDark":"#00294f","band":3,"off":[0,1.1]}},{"type":"Feature","geometry":{"type":"Point","coordinates":[18.484532,54.47383]},"properties":{"line":"180","mode":"bus","color":"#0059a9","colorDark":"#00294f","band":3,"off":[3.4,1.1]}},{"type":"Feature","geometry":{"type":"Point","coordinates":[18.53421,54.5089]},"properties":{"name":"Węzeł Franciszki Cegielskiej","band":3,"modes":"bus","arr":["34","182"],"off":[0,-0.8]}},{"type":"Feature","geometry":{"type":"Point","coordinates":[18.53421,54.5089]},"properties":{"line":"34","mode":"bus","color":"#0059a9","colorDark":"#00294f","band":3,"off":[-1.7,1.1]}},{"type":"Feature","geometry":{"type":"Point","coordinates":[18.53421,54.5089]},"properties":{"line":"182","mode":"bus","color":"#0059a9","colorDark":"#00294f","band":3,"off":[1.7,1.1]}},{"type":"Feature","geometry":{"type":"Point","coordinates":[18.462144,54.525425]},"properties":{"name":"Demptowo","band":3,"modes":"bus","arr":["34"],"off":[0,-0.8]}},{"type":"Feature","geometry":{"type":"Point","coordinates":[18.462144,54.525425]},"properties":{"line":"34","mode":"bus","color":"#0059a9","colorDark":"#00294f","band":3,"off":[0,1.1]}},{"type":"Feature","geometry":{"type":"Point","coordinates":[18.406402,54.556844]},"properties":{"name":"Janowo SKM - Sobieskiego","band":3,"modes":"bus","arr":["83"],"off":[0,-0.8]}},{"type":"Feature","geometry":{"type":"Point","coordinates":[18.406402,54.556844]},"properties":{"line":"83","mode":"bus","color":"#0059a9","colorDark":"#00294f","band":3,"off":[0,1.1]}},{"type":"Feature","geometry":{"type":"Point","coordinates":[18.367317,54.591985]},"properties":{"name":"Reda Bosmańska","band":3,"modes":"bus","arr":["83","84","87"],"off":[0,-0.8]}},{"type":"Feature","geometry":{"type":"Point","coordinates":[18.367317,54.591985]},"properties":{"line":"83","mode":"bus","color":"#0059a9","colorDark":"#00294f","band":3,"off":[-3.4,1.1]}},{"type":"Feature","geometry":{"type":"Point","coordinates":[18.367317,54.591985]},"properties":{"line":"84","mode":"bus","color":"#0059a9","colorDark":"#00294f","band":3,"off":[0,1.1]}},{"type":"Feature","geometry":{"type":"Point","coordinates":[18.367317,54.591985]},"properties":{"line":"87","mode":"bus","color":"#0059a9","colorDark":"#00294f","band":3,"off":[3.4,1.1]}},{"type":"Feature","geometry":{"type":"Point","coordinates":[18.387263,54.569375]},"properties":{"name":"Rumia Dworzec PKP","band":3,"modes":"bus","arr":["84"],"off":[0,-0.8]}},{"type":"Feature","geometry":{"type":"Point","coordinates":[18.387263,54.569375]},"properties":{"line":"84","mode":"bus","color":"#0059a9","colorDark":"#00294f","band":3,"off":[0,1.1]}},{"type":"Feature","geometry":{"type":"Point","coordinates":[18.400118,54.585625]},"properties":{"name":"Rumia Partyzantów","band":3,"modes":"bus","arr":["85","173","J","M"],"off":[0,-0.8]}},{"type":"Feature","geometry":{"type":"Point","coordinates":[18.400118,54.585625]},"properties":{"line":"85","mode":"bus","color":"#0059a9","colorDark":"#00294f","band":3,"off":[-5.1,1.1]}},{"type":"Feature","geometry":{"type":"Point","coordinates":[18.400118,54.585625]},"properties":{"line":"173","mode":"bus","color":"#0059a9","colorDark":"#00294f","band":3,"off":[-1.7,1.1]}},{"type":"Feature","geometry":{"type":"Point","coordinates":[18.400118,54.585625]},"properties":{"line":"J","mode":"bus","color":"#0059a9","colorDark":"#00294f","band":3,"off":[1.7,1.1]}},{"type":"Feature","geometry":{"type":"Point","coordinates":[18.400118,54.585625]},"properties":{"line":"M","mode":"bus","color":"#0059a9","colorDark":"#00294f","band":3,"off":[5.1,1.1]}},{"type":"Feature","geometry":{"type":"Point","coordinates":[18.371189,54.551578]},"properties":{"name":"Rumia Szmelta","band":3,"modes":"bus","arr":["85","288"],"off":[0,-0.8]}},{"type":"Feature","geometry":{"type":"Point","coordinates":[18.371189,54.551578]},"properties":{"line":"85","mode":"bus","color":"#0059a9","colorDark":"#00294f","band":3,"off":[-1.7,1.1]}},{"type":"Feature","geometry":{"type":"Point","coordinates":[18.371189,54.551578]},"properties":{"line":"288","mode":"bus","color":"#0059a9","colorDark":"#00294f","band":3,"off":[1.7,1.1]}},{"type":"Feature","geometry":{"type":"Point","coordinates":[18.393167,54.559151]},"properties":{"name":"Rumia Cmentarz Komunalny","band":3,"modes":"bus","arr":["86"],"off":[0,-0.8]}},{"type":"Feature","geometry":{"type":"Point","coordinates":[18.393167,54.559151]},"properties":{"line":"86","mode":"bus","color":"#0059a9","colorDark":"#00294f","band":3,"off":[0,1.1]}},{"type":"Feature","geometry":{"type":"Point","coordinates":[18.435508,54.573068]},"properties":{"name":"Dębogórze-Wybudowanie - Leśna","band":3,"modes":"bus","arr":["86"],"off":[0,-0.8]}},{"type":"Feature","geometry":{"type":"Point","coordinates":[18.435508,54.573068]},"properties":{"line":"86","mode":"bus","color":"#0059a9","colorDark":"#00294f","band":3,"off":[0,1.1]}},{"type":"Feature","geometry":{"type":"Point","coordinates":[18.494218,54.582988]},"properties":{"name":"Kosakowo - Centrum Handlowe","band":3,"modes":"bus","arr":["86"],"off":[0,-0.8]}},{"type":"Feature","geometry":{"type":"Point","coordinates":[18.494218,54.582988]},"properties":{"line":"86","mode":"bus","color":"#0059a9","colorDark":"#00294f","band":3,"off":[0,1.1]}},{"type":"Feature","geometry":{"type":"Point","coordinates":[18.462754,54.545526]},"properties":{"name":"Chylonia Dworzec PKP","band":3,"modes":"bus","arr":["102","114","159","173","288"],"off":[0,-0.8]}},{"type":"Feature","geometry":{"type":"Point","coordinates":[18.462754,54.545526]},"properties":{"line":"102","mode":"bus","color":"#0059a9","colorDark":"#00294f","band":3,"off":[-6.8,1.1]}},{"type":"Feature","geometry":{"type":"Point","coordinates":[18.462754,54.545526]},"properties":{"line":"114","mode":"bus","color":"#0059a9","colorDark":"#00294f","band":3,"off":[-3.4,1.1]}},{"type":"Feature","geometry":{"type":"Point","coordinates":[18.462754,54.545526]},"properties":{"line":"159","mode":"bus","color":"#0059a9","colorDark":"#00294f","band":3,"off":[0,1.1]}},{"type":"Feature","geometry":{"type":"Point","coordinates":[18.462754,54.545526]},"properties":{"line":"173","mode":"bus","color":"#0059a9","colorDark":"#00294f","band":3,"off":[3.4,1.1]}},{"type":"Feature","geometry":{"type":"Point","coordinates":[18.462754,54.545526]},"properties":{"line":"288","mode":"bus","color":"#0059a9","colorDark":"#00294f","band":3,"off":[6.8,1.1]}},{"type":"Feature","geometry":{"type":"Point","coordinates":[18.548878,54.507751]},"properties":{"name":"Dom Marynarza","band":3,"modes":"bus","arr":["104","128","196","252","282"],"off":[0,-0.8]}},{"type":"Feature","geometry":{"type":"Point","coordinates":[18.548878,54.507751]},"properties":{"line":"104","mode":"bus","color":"#0059a9","colorDark":"#00294f","band":3,"off":[-6.8,1.1]}},{"type":"Feature","geometry":{"type":"Point","coordinates":[18.548878,54.507751]},"properties":{"line":"128","mode":"bus","color":"#0059a9","colorDark":"#00294f","band":3,"off":[-3.4,1.1]}},{"type":"Feature","geometry":{"type":"Point","coordinates":[18.548878,54.507751]},"properties":{"line":"196","mode":"bus","color":"#0059a9","colorDark":"#00294f","band":3,"off":[0,1.1]}},{"type":"Feature","geometry":{"type":"Point","coordinates":[18.548878,54.507751]},"properties":{"line":"252","mode":"bus","color":"#0059a9","colorDark":"#00294f","band":3,"off":[3.4,1.1]}},{"type":"Feature","geometry":{"type":"Point","coordinates":[18.548878,54.507751]},"properties":{"line":"282","mode":"bus","color":"#0059a9","colorDark":"#00294f","band":3,"off":[6.8,1.1]}},{"type":"Feature","geometry":{"type":"Point","coordinates":[18.501497,54.54808]},"properties":{"name":"Terminal Kontenerowy","band":3,"modes":"bus","arr":["104","105","125","135","150","196","197","198"],"off":[0,-0.8]}},{"type":"Feature","geometry":{"type":"Point","coordinates":[18.501497,54.54808]},"properties":{"line":"104","mode":"bus","color":"#0059a9","colorDark":"#00294f","band":3,"off":[-6.8,1.1]}},{"type":"Feature","geometry":{"type":"Point","coordinates":[18.501497,54.54808]},"properties":{"line":"105","mode":"bus","color":"#0059a9","colorDark":"#00294f","band":3,"off":[-3.4,1.1]}},{"type":"Feature","geometry":{"type":"Point","coordinates":[18.501497,54.54808]},"properties":{"line":"125","mode":"bus","color":"#0059a9","colorDark":"#00294f","band":3,"off":[0,1.1]}},{"type":"Feature","geometry":{"type":"Point","coordinates":[18.501497,54.54808]},"properties":{"line":"135","mode":"bus","color":"#0059a9","colorDark":"#00294f","band":3,"off":[3.4,1.1]}},{"type":"Feature","geometry":{"type":"Point","coordinates":[18.501497,54.54808]},"properties":{"line":"150","mode":"bus","color":"#0059a9","colorDark":"#00294f","band":3,"off":[6.8,1.1]}},{"type":"Feature","geometry":{"type":"Point","coordinates":[18.501497,54.54808]},"properties":{"line":"196","mode":"bus","color":"#0059a9","colorDark":"#00294f","band":3,"off":[-3.4,3.1]}},{"type":"Feature","geometry":{"type":"Point","coordinates":[18.501497,54.54808]},"properties":{"line":"197","mode":"bus","color":"#0059a9","colorDark":"#00294f","band":3,"off":[0,3.1]}},{"type":"Feature","geometry":{"type":"Point","coordinates":[18.501497,54.54808]},"properties":{"line":"198","mode":"bus","color":"#0059a9","colorDark":"#00294f","band":3,"off":[3.4,3.1]}},{"type":"Feature","geometry":{"type":"Point","coordinates":[18.54761,54.542849]},"properties":{"name":"Oksywie Dolne","band":3,"modes":"bus","arr":["104","X"],"off":[0,-0.8]}},{"type":"Feature","geometry":{"type":"Point","coordinates":[18.54761,54.542849]},"properties":{"line":"104","mode":"bus","color":"#0059a9","colorDark":"#00294f","band":3,"off":[-1.7,1.1]}},{"type":"Feature","geometry":{"type":"Point","coordinates":[18.54761,54.542849]},"properties":{"line":"X","mode":"bus","color":"#0059a9","colorDark":"#00294f","band":3,"off":[1.7,1.1]}},{"type":"Feature","geometry":{"type":"Point","coordinates":[18.55499,54.489687]},"properties":{"name":"Redłowo Szpital","band":3,"modes":"bus","arr":["105","121","125","180","252","700","W"],"off":[0,-0.8]}},{"type":"Feature","geometry":{"type":"Point","coordinates":[18.55499,54.489687]},"properties":{"line":"105","mode":"bus","color":"#0059a9","colorDark":"#00294f","band":3,"off":[-6.8,1.1]}},{"type":"Feature","geometry":{"type":"Point","coordinates":[18.55499,54.489687]},"properties":{"line":"121","mode":"bus","color":"#0059a9","colorDark":"#00294f","band":3,"off":[-3.4,1.1]}},{"type":"Feature","geometry":{"type":"Point","coordinates":[18.55499,54.489687]},"properties":{"line":"125","mode":"bus","color":"#0059a9","colorDark":"#00294f","band":3,"off":[0,1.1]}},{"type":"Feature","geometry":{"type":"Point","coordinates":[18.55499,54.489687]},"properties":{"line":"180","mode":"bus","color":"#0059a9","colorDark":"#00294f","band":3,"off":[3.4,1.1]}},{"type":"Feature","geometry":{"type":"Point","coordinates":[18.55499,54.489687]},"properties":{"line":"252","mode":"bus","color":"#0059a9","colorDark":"#00294f","band":3,"off":[6.8,1.1]}},{"type":"Feature","geometry":{"type":"Point","coordinates":[18.55499,54.489687]},"properties":{"line":"700","mode":"bus","color":"#0059a9","colorDark":"#00294f","band":3,"off":[-1.7,3.1]}},{"type":"Feature","geometry":{"type":"Point","coordinates":[18.55499,54.489687]},"properties":{"line":"W","mode":"bus","color":"#0059a9","colorDark":"#00294f","band":3,"off":[1.7,3.1]}},{"type":"Feature","geometry":{"type":"Point","coordinates":[18.472709,54.560498]},"properties":{"name":"Czernickiego I","band":3,"modes":"bus","arr":["105","135","146","163","165","173","365"],"off":[0,-0.8]}},{"type":"Feature","geometry":{"type":"Point","coordinates":[18.472709,54.560498]},"properties":{"line":"105","mode":"bus","color":"#0059a9","colorDark":"#00294f","band":3,"off":[-6.8,1.1]}},{"type":"Feature","geometry":{"type":"Point","coordinates":[18.472709,54.560498]},"properties":{"line":"135","mode":"bus","color":"#0059a9","colorDark":"#00294f","band":3,"off":[-3.4,1.1]}},{"type":"Feature","geometry":{"type":"Point","coordinates":[18.472709,54.560498]},"properties":{"line":"146","mode":"bus","color":"#0059a9","colorDark":"#00294f","band":3,"off":[0,1.1]}},{"type":"Feature","geometry":{"type":"Point","coordinates":[18.472709,54.560498]},"properties":{"line":"163","mode":"bus","color":"#0059a9","colorDark":"#00294f","band":3,"off":[3.4,1.1]}},{"type":"Feature","geometry":{"type":"Point","coordinates":[18.472709,54.560498]},"properties":{"line":"165","mode":"bus","color":"#0059a9","colorDark":"#00294f","band":3,"off":[6.8,1.1]}},{"type":"Feature","geometry":{"type":"Point","coordinates":[18.472709,54.560498]},"properties":{"line":"173","mode":"bus","color":"#0059a9","colorDark":"#00294f","band":3,"off":[-1.7,3.1]}},{"type":"Feature","geometry":{"type":"Point","coordinates":[18.472709,54.560498]},"properties":{"line":"365","mode":"bus","color":"#0059a9","colorDark":"#00294f","band":3,"off":[1.7,3.1]}},{"type":"Feature","geometry":{"type":"Point","coordinates":[18.511655,54.608884]},"properties":{"name":"Mechelinki - Przystań","band":3,"modes":"bus","arr":["105","146","165"],"off":[0,-0.8]}},{"type":"Feature","geometry":{"type":"Point","coordinates":[18.511655,54.608884]},"properties":{"line":"105","mode":"bus","color":"#0059a9","colorDark":"#00294f","band":3,"off":[-3.4,1.1]}},{"type":"Feature","geometry":{"type":"Point","coordinates":[18.511655,54.608884]},"properties":{"line":"146","mode":"bus","color":"#0059a9","colorDark":"#00294f","band":3,"off":[0,1.1]}},{"type":"Feature","geometry":{"type":"Point","coordinates":[18.511655,54.608884]},"properties":{"line":"165","mode":"bus","color":"#0059a9","colorDark":"#00294f","band":3,"off":[3.4,1.1]}},{"type":"Feature","geometry":{"type":"Point","coordinates":[18.481387,54.563407]},"properties":{"name":"Pogórze Górne","band":3,"modes":"bus","arr":["105","135","141","146","163","165","173","194","282","365","G","N40","N65","N94"],"off":[0,-0.8]}},{"type":"Feature","geometry":{"type":"Point","coordinates":[18.481387,54.563407]},"properties":{"line":"105","mode":"bus","color":"#0059a9","colorDark":"#00294f","band":3,"off":[-6.8,1.1]}},{"type":"Feature","geometry":{"type":"Point","coordinates":[18.481387,54.563407]},"properties":{"line":"135","mode":"bus","color":"#0059a9","colorDark":"#00294f","band":3,"off":[-3.4,1.1]}},{"type":"Feature","geometry":{"type":"Point","coordinates":[18.481387,54.563407]},"properties":{"line":"141","mode":"bus","color":"#0059a9","colorDark":"#00294f","band":3,"off":[0,1.1]}},{"type":"Feature","geometry":{"type":"Point","coordinates":[18.481387,54.563407]},"properties":{"line":"146","mode":"bus","color":"#0059a9","colorDark":"#00294f","band":3,"off":[3.4,1.1]}},{"type":"Feature","geometry":{"type":"Point","coordinates":[18.481387,54.563407]},"properties":{"line":"163","mode":"bus","color":"#0059a9","colorDark":"#00294f","band":3,"off":[6.8,1.1]}},{"type":"Feature","geometry":{"type":"Point","coordinates":[18.481387,54.563407]},"properties":{"line":"165","mode":"bus","color":"#0059a9","colorDark":"#00294f","band":3,"off":[-6.8,3.1]}},{"type":"Feature","geometry":{"type":"Point","coordinates":[18.481387,54.563407]},"properties":{"line":"173","mode":"bus","color":"#0059a9","colorDark":"#00294f","band":3,"off":[-3.4,3.1]}},{"type":"Feature","geometry":{"type":"Point","coordinates":[18.481387,54.563407]},"properties":{"line":"194","mode":"bus","color":"#0059a9","colorDark":"#00294f","band":3,"off":[0,3.1]}},{"type":"Feature","geometry":{"type":"Point","coordinates":[18.481387,54.563407]},"properties":{"line":"282","mode":"bus","color":"#0059a9","colorDark":"#00294f","band":3,"off":[3.4,3.1]}},{"type":"Feature","geometry":{"type":"Point","coordinates":[18.481387,54.563407]},"properties":{"line":"365","mode":"bus","color":"#0059a9","colorDark":"#00294f","band":3,"off":[6.8,3.1]}},{"type":"Feature","geometry":{"type":"Point","coordinates":[18.481387,54.563407]},"properties":{"line":"G","mode":"bus","color":"#0059a9","colorDark":"#00294f","band":3,"off":[-5.1,5.1]}},{"type":"Feature","geometry":{"type":"Point","coordinates":[18.481387,54.563407]},"properties":{"line":"N40","mode":"bus","color":"#0059a9","colorDark":"#00294f","band":3,"off":[-1.7,5.1]}},{"type":"Feature","geometry":{"type":"Point","coordinates":[18.481387,54.563407]},"properties":{"line":"N65","mode":"bus","color":"#0059a9","colorDark":"#00294f","band":3,"off":[1.7,5.1]}},{"type":"Feature","geometry":{"type":"Point","coordinates":[18.481387,54.563407]},"properties":{"line":"N94","mode":"bus","color":"#0059a9","colorDark":"#00294f","band":3,"off":[5.1,5.1]}},{"type":"Feature","geometry":{"type":"Point","coordinates":[18.538951,54.577838]},"properties":{"name":"Babie Doły","band":3,"modes":"bus","arr":["109","196","209","309"],"off":[0,-0.8]}},{"type":"Feature","geometry":{"type":"Point","coordinates":[18.538951,54.577838]},"properties":{"line":"109","mode":"bus","color":"#0059a9","colorDark":"#00294f","band":3,"off":[-5.1,1.1]}},{"type":"Feature","geometry":{"type":"Point","coordinates":[18.538951,54.577838]},"properties":{"line":"196","mode":"bus","color":"#0059a9","colorDark":"#00294f","band":3,"off":[-1.7,1.1]}},{"type":"Feature","geometry":{"type":"Point","coordinates":[18.538951,54.577838]},"properties":{"line":"209","mode":"bus","color":"#0059a9","colorDark":"#00294f","band":3,"off":[1.7,1.1]}},{"type":"Feature","geometry":{"type":"Point","coordinates":[18.538951,54.577838]},"properties":{"line":"309","mode":"bus","color":"#0059a9","colorDark":"#00294f","band":3,"off":[5.1,1.1]}},{"type":"Feature","geometry":{"type":"Point","coordinates":[18.536983,54.491162]},"properties":{"name":"Redłowo SKM","band":3,"modes":"bus","arr":["109","209"],"off":[0,-0.8]}},{"type":"Feature","geometry":{"type":"Point","coordinates":[18.536983,54.491162]},"properties":{"line":"109","mode":"bus","color":"#0059a9","colorDark":"#00294f","band":3,"off":[-1.7,1.1]}},{"type":"Feature","geometry":{"type":"Point","coordinates":[18.536983,54.491162]},"properties":{"line":"209","mode":"bus","color":"#0059a9","colorDark":"#00294f","band":3,"off":[1.7,1.1]}},{"type":"Feature","geometry":{"type":"Point","coordinates":[18.547128,54.532798]},"properties":{"name":"Dworzec Morski - Muzeum Emigracji","band":3,"modes":"bus","arr":["119","133"],"off":[0,-0.8]}},{"type":"Feature","geometry":{"type":"Point","coordinates":[18.547128,54.532798]},"properties":{"line":"119","mode":"bus","color":"#0059a9","colorDark":"#00294f","band":3,"off":[-1.7,1.1]}},{"type":"Feature","geometry":{"type":"Point","coordinates":[18.547128,54.532798]},"properties":{"line":"133","mode":"bus","color":"#0059a9","colorDark":"#00294f","band":3,"off":[1.7,1.1]}},{"type":"Feature","geometry":{"type":"Point","coordinates":[18.438303,54.497609]},"properties":{"name":"Chwarzno Sokółka","band":3,"modes":"bus","arr":["121","N20"],"off":[0,-0.8]}},{"type":"Feature","geometry":{"type":"Point","coordinates":[18.438303,54.497609]},"properties":{"line":"121","mode":"bus","color":"#0059a9","colorDark":"#00294f","band":3,"off":[-1.7,1.1]}},{"type":"Feature","geometry":{"type":"Point","coordinates":[18.438303,54.497609]},"properties":{"line":"N20","mode":"bus","color":"#0059a9","colorDark":"#00294f","band":3,"off":[1.7,1.1]}},{"type":"Feature","geometry":{"type":"Point","coordinates":[18.50714,54.562762]},"properties":{"name":"Obłuże Maciejewicza","band":3,"modes":"bus","arr":["134","182","197","770","K"],"off":[0,-0.8]}},{"type":"Feature","geometry":{"type":"Point","coordinates":[18.50714,54.562762]},"properties":{"line":"134","mode":"bus","color":"#0059a9","colorDark":"#00294f","band":3,"off":[-6.8,1.1]}},{"type":"Feature","geometry":{"type":"Point","coordinates":[18.50714,54.562762]},"properties":{"line":"182","mode":"bus","color":"#0059a9","colorDark":"#00294f","band":3,"off":[-3.4,1.1]}},{"type":"Feature","geometry":{"type":"Point","coordinates":[18.50714,54.562762]},"properties":{"line":"197","mode":"bus","color":"#0059a9","colorDark":"#00294f","band":3,"off":[0,1.1]}},{"type":"Feature","geometry":{"type":"Point","coordinates":[18.50714,54.562762]},"properties":{"line":"770","mode":"bus","color":"#0059a9","colorDark":"#00294f","band":3,"off":[3.4,1.1]}},{"type":"Feature","geometry":{"type":"Point","coordinates":[18.50714,54.562762]},"properties":{"line":"K","mode":"bus","color":"#0059a9","colorDark":"#00294f","band":3,"off":[6.8,1.1]}},{"type":"Feature","geometry":{"type":"Point","coordinates":[18.451306,54.590404]},"properties":{"name":"Dębogórze - Słonecznikowa","band":3,"modes":"bus","arr":["135"],"off":[0,-0.8]}},{"type":"Feature","geometry":{"type":"Point","coordinates":[18.451306,54.590404]},"properties":{"line":"135","mode":"bus","color":"#0059a9","colorDark":"#00294f","band":3,"off":[0,1.1]}},{"type":"Feature","geometry":{"type":"Point","coordinates":[18.45115,54.450756]},"properties":{"name":"Kacze Buki Puszczyka","band":3,"modes":"bus","arr":["137"],"off":[0,-0.8]}},{"type":"Feature","geometry":{"type":"Point","coordinates":[18.45115,54.450756]},"properties":{"line":"137","mode":"bus","color":"#0059a9","colorDark":"#00294f","band":3,"off":[0,1.1]}},{"type":"Feature","geometry":{"type":"Point","coordinates":[18.437278,54.481815]},"properties":{"name":"Wiczlino Działki I","band":3,"modes":"bus","arr":["140","760"],"off":[0,-0.8]}},{"type":"Feature","geometry":{"type":"Point","coordinates":[18.437278,54.481815]},"properties":{"line":"140","mode":"bus","color":"#0059a9","colorDark":"#00294f","band":3,"off":[-1.7,1.1]}},{"type":"Feature","geometry":{"type":"Point","coordinates":[18.437278,54.481815]},"properties":{"line":"760","mode":"bus","color":"#0059a9","colorDark":"#00294f","band":3,"off":[1.7,1.1]}},{"type":"Feature","geometry":{"type":"Point","coordinates":[18.42763,54.488136]},"properties":{"name":"Filipkowskiego","band":3,"modes":"bus","arr":["140","147","760","940","K"],"off":[0,-0.8]}},{"type":"Feature","geometry":{"type":"Point","coordinates":[18.42763,54.488136]},"properties":{"line":"140","mode":"bus","color":"#0059a9","colorDark":"#00294f","band":3,"off":[-6.8,1.1]}},{"type":"Feature","geometry":{"type":"Point","coordinates":[18.42763,54.488136]},"properties":{"line":"147","mode":"bus","color":"#0059a9","colorDark":"#00294f","band":3,"off":[-3.4,1.1]}},{"type":"Feature","geometry":{"type":"Point","coordinates":[18.42763,54.488136]},"properties":{"line":"760","mode":"bus","color":"#0059a9","colorDark":"#00294f","band":3,"off":[0,1.1]}},{"type":"Feature","geometry":{"type":"Point","coordinates":[18.42763,54.488136]},"properties":{"line":"940","mode":"bus","color":"#0059a9","colorDark":"#00294f","band":3,"off":[3.4,1.1]}},{"type":"Feature","geometry":{"type":"Point","coordinates":[18.42763,54.488136]},"properties":{"line":"K","mode":"bus","color":"#0059a9","colorDark":"#00294f","band":3,"off":[6.8,1.1]}},{"type":"Feature","geometry":{"type":"Point","coordinates":[18.433824,54.499163]},"properties":{"name":"Chwarzno Polanki","band":3,"modes":"bus","arr":["140","160","760","K"],"off":[0,-0.8]}},{"type":"Feature","geometry":{"type":"Point","coordinates":[18.433824,54.499163]},"properties":{"line":"140","mode":"bus","color":"#0059a9","colorDark":"#00294f","band":3,"off":[-5.1,1.1]}},{"type":"Feature","geometry":{"type":"Point","coordinates":[18.433824,54.499163]},"properties":{"line":"160","mode":"bus","color":"#0059a9","colorDark":"#00294f","band":3,"off":[-1.7,1.1]}},{"type":"Feature","geometry":{"type":"Point","coordinates":[18.433824,54.499163]},"properties":{"line":"760","mode":"bus","color":"#0059a9","colorDark":"#00294f","band":3,"off":[1.7,1.1]}},{"type":"Feature","geometry":{"type":"Point","coordinates":[18.433824,54.499163]},"properties":{"line":"K","mode":"bus","color":"#0059a9","colorDark":"#00294f","band":3,"off":[5.1,1.1]}},{"type":"Feature","geometry":{"type":"Point","coordinates":[18.492534,54.498386]},"properties":{"name":"Witomino Sosnowa","band":3,"modes":"bus","arr":["141"],"off":[0,-0.8]}},{"type":"Feature","geometry":{"type":"Point","coordinates":[18.492534,54.498386]},"properties":{"line":"141","mode":"bus","color":"#0059a9","colorDark":"#00294f","band":3,"off":[0,1.1]}},{"type":"Feature","geometry":{"type":"Point","coordinates":[18.511392,54.631961]},"properties":{"name":"Rewa - Bursztynowa","band":3,"modes":"bus","arr":["146","165","365","M","N65"],"off":[0,-0.8]}},{"type":"Feature","geometry":{"type":"Point","coordinates":[18.511392,54.631961]},"properties":{"line":"146","mode":"bus","color":"#0059a9","colorDark":"#00294f","band":3,"off":[-6.8,1.1]}},{"type":"Feature","geometry":{"type":"Point","coordinates":[18.511392,54.631961]},"properties":{"line":"165","mode":"bus","color":"#0059a9","colorDark":"#00294f","band":3,"off":[-3.4,1.1]}},{"type":"Feature","geometry":{"type":"Point","coordinates":[18.511392,54.631961]},"properties":{"line":"365","mode":"bus","color":"#0059a9","colorDark":"#00294f","band":3,"off":[0,1.1]}},{"type":"Feature","geometry":{"type":"Point","coordinates":[18.511392,54.631961]},"properties":{"line":"M","mode":"bus","color":"#0059a9","colorDark":"#00294f","band":3,"off":[3.4,1.1]}},{"type":"Feature","geometry":{"type":"Point","coordinates":[18.511392,54.631961]},"properties":{"line":"N65","mode":"bus","color":"#0059a9","colorDark":"#00294f","band":3,"off":[6.8,1.1]}},{"type":"Feature","geometry":{"type":"Point","coordinates":[18.512622,54.491135]},"properties":{"name":"Witomino Leśniczówka","band":3,"modes":"bus","arr":["150","N20","N94"],"off":[0,-0.8]}},{"type":"Feature","geometry":{"type":"Point","coordinates":[18.512622,54.491135]},"properties":{"line":"150","mode":"bus","color":"#0059a9","colorDark":"#00294f","band":3,"off":[-3.4,1.1]}},{"type":"Feature","geometry":{"type":"Point","coordinates":[18.512622,54.491135]},"properties":{"line":"N20","mode":"bus","color":"#0059a9","colorDark":"#00294f","band":3,"off":[0,1.1]}},{"type":"Feature","geometry":{"type":"Point","coordinates":[18.512622,54.491135]},"properties":{"line":"N94","mode":"bus","color":"#0059a9","colorDark":"#00294f","band":3,"off":[3.4,1.1]}},{"type":"Feature","geometry":{"type":"Point","coordinates":[18.539354,54.550742]},"properties":{"name":"Oksywie Godebskiego","band":3,"modes":"bus","arr":["150"],"off":[0,-0.8]}},{"type":"Feature","geometry":{"type":"Point","coordinates":[18.539354,54.550742]},"properties":{"line":"150","mode":"bus","color":"#0059a9","colorDark":"#00294f","band":3,"off":[0,1.1]}},{"type":"Feature","geometry":{"type":"Point","coordinates":[18.528354,54.486695]},"properties":{"name":"Mały Kack Sandomierska","band":3,"modes":"bus","arr":["152","203","252"],"off":[0,-0.8]}},{"type":"Feature","geometry":{"type":"Point","coordinates":[18.528354,54.486695]},"properties":{"line":"152","mode":"bus","color":"#0059a9","colorDark":"#00294f","band":3,"off":[-3.4,1.1]}},{"type":"Feature","geometry":{"type":"Point","coordinates":[18.528354,54.486695]},"properties":{"line":"203","mode":"bus","color":"#0059a9","colorDark":"#00294f","band":3,"off":[0,1.1]}},{"type":"Feature","geometry":{"type":"Point","coordinates":[18.528354,54.486695]},"properties":{"line":"252","mode":"bus","color":"#0059a9","colorDark":"#00294f","band":3,"off":[3.4,1.1]}},{"type":"Feature","geometry":{"type":"Point","coordinates":[18.546348,54.557516]},"properties":{"name":"Oksywie Dickmana","band":3,"modes":"bus","arr":["152"],"off":[0,-0.8]}},{"type":"Feature","geometry":{"type":"Point","coordinates":[18.546348,54.557516]},"properties":{"line":"152","mode":"bus","color":"#0059a9","colorDark":"#00294f","band":3,"off":[0,1.1]}},{"type":"Feature","geometry":{"type":"Point","coordinates":[18.496477,54.464606]},"properties":{"name":"Wielki Kack Starodworcowa","band":3,"modes":"bus","arr":["153"],"off":[0,-0.8]}},{"type":"Feature","geometry":{"type":"Point","coordinates":[18.496477,54.464606]},"properties":{"line":"153","mode":"bus","color":"#0059a9","colorDark":"#00294f","band":3,"off":[0,1.1]}},{"type":"Feature","geometry":{"type":"Point","coordinates":[18.463642,54.54634]},"properties":{"name":"Chylonia Dworzec PKP - os. Meksyk","band":3,"modes":"bus","arr":["163","165","198"],"off":[0,-0.8]}},{"type":"Feature","geometry":{"type":"Point","coordinates":[18.463642,54.54634]},"properties":{"line":"163","mode":"bus","color":"#0059a9","colorDark":"#00294f","band":3,"off":[-3.4,1.1]}},{"type":"Feature","geometry":{"type":"Point","coordinates":[18.463642,54.54634]},"properties":{"line":"165","mode":"bus","color":"#0059a9","colorDark":"#00294f","band":3,"off":[0,1.1]}},{"type":"Feature","geometry":{"type":"Point","coordinates":[18.463642,54.54634]},"properties":{"line":"198","mode":"bus","color":"#0059a9","colorDark":"#00294f","band":3,"off":[3.4,1.1]}},{"type":"Feature","geometry":{"type":"Point","coordinates":[18.547883,54.458585]},"properties":{"name":"Kamienny Potok - Kujawska","band":3,"modes":"bus","arr":["185"],"off":[0,-0.8]}},{"type":"Feature","geometry":{"type":"Point","coordinates":[18.547883,54.458585]},"properties":{"line":"185","mode":"bus","color":"#0059a9","colorDark":"#00294f","band":3,"off":[0,1.1]}},{"type":"Feature","geometry":{"type":"Point","coordinates":[18.553004,54.457683]},"properties":{"name":"Kamienny Potok SKM","band":3,"modes":"bus","arr":["185","187","287"],"off":[0,-0.8]}},{"type":"Feature","geometry":{"type":"Point","coordinates":[18.553004,54.457683]},"properties":{"line":"185","mode":"bus","color":"#0059a9","colorDark":"#00294f","band":3,"off":[-3.4,1.1]}},{"type":"Feature","geometry":{"type":"Point","coordinates":[18.553004,54.457683]},"properties":{"line":"187","mode":"bus","color":"#0059a9","colorDark":"#00294f","band":3,"off":[0,1.1]}},{"type":"Feature","geometry":{"type":"Point","coordinates":[18.553004,54.457683]},"properties":{"line":"287","mode":"bus","color":"#0059a9","colorDark":"#00294f","band":3,"off":[3.4,1.1]}},{"type":"Feature","geometry":{"type":"Point","coordinates":[18.340093,54.488363]},"properties":{"name":"Koleczkowo Poczta","band":3,"modes":"bus","arr":["191"],"off":[0,-0.8]}},{"type":"Feature","geometry":{"type":"Point","coordinates":[18.340093,54.488363]},"properties":{"line":"191","mode":"bus","color":"#0059a9","colorDark":"#00294f","band":3,"off":[0,1.1]}},{"type":"Feature","geometry":{"type":"Point","coordinates":[18.21685,54.486945]},"properties":{"name":"Szemud Centrum Samorządowe","band":3,"modes":"bus","arr":["193"],"off":[0,-0.8]}},{"type":"Feature","geometry":{"type":"Point","coordinates":[18.21685,54.486945]},"properties":{"line":"193","mode":"bus","color":"#0059a9","colorDark":"#00294f","band":3,"off":[0,1.1]}},{"type":"Feature","geometry":{"type":"Point","coordinates":[18.546863,54.50498]},"properties":{"name":"Norwida","band":3,"modes":"bus","arr":["252"],"off":[0,-0.8]}},{"type":"Feature","geometry":{"type":"Point","coordinates":[18.546863,54.50498]},"properties":{"line":"252","mode":"bus","color":"#0059a9","colorDark":"#00294f","band":3,"off":[0,1.1]}},{"type":"Feature","geometry":{"type":"Point","coordinates":[18.545161,54.456952]},"properties":{"name":"Kamienny Potok - Kościół","band":3,"modes":"bus","arr":["287"],"off":[0,-0.8]}},{"type":"Feature","geometry":{"type":"Point","coordinates":[18.545161,54.456952]},"properties":{"line":"287","mode":"bus","color":"#0059a9","colorDark":"#00294f","band":3,"off":[0,1.1]}},{"type":"Feature","geometry":{"type":"Point","coordinates":[18.494031,54.534221]},"properties":{"name":"Grabówek SKM","band":3,"modes":"bus","arr":["309","326","740"],"off":[0,-0.8]}},{"type":"Feature","geometry":{"type":"Point","coordinates":[18.494031,54.534221]},"properties":{"line":"309","mode":"bus","color":"#0059a9","colorDark":"#00294f","band":3,"off":[-3.4,1.1]}},{"type":"Feature","geometry":{"type":"Point","coordinates":[18.494031,54.534221]},"properties":{"line":"326","mode":"bus","color":"#149a3f","colorDark":"#0a5121","band":3,"off":[0,1.1]}},{"type":"Feature","geometry":{"type":"Point","coordinates":[18.494031,54.534221]},"properties":{"line":"740","mode":"bus","color":"#0059a9","colorDark":"#00294f","band":3,"off":[3.4,1.1]}},{"type":"Feature","geometry":{"type":"Point","coordinates":[18.537646,54.585813]},"properties":{"name":"Babie Doły Plaża","band":3,"modes":"bus","arr":["309"],"off":[0,-0.8]}},{"type":"Feature","geometry":{"type":"Point","coordinates":[18.537646,54.585813]},"properties":{"line":"309","mode":"bus","color":"#0059a9","colorDark":"#00294f","band":3,"off":[0,1.1]}},{"type":"Feature","geometry":{"type":"Point","coordinates":[18.476277,54.559153]},"properties":{"name":"Baza na Pogórzu Dolnym","band":3,"modes":"bus","arr":["770"],"off":[0,-0.8]}},{"type":"Feature","geometry":{"type":"Point","coordinates":[18.476277,54.559153]},"properties":{"line":"770","mode":"bus","color":"#0059a9","colorDark":"#00294f","band":3,"off":[0,1.1]}},{"type":"Feature","geometry":{"type":"Point","coordinates":[18.415671,54.500442]},"properties":{"name":"Fregatowa","band":3,"modes":"bus","arr":["940"],"off":[0,-0.8]}},{"type":"Feature","geometry":{"type":"Point","coordinates":[18.415671,54.500442]},"properties":{"line":"940","mode":"bus","color":"#0059a9","colorDark":"#00294f","band":3,"off":[0,1.1]}},{"type":"Feature","geometry":{"type":"Point","coordinates":[18.245237,54.615058]},"properties":{"name":"Wejherowo Szpital","band":3,"modes":"bus","arr":["J"],"off":[0,-0.8]}},{"type":"Feature","geometry":{"type":"Point","coordinates":[18.245237,54.615058]},"properties":{"line":"J","mode":"bus","color":"#0059a9","colorDark":"#00294f","band":3,"off":[0,1.1]}},{"type":"Feature","geometry":{"type":"Point","coordinates":[18.463986,54.573205]},"properties":{"name":"Suchy Dwór - Borchardta","band":3,"modes":"bus","arr":["N94"],"off":[0,-0.8]}},{"type":"Feature","geometry":{"type":"Point","coordinates":[18.463986,54.573205]},"properties":{"line":"N94","mode":"bus","color":"#0059a9","colorDark":"#00294f","band":3,"off":[0,1.1]}},{"type":"Feature","geometry":{"type":"Point","coordinates":[18.355079,54.341527]},"properties":{"name":"Żukowo Urząd Gminy","band":3,"modes":"bus","arr":["Z"],"off":[0,-0.8]}},{"type":"Feature","geometry":{"type":"Point","coordinates":[18.355079,54.341527]},"properties":{"line":"Z","mode":"bus","color":"#0059a9","colorDark":"#00294f","band":3,"off":[0,1.1]}},{"type":"Feature","geometry":{"type":"Point","coordinates":[18.569905,54.327928]},"properties":{"name":"Lawendowe Wzgórze","band":3,"modes":"tram","arr":["2","11"],"off":[0,-0.8]}},{"type":"Feature","geometry":{"type":"Point","coordinates":[18.569905,54.327928]},"properties":{"line":"2","mode":"tram","color":"#d6212b","colorDark":"#7c1116","band":3,"off":[-1.7,1.1]}},{"type":"Feature","geometry":{"type":"Point","coordinates":[18.569905,54.327928]},"properties":{"line":"11","mode":"tram","color":"#d6212b","colorDark":"#7c1116","band":3,"off":[1.7,1.1]}},{"type":"Feature","geometry":{"type":"Point","coordinates":[18.592646,54.42328]},"properties":{"name":"Jelitkowo","band":3,"modes":"tram","arr":["2"],"off":[0,-0.8]}},{"type":"Feature","geometry":{"type":"Point","coordinates":[18.592646,54.42328]},"properties":{"line":"2","mode":"tram","color":"#d6212b","colorDark":"#7c1116","band":3,"off":[0,1.1]}},{"type":"Feature","geometry":{"type":"Point","coordinates":[18.638073,54.407341]},"properties":{"name":"Brzeźno Dom Zdrojowy","band":3,"modes":"tram","arr":["3","63"],"off":[0,-0.8]}},{"type":"Feature","geometry":{"type":"Point","coordinates":[18.638073,54.407341]},"properties":{"line":"3","mode":"tram","color":"#d6212b","colorDark":"#7c1116","band":3,"off":[-1.7,1.1]}},{"type":"Feature","geometry":{"type":"Point","coordinates":[18.638073,54.407341]},"properties":{"line":"63","mode":"tram","color":"#d6212b","colorDark":"#7c1116","band":3,"off":[1.7,1.1]}},{"type":"Feature","geometry":{"type":"Point","coordinates":[18.674326,54.401609]},"properties":{"name":"Nowy Port Oliwska","band":3,"modes":"tram","arr":["5","60"],"off":[0,-0.8]}},{"type":"Feature","geometry":{"type":"Point","coordinates":[18.674326,54.401609]},"properties":{"line":"5","mode":"tram","color":"#d6212b","colorDark":"#7c1116","band":3,"off":[-1.7,1.1]}},{"type":"Feature","geometry":{"type":"Point","coordinates":[18.674326,54.401609]},"properties":{"line":"60","mode":"tram","color":"#d6212b","colorDark":"#7c1116","band":3,"off":[1.7,1.1]}},{"type":"Feature","geometry":{"type":"Point","coordinates":[18.645322,54.354277]},"properties":{"name":"Dworzec Główny","band":3,"modes":"tram","arr":["8","9"],"off":[0,-0.8]}},{"type":"Feature","geometry":{"type":"Point","coordinates":[18.645322,54.354277]},"properties":{"line":"8","mode":"tram","color":"#d6212b","colorDark":"#7c1116","band":3,"off":[-1.7,1.1]}},{"type":"Feature","geometry":{"type":"Point","coordinates":[18.645322,54.354277]},"properties":{"line":"9","mode":"tram","color":"#d6212b","colorDark":"#7c1116","band":3,"off":[1.7,1.1]}},{"type":"Feature","geometry":{"type":"Point","coordinates":[18.579232,54.390061]},"properties":{"name":"Zajezdnia WRZESZCZ T2","band":3,"modes":"tram","arr":["9","11"],"off":[0,-0.8]}},{"type":"Feature","geometry":{"type":"Point","coordinates":[18.579232,54.390061]},"properties":{"line":"9","mode":"tram","color":"#d6212b","colorDark":"#7c1116","band":3,"off":[-1.7,1.1]}},{"type":"Feature","geometry":{"type":"Point","coordinates":[18.579232,54.390061]},"properties":{"line":"11","mode":"tram","color":"#d6212b","colorDark":"#7c1116","band":3,"off":[1.7,1.1]}},{"type":"Feature","geometry":{"type":"Point","coordinates":[18.673663,54.397109]},"properties":{"name":"Zajezdnia NOWY PORT T2","band":3,"modes":"tram","arr":["10"],"off":[0,-0.8]}},{"type":"Feature","geometry":{"type":"Point","coordinates":[18.673663,54.397109]},"properties":{"line":"10","mode":"tram","color":"#d6212b","colorDark":"#7c1116","band":3,"off":[0,1.1]}},{"type":"Feature","geometry":{"type":"Point","coordinates":[18.574168,54.366014]},"properties":{"name":"Brętowo PKM","band":3,"modes":"tram","arr":["10"],"off":[0,-0.8]}},{"type":"Feature","geometry":{"type":"Point","coordinates":[18.574168,54.366014]},"properties":{"line":"10","mode":"tram","color":"#d6212b","colorDark":"#7c1116","band":3,"off":[0,1.1]}},{"type":"Feature","geometry":{"type":"Point","coordinates":[18.594857,54.399259]},"properties":{"name":"Zaspa","band":3,"modes":"tram","arr":["12"],"off":[0,-0.8]}},{"type":"Feature","geometry":{"type":"Point","coordinates":[18.594857,54.399259]},"properties":{"line":"12","mode":"tram","color":"#d6212b","colorDark":"#7c1116","band":3,"off":[0,1.1]}},{"type":"Feature","geometry":{"type":"Point","coordinates":[18.645703,54.356977]},"properties":{"name":"Dworzec Główny","band":4,"modes":"bus","arr":["100"],"off":[0,-0.8]}},{"type":"Feature","geometry":{"type":"Point","coordinates":[18.645703,54.356977]},"properties":{"line":"100","mode":"bus","color":"#0059a9","colorDark":"#00294f","band":4,"off":[0,1.1]}},{"type":"Feature","geometry":{"type":"Point","coordinates":[18.656682,54.353759]},"properties":{"name":"Tartaczna","band":4,"modes":"bus","arr":["100"],"off":[0,-0.8]}},{"type":"Feature","geometry":{"type":"Point","coordinates":[18.656682,54.353759]},"properties":{"line":"100","mode":"bus","color":"#0059a9","colorDark":"#00294f","band":4,"off":[0,1.1]}},{"type":"Feature","geometry":{"type":"Point","coordinates":[18.659337,54.357441]},"properties":{"name":"Muzeum II Wojny Światowej","band":4,"modes":"bus","arr":["106","130","208","600"],"off":[0,-0.8]}},{"type":"Feature","geometry":{"type":"Point","coordinates":[18.659337,54.357441]},"properties":{"line":"106","mode":"bus","color":"#0059a9","colorDark":"#00294f","band":4,"off":[-5.1,1.1]}},{"type":"Feature","geometry":{"type":"Point","coordinates":[18.659337,54.357441]},"properties":{"line":"130","mode":"bus","color":"#0059a9","colorDark":"#00294f","band":4,"off":[-1.7,1.1]}},{"type":"Feature","geometry":{"type":"Point","coordinates":[18.659337,54.357441]},"properties":{"line":"208","mode":"bus","color":"#0059a9","colorDark":"#00294f","band":4,"off":[1.7,1.1]}},{"type":"Feature","geometry":{"type":"Point","coordinates":[18.659337,54.357441]},"properties":{"line":"600","mode":"bus","color":"#0059a9","colorDark":"#00294f","band":4,"off":[5.1,1.1]}},{"type":"Feature","geometry":{"type":"Point","coordinates":[18.679469,54.356766]},"properties":{"name":"Siennicka","band":4,"modes":"bus","arr":["106","111","911","N8"],"off":[0,-0.8]}},{"type":"Feature","geometry":{"type":"Point","coordinates":[18.679469,54.356766]},"properties":{"line":"106","mode":"bus","color":"#0059a9","colorDark":"#00294f","band":4,"off":[-5.1,1.1]}},{"type":"Feature","geometry":{"type":"Point","coordinates":[18.679469,54.356766]},"properties":{"line":"111","mode":"bus","color":"#0059a9","colorDark":"#00294f","band":4,"off":[-1.7,1.1]}},{"type":"Feature","geometry":{"type":"Point","coordinates":[18.679469,54.356766]},"properties":{"line":"911","mode":"bus","color":"#0059a9","colorDark":"#00294f","band":4,"off":[1.7,1.1]}},{"type":"Feature","geometry":{"type":"Point","coordinates":[18.679469,54.356766]},"properties":{"line":"N8","mode":"bus","color":"#0059a9","colorDark":"#00294f","band":4,"off":[5.1,1.1]}},{"type":"Feature","geometry":{"type":"Point","coordinates":[18.68279,54.40345]},"properties":{"name":"Muzeum Westerplatte – Terminal Promowy","band":4,"modes":"bus","arr":["106","138","600","606"],"off":[0,-0.8]}},{"type":"Feature","geometry":{"type":"Point","coordinates":[18.68279,54.40345]},"properties":{"line":"106","mode":"bus","color":"#0059a9","colorDark":"#00294f","band":4,"off":[-5.1,1.1]}},{"type":"Feature","geometry":{"type":"Point","coordinates":[18.68279,54.40345]},"properties":{"line":"138","mode":"bus","color":"#0059a9","colorDark":"#00294f","band":4,"off":[-1.7,1.1]}},{"type":"Feature","geometry":{"type":"Point","coordinates":[18.68279,54.40345]},"properties":{"line":"600","mode":"bus","color":"#0059a9","colorDark":"#00294f","band":4,"off":[1.7,1.1]}},{"type":"Feature","geometry":{"type":"Point","coordinates":[18.68279,54.40345]},"properties":{"line":"606","mode":"bus","color":"#0059a9","colorDark":"#00294f","band":4,"off":[5.1,1.1]}},{"type":"Feature","geometry":{"type":"Point","coordinates":[18.650973,54.247361]},"properties":{"name":"Pruszcz Gdański Komarowo","band":4,"modes":"bus","arr":["107","507"],"off":[0,-0.8]}},{"type":"Feature","geometry":{"type":"Point","coordinates":[18.650973,54.247361]},"properties":{"line":"107","mode":"bus","color":"#0059a9","colorDark":"#00294f","band":4,"off":[-1.7,1.1]}},{"type":"Feature","geometry":{"type":"Point","coordinates":[18.650973,54.247361]},"properties":{"line":"507","mode":"bus","color":"#0059a9","colorDark":"#00294f","band":4,"off":[1.7,1.1]}},{"type":"Feature","geometry":{"type":"Point","coordinates":[18.652325,54.267183]},"properties":{"name":"Pruszcz Gdański Osiedle Piastowskie","band":4,"modes":"bus","arr":["107","607","N5"],"off":[0,-0.8]}},{"type":"Feature","geometry":{"type":"Point","coordinates":[18.652325,54.267183]},"properties":{"line":"107","mode":"bus","color":"#0059a9","colorDark":"#00294f","band":4,"off":[-3.4,1.1]}},{"type":"Feature","geometry":{"type":"Point","coordinates":[18.652325,54.267183]},"properties":{"line":"607","mode":"bus","color":"#0059a9","colorDark":"#00294f","band":4,"off":[0,1.1]}},{"type":"Feature","geometry":{"type":"Point","coordinates":[18.652325,54.267183]},"properties":{"line":"N5","mode":"bus","color":"#0059a9","colorDark":"#00294f","band":4,"off":[3.4,1.1]}},{"type":"Feature","geometry":{"type":"Point","coordinates":[18.626457,54.266939]},"properties":{"name":"Pruszcz Gdański Rondo Kaszubskie","band":4,"modes":"bus","arr":["107","132","607"],"off":[0,-0.8]}},{"type":"Feature","geometry":{"type":"Point","coordinates":[18.626457,54.266939]},"properties":{"line":"107","mode":"bus","color":"#0059a9","colorDark":"#00294f","band":4,"off":[-3.4,1.1]}},{"type":"Feature","geometry":{"type":"Point","coordinates":[18.626457,54.266939]},"properties":{"line":"132","mode":"bus","color":"#0059a9","colorDark":"#00294f","band":4,"off":[0,1.1]}},{"type":"Feature","geometry":{"type":"Point","coordinates":[18.626457,54.266939]},"properties":{"line":"607","mode":"bus","color":"#0059a9","colorDark":"#00294f","band":4,"off":[3.4,1.1]}},{"type":"Feature","geometry":{"type":"Point","coordinates":[18.636207,54.262625]},"properties":{"name":"Pruszcz Gdański Krótka – Dom Wiedemanna","band":4,"modes":"bus","arr":["107","607","M32","N5"],"off":[0,-0.8]}},{"type":"Feature","geometry":{"type":"Point","coordinates":[18.636207,54.262625]},"properties":{"line":"107","mode":"bus","color":"#0059a9","colorDark":"#00294f","band":4,"off":[-5.1,1.1]}},{"type":"Feature","geometry":{"type":"Point","coordinates":[18.636207,54.262625]},"properties":{"line":"607","mode":"bus","color":"#0059a9","colorDark":"#00294f","band":4,"off":[-1.7,1.1]}},{"type":"Feature","geometry":{"type":"Point","coordinates":[18.636207,54.262625]},"properties":{"line":"M32","mode":"bus","color":"#0059a9","colorDark":"#00294f","band":4,"off":[1.7,1.1]}},{"type":"Feature","geometry":{"type":"Point","coordinates":[18.636207,54.262625]},"properties":{"line":"N5","mode":"bus","color":"#0059a9","colorDark":"#00294f","band":4,"off":[5.1,1.1]}},{"type":"Feature","geometry":{"type":"Point","coordinates":[18.645672,54.361583]},"properties":{"name":"Jana z Kolna","band":4,"modes":"bus","arr":["108","111","112","123","138","154","167","178","184","186","189","199","210","212","267","289","606"],"off":[0,-0.8]}},{"type":"Feature","geometry":{"type":"Point","coordinates":[18.645672,54.361583]},"properties":{"line":"108","mode":"bus","color":"#0059a9","colorDark":"#00294f","band":4,"off":[-6.8,1.1]}},{"type":"Feature","geometry":{"type":"Point","coordinates":[18.645672,54.361583]},"properties":{"line":"111","mode":"bus","color":"#0059a9","colorDark":"#00294f","band":4,"off":[-3.4,1.1]}},{"type":"Feature","geometry":{"type":"Point","coordinates":[18.645672,54.361583]},"properties":{"line":"112","mode":"bus","color":"#0059a9","colorDark":"#00294f","band":4,"off":[0,1.1]}},{"type":"Feature","geometry":{"type":"Point","coordinates":[18.645672,54.361583]},"properties":{"line":"123","mode":"bus","color":"#0059a9","colorDark":"#00294f","band":4,"off":[3.4,1.1]}},{"type":"Feature","geometry":{"type":"Point","coordinates":[18.645672,54.361583]},"properties":{"line":"138","mode":"bus","color":"#0059a9","colorDark":"#00294f","band":4,"off":[6.8,1.1]}},{"type":"Feature","geometry":{"type":"Point","coordinates":[18.645672,54.361583]},"properties":{"line":"154","mode":"bus","color":"#0059a9","colorDark":"#00294f","band":4,"off":[-6.8,3.1]}},{"type":"Feature","geometry":{"type":"Point","coordinates":[18.645672,54.361583]},"properties":{"line":"167","mode":"bus","color":"#0059a9","colorDark":"#00294f","band":4,"off":[-3.4,3.1]}},{"type":"Feature","geometry":{"type":"Point","coordinates":[18.645672,54.361583]},"properties":{"line":"178","mode":"bus","color":"#0059a9","colorDark":"#00294f","band":4,"off":[0,3.1]}},{"type":"Feature","geometry":{"type":"Point","coordinates":[18.645672,54.361583]},"properties":{"line":"184","mode":"bus","color":"#0059a9","colorDark":"#00294f","band":4,"off":[3.4,3.1]}},{"type":"Feature","geometry":{"type":"Point","coordinates":[18.645672,54.361583]},"properties":{"line":"186","mode":"bus","color":"#0059a9","colorDark":"#00294f","band":4,"off":[6.8,3.1]}},{"type":"Feature","geometry":{"type":"Point","coordinates":[18.645672,54.361583]},"properties":{"line":"189","mode":"bus","color":"#0059a9","colorDark":"#00294f","band":4,"off":[-6.8,5.1]}},{"type":"Feature","geometry":{"type":"Point","coordinates":[18.645672,54.361583]},"properties":{"line":"199","mode":"bus","color":"#0059a9","colorDark":"#00294f","band":4,"off":[-3.4,5.1]}},{"type":"Feature","geometry":{"type":"Point","coordinates":[18.645672,54.361583]},"properties":{"line":"210","mode":"bus","color":"#0059a9","colorDark":"#00294f","band":4,"off":[0,5.1]}},{"type":"Feature","geometry":{"type":"Point","coordinates":[18.645672,54.361583]},"properties":{"line":"212","mode":"bus","color":"#0059a9","colorDark":"#00294f","band":4,"off":[3.4,5.1]}},{"type":"Feature","geometry":{"type":"Point","coordinates":[18.645672,54.361583]},"properties":{"line":"267","mode":"bus","color":"#0059a9","colorDark":"#00294f","band":4,"off":[6.8,5.1]}},{"type":"Feature","geometry":{"type":"Point","coordinates":[18.645672,54.361583]},"properties":{"line":"289","mode":"bus","color":"#0059a9","colorDark":"#00294f","band":4,"off":[-1.7,7.1]}},{"type":"Feature","geometry":{"type":"Point","coordinates":[18.645672,54.361583]},"properties":{"line":"606","mode":"bus","color":"#0059a9","colorDark":"#00294f","band":4,"off":[1.7,7.1]}},{"type":"Feature","geometry":{"type":"Point","coordinates":[18.645239,54.354883]},"properties":{"name":"Dworzec Główny","band":4,"modes":"bus","arr":["108","132","154","189","208","289","M32","N5","N56","N89"],"off":[0,-0.8]}},{"type":"Feature","geometry":{"type":"Point","coordinates":[18.645239,54.354883]},"properties":{"line":"108","mode":"bus","color":"#0059a9","colorDark":"#00294f","band":4,"off":[-6.8,1.1]}},{"type":"Feature","geometry":{"type":"Point","coordinates":[18.645239,54.354883]},"properties":{"line":"132","mode":"bus","color":"#0059a9","colorDark":"#00294f","band":4,"off":[-3.4,1.1]}},{"type":"Feature","geometry":{"type":"Point","coordinates":[18.645239,54.354883]},"properties":{"line":"154","mode":"bus","color":"#0059a9","colorDark":"#00294f","band":4,"off":[0,1.1]}},{"type":"Feature","geometry":{"type":"Point","coordinates":[18.645239,54.354883]},"properties":{"line":"189","mode":"bus","color":"#0059a9","colorDark":"#00294f","band":4,"off":[3.4,1.1]}},{"type":"Feature","geometry":{"type":"Point","coordinates":[18.645239,54.354883]},"properties":{"line":"208","mode":"bus","color":"#0059a9","colorDark":"#00294f","band":4,"off":[6.8,1.1]}},{"type":"Feature","geometry":{"type":"Point","coordinates":[18.645239,54.354883]},"properties":{"line":"289","mode":"bus","color":"#0059a9","colorDark":"#00294f","band":4,"off":[-6.8,3.1]}},{"type":"Feature","geometry":{"type":"Point","coordinates":[18.645239,54.354883]},"properties":{"line":"M32","mode":"bus","color":"#0059a9","colorDark":"#00294f","band":4,"off":[-3.4,3.1]}},{"type":"Feature","geometry":{"type":"Point","coordinates":[18.645239,54.354883]},"properties":{"line":"N5","mode":"bus","color":"#0059a9","colorDark":"#00294f","band":4,"off":[0,3.1]}},{"type":"Feature","geometry":{"type":"Point","coordinates":[18.645239,54.354883]},"properties":{"line":"N56","mode":"bus","color":"#0059a9","colorDark":"#00294f","band":4,"off":[3.4,3.1]}},{"type":"Feature","geometry":{"type":"Point","coordinates":[18.645239,54.354883]},"properties":{"line":"N89","mode":"bus","color":"#0059a9","colorDark":"#00294f","band":4,"off":[6.8,3.1]}},{"type":"Feature","geometry":{"type":"Point","coordinates":[18.615922,54.333974]},"properties":{"name":"Chełm Więckowskiego","band":4,"modes":"bus","arr":["108"],"off":[0,-0.8]}},{"type":"Feature","geometry":{"type":"Point","coordinates":[18.615922,54.333974]},"properties":{"line":"108","mode":"bus","color":"#0059a9","colorDark":"#00294f","band":4,"off":[0,1.1]}},{"type":"Feature","geometry":{"type":"Point","coordinates":[18.603376,54.382124]},"properties":{"name":"Wrzeszcz PKP","band":4,"modes":"bus","arr":["110","116","126","136","157","158","162","258","N3"],"off":[0,-0.8]}},{"type":"Feature","geometry":{"type":"Point","coordinates":[18.603376,54.382124]},"properties":{"line":"110","mode":"bus","color":"#0059a9","colorDark":"#00294f","band":4,"off":[-6.8,1.1]}},{"type":"Feature","geometry":{"type":"Point","coordinates":[18.603376,54.382124]},"properties":{"line":"116","mode":"bus","color":"#0059a9","colorDark":"#00294f","band":4,"off":[-3.4,1.1]}},{"type":"Feature","geometry":{"type":"Point","coordinates":[18.603376,54.382124]},"properties":{"line":"126","mode":"bus","color":"#0059a9","colorDark":"#00294f","band":4,"off":[0,1.1]}},{"type":"Feature","geometry":{"type":"Point","coordinates":[18.603376,54.382124]},"properties":{"line":"136","mode":"bus","color":"#0059a9","colorDark":"#00294f","band":4,"off":[3.4,1.1]}},{"type":"Feature","geometry":{"type":"Point","coordinates":[18.603376,54.382124]},"properties":{"line":"157","mode":"bus","color":"#0059a9","colorDark":"#00294f","band":4,"off":[6.8,1.1]}},{"type":"Feature","geometry":{"type":"Point","coordinates":[18.603376,54.382124]},"properties":{"line":"158","mode":"bus","color":"#0059a9","colorDark":"#00294f","band":4,"off":[-5.1,3.1]}},{"type":"Feature","geometry":{"type":"Point","coordinates":[18.603376,54.382124]},"properties":{"line":"162","mode":"bus","color":"#0059a9","colorDark":"#00294f","band":4,"off":[-1.7,3.1]}},{"type":"Feature","geometry":{"type":"Point","coordinates":[18.603376,54.382124]},"properties":{"line":"258","mode":"bus","color":"#0059a9","colorDark":"#00294f","band":4,"off":[1.7,3.1]}},{"type":"Feature","geometry":{"type":"Point","coordinates":[18.603376,54.382124]},"properties":{"line":"N3","mode":"bus","color":"#0059a9","colorDark":"#00294f","band":4,"off":[5.1,3.1]}},{"type":"Feature","geometry":{"type":"Point","coordinates":[18.467691,54.382751]},"properties":{"name":"Port Lotniczy","band":4,"modes":"bus","arr":["110","N3"],"off":[0,-0.8]}},{"type":"Feature","geometry":{"type":"Point","coordinates":[18.467691,54.382751]},"properties":{"line":"110","mode":"bus","color":"#0059a9","colorDark":"#00294f","band":4,"off":[-1.7,1.1]}},{"type":"Feature","geometry":{"type":"Point","coordinates":[18.467691,54.382751]},"properties":{"line":"N3","mode":"bus","color":"#0059a9","colorDark":"#00294f","band":4,"off":[1.7,1.1]}},{"type":"Feature","geometry":{"type":"Point","coordinates":[18.782144,54.354739]},"properties":{"name":"Górki Zachodnie","band":4,"modes":"bus","arr":["111","911","N8"],"off":[0,-0.8]}},{"type":"Feature","geometry":{"type":"Point","coordinates":[18.782144,54.354739]},"properties":{"line":"111","mode":"bus","color":"#0059a9","colorDark":"#00294f","band":4,"off":[-3.4,1.1]}},{"type":"Feature","geometry":{"type":"Point","coordinates":[18.782144,54.354739]},"properties":{"line":"911","mode":"bus","color":"#0059a9","colorDark":"#00294f","band":4,"off":[0,1.1]}},{"type":"Feature","geometry":{"type":"Point","coordinates":[18.782144,54.354739]},"properties":{"line":"N8","mode":"bus","color":"#0059a9","colorDark":"#00294f","band":4,"off":[3.4,1.1]}},{"type":"Feature","geometry":{"type":"Point","coordinates":[18.826237,54.343657]},"properties":{"name":"Sobieszewo","band":4,"modes":"bus","arr":["112","186","212","512","607","612","N9"],"off":[0,-0.8]}},{"type":"Feature","geometry":{"type":"Point","coordinates":[18.826237,54.343657]},"properties":{"line":"112","mode":"bus","color":"#0059a9","colorDark":"#00294f","band":4,"off":[-6.8,1.1]}},{"type":"Feature","geometry":{"type":"Point","coordinates":[18.826237,54.343657]},"properties":{"line":"186","mode":"bus","color":"#0059a9","colorDark":"#00294f","band":4,"off":[-3.4,1.1]}},{"type":"Feature","geometry":{"type":"Point","coordinates":[18.826237,54.343657]},"properties":{"line":"212","mode":"bus","color":"#0059a9","colorDark":"#00294f","band":4,"off":[0,1.1]}},{"type":"Feature","geometry":{"type":"Point","coordinates":[18.826237,54.343657]},"properties":{"line":"512","mode":"bus","color":"#0059a9","colorDark":"#00294f","band":4,"off":[3.4,1.1]}},{"type":"Feature","geometry":{"type":"Point","coordinates":[18.826237,54.343657]},"properties":{"line":"607","mode":"bus","color":"#0059a9","colorDark":"#00294f","band":4,"off":[6.8,1.1]}},{"type":"Feature","geometry":{"type":"Point","coordinates":[18.826237,54.343657]},"properties":{"line":"612","mode":"bus","color":"#0059a9","colorDark":"#00294f","band":4,"off":[-1.7,3.1]}},{"type":"Feature","geometry":{"type":"Point","coordinates":[18.826237,54.343657]},"properties":{"line":"N9","mode":"bus","color":"#0059a9","colorDark":"#00294f","band":4,"off":[1.7,3.1]}},{"type":"Feature","geometry":{"type":"Point","coordinates":[18.917126,54.311444]},"properties":{"name":"Przegalina","band":4,"modes":"bus","arr":["112","212","N9"],"off":[0,-0.8]}},{"type":"Feature","geometry":{"type":"Point","coordinates":[18.917126,54.311444]},"properties":{"line":"112","mode":"bus","color":"#0059a9","colorDark":"#00294f","band":4,"off":[-3.4,1.1]}},{"type":"Feature","geometry":{"type":"Point","coordinates":[18.917126,54.311444]},"properties":{"line":"212","mode":"bus","color":"#0059a9","colorDark":"#00294f","band":4,"off":[0,1.1]}},{"type":"Feature","geometry":{"type":"Point","coordinates":[18.917126,54.311444]},"properties":{"line":"N9","mode":"bus","color":"#0059a9","colorDark":"#00294f","band":4,"off":[3.4,1.1]}},{"type":"Feature","geometry":{"type":"Point","coordinates":[18.581233,54.305568]},"properties":{"name":"Olimpijska","band":4,"modes":"bus","arr":["113","176","213","N14","N4"],"off":[0,-0.8]}},{"type":"Feature","geometry":{"type":"Point","coordinates":[18.581233,54.305568]},"properties":{"line":"113","mode":"bus","color":"#0059a9","colorDark":"#00294f","band":4,"off":[-6.8,1.1]}},{"type":"Feature","geometry":{"type":"Point","coordinates":[18.581233,54.305568]},"properties":{"line":"176","mode":"bus","color":"#0059a9","colorDark":"#00294f","band":4,"off":[-3.4,1.1]}},{"type":"Feature","geometry":{"type":"Point","coordinates":[18.581233,54.305568]},"properties":{"line":"213","mode":"bus","color":"#0059a9","colorDark":"#00294f","band":4,"off":[0,1.1]}},{"type":"Feature","geometry":{"type":"Point","coordinates":[18.581233,54.305568]},"properties":{"line":"N14","mode":"bus","color":"#0059a9","colorDark":"#00294f","band":4,"off":[3.4,1.1]}},{"type":"Feature","geometry":{"type":"Point","coordinates":[18.581233,54.305568]},"properties":{"line":"N4","mode":"bus","color":"#0059a9","colorDark":"#00294f","band":4,"off":[6.8,1.1]}},{"type":"Feature","geometry":{"type":"Point","coordinates":[18.605985,54.322631]},"properties":{"name":"Łostowice Świętokrzyska","band":4,"modes":"bus","arr":["113","120","155","162","175","176","195","208","213","255","256","262","295"],"off":[0,-0.8]}},{"type":"Feature","geometry":{"type":"Point","coordinates":[18.605985,54.322631]},"properties":{"line":"113","mode":"bus","color":"#0059a9","colorDark":"#00294f","band":4,"off":[-6.8,1.1]}},{"type":"Feature","geometry":{"type":"Point","coordinates":[18.605985,54.322631]},"properties":{"line":"120","mode":"bus","color":"#0059a9","colorDark":"#00294f","band":4,"off":[-3.4,1.1]}},{"type":"Feature","geometry":{"type":"Point","coordinates":[18.605985,54.322631]},"properties":{"line":"155","mode":"bus","color":"#0059a9","colorDark":"#00294f","band":4,"off":[0,1.1]}},{"type":"Feature","geometry":{"type":"Point","coordinates":[18.605985,54.322631]},"properties":{"line":"162","mode":"bus","color":"#0059a9","colorDark":"#00294f","band":4,"off":[3.4,1.1]}},{"type":"Feature","geometry":{"type":"Point","coordinates":[18.605985,54.322631]},"properties":{"line":"175","mode":"bus","color":"#0059a9","colorDark":"#00294f","band":4,"off":[6.8,1.1]}},{"type":"Feature","geometry":{"type":"Point","coordinates":[18.605985,54.322631]},"properties":{"line":"176","mode":"bus","color":"#0059a9","colorDark":"#00294f","band":4,"off":[-6.8,3.1]}},{"type":"Feature","geometry":{"type":"Point","coordinates":[18.605985,54.322631]},"properties":{"line":"195","mode":"bus","color":"#0059a9","colorDark":"#00294f","band":4,"off":[-3.4,3.1]}},{"type":"Feature","geometry":{"type":"Point","coordinates":[18.605985,54.322631]},"properties":{"line":"208","mode":"bus","color":"#0059a9","colorDark":"#00294f","band":4,"off":[0,3.1]}},{"type":"Feature","geometry":{"type":"Point","coordinates":[18.605985,54.322631]},"properties":{"line":"213","mode":"bus","color":"#0059a9","colorDark":"#00294f","band":4,"off":[3.4,3.1]}},{"type":"Feature","geometry":{"type":"Point","coordinates":[18.605985,54.322631]},"properties":{"line":"255","mode":"bus","color":"#0059a9","colorDark":"#00294f","band":4,"off":[6.8,3.1]}},{"type":"Feature","geometry":{"type":"Point","coordinates":[18.605985,54.322631]},"properties":{"line":"256","mode":"bus","color":"#0059a9","colorDark":"#00294f","band":4,"off":[-3.4,5.1]}},{"type":"Feature","geometry":{"type":"Point","coordinates":[18.605985,54.322631]},"properties":{"line":"262","mode":"bus","color":"#0059a9","colorDark":"#00294f","band":4,"off":[0,5.1]}},{"type":"Feature","geometry":{"type":"Point","coordinates":[18.605985,54.322631]},"properties":{"line":"295","mode":"bus","color":"#0059a9","colorDark":"#00294f","band":4,"off":[3.4,5.1]}},{"type":"Feature","geometry":{"type":"Point","coordinates":[18.632271,54.322922]},"properties":{"name":"Gościnna","band":4,"modes":"bus","arr":["113"],"off":[0,-0.8]}},{"type":"Feature","geometry":{"type":"Point","coordinates":[18.632271,54.322922]},"properties":{"line":"113","mode":"bus","color":"#0059a9","colorDark":"#00294f","band":4,"off":[0,1.1]}},{"type":"Feature","geometry":{"type":"Point","coordinates":[18.568885,54.31785]},"properties":{"name":"Jaworzniaków","band":4,"modes":"bus","arr":["115","262"],"off":[0,-0.8]}},{"type":"Feature","geometry":{"type":"Point","coordinates":[18.568885,54.31785]},"properties":{"line":"115","mode":"bus","color":"#0059a9","colorDark":"#00294f","band":4,"off":[-1.7,1.1]}},{"type":"Feature","geometry":{"type":"Point","coordinates":[18.568885,54.31785]},"properties":{"line":"262","mode":"bus","color":"#0059a9","colorDark":"#00294f","band":4,"off":[1.7,1.1]}},{"type":"Feature","geometry":{"type":"Point","coordinates":[18.616772,54.364686]},"properties":{"name":"Szpital Zakaźny","band":4,"modes":"bus","arr":["115","183","184","283"],"off":[0,-0.8]}},{"type":"Feature","geometry":{"type":"Point","coordinates":[18.616772,54.364686]},"properties":{"line":"115","mode":"bus","color":"#0059a9","colorDark":"#00294f","band":4,"off":[-5.1,1.1]}},{"type":"Feature","geometry":{"type":"Point","coordinates":[18.616772,54.364686]},"properties":{"line":"183","mode":"bus","color":"#0059a9","colorDark":"#00294f","band":4,"off":[-1.7,1.1]}},{"type":"Feature","geometry":{"type":"Point","coordinates":[18.616772,54.364686]},"properties":{"line":"184","mode":"bus","color":"#0059a9","colorDark":"#00294f","band":4,"off":[1.7,1.1]}},{"type":"Feature","geometry":{"type":"Point","coordinates":[18.616772,54.364686]},"properties":{"line":"283","mode":"bus","color":"#0059a9","colorDark":"#00294f","band":4,"off":[5.1,1.1]}},{"type":"Feature","geometry":{"type":"Point","coordinates":[18.548914,54.366675]},"properties":{"name":"Matemblewo","band":4,"modes":"bus","arr":["116","131"],"off":[0,-0.8]}},{"type":"Feature","geometry":{"type":"Point","coordinates":[18.548914,54.366675]},"properties":{"line":"116","mode":"bus","color":"#0059a9","colorDark":"#00294f","band":4,"off":[-1.7,1.1]}},{"type":"Feature","geometry":{"type":"Point","coordinates":[18.548914,54.366675]},"properties":{"line":"131","mode":"bus","color":"#0059a9","colorDark":"#00294f","band":4,"off":[1.7,1.1]}},{"type":"Feature","geometry":{"type":"Point","coordinates":[18.601991,54.421549]},"properties":{"name":"Jelitkowo Kapliczna","band":4,"modes":"bus","arr":["117"],"off":[0,-0.8]}},{"type":"Feature","geometry":{"type":"Point","coordinates":[18.601991,54.421549]},"properties":{"line":"117","mode":"bus","color":"#0059a9","colorDark":"#00294f","band":4,"off":[0,1.1]}},{"type":"Feature","geometry":{"type":"Point","coordinates":[18.547847,54.439154]},"properties":{"name":"Sopot Osiedle Mickiewicza","band":4,"modes":"bus","arr":["117","144","287"],"off":[0,-0.8]}},{"type":"Feature","geometry":{"type":"Point","coordinates":[18.547847,54.439154]},"properties":{"name":"Osiedle Mickiewicza","band":4,"modes":"bus","arr":["117","144","287"],"off":[0,-3]}},{"type":"Feature","geometry":{"type":"Point","coordinates":[18.547847,54.439154]},"properties":{"line":"117","mode":"bus","color":"#0059a9","colorDark":"#00294f","band":4,"off":[-3.4,1.1]}},{"type":"Feature","geometry":{"type":"Point","coordinates":[18.547847,54.439154]},"properties":{"line":"144","mode":"bus","color":"#0059a9","colorDark":"#00294f","band":4,"off":[0,1.1]}},{"type":"Feature","geometry":{"type":"Point","coordinates":[18.547847,54.439154]},"properties":{"line":"287","mode":"bus","color":"#0059a9","colorDark":"#00294f","band":4,"off":[3.4,1.1]}},{"type":"Feature","geometry":{"type":"Point","coordinates":[18.57377,54.331481]},"properties":{"name":"Ujeścisko","band":4,"modes":"bus","arr":["118","156"],"off":[0,-0.8]}},{"type":"Feature","geometry":{"type":"Point","coordinates":[18.57377,54.331481]},"properties":{"line":"118","mode":"bus","color":"#0059a9","colorDark":"#00294f","band":4,"off":[-1.7,1.1]}},{"type":"Feature","geometry":{"type":"Point","coordinates":[18.57377,54.331481]},"properties":{"line":"156","mode":"bus","color":"#0059a9","colorDark":"#00294f","band":4,"off":[1.7,1.1]}},{"type":"Feature","geometry":{"type":"Point","coordinates":[18.577295,54.319751]},"properties":{"name":"Zakoniczyn","band":4,"modes":"bus","arr":["118","295","N1"],"off":[0,-0.8]}},{"type":"Feature","geometry":{"type":"Point","coordinates":[18.577295,54.319751]},"properties":{"line":"118","mode":"bus","color":"#0059a9","colorDark":"#00294f","band":4,"off":[-3.4,1.1]}},{"type":"Feature","geometry":{"type":"Point","coordinates":[18.577295,54.319751]},"properties":{"line":"295","mode":"bus","color":"#0059a9","colorDark":"#00294f","band":4,"off":[0,1.1]}},{"type":"Feature","geometry":{"type":"Point","coordinates":[18.577295,54.319751]},"properties":{"line":"N1","mode":"bus","color":"#0059a9","colorDark":"#00294f","band":4,"off":[3.4,1.1]}},{"type":"Feature","geometry":{"type":"Point","coordinates":[18.639826,54.393112]},"properties":{"name":"Letnica Węzeł Harfa","band":4,"modes":"bus","arr":["122","149"],"off":[0,-0.8]}},{"type":"Feature","geometry":{"type":"Point","coordinates":[18.639826,54.393112]},"properties":{"line":"122","mode":"bus","color":"#0059a9","colorDark":"#00294f","band":4,"off":[-1.7,1.1]}},{"type":"Feature","geometry":{"type":"Point","coordinates":[18.639826,54.393112]},"properties":{"line":"149","mode":"bus","color":"#0059a9","colorDark":"#00294f","band":4,"off":[1.7,1.1]}},{"type":"Feature","geometry":{"type":"Point","coordinates":[18.540588,54.447842]},"properties":{"name":"Sopot Przylesie","band":4,"modes":"bus","arr":["122"],"off":[0,-0.8]}},{"type":"Feature","geometry":{"type":"Point","coordinates":[18.540588,54.447842]},"properties":{"line":"122","mode":"bus","color":"#0059a9","colorDark":"#00294f","band":4,"off":[0,1.1]}},{"type":"Feature","geometry":{"type":"Point","coordinates":[18.587692,54.403407]},"properties":{"name":"Krynicka","band":4,"modes":"bus","arr":["122","149","199","N14"],"off":[0,-0.8]}},{"type":"Feature","geometry":{"type":"Point","coordinates":[18.587692,54.403407]},"properties":{"line":"122","mode":"bus","color":"#0059a9","colorDark":"#00294f","band":4,"off":[-5.1,1.1]}},{"type":"Feature","geometry":{"type":"Point","coordinates":[18.587692,54.403407]},"properties":{"line":"149","mode":"bus","color":"#0059a9","colorDark":"#00294f","band":4,"off":[-1.7,1.1]}},{"type":"Feature","geometry":{"type":"Point","coordinates":[18.587692,54.403407]},"properties":{"line":"199","mode":"bus","color":"#0059a9","colorDark":"#00294f","band":4,"off":[1.7,1.1]}},{"type":"Feature","geometry":{"type":"Point","coordinates":[18.587692,54.403407]},"properties":{"line":"N14","mode":"bus","color":"#0059a9","colorDark":"#00294f","band":4,"off":[5.1,1.1]}},{"type":"Feature","geometry":{"type":"Point","coordinates":[18.61199,54.403863]},"properties":{"name":"Zaspa Szpital","band":4,"modes":"bus","arr":["122","124","127","158","258","N6"],"off":[0,-0.8]}},{"type":"Feature","geometry":{"type":"Point","coordinates":[18.61199,54.403863]},"properties":{"line":"122","mode":"bus","color":"#0059a9","colorDark":"#00294f","band":4,"off":[-6.8,1.1]}},{"type":"Feature","geometry":{"type":"Point","coordinates":[18.61199,54.403863]},"properties":{"line":"124","mode":"bus","color":"#0059a9","colorDark":"#00294f","band":4,"off":[-3.4,1.1]}},{"type":"Feature","geometry":{"type":"Point","coordinates":[18.61199,54.403863]},"properties":{"line":"127","mode":"bus","color":"#0059a9","colorDark":"#00294f","band":4,"off":[0,1.1]}},{"type":"Feature","geometry":{"type":"Point","coordinates":[18.61199,54.403863]},"properties":{"line":"158","mode":"bus","color":"#0059a9","colorDark":"#00294f","band":4,"off":[3.4,1.1]}},{"type":"Feature","geometry":{"type":"Point","coordinates":[18.61199,54.403863]},"properties":{"line":"258","mode":"bus","color":"#0059a9","colorDark":"#00294f","band":4,"off":[6.8,1.1]}},{"type":"Feature","geometry":{"type":"Point","coordinates":[18.61199,54.403863]},"properties":{"line":"N6","mode":"bus","color":"#0059a9","colorDark":"#00294f","band":4,"off":[0,3.1]}},{"type":"Feature","geometry":{"type":"Point","coordinates":[18.640875,54.324245]},"properties":{"name":"Równa","band":4,"modes":"bus","arr":["123"],"off":[0,-0.8]}},{"type":"Feature","geometry":{"type":"Point","coordinates":[18.640875,54.324245]},"properties":{"line":"123","mode":"bus","color":"#0059a9","colorDark":"#00294f","band":4,"off":[0,1.1]}},{"type":"Feature","geometry":{"type":"Point","coordinates":[18.384974,54.393435]},"properties":{"name":"Banino Pszenna","band":4,"modes":"bus","arr":["126"],"off":[0,-0.8]}},{"type":"Feature","geometry":{"type":"Point","coordinates":[18.384974,54.393435]},"properties":{"line":"126","mode":"bus","color":"#0059a9","colorDark":"#00294f","band":4,"off":[0,1.1]}},{"type":"Feature","geometry":{"type":"Point","coordinates":[18.572263,54.411186]},"properties":{"name":"Oliwa PKP","band":4,"modes":"bus","arr":["127","143","199"],"off":[0,-0.8]}},{"type":"Feature","geometry":{"type":"Point","coordinates":[18.572263,54.411186]},"properties":{"line":"127","mode":"bus","color":"#0059a9","colorDark":"#00294f","band":4,"off":[-3.4,1.1]}},{"type":"Feature","geometry":{"type":"Point","coordinates":[18.572263,54.411186]},"properties":{"line":"143","mode":"bus","color":"#0059a9","colorDark":"#00294f","band":4,"off":[0,1.1]}},{"type":"Feature","geometry":{"type":"Point","coordinates":[18.572263,54.411186]},"properties":{"line":"199","mode":"bus","color":"#0059a9","colorDark":"#00294f","band":4,"off":[3.4,1.1]}},{"type":"Feature","geometry":{"type":"Point","coordinates":[18.58263,54.357661]},"properties":{"name":"Warneńska","band":4,"modes":"bus","arr":["127","130","184","210","227","283","N16","N2","N6"],"off":[0,-0.8]}},{"type":"Feature","geometry":{"type":"Point","coordinates":[18.58263,54.357661]},"properties":{"line":"127","mode":"bus","color":"#0059a9","colorDark":"#00294f","band":4,"off":[-6.8,1.1]}},{"type":"Feature","geometry":{"type":"Point","coordinates":[18.58263,54.357661]},"properties":{"line":"130","mode":"bus","color":"#0059a9","colorDark":"#00294f","band":4,"off":[-3.4,1.1]}},{"type":"Feature","geometry":{"type":"Point","coordinates":[18.58263,54.357661]},"properties":{"line":"184","mode":"bus","color":"#0059a9","colorDark":"#00294f","band":4,"off":[0,1.1]}},{"type":"Feature","geometry":{"type":"Point","coordinates":[18.58263,54.357661]},"properties":{"line":"210","mode":"bus","color":"#0059a9","colorDark":"#00294f","band":4,"off":[3.4,1.1]}},{"type":"Feature","geometry":{"type":"Point","coordinates":[18.58263,54.357661]},"properties":{"line":"227","mode":"bus","color":"#0059a9","colorDark":"#00294f","band":4,"off":[6.8,1.1]}},{"type":"Feature","geometry":{"type":"Point","coordinates":[18.58263,54.357661]},"properties":{"line":"283","mode":"bus","color":"#0059a9","colorDark":"#00294f","band":4,"off":[-5.1,3.1]}},{"type":"Feature","geometry":{"type":"Point","coordinates":[18.58263,54.357661]},"properties":{"line":"N16","mode":"bus","color":"#0059a9","colorDark":"#00294f","band":4,"off":[-1.7,3.1]}},{"type":"Feature","geometry":{"type":"Point","coordinates":[18.58263,54.357661]},"properties":{"line":"N2","mode":"bus","color":"#0059a9","colorDark":"#00294f","band":4,"off":[1.7,3.1]}},{"type":"Feature","geometry":{"type":"Point","coordinates":[18.58263,54.357661]},"properties":{"line":"N6","mode":"bus","color":"#0059a9","colorDark":"#00294f","band":4,"off":[5.1,3.1]}},{"type":"Feature","geometry":{"type":"Point","coordinates":[18.550024,54.353176]},"properties":{"name":"Jasień PKM","band":4,"modes":"bus","arr":["127","130","155","268"],"off":[0,-0.8]}},{"type":"Feature","geometry":{"type":"Point","coordinates":[18.550024,54.353176]},"properties":{"line":"127","mode":"bus","color":"#0059a9","colorDark":"#00294f","band":4,"off":[-5.1,1.1]}},{"type":"Feature","geometry":{"type":"Point","coordinates":[18.550024,54.353176]},"properties":{"line":"130","mode":"bus","color":"#0059a9","colorDark":"#00294f","band":4,"off":[-1.7,1.1]}},{"type":"Feature","geometry":{"type":"Point","coordinates":[18.550024,54.353176]},"properties":{"line":"155","mode":"bus","color":"#0059a9","colorDark":"#00294f","band":4,"off":[1.7,1.1]}},{"type":"Feature","geometry":{"type":"Point","coordinates":[18.550024,54.353176]},"properties":{"line":"268","mode":"bus","color":"#0059a9","colorDark":"#00294f","band":4,"off":[5.1,1.1]}},{"type":"Feature","geometry":{"type":"Point","coordinates":[18.552427,54.349538]},"properties":{"name":"Jasieńska","band":4,"modes":"bus","arr":["127","130","N6"],"off":[0,-0.8]}},{"type":"Feature","geometry":{"type":"Point","coordinates":[18.552427,54.349538]},"properties":{"line":"127","mode":"bus","color":"#0059a9","colorDark":"#00294f","band":4,"off":[-3.4,1.1]}},{"type":"Feature","geometry":{"type":"Point","coordinates":[18.552427,54.349538]},"properties":{"line":"130","mode":"bus","color":"#0059a9","colorDark":"#00294f","band":4,"off":[0,1.1]}},{"type":"Feature","geometry":{"type":"Point","coordinates":[18.552427,54.349538]},"properties":{"line":"N6","mode":"bus","color":"#0059a9","colorDark":"#00294f","band":4,"off":[3.4,1.1]}},{"type":"Feature","geometry":{"type":"Point","coordinates":[18.637953,54.249346]},"properties":{"name":"Pruszcz Gdański Urząd Skarbowy","band":4,"modes":"bus","arr":["132"],"off":[0,-0.8]}},{"type":"Feature","geometry":{"type":"Point","coordinates":[18.637953,54.249346]},"properties":{"line":"132","mode":"bus","color":"#0059a9","colorDark":"#00294f","band":4,"off":[0,1.1]}},{"type":"Feature","geometry":{"type":"Point","coordinates":[18.558899,54.380336]},"properties":{"name":"Niedźwiednik","band":4,"modes":"bus","arr":["136","184","283"],"off":[0,-0.8]}},{"type":"Feature","geometry":{"type":"Point","coordinates":[18.558899,54.380336]},"properties":{"line":"136","mode":"bus","color":"#0059a9","colorDark":"#00294f","band":4,"off":[-3.4,1.1]}},{"type":"Feature","geometry":{"type":"Point","coordinates":[18.558899,54.380336]},"properties":{"line":"184","mode":"bus","color":"#0059a9","colorDark":"#00294f","band":4,"off":[0,1.1]}},{"type":"Feature","geometry":{"type":"Point","coordinates":[18.558899,54.380336]},"properties":{"line":"283","mode":"bus","color":"#0059a9","colorDark":"#00294f","band":4,"off":[3.4,1.1]}},{"type":"Feature","geometry":{"type":"Point","coordinates":[18.527331,54.449315]},"properties":{"name":"Sopot Sanatorium Leśnik","band":4,"modes":"bus","arr":["143","177"],"off":[0,-0.8]}},{"type":"Feature","geometry":{"type":"Point","coordinates":[18.527331,54.449315]},"properties":{"name":"Sanatorium Leśnik","band":4,"modes":"bus","arr":["143","177"],"off":[0,-3]}},{"type":"Feature","geometry":{"type":"Point","coordinates":[18.527331,54.449315]},"properties":{"line":"143","mode":"bus","color":"#0059a9","colorDark":"#00294f","band":4,"off":[-1.7,1.1]}},{"type":"Feature","geometry":{"type":"Point","coordinates":[18.527331,54.449315]},"properties":{"line":"177","mode":"bus","color":"#0059a9","colorDark":"#00294f","band":4,"off":[1.7,1.1]}},{"type":"Feature","geometry":{"type":"Point","coordinates":[18.673519,54.396258]},"properties":{"name":"Nowy Port Szaniec Zachodni","band":4,"modes":"bus","arr":["148","N6"],"off":[0,-0.8]}},{"type":"Feature","geometry":{"type":"Point","coordinates":[18.673519,54.396258]},"properties":{"line":"148","mode":"bus","color":"#0059a9","colorDark":"#00294f","band":4,"off":[-1.7,1.1]}},{"type":"Feature","geometry":{"type":"Point","coordinates":[18.673519,54.396258]},"properties":{"line":"N6","mode":"bus","color":"#0059a9","colorDark":"#00294f","band":4,"off":[1.7,1.1]}},{"type":"Feature","geometry":{"type":"Point","coordinates":[18.570257,54.421123]},"properties":{"name":"Żabianka SKM","band":4,"modes":"bus","arr":["148","N14","N6"],"off":[0,-0.8]}},{"type":"Feature","geometry":{"type":"Point","coordinates":[18.570257,54.421123]},"properties":{"line":"148","mode":"bus","color":"#0059a9","colorDark":"#00294f","band":4,"off":[-3.4,1.1]}},{"type":"Feature","geometry":{"type":"Point","coordinates":[18.570257,54.421123]},"properties":{"line":"N14","mode":"bus","color":"#0059a9","colorDark":"#00294f","band":4,"off":[0,1.1]}},{"type":"Feature","geometry":{"type":"Point","coordinates":[18.570257,54.421123]},"properties":{"line":"N6","mode":"bus","color":"#0059a9","colorDark":"#00294f","band":4,"off":[3.4,1.1]}},{"type":"Feature","geometry":{"type":"Point","coordinates":[18.618495,54.325186]},"properties":{"name":"Orunia Górna","band":4,"modes":"bus","arr":["154","162","N1"],"off":[0,-0.8]}},{"type":"Feature","geometry":{"type":"Point","coordinates":[18.618495,54.325186]},"properties":{"line":"154","mode":"bus","color":"#0059a9","colorDark":"#00294f","band":4,"off":[-3.4,1.1]}},{"type":"Feature","geometry":{"type":"Point","coordinates":[18.618495,54.325186]},"properties":{"line":"162","mode":"bus","color":"#0059a9","colorDark":"#00294f","band":4,"off":[0,1.1]}},{"type":"Feature","geometry":{"type":"Point","coordinates":[18.618495,54.325186]},"properties":{"line":"N1","mode":"bus","color":"#0059a9","colorDark":"#00294f","band":4,"off":[3.4,1.1]}},{"type":"Feature","geometry":{"type":"Point","coordinates":[18.56945,54.306572]},"properties":{"name":"Kowale Szkoła Metropolitalna","band":4,"modes":"bus","arr":["156","255"],"off":[0,-0.8]}},{"type":"Feature","geometry":{"type":"Point","coordinates":[18.56945,54.306572]},"properties":{"line":"156","mode":"bus","color":"#0059a9","colorDark":"#00294f","band":4,"off":[-1.7,1.1]}},{"type":"Feature","geometry":{"type":"Point","coordinates":[18.56945,54.306572]},"properties":{"line":"255","mode":"bus","color":"#0059a9","colorDark":"#00294f","band":4,"off":[1.7,1.1]}},{"type":"Feature","geometry":{"type":"Point","coordinates":[18.463598,54.374847]},"properties":{"name":"Bysewo","band":4,"modes":"bus","arr":["157","167","267"],"off":[0,-0.8]}},{"type":"Feature","geometry":{"type":"Point","coordinates":[18.463598,54.374847]},"properties":{"line":"157","mode":"bus","color":"#0059a9","colorDark":"#00294f","band":4,"off":[-3.4,1.1]}},{"type":"Feature","geometry":{"type":"Point","coordinates":[18.463598,54.374847]},"properties":{"line":"167","mode":"bus","color":"#0059a9","colorDark":"#00294f","band":4,"off":[0,1.1]}},{"type":"Feature","geometry":{"type":"Point","coordinates":[18.463598,54.374847]},"properties":{"line":"267","mode":"bus","color":"#0059a9","colorDark":"#00294f","band":4,"off":[3.4,1.1]}},{"type":"Feature","geometry":{"type":"Point","coordinates":[18.716225,54.362533]},"properties":{"name":"Stogi","band":4,"modes":"bus","arr":["158","258","T8"],"off":[0,-0.8]}},{"type":"Feature","geometry":{"type":"Point","coordinates":[18.716225,54.362533]},"properties":{"line":"158","mode":"bus","color":"#0059a9","colorDark":"#00294f","band":4,"off":[-3.4,1.1]}},{"type":"Feature","geometry":{"type":"Point","coordinates":[18.716225,54.362533]},"properties":{"line":"258","mode":"bus","color":"#0059a9","colorDark":"#00294f","band":4,"off":[0,1.1]}},{"type":"Feature","geometry":{"type":"Point","coordinates":[18.716225,54.362533]},"properties":{"line":"T8","mode":"bus","color":"#0059a9","colorDark":"#00294f","band":4,"off":[3.4,1.1]}},{"type":"Feature","geometry":{"type":"Point","coordinates":[18.677843,54.378863]},"properties":{"name":"Ku Ujściu","band":4,"modes":"bus","arr":["158","258","600","658"],"off":[0,-0.8]}},{"type":"Feature","geometry":{"type":"Point","coordinates":[18.677843,54.378863]},"properties":{"line":"158","mode":"bus","color":"#0059a9","colorDark":"#00294f","band":4,"off":[-5.1,1.1]}},{"type":"Feature","geometry":{"type":"Point","coordinates":[18.677843,54.378863]},"properties":{"line":"258","mode":"bus","color":"#0059a9","colorDark":"#00294f","band":4,"off":[-1.7,1.1]}},{"type":"Feature","geometry":{"type":"Point","coordinates":[18.677843,54.378863]},"properties":{"line":"600","mode":"bus","color":"#0059a9","colorDark":"#00294f","band":4,"off":[1.7,1.1]}},{"type":"Feature","geometry":{"type":"Point","coordinates":[18.677843,54.378863]},"properties":{"line":"658","mode":"bus","color":"#0059a9","colorDark":"#00294f","band":4,"off":[5.1,1.1]}},{"type":"Feature","geometry":{"type":"Point","coordinates":[18.718647,54.353987]},"properties":{"name":"Sztutowska","band":4,"modes":"bus","arr":["166"],"off":[0,-0.8]}},{"type":"Feature","geometry":{"type":"Point","coordinates":[18.718647,54.353987]},"properties":{"line":"166","mode":"bus","color":"#0059a9","colorDark":"#00294f","band":4,"off":[0,1.1]}},{"type":"Feature","geometry":{"type":"Point","coordinates":[18.499203,54.342108]},"properties":{"name":"Kiełpino Górne","band":4,"modes":"bus","arr":["168"],"off":[0,-0.8]}},{"type":"Feature","geometry":{"type":"Point","coordinates":[18.499203,54.342108]},"properties":{"line":"168","mode":"bus","color":"#0059a9","colorDark":"#00294f","band":4,"off":[0,1.1]}},{"type":"Feature","geometry":{"type":"Point","coordinates":[18.606974,54.347841]},"properties":{"name":"Siedlce","band":4,"modes":"bus","arr":["168","174","175","195"],"off":[0,-0.8]}},{"type":"Feature","geometry":{"type":"Point","coordinates":[18.606974,54.347841]},"properties":{"line":"168","mode":"bus","color":"#0059a9","colorDark":"#00294f","band":4,"off":[-5.1,1.1]}},{"type":"Feature","geometry":{"type":"Point","coordinates":[18.606974,54.347841]},"properties":{"line":"174","mode":"bus","color":"#0059a9","colorDark":"#00294f","band":4,"off":[-1.7,1.1]}},{"type":"Feature","geometry":{"type":"Point","coordinates":[18.606974,54.347841]},"properties":{"line":"175","mode":"bus","color":"#0059a9","colorDark":"#00294f","band":4,"off":[1.7,1.1]}},{"type":"Feature","geometry":{"type":"Point","coordinates":[18.606974,54.347841]},"properties":{"line":"195","mode":"bus","color":"#0059a9","colorDark":"#00294f","band":4,"off":[5.1,1.1]}},{"type":"Feature","geometry":{"type":"Point","coordinates":[18.567498,54.409703]},"properties":{"name":"Oliwa","band":4,"modes":"tram,bus","arr":["5","60","169","171","179","622"],"off":[0,-0.8]}},{"type":"Feature","geometry":{"type":"Point","coordinates":[18.567498,54.409703]},"properties":{"line":"5","mode":"tram","color":"#d6212b","colorDark":"#7c1116","band":4,"off":[-6.8,1.1]}},{"type":"Feature","geometry":{"type":"Point","coordinates":[18.567498,54.409703]},"properties":{"line":"60","mode":"tram","color":"#d6212b","colorDark":"#7c1116","band":4,"off":[-3.4,1.1]}},{"type":"Feature","geometry":{"type":"Point","coordinates":[18.567498,54.409703]},"properties":{"line":"169","mode":"bus","color":"#0059a9","colorDark":"#00294f","band":4,"off":[0,1.1]}},{"type":"Feature","geometry":{"type":"Point","coordinates":[18.567498,54.409703]},"properties":{"line":"171","mode":"bus","color":"#0059a9","colorDark":"#00294f","band":4,"off":[3.4,1.1]}},{"type":"Feature","geometry":{"type":"Point","coordinates":[18.567498,54.409703]},"properties":{"line":"179","mode":"bus","color":"#0059a9","colorDark":"#00294f","band":4,"off":[6.8,1.1]}},{"type":"Feature","geometry":{"type":"Point","coordinates":[18.567498,54.409703]},"properties":{"line":"622","mode":"bus","color":"#0059a9","colorDark":"#00294f","band":4,"off":[0,3.1]}},{"type":"Feature","geometry":{"type":"Point","coordinates":[18.480094,54.414954]},"properties":{"name":"Owczarnia","band":4,"modes":"bus","arr":["169"],"off":[0,-0.8]}},{"type":"Feature","geometry":{"type":"Point","coordinates":[18.480094,54.414954]},"properties":{"line":"169","mode":"bus","color":"#0059a9","colorDark":"#00294f","band":4,"off":[0,1.1]}},{"type":"Feature","geometry":{"type":"Point","coordinates":[18.451976,54.420575]},"properties":{"name":"Osowa PKP","band":4,"modes":"bus","arr":["169","179","210","269","N1"],"off":[0,-0.8]}},{"type":"Feature","geometry":{"type":"Point","coordinates":[18.451976,54.420575]},"properties":{"line":"169","mode":"bus","color":"#0059a9","colorDark":"#00294f","band":4,"off":[-6.8,1.1]}},{"type":"Feature","geometry":{"type":"Point","coordinates":[18.451976,54.420575]},"properties":{"line":"179","mode":"bus","color":"#0059a9","colorDark":"#00294f","band":4,"off":[-3.4,1.1]}},{"type":"Feature","geometry":{"type":"Point","coordinates":[18.451976,54.420575]},"properties":{"line":"210","mode":"bus","color":"#0059a9","colorDark":"#00294f","band":4,"off":[0,1.1]}},{"type":"Feature","geometry":{"type":"Point","coordinates":[18.451976,54.420575]},"properties":{"line":"269","mode":"bus","color":"#0059a9","colorDark":"#00294f","band":4,"off":[3.4,1.1]}},{"type":"Feature","geometry":{"type":"Point","coordinates":[18.451976,54.420575]},"properties":{"line":"N1","mode":"bus","color":"#0059a9","colorDark":"#00294f","band":4,"off":[6.8,1.1]}},{"type":"Feature","geometry":{"type":"Point","coordinates":[18.535319,54.413475]},"properties":{"name":"Oliwa ZOO","band":4,"modes":"bus","arr":["169","622","G"],"off":[0,-0.8]}},{"type":"Feature","geometry":{"type":"Point","coordinates":[18.535319,54.413475]},"properties":{"line":"169","mode":"bus","color":"#0059a9","colorDark":"#00294f","band":4,"off":[-3.4,1.1]}},{"type":"Feature","geometry":{"type":"Point","coordinates":[18.535319,54.413475]},"properties":{"line":"622","mode":"bus","color":"#0059a9","colorDark":"#00294f","band":4,"off":[0,1.1]}},{"type":"Feature","geometry":{"type":"Point","coordinates":[18.535319,54.413475]},"properties":{"line":"G","mode":"bus","color":"#0059a9","colorDark":"#00294f","band":4,"off":[3.4,1.1]}},{"type":"Feature","geometry":{"type":"Point","coordinates":[18.477553,54.473086]},"properties":{"name":"Karwiny Nowowiczlińska","band":4,"modes":"bus","arr":["23","147","171","191","193"],"off":[0,-0.8]}},{"type":"Feature","geometry":{"type":"Point","coordinates":[18.477553,54.473086]},"properties":{"name":"Gdynia Karwiny Nowowiczlińska","band":4,"modes":"bus","arr":["23","147","171","191","193"],"off":[0,-3]}},{"type":"Feature","geometry":{"type":"Point","coordinates":[18.477553,54.473086]},"properties":{"line":"23","mode":"bus","color":"#149a3f","colorDark":"#0a5121","band":4,"off":[-6.8,1.1]}},{"type":"Feature","geometry":{"type":"Point","coordinates":[18.477553,54.473086]},"properties":{"line":"147","mode":"bus","color":"#0059a9","colorDark":"#00294f","band":4,"off":[-3.4,1.1]}},{"type":"Feature","geometry":{"type":"Point","coordinates":[18.477553,54.473086]},"properties":{"line":"171","mode":"bus","color":"#0059a9","colorDark":"#00294f","band":4,"off":[0,1.1]}},{"type":"Feature","geometry":{"type":"Point","coordinates":[18.477553,54.473086]},"properties":{"line":"191","mode":"bus","color":"#0059a9","colorDark":"#00294f","band":4,"off":[3.4,1.1]}},{"type":"Feature","geometry":{"type":"Point","coordinates":[18.477553,54.473086]},"properties":{"line":"193","mode":"bus","color":"#0059a9","colorDark":"#00294f","band":4,"off":[6.8,1.1]}},{"type":"Feature","geometry":{"type":"Point","coordinates":[18.504868,54.321362]},"properties":{"name":"Otomin Słoneczna Pętla","band":4,"modes":"bus","arr":["174"],"off":[0,-0.8]}},{"type":"Feature","geometry":{"type":"Point","coordinates":[18.504868,54.321362]},"properties":{"line":"174","mode":"bus","color":"#0059a9","colorDark":"#00294f","band":4,"off":[0,1.1]}},{"type":"Feature","geometry":{"type":"Point","coordinates":[18.606854,54.301603]},"properties":{"name":"Starogardzka","band":4,"modes":"bus","arr":["175","N2","N89"],"off":[0,-0.8]}},{"type":"Feature","geometry":{"type":"Point","coordinates":[18.606854,54.301603]},"properties":{"line":"175","mode":"bus","color":"#0059a9","colorDark":"#00294f","band":4,"off":[-3.4,1.1]}},{"type":"Feature","geometry":{"type":"Point","coordinates":[18.606854,54.301603]},"properties":{"line":"N2","mode":"bus","color":"#0059a9","colorDark":"#00294f","band":4,"off":[0,1.1]}},{"type":"Feature","geometry":{"type":"Point","coordinates":[18.606854,54.301603]},"properties":{"line":"N89","mode":"bus","color":"#0059a9","colorDark":"#00294f","band":4,"off":[3.4,1.1]}},{"type":"Feature","geometry":{"type":"Point","coordinates":[18.59534,54.298794]},"properties":{"name":"Borkowo Szkoła","band":4,"modes":"bus","arr":["176"],"off":[0,-0.8]}},{"type":"Feature","geometry":{"type":"Point","coordinates":[18.59534,54.298794]},"properties":{"line":"176","mode":"bus","color":"#0059a9","colorDark":"#00294f","band":4,"off":[0,1.1]}},{"type":"Feature","geometry":{"type":"Point","coordinates":[18.669158,54.341867]},"properties":{"name":"Olszynka Szkoła","band":4,"modes":"bus","arr":["178","183","N78"],"off":[0,-0.8]}},{"type":"Feature","geometry":{"type":"Point","coordinates":[18.669158,54.341867]},"properties":{"line":"178","mode":"bus","color":"#0059a9","colorDark":"#00294f","band":4,"off":[-3.4,1.1]}},{"type":"Feature","geometry":{"type":"Point","coordinates":[18.669158,54.341867]},"properties":{"line":"183","mode":"bus","color":"#0059a9","colorDark":"#00294f","band":4,"off":[0,1.1]}},{"type":"Feature","geometry":{"type":"Point","coordinates":[18.669158,54.341867]},"properties":{"line":"N78","mode":"bus","color":"#0059a9","colorDark":"#00294f","band":4,"off":[3.4,1.1]}},{"type":"Feature","geometry":{"type":"Point","coordinates":[18.677235,54.335934]},"properties":{"name":"Olszynka Niwki","band":4,"modes":"bus","arr":["178","N78"],"off":[0,-0.8]}},{"type":"Feature","geometry":{"type":"Point","coordinates":[18.677235,54.335934]},"properties":{"line":"178","mode":"bus","color":"#0059a9","colorDark":"#00294f","band":4,"off":[-1.7,1.1]}},{"type":"Feature","geometry":{"type":"Point","coordinates":[18.677235,54.335934]},"properties":{"line":"N78","mode":"bus","color":"#0059a9","colorDark":"#00294f","band":4,"off":[1.7,1.1]}},{"type":"Feature","geometry":{"type":"Point","coordinates":[18.79088,54.350853]},"properties":{"name":"Górki Wschodnie","band":4,"modes":"bus","arr":["186"],"off":[0,-0.8]}},{"type":"Feature","geometry":{"type":"Point","coordinates":[18.79088,54.350853]},"properties":{"line":"186","mode":"bus","color":"#0059a9","colorDark":"#00294f","band":4,"off":[0,1.1]}},{"type":"Feature","geometry":{"type":"Point","coordinates":[18.593961,54.423165]},"properties":{"name":"Jelitkowo","band":4,"modes":"bus","arr":["227"],"off":[0,-0.8]}},{"type":"Feature","geometry":{"type":"Point","coordinates":[18.593961,54.423165]},"properties":{"line":"227","mode":"bus","color":"#0059a9","colorDark":"#00294f","band":4,"off":[0,1.1]}},{"type":"Feature","geometry":{"type":"Point","coordinates":[18.626226,54.337621]},"properties":{"name":"Chełm Cienista","band":4,"modes":"bus","arr":["227"],"off":[0,-0.8]}},{"type":"Feature","geometry":{"type":"Point","coordinates":[18.626226,54.337621]},"properties":{"line":"227","mode":"bus","color":"#0059a9","colorDark":"#00294f","band":4,"off":[0,1.1]}},{"type":"Feature","geometry":{"type":"Point","coordinates":[18.554287,54.294889]},"properties":{"name":"Jankowo Conradiego Pętla","band":4,"modes":"bus","arr":["255","256"],"off":[0,-0.8]}},{"type":"Feature","geometry":{"type":"Point","coordinates":[18.554287,54.294889]},"properties":{"line":"255","mode":"bus","color":"#0059a9","colorDark":"#00294f","band":4,"off":[-1.7,1.1]}},{"type":"Feature","geometry":{"type":"Point","coordinates":[18.554287,54.294889]},"properties":{"line":"256","mode":"bus","color":"#0059a9","colorDark":"#00294f","band":4,"off":[1.7,1.1]}},{"type":"Feature","geometry":{"type":"Point","coordinates":[18.576374,54.401842]},"properties":{"name":"Przymorze SKM","band":4,"modes":"bus","arr":["262"],"off":[0,-0.8]}},{"type":"Feature","geometry":{"type":"Point","coordinates":[18.576374,54.401842]},"properties":{"line":"262","mode":"bus","color":"#0059a9","colorDark":"#00294f","band":4,"off":[0,1.1]}},{"type":"Feature","geometry":{"type":"Point","coordinates":[18.443302,54.365347]},"properties":{"name":"Czaple Bysewo","band":4,"modes":"bus","arr":["268"],"off":[0,-0.8]}},{"type":"Feature","geometry":{"type":"Point","coordinates":[18.443302,54.365347]},"properties":{"line":"268","mode":"bus","color":"#0059a9","colorDark":"#00294f","band":4,"off":[0,1.1]}},{"type":"Feature","geometry":{"type":"Point","coordinates":[18.451413,54.412172]},"properties":{"name":"Osiedle Barniewice","band":4,"modes":"bus","arr":["269"],"off":[0,-0.8]}},{"type":"Feature","geometry":{"type":"Point","coordinates":[18.451413,54.412172]},"properties":{"line":"269","mode":"bus","color":"#0059a9","colorDark":"#00294f","band":4,"off":[0,1.1]}},{"type":"Feature","geometry":{"type":"Point","coordinates":[18.457448,54.443959]},"properties":{"name":"Kukawka","band":4,"modes":"bus","arr":["269"],"off":[0,-0.8]}},{"type":"Feature","geometry":{"type":"Point","coordinates":[18.457448,54.443959]},"properties":{"line":"269","mode":"bus","color":"#0059a9","colorDark":"#00294f","band":4,"off":[0,1.1]}},{"type":"Feature","geometry":{"type":"Point","coordinates":[18.632007,54.376625]},"properties":{"name":"Węzeł Kliniczna","band":4,"modes":"bus","arr":["283"],"off":[0,-0.8]}},{"type":"Feature","geometry":{"type":"Point","coordinates":[18.632007,54.376625]},"properties":{"line":"283","mode":"bus","color":"#0059a9","colorDark":"#00294f","band":4,"off":[0,1.1]}},{"type":"Feature","geometry":{"type":"Point","coordinates":[18.64509,54.25825]},"properties":{"name":"Pruszcz Gdański Pruszcz Gdański Dworzec","band":4,"modes":"bus","arr":["307","M32"],"off":[0,-0.8]}},{"type":"Feature","geometry":{"type":"Point","coordinates":[18.64509,54.25825]},"properties":{"line":"307","mode":"bus","color":"#0059a9","colorDark":"#00294f","band":4,"off":[-1.7,1.1]}},{"type":"Feature","geometry":{"type":"Point","coordinates":[18.64509,54.25825]},"properties":{"line":"M32","mode":"bus","color":"#0059a9","colorDark":"#00294f","band":4,"off":[1.7,1.1]}},{"type":"Feature","geometry":{"type":"Point","coordinates":[18.615714,54.241256]},"properties":{"name":"Pruszcz Gdański Zastawna/Rondo","band":4,"modes":"bus","arr":["307"],"off":[0,-0.8]}},{"type":"Feature","geometry":{"type":"Point","coordinates":[18.615714,54.241256]},"properties":{"line":"307","mode":"bus","color":"#0059a9","colorDark":"#00294f","band":4,"off":[0,1.1]}},{"type":"Feature","geometry":{"type":"Point","coordinates":[18.650265,54.258861]},"properties":{"name":"Pruszcz Gdański Chopina/Żwirki i Wigury","band":4,"modes":"bus","arr":["507","607"],"off":[0,-0.8]}},{"type":"Feature","geometry":{"type":"Point","coordinates":[18.650265,54.258861]},"properties":{"line":"507","mode":"bus","color":"#0059a9","colorDark":"#00294f","band":4,"off":[-1.7,1.1]}},{"type":"Feature","geometry":{"type":"Point","coordinates":[18.650265,54.258861]},"properties":{"line":"607","mode":"bus","color":"#0059a9","colorDark":"#00294f","band":4,"off":[1.7,1.1]}},{"type":"Feature","geometry":{"type":"Point","coordinates":[18.648286,54.387289]},"properties":{"name":"Polsat Plus Arena Gdańsk","band":4,"modes":"bus","arr":["600","658","N6"],"off":[0,-0.8]}},{"type":"Feature","geometry":{"type":"Point","coordinates":[18.648286,54.387289]},"properties":{"line":"600","mode":"bus","color":"#0059a9","colorDark":"#00294f","band":4,"off":[-3.4,1.1]}},{"type":"Feature","geometry":{"type":"Point","coordinates":[18.648286,54.387289]},"properties":{"line":"658","mode":"bus","color":"#0059a9","colorDark":"#00294f","band":4,"off":[0,1.1]}},{"type":"Feature","geometry":{"type":"Point","coordinates":[18.648286,54.387289]},"properties":{"line":"N6","mode":"bus","color":"#0059a9","colorDark":"#00294f","band":4,"off":[3.4,1.1]}},{"type":"Feature","geometry":{"type":"Point","coordinates":[18.643546,54.347922]},"properties":{"name":"Śródmieście SKM","band":4,"modes":"bus","arr":["612"],"off":[0,-0.8]}},{"type":"Feature","geometry":{"type":"Point","coordinates":[18.643546,54.347922]},"properties":{"line":"612","mode":"bus","color":"#0059a9","colorDark":"#00294f","band":4,"off":[0,1.1]}},{"type":"Feature","geometry":{"type":"Point","coordinates":[18.622499,54.396149]},"properties":{"name":"Grudziądzka","band":4,"modes":"bus","arr":["N1","N2","N6"],"off":[0,-0.8]}},{"type":"Feature","geometry":{"type":"Point","coordinates":[18.622499,54.396149]},"properties":{"line":"N1","mode":"bus","color":"#0059a9","colorDark":"#00294f","band":4,"off":[-3.4,1.1]}},{"type":"Feature","geometry":{"type":"Point","coordinates":[18.622499,54.396149]},"properties":{"line":"N2","mode":"bus","color":"#0059a9","colorDark":"#00294f","band":4,"off":[0,1.1]}},{"type":"Feature","geometry":{"type":"Point","coordinates":[18.622499,54.396149]},"properties":{"line":"N6","mode":"bus","color":"#0059a9","colorDark":"#00294f","band":4,"off":[3.4,1.1]}},{"type":"Feature","geometry":{"type":"Point","coordinates":[18.621188,54.387868]},"properties":{"name":"Kościuszki","band":4,"modes":"bus","arr":["N2"],"off":[0,-0.8]}},{"type":"Feature","geometry":{"type":"Point","coordinates":[18.621188,54.387868]},"properties":{"line":"N2","mode":"bus","color":"#0059a9","colorDark":"#00294f","band":4,"off":[0,1.1]}},{"type":"Feature","geometry":{"type":"Point","coordinates":[18.466309,54.272483]},"properties":{"name":"Kolbudy Plac Kaszubski","band":4,"modes":"bus","arr":["N56"],"off":[0,-0.8]}},{"type":"Feature","geometry":{"type":"Point","coordinates":[18.466309,54.272483]},"properties":{"line":"N56","mode":"bus","color":"#0059a9","colorDark":"#00294f","band":4,"off":[0,1.1]}},{"type":"Feature","geometry":{"type":"Point","coordinates":[18.729025,54.372207]},"properties":{"name":"Stogi Plaża","band":4,"modes":"bus","arr":["T8"],"off":[0,-0.8]}},{"type":"Feature","geometry":{"type":"Point","coordinates":[18.729025,54.372207]},"properties":{"line":"T8","mode":"bus","color":"#0059a9","colorDark":"#00294f","band":4,"off":[0,1.1]}},{"type":"Feature","geometry":{"type":"Point","coordinates":[18.560641,54.431445]},"properties":{"name":"Sopot Reja","band":4,"modes":"bus","arr":["21","181","S"],"off":[0,-0.8]}},{"type":"Feature","geometry":{"type":"Point","coordinates":[18.560641,54.431445]},"properties":{"line":"21","mode":"bus","color":"#149a3f","colorDark":"#0a5121","band":4,"off":[-3.4,1.1]}},{"type":"Feature","geometry":{"type":"Point","coordinates":[18.560641,54.431445]},"properties":{"line":"181","mode":"bus","color":"#0059a9","colorDark":"#00294f","band":4,"off":[0,1.1]}},{"type":"Feature","geometry":{"type":"Point","coordinates":[18.560641,54.431445]},"properties":{"line":"S","mode":"bus","color":"#0059a9","colorDark":"#00294f","band":4,"off":[3.4,1.1]}},{"type":"Feature","geometry":{"type":"Point","coordinates":[18.531039,54.521755]},"properties":{"name":"Gdynia Dworzec Gł. PKP","band":4,"modes":"bus","arr":["21","29","740"],"off":[0,-0.8]}},{"type":"Feature","geometry":{"type":"Point","coordinates":[18.531039,54.521755]},"properties":{"line":"21","mode":"bus","color":"#149a3f","colorDark":"#0a5121","band":4,"off":[-3.4,1.1]}},{"type":"Feature","geometry":{"type":"Point","coordinates":[18.531039,54.521755]},"properties":{"line":"29","mode":"bus","color":"#149a3f","colorDark":"#0a5121","band":4,"off":[0,1.1]}},{"type":"Feature","geometry":{"type":"Point","coordinates":[18.531039,54.521755]},"properties":{"line":"740","mode":"bus","color":"#0059a9","colorDark":"#00294f","band":4,"off":[3.4,1.1]}},{"type":"Feature","geometry":{"type":"Point","coordinates":[18.554723,54.458423]},"properties":{"name":"Kamienny Potok SKM - Niepodległości","band":4,"modes":"bus","arr":["21","31","177","187","G","S"],"off":[0,-0.8]}},{"type":"Feature","geometry":{"type":"Point","coordinates":[18.554723,54.458423]},"properties":{"line":"21","mode":"bus","color":"#149a3f","colorDark":"#0a5121","band":4,"off":[-6.8,1.1]}},{"type":"Feature","geometry":{"type":"Point","coordinates":[18.554723,54.458423]},"properties":{"line":"31","mode":"bus","color":"#149a3f","colorDark":"#0a5121","band":4,"off":[-3.4,1.1]}},{"type":"Feature","geometry":{"type":"Point","coordinates":[18.554723,54.458423]},"properties":{"line":"177","mode":"bus","color":"#0059a9","colorDark":"#00294f","band":4,"off":[0,1.1]}},{"type":"Feature","geometry":{"type":"Point","coordinates":[18.554723,54.458423]},"properties":{"line":"187","mode":"bus","color":"#0059a9","colorDark":"#00294f","band":4,"off":[3.4,1.1]}},{"type":"Feature","geometry":{"type":"Point","coordinates":[18.554723,54.458423]},"properties":{"line":"G","mode":"bus","color":"#0059a9","colorDark":"#00294f","band":4,"off":[6.8,1.1]}},{"type":"Feature","geometry":{"type":"Point","coordinates":[18.554723,54.458423]},"properties":{"line":"S","mode":"bus","color":"#0059a9","colorDark":"#00294f","band":4,"off":[0,3.1]}},{"type":"Feature","geometry":{"type":"Point","coordinates":[18.540456,54.522367]},"properties":{"name":"Plac Kaszubski","band":4,"modes":"bus","arr":["22","23","25","32","33","102","119","146","173","190","194","204"],"off":[0,-0.8]}},{"type":"Feature","geometry":{"type":"Point","coordinates":[18.540456,54.522367]},"properties":{"line":"22","mode":"bus","color":"#149a3f","colorDark":"#0a5121","band":4,"off":[-6.8,1.1]}},{"type":"Feature","geometry":{"type":"Point","coordinates":[18.540456,54.522367]},"properties":{"line":"23","mode":"bus","color":"#149a3f","colorDark":"#0a5121","band":4,"off":[-3.4,1.1]}},{"type":"Feature","geometry":{"type":"Point","coordinates":[18.540456,54.522367]},"properties":{"line":"25","mode":"bus","color":"#149a3f","colorDark":"#0a5121","band":4,"off":[0,1.1]}},{"type":"Feature","geometry":{"type":"Point","coordinates":[18.540456,54.522367]},"properties":{"line":"32","mode":"bus","color":"#149a3f","colorDark":"#0a5121","band":4,"off":[3.4,1.1]}},{"type":"Feature","geometry":{"type":"Point","coordinates":[18.540456,54.522367]},"properties":{"line":"33","mode":"bus","color":"#149a3f","colorDark":"#0a5121","band":4,"off":[6.8,1.1]}},{"type":"Feature","geometry":{"type":"Point","coordinates":[18.540456,54.522367]},"properties":{"line":"102","mode":"bus","color":"#0059a9","colorDark":"#00294f","band":4,"off":[-6.8,3.1]}},{"type":"Feature","geometry":{"type":"Point","coordinates":[18.540456,54.522367]},"properties":{"line":"119","mode":"bus","color":"#0059a9","colorDark":"#00294f","band":4,"off":[-3.4,3.1]}},{"type":"Feature","geometry":{"type":"Point","coordinates":[18.540456,54.522367]},"properties":{"line":"146","mode":"bus","color":"#0059a9","colorDark":"#00294f","band":4,"off":[0,3.1]}},{"type":"Feature","geometry":{"type":"Point","coordinates":[18.540456,54.522367]},"properties":{"line":"173","mode":"bus","color":"#0059a9","colorDark":"#00294f","band":4,"off":[3.4,3.1]}},{"type":"Feature","geometry":{"type":"Point","coordinates":[18.540456,54.522367]},"properties":{"line":"190","mode":"bus","color":"#0059a9","colorDark":"#00294f","band":4,"off":[6.8,3.1]}},{"type":"Feature","geometry":{"type":"Point","coordinates":[18.540456,54.522367]},"properties":{"line":"194","mode":"bus","color":"#0059a9","colorDark":"#00294f","band":4,"off":[-1.7,5.1]}},{"type":"Feature","geometry":{"type":"Point","coordinates":[18.540456,54.522367]},"properties":{"line":"204","mode":"bus","color":"#0059a9","colorDark":"#00294f","band":4,"off":[1.7,5.1]}},{"type":"Feature","geometry":{"type":"Point","coordinates":[18.444896,54.549483]},"properties":{"name":"Cisowa SKM","band":4,"modes":"bus","arr":["22","25","27"],"off":[0,-0.8]}},{"type":"Feature","geometry":{"type":"Point","coordinates":[18.444896,54.549483]},"properties":{"line":"22","mode":"bus","color":"#149a3f","colorDark":"#0a5121","band":4,"off":[-3.4,1.1]}},{"type":"Feature","geometry":{"type":"Point","coordinates":[18.444896,54.549483]},"properties":{"line":"25","mode":"bus","color":"#149a3f","colorDark":"#0a5121","band":4,"off":[0,1.1]}},{"type":"Feature","geometry":{"type":"Point","coordinates":[18.444896,54.549483]},"properties":{"line":"27","mode":"bus","color":"#149a3f","colorDark":"#0a5121","band":4,"off":[3.4,1.1]}},{"type":"Feature","geometry":{"type":"Point","coordinates":[18.455194,54.45546]},"properties":{"name":"Kacze Buki","band":4,"modes":"bus","arr":["23","27","181","700","K","N10","N30","R","X"],"off":[0,-0.8]}},{"type":"Feature","geometry":{"type":"Point","coordinates":[18.455194,54.45546]},"properties":{"line":"23","mode":"bus","color":"#149a3f","colorDark":"#0a5121","band":4,"off":[-6.8,1.1]}},{"type":"Feature","geometry":{"type":"Point","coordinates":[18.455194,54.45546]},"properties":{"line":"27","mode":"bus","color":"#149a3f","colorDark":"#0a5121","band":4,"off":[-3.4,1.1]}},{"type":"Feature","geometry":{"type":"Point","coordinates":[18.455194,54.45546]},"properties":{"line":"181","mode":"bus","color":"#0059a9","colorDark":"#00294f","band":4,"off":[0,1.1]}},{"type":"Feature","geometry":{"type":"Point","coordinates":[18.455194,54.45546]},"properties":{"line":"700","mode":"bus","color":"#0059a9","colorDark":"#00294f","band":4,"off":[3.4,1.1]}},{"type":"Feature","geometry":{"type":"Point","coordinates":[18.455194,54.45546]},"properties":{"line":"K","mode":"bus","color":"#0059a9","colorDark":"#00294f","band":4,"off":[6.8,1.1]}},{"type":"Feature","geometry":{"type":"Point","coordinates":[18.455194,54.45546]},"properties":{"line":"N10","mode":"bus","color":"#0059a9","colorDark":"#00294f","band":4,"off":[-5.1,3.1]}},{"type":"Feature","geometry":{"type":"Point","coordinates":[18.455194,54.45546]},"properties":{"line":"N30","mode":"bus","color":"#0059a9","colorDark":"#00294f","band":4,"off":[-1.7,3.1]}},{"type":"Feature","geometry":{"type":"Point","coordinates":[18.455194,54.45546]},"properties":{"line":"R","mode":"bus","color":"#0059a9","colorDark":"#00294f","band":4,"off":[1.7,3.1]}},{"type":"Feature","geometry":{"type":"Point","coordinates":[18.455194,54.45546]},"properties":{"line":"X","mode":"bus","color":"#0059a9","colorDark":"#00294f","band":4,"off":[5.1,3.1]}},{"type":"Feature","geometry":{"type":"Point","coordinates":[18.450052,54.471369]},"properties":{"name":"Dąbrowa Miętowa","band":4,"modes":"bus","arr":["24","31"],"off":[0,-0.8]}},{"type":"Feature","geometry":{"type":"Point","coordinates":[18.450052,54.471369]},"properties":{"line":"24","mode":"bus","color":"#149a3f","colorDark":"#0a5121","band":4,"off":[-1.7,1.1]}},{"type":"Feature","geometry":{"type":"Point","coordinates":[18.450052,54.471369]},"properties":{"line":"31","mode":"bus","color":"#149a3f","colorDark":"#0a5121","band":4,"off":[1.7,1.1]}},{"type":"Feature","geometry":{"type":"Point","coordinates":[18.516918,54.532215]},"properties":{"name":"Stocznia Gdynia","band":4,"modes":"bus","arr":["24","723"],"off":[0,-0.8]}},{"type":"Feature","geometry":{"type":"Point","coordinates":[18.516918,54.532215]},"properties":{"line":"24","mode":"bus","color":"#149a3f","colorDark":"#0a5121","band":4,"off":[-1.7,1.1]}},{"type":"Feature","geometry":{"type":"Point","coordinates":[18.516918,54.532215]},"properties":{"line":"723","mode":"bus","color":"#149a3f","colorDark":"#0a5121","band":4,"off":[1.7,1.1]}},{"type":"Feature","geometry":{"type":"Point","coordinates":[18.464193,54.474469]},"properties":{"name":"Dąbrowa Centrum","band":4,"modes":"bus","arr":["24","31","147","K"],"off":[0,-0.8]}},{"type":"Feature","geometry":{"type":"Point","coordinates":[18.464193,54.474469]},"properties":{"line":"24","mode":"bus","color":"#149a3f","colorDark":"#0a5121","band":4,"off":[-5.1,1.1]}},{"type":"Feature","geometry":{"type":"Point","coordinates":[18.464193,54.474469]},"properties":{"line":"31","mode":"bus","color":"#149a3f","colorDark":"#0a5121","band":4,"off":[-1.7,1.1]}},{"type":"Feature","geometry":{"type":"Point","coordinates":[18.464193,54.474469]},"properties":{"line":"147","mode":"bus","color":"#0059a9","colorDark":"#00294f","band":4,"off":[1.7,1.1]}},{"type":"Feature","geometry":{"type":"Point","coordinates":[18.464193,54.474469]},"properties":{"line":"K","mode":"bus","color":"#0059a9","colorDark":"#00294f","band":4,"off":[5.1,1.1]}},{"type":"Feature","geometry":{"type":"Point","coordinates":[18.536847,54.522213]},"properties":{"name":"3 Maja - Hala","band":4,"modes":"bus","arr":["25"],"off":[0,-0.8]}},{"type":"Feature","geometry":{"type":"Point","coordinates":[18.536847,54.522213]},"properties":{"line":"25","mode":"bus","color":"#149a3f","colorDark":"#0a5121","band":4,"off":[0,1.1]}},{"type":"Feature","geometry":{"type":"Point","coordinates":[18.434926,54.547895]},"properties":{"name":"Cisowa Sibeliusa","band":4,"modes":"bus","arr":["25","26","30","173","197"],"off":[0,-0.8]}},{"type":"Feature","geometry":{"type":"Point","coordinates":[18.434926,54.547895]},"properties":{"line":"25","mode":"bus","color":"#149a3f","colorDark":"#0a5121","band":4,"off":[-6.8,1.1]}},{"type":"Feature","geometry":{"type":"Point","coordinates":[18.434926,54.547895]},"properties":{"line":"26","mode":"bus","color":"#149a3f","colorDark":"#0a5121","band":4,"off":[-3.4,1.1]}},{"type":"Feature","geometry":{"type":"Point","coordinates":[18.434926,54.547895]},"properties":{"line":"30","mode":"bus","color":"#149a3f","colorDark":"#0a5121","band":4,"off":[0,1.1]}},{"type":"Feature","geometry":{"type":"Point","coordinates":[18.434926,54.547895]},"properties":{"line":"173","mode":"bus","color":"#0059a9","colorDark":"#00294f","band":4,"off":[3.4,1.1]}},{"type":"Feature","geometry":{"type":"Point","coordinates":[18.434926,54.547895]},"properties":{"line":"197","mode":"bus","color":"#0059a9","colorDark":"#00294f","band":4,"off":[6.8,1.1]}},{"type":"Feature","geometry":{"type":"Point","coordinates":[18.552942,54.475971]},"properties":{"name":"Orłowo SKM - Klif","band":4,"modes":"bus","arr":["26","326"],"off":[0,-0.8]}},{"type":"Feature","geometry":{"type":"Point","coordinates":[18.552942,54.475971]},"properties":{"line":"26","mode":"bus","color":"#149a3f","colorDark":"#0a5121","band":4,"off":[-1.7,1.1]}},{"type":"Feature","geometry":{"type":"Point","coordinates":[18.552942,54.475971]},"properties":{"line":"326","mode":"bus","color":"#149a3f","colorDark":"#0a5121","band":4,"off":[1.7,1.1]}},{"type":"Feature","geometry":{"type":"Point","coordinates":[18.434725,54.539056]},"properties":{"name":"Pustki Cisowskie","band":4,"modes":"bus","arr":["28","159","S","W"],"off":[0,-0.8]}},{"type":"Feature","geometry":{"type":"Point","coordinates":[18.434725,54.539056]},"properties":{"line":"28","mode":"bus","color":"#149a3f","colorDark":"#0a5121","band":4,"off":[-5.1,1.1]}},{"type":"Feature","geometry":{"type":"Point","coordinates":[18.434725,54.539056]},"properties":{"line":"159","mode":"bus","color":"#0059a9","colorDark":"#00294f","band":4,"off":[-1.7,1.1]}},{"type":"Feature","geometry":{"type":"Point","coordinates":[18.434725,54.539056]},"properties":{"line":"S","mode":"bus","color":"#0059a9","colorDark":"#00294f","band":4,"off":[1.7,1.1]}},{"type":"Feature","geometry":{"type":"Point","coordinates":[18.434725,54.539056]},"properties":{"line":"W","mode":"bus","color":"#0059a9","colorDark":"#00294f","band":4,"off":[5.1,1.1]}},{"type":"Feature","geometry":{"type":"Point","coordinates":[18.483525,54.465528]},"properties":{"name":"Wielki Kack Fikakowo","band":4,"modes":"bus","arr":["29","153"],"off":[0,-0.8]}},{"type":"Feature","geometry":{"type":"Point","coordinates":[18.483525,54.465528]},"properties":{"line":"29","mode":"bus","color":"#149a3f","colorDark":"#0a5121","band":4,"off":[-1.7,1.1]}},{"type":"Feature","geometry":{"type":"Point","coordinates":[18.483525,54.465528]},"properties":{"line":"153","mode":"bus","color":"#0059a9","colorDark":"#00294f","band":4,"off":[1.7,1.1]}},{"type":"Feature","geometry":{"type":"Point","coordinates":[18.580976,54.425749]},"properties":{"name":"Ergo Arena","band":4,"modes":"bus","arr":["31"],"off":[0,-0.8]}},{"type":"Feature","geometry":{"type":"Point","coordinates":[18.580976,54.425749]},"properties":{"line":"31","mode":"bus","color":"#149a3f","colorDark":"#0a5121","band":4,"off":[0,1.1]}},{"type":"Feature","geometry":{"type":"Point","coordinates":[18.503246,54.477784]},"properties":{"name":"Mały Kack Strzelców","band":4,"modes":"bus","arr":["32","145"],"off":[0,-0.8]}},{"type":"Feature","geometry":{"type":"Point","coordinates":[18.503246,54.477784]},"properties":{"line":"32","mode":"bus","color":"#149a3f","colorDark":"#0a5121","band":4,"off":[-1.7,1.1]}},{"type":"Feature","geometry":{"type":"Point","coordinates":[18.503246,54.477784]},"properties":{"line":"145","mode":"bus","color":"#0059a9","colorDark":"#00294f","band":4,"off":[1.7,1.1]}},{"type":"Feature","geometry":{"type":"Point","coordinates":[18.506768,54.550668]},"properties":{"name":"Obłuże Centrum","band":4,"modes":"bus","arr":["32","105","125","128","135","146","173","194","198","365","G","K","N94"],"off":[0,-0.8]}},{"type":"Feature","geometry":{"type":"Point","coordinates":[18.506768,54.550668]},"properties":{"line":"32","mode":"bus","color":"#149a3f","colorDark":"#0a5121","band":4,"off":[-6.8,1.1]}},{"type":"Feature","geometry":{"type":"Point","coordinates":[18.506768,54.550668]},"properties":{"line":"105","mode":"bus","color":"#0059a9","colorDark":"#00294f","band":4,"off":[-3.4,1.1]}},{"type":"Feature","geometry":{"type":"Point","coordinates":[18.506768,54.550668]},"properties":{"line":"125","mode":"bus","color":"#0059a9","colorDark":"#00294f","band":4,"off":[0,1.1]}},{"type":"Feature","geometry":{"type":"Point","coordinates":[18.506768,54.550668]},"properties":{"line":"128","mode":"bus","color":"#0059a9","colorDark":"#00294f","band":4,"off":[3.4,1.1]}},{"type":"Feature","geometry":{"type":"Point","coordinates":[18.506768,54.550668]},"properties":{"line":"135","mode":"bus","color":"#0059a9","colorDark":"#00294f","band":4,"off":[6.8,1.1]}},{"type":"Feature","geometry":{"type":"Point","coordinates":[18.506768,54.550668]},"properties":{"line":"146","mode":"bus","color":"#0059a9","colorDark":"#00294f","band":4,"off":[-6.8,3.1]}},{"type":"Feature","geometry":{"type":"Point","coordinates":[18.506768,54.550668]},"properties":{"line":"173","mode":"bus","color":"#0059a9","colorDark":"#00294f","band":4,"off":[-3.4,3.1]}},{"type":"Feature","geometry":{"type":"Point","coordinates":[18.506768,54.550668]},"properties":{"line":"194","mode":"bus","color":"#0059a9","colorDark":"#00294f","band":4,"off":[0,3.1]}},{"type":"Feature","geometry":{"type":"Point","coordinates":[18.506768,54.550668]},"properties":{"line":"198","mode":"bus","color":"#0059a9","colorDark":"#00294f","band":4,"off":[3.4,3.1]}},{"type":"Feature","geometry":{"type":"Point","coordinates":[18.506768,54.550668]},"properties":{"line":"365","mode":"bus","color":"#0059a9","colorDark":"#00294f","band":4,"off":[6.8,3.1]}},{"type":"Feature","geometry":{"type":"Point","coordinates":[18.506768,54.550668]},"properties":{"line":"G","mode":"bus","color":"#0059a9","colorDark":"#00294f","band":4,"off":[-3.4,5.1]}},{"type":"Feature","geometry":{"type":"Point","coordinates":[18.506768,54.550668]},"properties":{"line":"K","mode":"bus","color":"#0059a9","colorDark":"#00294f","band":4,"off":[0,5.1]}},{"type":"Feature","geometry":{"type":"Point","coordinates":[18.506768,54.550668]},"properties":{"line":"N94","mode":"bus","color":"#0059a9","colorDark":"#00294f","band":4,"off":[3.4,5.1]}},{"type":"Feature","geometry":{"type":"Point","coordinates":[18.466693,54.560818]},"properties":{"name":"Pogórze Dolne Złota","band":4,"modes":"bus","arr":["32"],"off":[0,-0.8]}},{"type":"Feature","geometry":{"type":"Point","coordinates":[18.466693,54.560818]},"properties":{"line":"32","mode":"bus","color":"#149a3f","colorDark":"#0a5121","band":4,"off":[0,1.1]}},{"type":"Feature","geometry":{"type":"Point","coordinates":[18.478546,54.557363]},"properties":{"name":"Pogórze Dolne","band":4,"modes":"bus","arr":["32","105","125","135","146","173","198","365","N40"],"off":[0,-0.8]}},{"type":"Feature","geometry":{"type":"Point","coordinates":[18.478546,54.557363]},"properties":{"line":"32","mode":"bus","color":"#149a3f","colorDark":"#0a5121","band":4,"off":[-6.8,1.1]}},{"type":"Feature","geometry":{"type":"Point","coordinates":[18.478546,54.557363]},"properties":{"line":"105","mode":"bus","color":"#0059a9","colorDark":"#00294f","band":4,"off":[-3.4,1.1]}},{"type":"Feature","geometry":{"type":"Point","coordinates":[18.478546,54.557363]},"properties":{"line":"125","mode":"bus","color":"#0059a9","colorDark":"#00294f","band":4,"off":[0,1.1]}},{"type":"Feature","geometry":{"type":"Point","coordinates":[18.478546,54.557363]},"properties":{"line":"135","mode":"bus","color":"#0059a9","colorDark":"#00294f","band":4,"off":[3.4,1.1]}},{"type":"Feature","geometry":{"type":"Point","coordinates":[18.478546,54.557363]},"properties":{"line":"146","mode":"bus","color":"#0059a9","colorDark":"#00294f","band":4,"off":[6.8,1.1]}},{"type":"Feature","geometry":{"type":"Point","coordinates":[18.478546,54.557363]},"properties":{"line":"173","mode":"bus","color":"#0059a9","colorDark":"#00294f","band":4,"off":[-5.1,3.1]}},{"type":"Feature","geometry":{"type":"Point","coordinates":[18.478546,54.557363]},"properties":{"line":"198","mode":"bus","color":"#0059a9","colorDark":"#00294f","band":4,"off":[-1.7,3.1]}},{"type":"Feature","geometry":{"type":"Point","coordinates":[18.478546,54.557363]},"properties":{"line":"365","mode":"bus","color":"#0059a9","colorDark":"#00294f","band":4,"off":[1.7,3.1]}},{"type":"Feature","geometry":{"type":"Point","coordinates":[18.478546,54.557363]},"properties":{"line":"N40","mode":"bus","color":"#0059a9","colorDark":"#00294f","band":4,"off":[5.1,3.1]}},{"type":"Feature","geometry":{"type":"Point","coordinates":[18.484532,54.47383]},"properties":{"name":"Karwiny Tuwima","band":4,"modes":"bus","arr":["33","145","180"],"off":[0,-0.8]}},{"type":"Feature","geometry":{"type":"Point","coordinates":[18.484532,54.47383]},"properties":{"line":"33","mode":"bus","color":"#149a3f","colorDark":"#0a5121","band":4,"off":[-3.4,1.1]}},{"type":"Feature","geometry":{"type":"Point","coordinates":[18.484532,54.47383]},"properties":{"line":"145","mode":"bus","color":"#0059a9","colorDark":"#00294f","band":4,"off":[0,1.1]}},{"type":"Feature","geometry":{"type":"Point","coordinates":[18.484532,54.47383]},"properties":{"line":"180","mode":"bus","color":"#0059a9","colorDark":"#00294f","band":4,"off":[3.4,1.1]}},{"type":"Feature","geometry":{"type":"Point","coordinates":[18.53421,54.5089]},"properties":{"name":"Węzeł Franciszki Cegielskiej","band":4,"modes":"bus","arr":["34","182"],"off":[0,-0.8]}},{"type":"Feature","geometry":{"type":"Point","coordinates":[18.53421,54.5089]},"properties":{"line":"34","mode":"bus","color":"#0059a9","colorDark":"#00294f","band":4,"off":[-1.7,1.1]}},{"type":"Feature","geometry":{"type":"Point","coordinates":[18.53421,54.5089]},"properties":{"line":"182","mode":"bus","color":"#0059a9","colorDark":"#00294f","band":4,"off":[1.7,1.1]}},{"type":"Feature","geometry":{"type":"Point","coordinates":[18.462144,54.525425]},"properties":{"name":"Demptowo","band":4,"modes":"bus","arr":["34"],"off":[0,-0.8]}},{"type":"Feature","geometry":{"type":"Point","coordinates":[18.462144,54.525425]},"properties":{"line":"34","mode":"bus","color":"#0059a9","colorDark":"#00294f","band":4,"off":[0,1.1]}},{"type":"Feature","geometry":{"type":"Point","coordinates":[18.406402,54.556844]},"properties":{"name":"Janowo SKM - Sobieskiego","band":4,"modes":"bus","arr":["83"],"off":[0,-0.8]}},{"type":"Feature","geometry":{"type":"Point","coordinates":[18.406402,54.556844]},"properties":{"line":"83","mode":"bus","color":"#0059a9","colorDark":"#00294f","band":4,"off":[0,1.1]}},{"type":"Feature","geometry":{"type":"Point","coordinates":[18.367317,54.591985]},"properties":{"name":"Reda Bosmańska","band":4,"modes":"bus","arr":["83","84","87"],"off":[0,-0.8]}},{"type":"Feature","geometry":{"type":"Point","coordinates":[18.367317,54.591985]},"properties":{"line":"83","mode":"bus","color":"#0059a9","colorDark":"#00294f","band":4,"off":[-3.4,1.1]}},{"type":"Feature","geometry":{"type":"Point","coordinates":[18.367317,54.591985]},"properties":{"line":"84","mode":"bus","color":"#0059a9","colorDark":"#00294f","band":4,"off":[0,1.1]}},{"type":"Feature","geometry":{"type":"Point","coordinates":[18.367317,54.591985]},"properties":{"line":"87","mode":"bus","color":"#0059a9","colorDark":"#00294f","band":4,"off":[3.4,1.1]}},{"type":"Feature","geometry":{"type":"Point","coordinates":[18.387263,54.569375]},"properties":{"name":"Rumia Dworzec PKP","band":4,"modes":"bus","arr":["84"],"off":[0,-0.8]}},{"type":"Feature","geometry":{"type":"Point","coordinates":[18.387263,54.569375]},"properties":{"line":"84","mode":"bus","color":"#0059a9","colorDark":"#00294f","band":4,"off":[0,1.1]}},{"type":"Feature","geometry":{"type":"Point","coordinates":[18.400118,54.585625]},"properties":{"name":"Rumia Partyzantów","band":4,"modes":"bus","arr":["85","173","J","M"],"off":[0,-0.8]}},{"type":"Feature","geometry":{"type":"Point","coordinates":[18.400118,54.585625]},"properties":{"line":"85","mode":"bus","color":"#0059a9","colorDark":"#00294f","band":4,"off":[-5.1,1.1]}},{"type":"Feature","geometry":{"type":"Point","coordinates":[18.400118,54.585625]},"properties":{"line":"173","mode":"bus","color":"#0059a9","colorDark":"#00294f","band":4,"off":[-1.7,1.1]}},{"type":"Feature","geometry":{"type":"Point","coordinates":[18.400118,54.585625]},"properties":{"line":"J","mode":"bus","color":"#0059a9","colorDark":"#00294f","band":4,"off":[1.7,1.1]}},{"type":"Feature","geometry":{"type":"Point","coordinates":[18.400118,54.585625]},"properties":{"line":"M","mode":"bus","color":"#0059a9","colorDark":"#00294f","band":4,"off":[5.1,1.1]}},{"type":"Feature","geometry":{"type":"Point","coordinates":[18.371189,54.551578]},"properties":{"name":"Rumia Szmelta","band":4,"modes":"bus","arr":["85","288"],"off":[0,-0.8]}},{"type":"Feature","geometry":{"type":"Point","coordinates":[18.371189,54.551578]},"properties":{"line":"85","mode":"bus","color":"#0059a9","colorDark":"#00294f","band":4,"off":[-1.7,1.1]}},{"type":"Feature","geometry":{"type":"Point","coordinates":[18.371189,54.551578]},"properties":{"line":"288","mode":"bus","color":"#0059a9","colorDark":"#00294f","band":4,"off":[1.7,1.1]}},{"type":"Feature","geometry":{"type":"Point","coordinates":[18.393167,54.559151]},"properties":{"name":"Rumia Cmentarz Komunalny","band":4,"modes":"bus","arr":["86"],"off":[0,-0.8]}},{"type":"Feature","geometry":{"type":"Point","coordinates":[18.393167,54.559151]},"properties":{"line":"86","mode":"bus","color":"#0059a9","colorDark":"#00294f","band":4,"off":[0,1.1]}},{"type":"Feature","geometry":{"type":"Point","coordinates":[18.435508,54.573068]},"properties":{"name":"Dębogórze-Wybudowanie - Leśna","band":4,"modes":"bus","arr":["86"],"off":[0,-0.8]}},{"type":"Feature","geometry":{"type":"Point","coordinates":[18.435508,54.573068]},"properties":{"line":"86","mode":"bus","color":"#0059a9","colorDark":"#00294f","band":4,"off":[0,1.1]}},{"type":"Feature","geometry":{"type":"Point","coordinates":[18.494218,54.582988]},"properties":{"name":"Kosakowo - Centrum Handlowe","band":4,"modes":"bus","arr":["86"],"off":[0,-0.8]}},{"type":"Feature","geometry":{"type":"Point","coordinates":[18.494218,54.582988]},"properties":{"line":"86","mode":"bus","color":"#0059a9","colorDark":"#00294f","band":4,"off":[0,1.1]}},{"type":"Feature","geometry":{"type":"Point","coordinates":[18.462754,54.545526]},"properties":{"name":"Chylonia Dworzec PKP","band":4,"modes":"bus","arr":["102","114","159","173","288"],"off":[0,-0.8]}},{"type":"Feature","geometry":{"type":"Point","coordinates":[18.462754,54.545526]},"properties":{"line":"102","mode":"bus","color":"#0059a9","colorDark":"#00294f","band":4,"off":[-6.8,1.1]}},{"type":"Feature","geometry":{"type":"Point","coordinates":[18.462754,54.545526]},"properties":{"line":"114","mode":"bus","color":"#0059a9","colorDark":"#00294f","band":4,"off":[-3.4,1.1]}},{"type":"Feature","geometry":{"type":"Point","coordinates":[18.462754,54.545526]},"properties":{"line":"159","mode":"bus","color":"#0059a9","colorDark":"#00294f","band":4,"off":[0,1.1]}},{"type":"Feature","geometry":{"type":"Point","coordinates":[18.462754,54.545526]},"properties":{"line":"173","mode":"bus","color":"#0059a9","colorDark":"#00294f","band":4,"off":[3.4,1.1]}},{"type":"Feature","geometry":{"type":"Point","coordinates":[18.462754,54.545526]},"properties":{"line":"288","mode":"bus","color":"#0059a9","colorDark":"#00294f","band":4,"off":[6.8,1.1]}},{"type":"Feature","geometry":{"type":"Point","coordinates":[18.548878,54.507751]},"properties":{"name":"Dom Marynarza","band":4,"modes":"bus","arr":["104","128","196","252","282"],"off":[0,-0.8]}},{"type":"Feature","geometry":{"type":"Point","coordinates":[18.548878,54.507751]},"properties":{"line":"104","mode":"bus","color":"#0059a9","colorDark":"#00294f","band":4,"off":[-6.8,1.1]}},{"type":"Feature","geometry":{"type":"Point","coordinates":[18.548878,54.507751]},"properties":{"line":"128","mode":"bus","color":"#0059a9","colorDark":"#00294f","band":4,"off":[-3.4,1.1]}},{"type":"Feature","geometry":{"type":"Point","coordinates":[18.548878,54.507751]},"properties":{"line":"196","mode":"bus","color":"#0059a9","colorDark":"#00294f","band":4,"off":[0,1.1]}},{"type":"Feature","geometry":{"type":"Point","coordinates":[18.548878,54.507751]},"properties":{"line":"252","mode":"bus","color":"#0059a9","colorDark":"#00294f","band":4,"off":[3.4,1.1]}},{"type":"Feature","geometry":{"type":"Point","coordinates":[18.548878,54.507751]},"properties":{"line":"282","mode":"bus","color":"#0059a9","colorDark":"#00294f","band":4,"off":[6.8,1.1]}},{"type":"Feature","geometry":{"type":"Point","coordinates":[18.501497,54.54808]},"properties":{"name":"Terminal Kontenerowy","band":4,"modes":"bus","arr":["104","105","125","135","150","196","197","198"],"off":[0,-0.8]}},{"type":"Feature","geometry":{"type":"Point","coordinates":[18.501497,54.54808]},"properties":{"line":"104","mode":"bus","color":"#0059a9","colorDark":"#00294f","band":4,"off":[-6.8,1.1]}},{"type":"Feature","geometry":{"type":"Point","coordinates":[18.501497,54.54808]},"properties":{"line":"105","mode":"bus","color":"#0059a9","colorDark":"#00294f","band":4,"off":[-3.4,1.1]}},{"type":"Feature","geometry":{"type":"Point","coordinates":[18.501497,54.54808]},"properties":{"line":"125","mode":"bus","color":"#0059a9","colorDark":"#00294f","band":4,"off":[0,1.1]}},{"type":"Feature","geometry":{"type":"Point","coordinates":[18.501497,54.54808]},"properties":{"line":"135","mode":"bus","color":"#0059a9","colorDark":"#00294f","band":4,"off":[3.4,1.1]}},{"type":"Feature","geometry":{"type":"Point","coordinates":[18.501497,54.54808]},"properties":{"line":"150","mode":"bus","color":"#0059a9","colorDark":"#00294f","band":4,"off":[6.8,1.1]}},{"type":"Feature","geometry":{"type":"Point","coordinates":[18.501497,54.54808]},"properties":{"line":"196","mode":"bus","color":"#0059a9","colorDark":"#00294f","band":4,"off":[-3.4,3.1]}},{"type":"Feature","geometry":{"type":"Point","coordinates":[18.501497,54.54808]},"properties":{"line":"197","mode":"bus","color":"#0059a9","colorDark":"#00294f","band":4,"off":[0,3.1]}},{"type":"Feature","geometry":{"type":"Point","coordinates":[18.501497,54.54808]},"properties":{"line":"198","mode":"bus","color":"#0059a9","colorDark":"#00294f","band":4,"off":[3.4,3.1]}},{"type":"Feature","geometry":{"type":"Point","coordinates":[18.54761,54.542849]},"properties":{"name":"Oksywie Dolne","band":4,"modes":"bus","arr":["104","X"],"off":[0,-0.8]}},{"type":"Feature","geometry":{"type":"Point","coordinates":[18.54761,54.542849]},"properties":{"line":"104","mode":"bus","color":"#0059a9","colorDark":"#00294f","band":4,"off":[-1.7,1.1]}},{"type":"Feature","geometry":{"type":"Point","coordinates":[18.54761,54.542849]},"properties":{"line":"X","mode":"bus","color":"#0059a9","colorDark":"#00294f","band":4,"off":[1.7,1.1]}},{"type":"Feature","geometry":{"type":"Point","coordinates":[18.55499,54.489687]},"properties":{"name":"Redłowo Szpital","band":4,"modes":"bus","arr":["105","121","125","180","252","700","W"],"off":[0,-0.8]}},{"type":"Feature","geometry":{"type":"Point","coordinates":[18.55499,54.489687]},"properties":{"line":"105","mode":"bus","color":"#0059a9","colorDark":"#00294f","band":4,"off":[-6.8,1.1]}},{"type":"Feature","geometry":{"type":"Point","coordinates":[18.55499,54.489687]},"properties":{"line":"121","mode":"bus","color":"#0059a9","colorDark":"#00294f","band":4,"off":[-3.4,1.1]}},{"type":"Feature","geometry":{"type":"Point","coordinates":[18.55499,54.489687]},"properties":{"line":"125","mode":"bus","color":"#0059a9","colorDark":"#00294f","band":4,"off":[0,1.1]}},{"type":"Feature","geometry":{"type":"Point","coordinates":[18.55499,54.489687]},"properties":{"line":"180","mode":"bus","color":"#0059a9","colorDark":"#00294f","band":4,"off":[3.4,1.1]}},{"type":"Feature","geometry":{"type":"Point","coordinates":[18.55499,54.489687]},"properties":{"line":"252","mode":"bus","color":"#0059a9","colorDark":"#00294f","band":4,"off":[6.8,1.1]}},{"type":"Feature","geometry":{"type":"Point","coordinates":[18.55499,54.489687]},"properties":{"line":"700","mode":"bus","color":"#0059a9","colorDark":"#00294f","band":4,"off":[-1.7,3.1]}},{"type":"Feature","geometry":{"type":"Point","coordinates":[18.55499,54.489687]},"properties":{"line":"W","mode":"bus","color":"#0059a9","colorDark":"#00294f","band":4,"off":[1.7,3.1]}},{"type":"Feature","geometry":{"type":"Point","coordinates":[18.472709,54.560498]},"properties":{"name":"Czernickiego I","band":4,"modes":"bus","arr":["105","135","146","163","165","173","365"],"off":[0,-0.8]}},{"type":"Feature","geometry":{"type":"Point","coordinates":[18.472709,54.560498]},"properties":{"line":"105","mode":"bus","color":"#0059a9","colorDark":"#00294f","band":4,"off":[-6.8,1.1]}},{"type":"Feature","geometry":{"type":"Point","coordinates":[18.472709,54.560498]},"properties":{"line":"135","mode":"bus","color":"#0059a9","colorDark":"#00294f","band":4,"off":[-3.4,1.1]}},{"type":"Feature","geometry":{"type":"Point","coordinates":[18.472709,54.560498]},"properties":{"line":"146","mode":"bus","color":"#0059a9","colorDark":"#00294f","band":4,"off":[0,1.1]}},{"type":"Feature","geometry":{"type":"Point","coordinates":[18.472709,54.560498]},"properties":{"line":"163","mode":"bus","color":"#0059a9","colorDark":"#00294f","band":4,"off":[3.4,1.1]}},{"type":"Feature","geometry":{"type":"Point","coordinates":[18.472709,54.560498]},"properties":{"line":"165","mode":"bus","color":"#0059a9","colorDark":"#00294f","band":4,"off":[6.8,1.1]}},{"type":"Feature","geometry":{"type":"Point","coordinates":[18.472709,54.560498]},"properties":{"line":"173","mode":"bus","color":"#0059a9","colorDark":"#00294f","band":4,"off":[-1.7,3.1]}},{"type":"Feature","geometry":{"type":"Point","coordinates":[18.472709,54.560498]},"properties":{"line":"365","mode":"bus","color":"#0059a9","colorDark":"#00294f","band":4,"off":[1.7,3.1]}},{"type":"Feature","geometry":{"type":"Point","coordinates":[18.511655,54.608884]},"properties":{"name":"Mechelinki - Przystań","band":4,"modes":"bus","arr":["105","146","165"],"off":[0,-0.8]}},{"type":"Feature","geometry":{"type":"Point","coordinates":[18.511655,54.608884]},"properties":{"line":"105","mode":"bus","color":"#0059a9","colorDark":"#00294f","band":4,"off":[-3.4,1.1]}},{"type":"Feature","geometry":{"type":"Point","coordinates":[18.511655,54.608884]},"properties":{"line":"146","mode":"bus","color":"#0059a9","colorDark":"#00294f","band":4,"off":[0,1.1]}},{"type":"Feature","geometry":{"type":"Point","coordinates":[18.511655,54.608884]},"properties":{"line":"165","mode":"bus","color":"#0059a9","colorDark":"#00294f","band":4,"off":[3.4,1.1]}},{"type":"Feature","geometry":{"type":"Point","coordinates":[18.481387,54.563407]},"properties":{"name":"Pogórze Górne","band":4,"modes":"bus","arr":["105","135","141","146","163","165","173","194","282","365","G","N40","N65","N94"],"off":[0,-0.8]}},{"type":"Feature","geometry":{"type":"Point","coordinates":[18.481387,54.563407]},"properties":{"line":"105","mode":"bus","color":"#0059a9","colorDark":"#00294f","band":4,"off":[-6.8,1.1]}},{"type":"Feature","geometry":{"type":"Point","coordinates":[18.481387,54.563407]},"properties":{"line":"135","mode":"bus","color":"#0059a9","colorDark":"#00294f","band":4,"off":[-3.4,1.1]}},{"type":"Feature","geometry":{"type":"Point","coordinates":[18.481387,54.563407]},"properties":{"line":"141","mode":"bus","color":"#0059a9","colorDark":"#00294f","band":4,"off":[0,1.1]}},{"type":"Feature","geometry":{"type":"Point","coordinates":[18.481387,54.563407]},"properties":{"line":"146","mode":"bus","color":"#0059a9","colorDark":"#00294f","band":4,"off":[3.4,1.1]}},{"type":"Feature","geometry":{"type":"Point","coordinates":[18.481387,54.563407]},"properties":{"line":"163","mode":"bus","color":"#0059a9","colorDark":"#00294f","band":4,"off":[6.8,1.1]}},{"type":"Feature","geometry":{"type":"Point","coordinates":[18.481387,54.563407]},"properties":{"line":"165","mode":"bus","color":"#0059a9","colorDark":"#00294f","band":4,"off":[-6.8,3.1]}},{"type":"Feature","geometry":{"type":"Point","coordinates":[18.481387,54.563407]},"properties":{"line":"173","mode":"bus","color":"#0059a9","colorDark":"#00294f","band":4,"off":[-3.4,3.1]}},{"type":"Feature","geometry":{"type":"Point","coordinates":[18.481387,54.563407]},"properties":{"line":"194","mode":"bus","color":"#0059a9","colorDark":"#00294f","band":4,"off":[0,3.1]}},{"type":"Feature","geometry":{"type":"Point","coordinates":[18.481387,54.563407]},"properties":{"line":"282","mode":"bus","color":"#0059a9","colorDark":"#00294f","band":4,"off":[3.4,3.1]}},{"type":"Feature","geometry":{"type":"Point","coordinates":[18.481387,54.563407]},"properties":{"line":"365","mode":"bus","color":"#0059a9","colorDark":"#00294f","band":4,"off":[6.8,3.1]}},{"type":"Feature","geometry":{"type":"Point","coordinates":[18.481387,54.563407]},"properties":{"line":"G","mode":"bus","color":"#0059a9","colorDark":"#00294f","band":4,"off":[-5.1,5.1]}},{"type":"Feature","geometry":{"type":"Point","coordinates":[18.481387,54.563407]},"properties":{"line":"N40","mode":"bus","color":"#0059a9","colorDark":"#00294f","band":4,"off":[-1.7,5.1]}},{"type":"Feature","geometry":{"type":"Point","coordinates":[18.481387,54.563407]},"properties":{"line":"N65","mode":"bus","color":"#0059a9","colorDark":"#00294f","band":4,"off":[1.7,5.1]}},{"type":"Feature","geometry":{"type":"Point","coordinates":[18.481387,54.563407]},"properties":{"line":"N94","mode":"bus","color":"#0059a9","colorDark":"#00294f","band":4,"off":[5.1,5.1]}},{"type":"Feature","geometry":{"type":"Point","coordinates":[18.538951,54.577838]},"properties":{"name":"Babie Doły","band":4,"modes":"bus","arr":["109","196","209","309"],"off":[0,-0.8]}},{"type":"Feature","geometry":{"type":"Point","coordinates":[18.538951,54.577838]},"properties":{"line":"109","mode":"bus","color":"#0059a9","colorDark":"#00294f","band":4,"off":[-5.1,1.1]}},{"type":"Feature","geometry":{"type":"Point","coordinates":[18.538951,54.577838]},"properties":{"line":"196","mode":"bus","color":"#0059a9","colorDark":"#00294f","band":4,"off":[-1.7,1.1]}},{"type":"Feature","geometry":{"type":"Point","coordinates":[18.538951,54.577838]},"properties":{"line":"209","mode":"bus","color":"#0059a9","colorDark":"#00294f","band":4,"off":[1.7,1.1]}},{"type":"Feature","geometry":{"type":"Point","coordinates":[18.538951,54.577838]},"properties":{"line":"309","mode":"bus","color":"#0059a9","colorDark":"#00294f","band":4,"off":[5.1,1.1]}},{"type":"Feature","geometry":{"type":"Point","coordinates":[18.536983,54.491162]},"properties":{"name":"Redłowo SKM","band":4,"modes":"bus","arr":["109","209"],"off":[0,-0.8]}},{"type":"Feature","geometry":{"type":"Point","coordinates":[18.536983,54.491162]},"properties":{"line":"109","mode":"bus","color":"#0059a9","colorDark":"#00294f","band":4,"off":[-1.7,1.1]}},{"type":"Feature","geometry":{"type":"Point","coordinates":[18.536983,54.491162]},"properties":{"line":"209","mode":"bus","color":"#0059a9","colorDark":"#00294f","band":4,"off":[1.7,1.1]}},{"type":"Feature","geometry":{"type":"Point","coordinates":[18.547128,54.532798]},"properties":{"name":"Dworzec Morski - Muzeum Emigracji","band":4,"modes":"bus","arr":["119","133"],"off":[0,-0.8]}},{"type":"Feature","geometry":{"type":"Point","coordinates":[18.547128,54.532798]},"properties":{"line":"119","mode":"bus","color":"#0059a9","colorDark":"#00294f","band":4,"off":[-1.7,1.1]}},{"type":"Feature","geometry":{"type":"Point","coordinates":[18.547128,54.532798]},"properties":{"line":"133","mode":"bus","color":"#0059a9","colorDark":"#00294f","band":4,"off":[1.7,1.1]}},{"type":"Feature","geometry":{"type":"Point","coordinates":[18.438303,54.497609]},"properties":{"name":"Chwarzno Sokółka","band":4,"modes":"bus","arr":["121","N20"],"off":[0,-0.8]}},{"type":"Feature","geometry":{"type":"Point","coordinates":[18.438303,54.497609]},"properties":{"line":"121","mode":"bus","color":"#0059a9","colorDark":"#00294f","band":4,"off":[-1.7,1.1]}},{"type":"Feature","geometry":{"type":"Point","coordinates":[18.438303,54.497609]},"properties":{"line":"N20","mode":"bus","color":"#0059a9","colorDark":"#00294f","band":4,"off":[1.7,1.1]}},{"type":"Feature","geometry":{"type":"Point","coordinates":[18.50714,54.562762]},"properties":{"name":"Obłuże Maciejewicza","band":4,"modes":"bus","arr":["134","182","197","770","K"],"off":[0,-0.8]}},{"type":"Feature","geometry":{"type":"Point","coordinates":[18.50714,54.562762]},"properties":{"line":"134","mode":"bus","color":"#0059a9","colorDark":"#00294f","band":4,"off":[-6.8,1.1]}},{"type":"Feature","geometry":{"type":"Point","coordinates":[18.50714,54.562762]},"properties":{"line":"182","mode":"bus","color":"#0059a9","colorDark":"#00294f","band":4,"off":[-3.4,1.1]}},{"type":"Feature","geometry":{"type":"Point","coordinates":[18.50714,54.562762]},"properties":{"line":"197","mode":"bus","color":"#0059a9","colorDark":"#00294f","band":4,"off":[0,1.1]}},{"type":"Feature","geometry":{"type":"Point","coordinates":[18.50714,54.562762]},"properties":{"line":"770","mode":"bus","color":"#0059a9","colorDark":"#00294f","band":4,"off":[3.4,1.1]}},{"type":"Feature","geometry":{"type":"Point","coordinates":[18.50714,54.562762]},"properties":{"line":"K","mode":"bus","color":"#0059a9","colorDark":"#00294f","band":4,"off":[6.8,1.1]}},{"type":"Feature","geometry":{"type":"Point","coordinates":[18.451306,54.590404]},"properties":{"name":"Dębogórze - Słonecznikowa","band":4,"modes":"bus","arr":["135"],"off":[0,-0.8]}},{"type":"Feature","geometry":{"type":"Point","coordinates":[18.451306,54.590404]},"properties":{"line":"135","mode":"bus","color":"#0059a9","colorDark":"#00294f","band":4,"off":[0,1.1]}},{"type":"Feature","geometry":{"type":"Point","coordinates":[18.45115,54.450756]},"properties":{"name":"Kacze Buki Puszczyka","band":4,"modes":"bus","arr":["137"],"off":[0,-0.8]}},{"type":"Feature","geometry":{"type":"Point","coordinates":[18.45115,54.450756]},"properties":{"line":"137","mode":"bus","color":"#0059a9","colorDark":"#00294f","band":4,"off":[0,1.1]}},{"type":"Feature","geometry":{"type":"Point","coordinates":[18.437278,54.481815]},"properties":{"name":"Wiczlino Działki I","band":4,"modes":"bus","arr":["140","760"],"off":[0,-0.8]}},{"type":"Feature","geometry":{"type":"Point","coordinates":[18.437278,54.481815]},"properties":{"line":"140","mode":"bus","color":"#0059a9","colorDark":"#00294f","band":4,"off":[-1.7,1.1]}},{"type":"Feature","geometry":{"type":"Point","coordinates":[18.437278,54.481815]},"properties":{"line":"760","mode":"bus","color":"#0059a9","colorDark":"#00294f","band":4,"off":[1.7,1.1]}},{"type":"Feature","geometry":{"type":"Point","coordinates":[18.42763,54.488136]},"properties":{"name":"Filipkowskiego","band":4,"modes":"bus","arr":["140","147","760","940","K"],"off":[0,-0.8]}},{"type":"Feature","geometry":{"type":"Point","coordinates":[18.42763,54.488136]},"properties":{"line":"140","mode":"bus","color":"#0059a9","colorDark":"#00294f","band":4,"off":[-6.8,1.1]}},{"type":"Feature","geometry":{"type":"Point","coordinates":[18.42763,54.488136]},"properties":{"line":"147","mode":"bus","color":"#0059a9","colorDark":"#00294f","band":4,"off":[-3.4,1.1]}},{"type":"Feature","geometry":{"type":"Point","coordinates":[18.42763,54.488136]},"properties":{"line":"760","mode":"bus","color":"#0059a9","colorDark":"#00294f","band":4,"off":[0,1.1]}},{"type":"Feature","geometry":{"type":"Point","coordinates":[18.42763,54.488136]},"properties":{"line":"940","mode":"bus","color":"#0059a9","colorDark":"#00294f","band":4,"off":[3.4,1.1]}},{"type":"Feature","geometry":{"type":"Point","coordinates":[18.42763,54.488136]},"properties":{"line":"K","mode":"bus","color":"#0059a9","colorDark":"#00294f","band":4,"off":[6.8,1.1]}},{"type":"Feature","geometry":{"type":"Point","coordinates":[18.433824,54.499163]},"properties":{"name":"Chwarzno Polanki","band":4,"modes":"bus","arr":["140","160","760","K"],"off":[0,-0.8]}},{"type":"Feature","geometry":{"type":"Point","coordinates":[18.433824,54.499163]},"properties":{"line":"140","mode":"bus","color":"#0059a9","colorDark":"#00294f","band":4,"off":[-5.1,1.1]}},{"type":"Feature","geometry":{"type":"Point","coordinates":[18.433824,54.499163]},"properties":{"line":"160","mode":"bus","color":"#0059a9","colorDark":"#00294f","band":4,"off":[-1.7,1.1]}},{"type":"Feature","geometry":{"type":"Point","coordinates":[18.433824,54.499163]},"properties":{"line":"760","mode":"bus","color":"#0059a9","colorDark":"#00294f","band":4,"off":[1.7,1.1]}},{"type":"Feature","geometry":{"type":"Point","coordinates":[18.433824,54.499163]},"properties":{"line":"K","mode":"bus","color":"#0059a9","colorDark":"#00294f","band":4,"off":[5.1,1.1]}},{"type":"Feature","geometry":{"type":"Point","coordinates":[18.492534,54.498386]},"properties":{"name":"Witomino Sosnowa","band":4,"modes":"bus","arr":["141"],"off":[0,-0.8]}},{"type":"Feature","geometry":{"type":"Point","coordinates":[18.492534,54.498386]},"properties":{"line":"141","mode":"bus","color":"#0059a9","colorDark":"#00294f","band":4,"off":[0,1.1]}},{"type":"Feature","geometry":{"type":"Point","coordinates":[18.511392,54.631961]},"properties":{"name":"Rewa - Bursztynowa","band":4,"modes":"bus","arr":["146","165","365","M","N65"],"off":[0,-0.8]}},{"type":"Feature","geometry":{"type":"Point","coordinates":[18.511392,54.631961]},"properties":{"line":"146","mode":"bus","color":"#0059a9","colorDark":"#00294f","band":4,"off":[-6.8,1.1]}},{"type":"Feature","geometry":{"type":"Point","coordinates":[18.511392,54.631961]},"properties":{"line":"165","mode":"bus","color":"#0059a9","colorDark":"#00294f","band":4,"off":[-3.4,1.1]}},{"type":"Feature","geometry":{"type":"Point","coordinates":[18.511392,54.631961]},"properties":{"line":"365","mode":"bus","color":"#0059a9","colorDark":"#00294f","band":4,"off":[0,1.1]}},{"type":"Feature","geometry":{"type":"Point","coordinates":[18.511392,54.631961]},"properties":{"line":"M","mode":"bus","color":"#0059a9","colorDark":"#00294f","band":4,"off":[3.4,1.1]}},{"type":"Feature","geometry":{"type":"Point","coordinates":[18.511392,54.631961]},"properties":{"line":"N65","mode":"bus","color":"#0059a9","colorDark":"#00294f","band":4,"off":[6.8,1.1]}},{"type":"Feature","geometry":{"type":"Point","coordinates":[18.512622,54.491135]},"properties":{"name":"Witomino Leśniczówka","band":4,"modes":"bus","arr":["150","N20","N94"],"off":[0,-0.8]}},{"type":"Feature","geometry":{"type":"Point","coordinates":[18.512622,54.491135]},"properties":{"line":"150","mode":"bus","color":"#0059a9","colorDark":"#00294f","band":4,"off":[-3.4,1.1]}},{"type":"Feature","geometry":{"type":"Point","coordinates":[18.512622,54.491135]},"properties":{"line":"N20","mode":"bus","color":"#0059a9","colorDark":"#00294f","band":4,"off":[0,1.1]}},{"type":"Feature","geometry":{"type":"Point","coordinates":[18.512622,54.491135]},"properties":{"line":"N94","mode":"bus","color":"#0059a9","colorDark":"#00294f","band":4,"off":[3.4,1.1]}},{"type":"Feature","geometry":{"type":"Point","coordinates":[18.539354,54.550742]},"properties":{"name":"Oksywie Godebskiego","band":4,"modes":"bus","arr":["150"],"off":[0,-0.8]}},{"type":"Feature","geometry":{"type":"Point","coordinates":[18.539354,54.550742]},"properties":{"line":"150","mode":"bus","color":"#0059a9","colorDark":"#00294f","band":4,"off":[0,1.1]}},{"type":"Feature","geometry":{"type":"Point","coordinates":[18.528354,54.486695]},"properties":{"name":"Mały Kack Sandomierska","band":4,"modes":"bus","arr":["152","203","252"],"off":[0,-0.8]}},{"type":"Feature","geometry":{"type":"Point","coordinates":[18.528354,54.486695]},"properties":{"line":"152","mode":"bus","color":"#0059a9","colorDark":"#00294f","band":4,"off":[-3.4,1.1]}},{"type":"Feature","geometry":{"type":"Point","coordinates":[18.528354,54.486695]},"properties":{"line":"203","mode":"bus","color":"#0059a9","colorDark":"#00294f","band":4,"off":[0,1.1]}},{"type":"Feature","geometry":{"type":"Point","coordinates":[18.528354,54.486695]},"properties":{"line":"252","mode":"bus","color":"#0059a9","colorDark":"#00294f","band":4,"off":[3.4,1.1]}},{"type":"Feature","geometry":{"type":"Point","coordinates":[18.546348,54.557516]},"properties":{"name":"Oksywie Dickmana","band":4,"modes":"bus","arr":["152"],"off":[0,-0.8]}},{"type":"Feature","geometry":{"type":"Point","coordinates":[18.546348,54.557516]},"properties":{"line":"152","mode":"bus","color":"#0059a9","colorDark":"#00294f","band":4,"off":[0,1.1]}},{"type":"Feature","geometry":{"type":"Point","coordinates":[18.496477,54.464606]},"properties":{"name":"Wielki Kack Starodworcowa","band":4,"modes":"bus","arr":["153"],"off":[0,-0.8]}},{"type":"Feature","geometry":{"type":"Point","coordinates":[18.496477,54.464606]},"properties":{"line":"153","mode":"bus","color":"#0059a9","colorDark":"#00294f","band":4,"off":[0,1.1]}},{"type":"Feature","geometry":{"type":"Point","coordinates":[18.463642,54.54634]},"properties":{"name":"Chylonia Dworzec PKP - os. Meksyk","band":4,"modes":"bus","arr":["163","165","198"],"off":[0,-0.8]}},{"type":"Feature","geometry":{"type":"Point","coordinates":[18.463642,54.54634]},"properties":{"line":"163","mode":"bus","color":"#0059a9","colorDark":"#00294f","band":4,"off":[-3.4,1.1]}},{"type":"Feature","geometry":{"type":"Point","coordinates":[18.463642,54.54634]},"properties":{"line":"165","mode":"bus","color":"#0059a9","colorDark":"#00294f","band":4,"off":[0,1.1]}},{"type":"Feature","geometry":{"type":"Point","coordinates":[18.463642,54.54634]},"properties":{"line":"198","mode":"bus","color":"#0059a9","colorDark":"#00294f","band":4,"off":[3.4,1.1]}},{"type":"Feature","geometry":{"type":"Point","coordinates":[18.547883,54.458585]},"properties":{"name":"Kamienny Potok - Kujawska","band":4,"modes":"bus","arr":["185"],"off":[0,-0.8]}},{"type":"Feature","geometry":{"type":"Point","coordinates":[18.547883,54.458585]},"properties":{"line":"185","mode":"bus","color":"#0059a9","colorDark":"#00294f","band":4,"off":[0,1.1]}},{"type":"Feature","geometry":{"type":"Point","coordinates":[18.553004,54.457683]},"properties":{"name":"Kamienny Potok SKM","band":4,"modes":"bus","arr":["185","187","287"],"off":[0,-0.8]}},{"type":"Feature","geometry":{"type":"Point","coordinates":[18.553004,54.457683]},"properties":{"line":"185","mode":"bus","color":"#0059a9","colorDark":"#00294f","band":4,"off":[-3.4,1.1]}},{"type":"Feature","geometry":{"type":"Point","coordinates":[18.553004,54.457683]},"properties":{"line":"187","mode":"bus","color":"#0059a9","colorDark":"#00294f","band":4,"off":[0,1.1]}},{"type":"Feature","geometry":{"type":"Point","coordinates":[18.553004,54.457683]},"properties":{"line":"287","mode":"bus","color":"#0059a9","colorDark":"#00294f","band":4,"off":[3.4,1.1]}},{"type":"Feature","geometry":{"type":"Point","coordinates":[18.340093,54.488363]},"properties":{"name":"Koleczkowo Poczta","band":4,"modes":"bus","arr":["191"],"off":[0,-0.8]}},{"type":"Feature","geometry":{"type":"Point","coordinates":[18.340093,54.488363]},"properties":{"line":"191","mode":"bus","color":"#0059a9","colorDark":"#00294f","band":4,"off":[0,1.1]}},{"type":"Feature","geometry":{"type":"Point","coordinates":[18.21685,54.486945]},"properties":{"name":"Szemud Centrum Samorządowe","band":4,"modes":"bus","arr":["193"],"off":[0,-0.8]}},{"type":"Feature","geometry":{"type":"Point","coordinates":[18.21685,54.486945]},"properties":{"line":"193","mode":"bus","color":"#0059a9","colorDark":"#00294f","band":4,"off":[0,1.1]}},{"type":"Feature","geometry":{"type":"Point","coordinates":[18.546863,54.50498]},"properties":{"name":"Norwida","band":4,"modes":"bus","arr":["252"],"off":[0,-0.8]}},{"type":"Feature","geometry":{"type":"Point","coordinates":[18.546863,54.50498]},"properties":{"line":"252","mode":"bus","color":"#0059a9","colorDark":"#00294f","band":4,"off":[0,1.1]}},{"type":"Feature","geometry":{"type":"Point","coordinates":[18.545161,54.456952]},"properties":{"name":"Kamienny Potok - Kościół","band":4,"modes":"bus","arr":["287"],"off":[0,-0.8]}},{"type":"Feature","geometry":{"type":"Point","coordinates":[18.545161,54.456952]},"properties":{"line":"287","mode":"bus","color":"#0059a9","colorDark":"#00294f","band":4,"off":[0,1.1]}},{"type":"Feature","geometry":{"type":"Point","coordinates":[18.494031,54.534221]},"properties":{"name":"Grabówek SKM","band":4,"modes":"bus","arr":["309","326","740"],"off":[0,-0.8]}},{"type":"Feature","geometry":{"type":"Point","coordinates":[18.494031,54.534221]},"properties":{"line":"309","mode":"bus","color":"#0059a9","colorDark":"#00294f","band":4,"off":[-3.4,1.1]}},{"type":"Feature","geometry":{"type":"Point","coordinates":[18.494031,54.534221]},"properties":{"line":"326","mode":"bus","color":"#149a3f","colorDark":"#0a5121","band":4,"off":[0,1.1]}},{"type":"Feature","geometry":{"type":"Point","coordinates":[18.494031,54.534221]},"properties":{"line":"740","mode":"bus","color":"#0059a9","colorDark":"#00294f","band":4,"off":[3.4,1.1]}},{"type":"Feature","geometry":{"type":"Point","coordinates":[18.537646,54.585813]},"properties":{"name":"Babie Doły Plaża","band":4,"modes":"bus","arr":["309"],"off":[0,-0.8]}},{"type":"Feature","geometry":{"type":"Point","coordinates":[18.537646,54.585813]},"properties":{"line":"309","mode":"bus","color":"#0059a9","colorDark":"#00294f","band":4,"off":[0,1.1]}},{"type":"Feature","geometry":{"type":"Point","coordinates":[18.476277,54.559153]},"properties":{"name":"Baza na Pogórzu Dolnym","band":4,"modes":"bus","arr":["770"],"off":[0,-0.8]}},{"type":"Feature","geometry":{"type":"Point","coordinates":[18.476277,54.559153]},"properties":{"line":"770","mode":"bus","color":"#0059a9","colorDark":"#00294f","band":4,"off":[0,1.1]}},{"type":"Feature","geometry":{"type":"Point","coordinates":[18.415671,54.500442]},"properties":{"name":"Fregatowa","band":4,"modes":"bus","arr":["940"],"off":[0,-0.8]}},{"type":"Feature","geometry":{"type":"Point","coordinates":[18.415671,54.500442]},"properties":{"line":"940","mode":"bus","color":"#0059a9","colorDark":"#00294f","band":4,"off":[0,1.1]}},{"type":"Feature","geometry":{"type":"Point","coordinates":[18.245237,54.615058]},"properties":{"name":"Wejherowo Szpital","band":4,"modes":"bus","arr":["J"],"off":[0,-0.8]}},{"type":"Feature","geometry":{"type":"Point","coordinates":[18.245237,54.615058]},"properties":{"line":"J","mode":"bus","color":"#0059a9","colorDark":"#00294f","band":4,"off":[0,1.1]}},{"type":"Feature","geometry":{"type":"Point","coordinates":[18.463986,54.573205]},"properties":{"name":"Suchy Dwór - Borchardta","band":4,"modes":"bus","arr":["N94"],"off":[0,-0.8]}},{"type":"Feature","geometry":{"type":"Point","coordinates":[18.463986,54.573205]},"properties":{"line":"N94","mode":"bus","color":"#0059a9","colorDark":"#00294f","band":4,"off":[0,1.1]}},{"type":"Feature","geometry":{"type":"Point","coordinates":[18.355079,54.341527]},"properties":{"name":"Żukowo Urząd Gminy","band":4,"modes":"bus","arr":["Z"],"off":[0,-0.8]}},{"type":"Feature","geometry":{"type":"Point","coordinates":[18.355079,54.341527]},"properties":{"line":"Z","mode":"bus","color":"#0059a9","colorDark":"#00294f","band":4,"off":[0,1.1]}},{"type":"Feature","geometry":{"type":"Point","coordinates":[18.569905,54.327928]},"properties":{"name":"Lawendowe Wzgórze","band":4,"modes":"tram","arr":["2","11"],"off":[0,-0.8]}},{"type":"Feature","geometry":{"type":"Point","coordinates":[18.569905,54.327928]},"properties":{"line":"2","mode":"tram","color":"#d6212b","colorDark":"#7c1116","band":4,"off":[-1.7,1.1]}},{"type":"Feature","geometry":{"type":"Point","coordinates":[18.569905,54.327928]},"properties":{"line":"11","mode":"tram","color":"#d6212b","colorDark":"#7c1116","band":4,"off":[1.7,1.1]}},{"type":"Feature","geometry":{"type":"Point","coordinates":[18.592646,54.42328]},"properties":{"name":"Jelitkowo","band":4,"modes":"tram","arr":["2"],"off":[0,-0.8]}},{"type":"Feature","geometry":{"type":"Point","coordinates":[18.592646,54.42328]},"properties":{"line":"2","mode":"tram","color":"#d6212b","colorDark":"#7c1116","band":4,"off":[0,1.1]}},{"type":"Feature","geometry":{"type":"Point","coordinates":[18.638073,54.407341]},"properties":{"name":"Brzeźno Dom Zdrojowy","band":4,"modes":"tram","arr":["3","63"],"off":[0,-0.8]}},{"type":"Feature","geometry":{"type":"Point","coordinates":[18.638073,54.407341]},"properties":{"line":"3","mode":"tram","color":"#d6212b","colorDark":"#7c1116","band":4,"off":[-1.7,1.1]}},{"type":"Feature","geometry":{"type":"Point","coordinates":[18.638073,54.407341]},"properties":{"line":"63","mode":"tram","color":"#d6212b","colorDark":"#7c1116","band":4,"off":[1.7,1.1]}},{"type":"Feature","geometry":{"type":"Point","coordinates":[18.606673,54.323113]},"properties":{"name":"Łostowice Świętokrzyska","band":4,"modes":"tram","arr":["3","6"],"off":[0,-0.8]}},{"type":"Feature","geometry":{"type":"Point","coordinates":[18.606673,54.323113]},"properties":{"line":"3","mode":"tram","color":"#d6212b","colorDark":"#7c1116","band":4,"off":[-1.7,1.1]}},{"type":"Feature","geometry":{"type":"Point","coordinates":[18.606673,54.323113]},"properties":{"line":"6","mode":"tram","color":"#d6212b","colorDark":"#7c1116","band":4,"off":[1.7,1.1]}},{"type":"Feature","geometry":{"type":"Point","coordinates":[18.674326,54.401609]},"properties":{"name":"Nowy Port Oliwska","band":4,"modes":"tram","arr":["5","60"],"off":[0,-0.8]}},{"type":"Feature","geometry":{"type":"Point","coordinates":[18.674326,54.401609]},"properties":{"line":"5","mode":"tram","color":"#d6212b","colorDark":"#7c1116","band":4,"off":[-1.7,1.1]}},{"type":"Feature","geometry":{"type":"Point","coordinates":[18.674326,54.401609]},"properties":{"line":"60","mode":"tram","color":"#d6212b","colorDark":"#7c1116","band":4,"off":[1.7,1.1]}},{"type":"Feature","geometry":{"type":"Point","coordinates":[18.645322,54.354277]},"properties":{"name":"Dworzec Główny","band":4,"modes":"tram","arr":["8","9"],"off":[0,-0.8]}},{"type":"Feature","geometry":{"type":"Point","coordinates":[18.645322,54.354277]},"properties":{"line":"8","mode":"tram","color":"#d6212b","colorDark":"#7c1116","band":4,"off":[-1.7,1.1]}},{"type":"Feature","geometry":{"type":"Point","coordinates":[18.645322,54.354277]},"properties":{"line":"9","mode":"tram","color":"#d6212b","colorDark":"#7c1116","band":4,"off":[1.7,1.1]}},{"type":"Feature","geometry":{"type":"Point","coordinates":[18.579232,54.390061]},"properties":{"name":"Zajezdnia WRZESZCZ T2","band":4,"modes":"tram","arr":["9","11"],"off":[0,-0.8]}},{"type":"Feature","geometry":{"type":"Point","coordinates":[18.579232,54.390061]},"properties":{"line":"9","mode":"tram","color":"#d6212b","colorDark":"#7c1116","band":4,"off":[-1.7,1.1]}},{"type":"Feature","geometry":{"type":"Point","coordinates":[18.579232,54.390061]},"properties":{"line":"11","mode":"tram","color":"#d6212b","colorDark":"#7c1116","band":4,"off":[1.7,1.1]}},{"type":"Feature","geometry":{"type":"Point","coordinates":[18.673663,54.397109]},"properties":{"name":"Zajezdnia NOWY PORT T2","band":4,"modes":"tram","arr":["10"],"off":[0,-0.8]}},{"type":"Feature","geometry":{"type":"Point","coordinates":[18.673663,54.397109]},"properties":{"line":"10","mode":"tram","color":"#d6212b","colorDark":"#7c1116","band":4,"off":[0,1.1]}},{"type":"Feature","geometry":{"type":"Point","coordinates":[18.574168,54.366014]},"properties":{"name":"Brętowo PKM","band":4,"modes":"tram","arr":["10"],"off":[0,-0.8]}},{"type":"Feature","geometry":{"type":"Point","coordinates":[18.574168,54.366014]},"properties":{"line":"10","mode":"tram","color":"#d6212b","colorDark":"#7c1116","band":4,"off":[0,1.1]}},{"type":"Feature","geometry":{"type":"Point","coordinates":[18.574482,54.331196]},"properties":{"name":"Ujeścisko","band":4,"modes":"tram","arr":["12","63"],"off":[0,-0.8]}},{"type":"Feature","geometry":{"type":"Point","coordinates":[18.574482,54.331196]},"properties":{"line":"12","mode":"tram","color":"#d6212b","colorDark":"#7c1116","band":4,"off":[-1.7,1.1]}},{"type":"Feature","geometry":{"type":"Point","coordinates":[18.574482,54.331196]},"properties":{"line":"63","mode":"tram","color":"#d6212b","colorDark":"#7c1116","band":4,"off":[1.7,1.1]}},{"type":"Feature","geometry":{"type":"Point","coordinates":[18.594857,54.399259]},"properties":{"name":"Zaspa","band":4,"modes":"tram","arr":["12"],"off":[0,-0.8]}},{"type":"Feature","geometry":{"type":"Point","coordinates":[18.594857,54.399259]},"properties":{"line":"12","mode":"tram","color":"#d6212b","colorDark":"#7c1116","band":4,"off":[0,1.1]}}]}