{"type":"FeatureCollection","features":[{"type":"Feature","geometry":{"type":"Point","coordinates":[18.644124,54.353033]},"properties":{"lines":"100, 106, 108, 111, 112, 123, 130, 132, 138, 154, 166, 167 +25","color":"#0059a9","mode":"bus","arr":["100","106","108","111","112","123","130","132","138","154","166","167","178","184","186","189","199","208","210","212","267","289","600","606","M32","N14","N16","N3","N4","N5","N56","N6","N78","N8","N89","N9","T8"],"angle":-69.3}},{"type":"Feature","geometry":{"type":"Point","coordinates":[18.644724,54.351789]},"properties":{"lines":"100, 106, 108, 111, 112, 123, 132, 138, 154, 166, 178, 186 +16","color":"#0059a9","mode":"bus","arr":["100","106","108","111","112","123","132","138","154","166","178","186","189","208","212","289","600","606","M32","N14","N4","N5","N56","N78","N8","N89","N9","T8"],"angle":-0.2}},{"type":"Feature","geometry":{"type":"Point","coordinates":[18.647348,54.351862]},"properties":{"lines":"100","color":"#0059a9","mode":"bus","arr":["100"],"angle":-9.3}},{"type":"Feature","geometry":{"type":"Point","coordinates":[18.655326,54.353634]},"properties":{"lines":"100","color":"#0059a9","mode":"bus","arr":["100"],"angle":-9.9}},{"type":"Feature","geometry":{"type":"Point","coordinates":[18.652129,54.350566]},"properties":{"lines":"100","color":"#0059a9","mode":"bus","arr":["100"],"angle":11.8,"extra":1}},{"type":"Feature","geometry":{"type":"Point","coordinates":[18.661918,54.355516]},"properties":{"lines":"100","color":"#0059a9","mode":"bus","arr":["100"],"angle":66.7,"extra":1}},{"type":"Feature","geometry":{"type":"Point","coordinates":[18.657999,54.3578]},"properties":{"lines":"100, 106, 130, 208, 600","color":"#0059a9","mode":"bus","arr":["100","106","130","208","600"],"angle":20.7}},{"type":"Feature","geometry":{"type":"Point","coordinates":[18.651355,54.358446]},"properties":{"lines":"100, 130, 208","color":"#0059a9","mode":"bus","arr":["100","130","208"],"angle":0.9}},{"type":"Feature","geometry":{"type":"Point","coordinates":[18.659892,54.357447]},"properties":{"lines":"106, 130, 208, 600","color":"#0059a9","mode":"bus","arr":["106","130","208","600"],"angle":28.4}},{"type":"Feature","geometry":{"type":"Point","coordinates":[18.653446,54.361321]},"properties":{"lines":"106, 130, 600","color":"#0059a9","mode":"bus","arr":["106","130","600"],"angle":34.9}},{"type":"Feature","geometry":{"type":"Point","coordinates":[18.645852,54.363343]},"properties":{"lines":"106","color":"#0059a9","mode":"bus","arr":["106"],"angle":-25.7}},{"type":"Feature","geometry":{"type":"Point","coordinates":[18.645995,54.350769]},"properties":{"lines":"106, 108, 111, 112, 123, 132, 138, 154, 166, 178, 186, 189 +15","color":"#0059a9","mode":"bus","arr":["106","108","111","112","123","132","138","154","166","178","186","189","208","212","289","606","M32","N1","N14","N4","N5","N56","N78","N8","N89","N9","T8"],"angle":-79.5}},{"type":"Feature","geometry":{"type":"Point","coordinates":[18.645066,54.347977]},"properties":{"lines":"106, 108, 111, 123, 132, 154, 189, 208, 289, M32, N1, N4 +4","color":"#0059a9","mode":"bus","arr":["106","108","111","123","132","154","189","208","289","M32","N1","N4","N5","N56","N78","N89"],"angle":-86.8}},{"type":"Feature","geometry":{"type":"Point","coordinates":[18.645293,54.345682]},"properties":{"lines":"106, 108, 111, 123, 132, 154, 183, 189, 208, 289, M32, N1 +5","color":"#0059a9","mode":"bus","arr":["106","108","111","123","132","154","183","189","208","289","M32","N1","N4","N5","N56","N78","N89"],"angle":-86.6}},{"type":"Feature","geometry":{"type":"Point","coordinates":[18.646523,54.345075]},"properties":{"lines":"106, 111, 123, 183, N78, N9","color":"#0059a9","mode":"bus","arr":["106","111","123","183","N78","N9"],"angle":12.8}},{"type":"Feature","geometry":{"type":"Point","coordinates":[18.651499,54.343334]},"properties":{"lines":"106, 111, N78, N9","color":"#0059a9","mode":"bus","arr":["106","111","N78","N9"],"angle":42.6}},{"type":"Feature","geometry":{"type":"Point","coordinates":[18.666203,54.348136]},"properties":{"lines":"106, 111, N78, N9","color":"#0059a9","mode":"bus","arr":["106","111","N78","N9"],"angle":-15.9}},{"type":"Feature","geometry":{"type":"Point","coordinates":[18.663256,54.344449]},"properties":{"lines":"106, 111, 138, N78, N9","color":"#0059a9","mode":"bus","arr":["106","111","138","N78","N9"],"angle":-73.3}},{"type":"Feature","geometry":{"type":"Point","coordinates":[18.657956,54.340605]},"properties":{"lines":"106, 111, 138, N78, N9","color":"#0059a9","mode":"bus","arr":["106","111","138","N78","N9"],"angle":-38.9,"extra":1}},{"type":"Feature","geometry":{"type":"Point","coordinates":[18.665651,54.347906]},"properties":{"lines":"106, 111, 138, N78, N9","color":"#0059a9","mode":"bus","arr":["106","111","138","N78","N9"],"angle":-14.9,"extra":1}},{"type":"Feature","geometry":{"type":"Point","coordinates":[18.672919,54.348948]},"properties":{"lines":"106, 111, 112, 138, 166, 178, 186, 212, 606, 612, N78, N8, N9","color":"#0059a9","mode":"bus","arr":["106","111","112","138","166","178","186","212","606","612","N78","N8","N9"],"angle":-12.4}},{"type":"Feature","geometry":{"type":"Point","coordinates":[18.679348,54.349251]},"properties":{"lines":"106, 111, 112, 138, 166, 178, 186, 212, 606, 612, N78, N8, N9, T8","color":"#0059a9","mode":"bus","arr":["106","111","112","138","166","178","186","212","606","612","N78","N8","N9","T8"],"angle":4.5}},{"type":"Feature","geometry":{"type":"Point","coordinates":[18.691369,54.348914]},"properties":{"lines":"106, 111, 112, 138, 166, 186, 212, 606, 612, N8, N9, T8","color":"#0059a9","mode":"bus","arr":["106","111","112","138","166","186","212","606","612","N8","N9","T8"],"angle":-10.3}},{"type":"Feature","geometry":{"type":"Point","coordinates":[18.696071,54.353219]},"properties":{"lines":"106, 111, 138, 606, N8, T8","color":"#0059a9","mode":"bus","arr":["106","111","138","606","N8","T8"],"angle":70.5}},{"type":"Feature","geometry":{"type":"Point","coordinates":[18.6984,54.350157]},"properties":{"lines":"106, 111, 138, 606, N8, T8","color":"#0059a9","mode":"bus","arr":["106","111","138","606","N8","T8"],"angle":73.5,"extra":1}},{"type":"Feature","geometry":{"type":"Point","coordinates":[18.69332,54.357582]},"properties":{"lines":"106, 111, 138, 606, N8, T8","color":"#0059a9","mode":"bus","arr":["106","111","138","606","N8","T8"],"angle":70.7,"extra":1}},{"type":"Feature","geometry":{"type":"Point","coordinates":[18.692617,54.35954]},"properties":{"lines":"106, 111, 138, N8, T8","color":"#0059a9","mode":"bus","arr":["106","111","138","N8","T8"],"angle":78.3}},{"type":"Feature","geometry":{"type":"Point","coordinates":[18.691789,54.360204]},"properties":{"lines":"106, 111, 138, 911, N8, T8","color":"#0059a9","mode":"bus","arr":["106","111","138","911","N8","T8"],"angle":-25.8}},{"type":"Feature","geometry":{"type":"Point","coordinates":[18.690655,54.359872]},"properties":{"lines":"106, 111, 138, 158, 258, 911, N8, T8","color":"#0059a9","mode":"bus","arr":["106","111","138","158","258","911","N8","T8"],"angle":-26.5}},{"type":"Feature","geometry":{"type":"Point","coordinates":[18.685229,54.357198]},"properties":{"lines":"106, 111, 138, 911, N8","color":"#0059a9","mode":"bus","arr":["106","111","138","911","N8"],"angle":-14.4}},{"type":"Feature","geometry":{"type":"Point","coordinates":[18.689993,54.359495]},"properties":{"lines":"106, 111, 138, 911, N8","color":"#0059a9","mode":"bus","arr":["106","111","138","911","N8"],"angle":-18,"extra":1}},{"type":"Feature","geometry":{"type":"Point","coordinates":[18.679367,54.356262]},"properties":{"lines":"106, 111, 911, N8","color":"#0059a9","mode":"bus","arr":["106","111","911","N8"],"angle":49}},{"type":"Feature","geometry":{"type":"Point","coordinates":[18.691976,54.359921]},"properties":{"lines":"106, 158, 258, 911, N8, T8","color":"#0059a9","mode":"bus","arr":["106","158","258","911","N8","T8"],"angle":-26.2}},{"type":"Feature","geometry":{"type":"Point","coordinates":[18.683886,54.371143]},"properties":{"lines":"106, 158, 258","color":"#0059a9","mode":"bus","arr":["106","158","258"],"angle":67.3}},{"type":"Feature","geometry":{"type":"Point","coordinates":[18.687226,54.372065]},"properties":{"lines":"106, 158, 258","color":"#0059a9","mode":"bus","arr":["106","158","258"],"angle":72.8}},{"type":"Feature","geometry":{"type":"Point","coordinates":[18.691877,54.366365]},"properties":{"lines":"106, 158, 258","color":"#0059a9","mode":"bus","arr":["106","158","258"],"angle":-4.4,"extra":1}},{"type":"Feature","geometry":{"type":"Point","coordinates":[18.688864,54.368979]},"properties":{"lines":"106, 158, 258","color":"#0059a9","mode":"bus","arr":["106","158","258"],"angle":72.6,"extra":1}},{"type":"Feature","geometry":{"type":"Point","coordinates":[18.694128,54.376273]},"properties":{"lines":"106, 158, 258","color":"#0059a9","mode":"bus","arr":["106","158","258"],"angle":-42.5,"extra":1}},{"type":"Feature","geometry":{"type":"Point","coordinates":[18.688389,54.364858]},"properties":{"lines":"106, 158, 258, 606","color":"#0059a9","mode":"bus","arr":["106","158","258","606"],"angle":67.3}},{"type":"Feature","geometry":{"type":"Point","coordinates":[18.683935,54.378431]},"properties":{"lines":"106, 138, 158, 258","color":"#0059a9","mode":"bus","arr":["106","138","158","258"],"angle":-56.5}},{"type":"Feature","geometry":{"type":"Point","coordinates":[18.68205,54.374679]},"properties":{"lines":"106, 138, 158, 258","color":"#0059a9","mode":"bus","arr":["106","138","158","258"],"angle":-8.7}},{"type":"Feature","geometry":{"type":"Point","coordinates":[18.681031,54.376361]},"properties":{"lines":"106, 138, 158, 258, 606","color":"#0059a9","mode":"bus","arr":["106","138","158","258","606"],"angle":48.5}},{"type":"Feature","geometry":{"type":"Point","coordinates":[18.682776,54.383197]},"properties":{"lines":"106, 600, 606","color":"#0059a9","mode":"bus","arr":["106","600","606"],"angle":-67.6}},{"type":"Feature","geometry":{"type":"Point","coordinates":[18.688375,54.395407]},"properties":{"lines":"106, 138, 600, 606","color":"#0059a9","mode":"bus","arr":["106","138","600","606"],"angle":-85.6}},{"type":"Feature","geometry":{"type":"Point","coordinates":[18.68752,54.39003]},"properties":{"lines":"106, 138, 600, 606","color":"#0059a9","mode":"bus","arr":["106","138","600","606"],"angle":-74.5,"extra":1}},{"type":"Feature","geometry":{"type":"Point","coordinates":[18.685763,54.399423]},"properties":{"lines":"106, 138, 600, 606","color":"#0059a9","mode":"bus","arr":["106","138","600","606"],"angle":54,"extra":1}},{"type":"Feature","geometry":{"type":"Point","coordinates":[18.682051,54.373694]},"properties":{"lines":"106, 158","color":"#0059a9","mode":"bus","arr":["106","158"],"angle":67.1}},{"type":"Feature","geometry":{"type":"Point","coordinates":[18.671906,54.349004]},"properties":{"lines":"106, 111, 112, 138, 166, 178, 186, 212, 612, N78, N8, N9","color":"#0059a9","mode":"bus","arr":["106","111","112","138","166","178","186","212","612","N78","N8","N9"],"angle":-12.1}},{"type":"Feature","geometry":{"type":"Point","coordinates":[18.645369,54.347226]},"properties":{"lines":"106, 108, 111, 123, 132, 154, 183, 189, 208, 289, M32, N1 +6","color":"#0059a9","mode":"bus","arr":["106","108","111","123","132","154","183","189","208","289","M32","N1","N4","N5","N56","N78","N89","N9"],"angle":-86.5}},{"type":"Feature","geometry":{"type":"Point","coordinates":[18.646305,54.350528]},"properties":{"lines":"106, 108, 111, 112, 123, 130, 132, 138, 154, 166, 167, 178 +25","color":"#0059a9","mode":"bus","arr":["106","108","111","112","123","130","132","138","154","166","167","178","183","184","186","189","199","208","210","212","267","289","606","M32","N1","N14","N16","N3","N4","N5","N56","N6","N78","N8","N89","N9","T8"],"angle":-77.7}},{"type":"Feature","geometry":{"type":"Point","coordinates":[18.645435,54.354031]},"properties":{"lines":"106, 108, 111, 112, 123, 130, 132, 138, 154, 166, 167, 178 +26","color":"#0059a9","mode":"bus","arr":["106","108","111","112","123","130","132","138","154","166","167","178","183","184","186","189","199","208","210","212","267","289","600","606","M32","N1","N14","N16","N3","N4","N5","N56","N6","N78","N8","N89","N9","T8"],"angle":-82.8}},{"type":"Feature","geometry":{"type":"Point","coordinates":[18.646261,54.357036]},"properties":{"lines":"106, 108, 111, 112, 123, 130, 132, 138, 154, 167, 178, 183 +22","color":"#0059a9","mode":"bus","arr":["106","108","111","112","123","130","132","138","154","167","178","183","184","186","189","199","208","210","212","267","289","600","606","M32","N1","N14","N16","N3","N4","N5","N6","N8","N89","T8"],"angle":-75.4}},{"type":"Feature","geometry":{"type":"Point","coordinates":[18.649002,54.25355]},"properties":{"lines":"107, 507","color":"#0059a9","mode":"bus","arr":["107","507"],"angle":-84.7}},{"type":"Feature","geometry":{"type":"Point","coordinates":[18.648421,54.256401]},"properties":{"lines":"107, 507","color":"#0059a9","mode":"bus","arr":["107","507"],"angle":79.4,"extra":1}},{"type":"Feature","geometry":{"type":"Point","coordinates":[18.653488,54.256332]},"properties":{"lines":"107, 507, 607","color":"#0059a9","mode":"bus","arr":["107","507","607"],"angle":13.9}},{"type":"Feature","geometry":{"type":"Point","coordinates":[18.673384,54.25872]},"properties":{"lines":"107, 507, 607","color":"#0059a9","mode":"bus","arr":["107","507","607"],"angle":-78.8}},{"type":"Feature","geometry":{"type":"Point","coordinates":[18.660432,54.265509]},"properties":{"lines":"107, 507, 607","color":"#0059a9","mode":"bus","arr":["107","507","607"],"angle":12}},{"type":"Feature","geometry":{"type":"Point","coordinates":[18.666816,54.255021]},"properties":{"lines":"107","color":"#0059a9","mode":"bus","arr":["107"],"angle":9.6}},{"type":"Feature","geometry":{"type":"Point","coordinates":[18.671544,54.254571]},"properties":{"lines":"107","color":"#0059a9","mode":"bus","arr":["107"],"angle":8.8,"extra":1}},{"type":"Feature","geometry":{"type":"Point","coordinates":[18.645848,54.266619]},"properties":{"lines":"107","color":"#0059a9","mode":"bus","arr":["107"],"angle":84.7}},{"type":"Feature","geometry":{"type":"Point","coordinates":[18.643884,54.269642]},"properties":{"lines":"107","color":"#0059a9","mode":"bus","arr":["107"],"angle":10,"extra":1}},{"type":"Feature","geometry":{"type":"Point","coordinates":[18.645604,54.252138]},"properties":{"lines":"107","color":"#0059a9","mode":"bus","arr":["107"],"angle":-89.7}},{"type":"Feature","geometry":{"type":"Point","coordinates":[18.645504,54.255465]},"properties":{"lines":"107","color":"#0059a9","mode":"bus","arr":["107"],"angle":88.9,"extra":1}},{"type":"Feature","geometry":{"type":"Point","coordinates":[18.62782,54.266885]},"properties":{"lines":"107","color":"#0059a9","mode":"bus","arr":["107"],"angle":-58.8}},{"type":"Feature","geometry":{"type":"Point","coordinates":[18.674758,54.262581]},"properties":{"lines":"107, 607","color":"#0059a9","mode":"bus","arr":["107","607"],"angle":-80.2}},{"type":"Feature","geometry":{"type":"Point","coordinates":[18.670957,54.2643]},"properties":{"lines":"107, 607","color":"#0059a9","mode":"bus","arr":["107","607"],"angle":10.7}},{"type":"Feature","geometry":{"type":"Point","coordinates":[18.670212,54.2667]},"properties":{"lines":"107, 607","color":"#0059a9","mode":"bus","arr":["107","607"],"angle":-39.6}},{"type":"Feature","geometry":{"type":"Point","coordinates":[18.626937,54.268369]},"properties":{"lines":"107, 607","color":"#0059a9","mode":"bus","arr":["107","607"],"angle":33.3}},{"type":"Feature","geometry":{"type":"Point","coordinates":[18.7149,54.290944]},"properties":{"lines":"607","color":"#0059a9","mode":"bus","arr":["607"],"angle":-63.3}},{"type":"Feature","geometry":{"type":"Point","coordinates":[18.658535,54.26266]},"properties":{"lines":"607","color":"#0059a9","mode":"bus","arr":["607"],"angle":-20.2,"extra":1}},{"type":"Feature","geometry":{"type":"Point","coordinates":[18.677495,54.270298]},"properties":{"lines":"607","color":"#0059a9","mode":"bus","arr":["607"],"angle":-33.6,"extra":1}},{"type":"Feature","geometry":{"type":"Point","coordinates":[18.684659,54.272938]},"properties":{"lines":"607","color":"#0059a9","mode":"bus","arr":["607"],"angle":-42,"extra":1}},{"type":"Feature","geometry":{"type":"Point","coordinates":[18.692417,54.274567]},"properties":{"lines":"607","color":"#0059a9","mode":"bus","arr":["607"],"angle":-37.9,"extra":1}},{"type":"Feature","geometry":{"type":"Point","coordinates":[18.696479,54.278847]},"properties":{"lines":"607","color":"#0059a9","mode":"bus","arr":["607"],"angle":-52.8,"extra":1}},{"type":"Feature","geometry":{"type":"Point","coordinates":[18.702357,54.282394]},"properties":{"lines":"607","color":"#0059a9","mode":"bus","arr":["607"],"angle":-46.3,"extra":1}},{"type":"Feature","geometry":{"type":"Point","coordinates":[18.706545,54.286609]},"properties":{"lines":"607","color":"#0059a9","mode":"bus","arr":["607"],"angle":-58.5,"extra":1}},{"type":"Feature","geometry":{"type":"Point","coordinates":[18.717796,54.29371]},"properties":{"lines":"607","color":"#0059a9","mode":"bus","arr":["607"],"angle":-28.1,"extra":1}},{"type":"Feature","geometry":{"type":"Point","coordinates":[18.721382,54.29758]},"properties":{"lines":"607","color":"#0059a9","mode":"bus","arr":["607"],"angle":-66.9,"extra":1}},{"type":"Feature","geometry":{"type":"Point","coordinates":[18.724192,54.302243]},"properties":{"lines":"607","color":"#0059a9","mode":"bus","arr":["607"],"angle":-65.7,"extra":1}},{"type":"Feature","geometry":{"type":"Point","coordinates":[18.72903,54.306287]},"properties":{"lines":"607","color":"#0059a9","mode":"bus","arr":["607"],"angle":-56.1,"extra":1}},{"type":"Feature","geometry":{"type":"Point","coordinates":[18.733797,54.310368]},"properties":{"lines":"607","color":"#0059a9","mode":"bus","arr":["607"],"angle":-52,"extra":1}},{"type":"Feature","geometry":{"type":"Point","coordinates":[18.739938,54.313383]},"properties":{"lines":"607","color":"#0059a9","mode":"bus","arr":["607"],"angle":-5.7,"extra":1}},{"type":"Feature","geometry":{"type":"Point","coordinates":[18.748067,54.314673]},"properties":{"lines":"607","color":"#0059a9","mode":"bus","arr":["607"],"angle":-26.7,"extra":1}},{"type":"Feature","geometry":{"type":"Point","coordinates":[18.747222,54.320517]},"properties":{"lines":"607","color":"#0059a9","mode":"bus","arr":["607"],"angle":80.8}},{"type":"Feature","geometry":{"type":"Point","coordinates":[18.644508,54.269482]},"properties":{"lines":"107, 607, N5","color":"#0059a9","mode":"bus","arr":["107","607","N5"],"angle":9.9}},{"type":"Feature","geometry":{"type":"Point","coordinates":[18.648867,54.269329]},"properties":{"lines":"107, 607, N5","color":"#0059a9","mode":"bus","arr":["107","607","N5"],"angle":-48.2}},{"type":"Feature","geometry":{"type":"Point","coordinates":[18.646207,54.259106]},"properties":{"lines":"107, 307, M32","color":"#0059a9","mode":"bus","arr":["107","307","M32"],"angle":88.8}},{"type":"Feature","geometry":{"type":"Point","coordinates":[18.635247,54.25058]},"properties":{"lines":"107, 132","color":"#0059a9","mode":"bus","arr":["107","132"],"angle":1.8}},{"type":"Feature","geometry":{"type":"Point","coordinates":[18.633002,54.252508]},"properties":{"lines":"107, 132, 307","color":"#0059a9","mode":"bus","arr":["107","132","307"],"angle":89.1}},{"type":"Feature","geometry":{"type":"Point","coordinates":[18.632726,54.256099]},"properties":{"lines":"107, 132, 307, 607","color":"#0059a9","mode":"bus","arr":["107","132","307","607"],"angle":-75.4}},{"type":"Feature","geometry":{"type":"Point","coordinates":[18.629072,54.258679]},"properties":{"lines":"107, 132, 607","color":"#0059a9","mode":"bus","arr":["107","132","607"],"angle":9.4}},{"type":"Feature","geometry":{"type":"Point","coordinates":[18.62572,54.262808]},"properties":{"lines":"107, 132, 607","color":"#0059a9","mode":"bus","arr":["107","132","607"],"angle":-77.9}},{"type":"Feature","geometry":{"type":"Point","coordinates":[18.625304,54.267507]},"properties":{"lines":"107, 132, 607, N5","color":"#0059a9","mode":"bus","arr":["107","132","607","N5"],"angle":41.9}},{"type":"Feature","geometry":{"type":"Point","coordinates":[18.631502,54.265105]},"properties":{"lines":"107, 132, N5","color":"#0059a9","mode":"bus","arr":["107","132","N5"],"angle":16}},{"type":"Feature","geometry":{"type":"Point","coordinates":[18.635443,54.263618]},"properties":{"lines":"107, N5","color":"#0059a9","mode":"bus","arr":["107","N5"],"angle":-78.4}},{"type":"Feature","geometry":{"type":"Point","coordinates":[18.635583,54.262259]},"properties":{"lines":"107, 307, N5","color":"#0059a9","mode":"bus","arr":["107","307","N5"],"angle":12.3}},{"type":"Feature","geometry":{"type":"Point","coordinates":[18.636143,54.263544]},"properties":{"lines":"107, 607, M32, N5","color":"#0059a9","mode":"bus","arr":["107","607","M32","N5"],"angle":86.4}},{"type":"Feature","geometry":{"type":"Point","coordinates":[18.620056,54.270122]},"properties":{"lines":"132","color":"#0059a9","mode":"bus","arr":["132"],"angle":33}},{"type":"Feature","geometry":{"type":"Point","coordinates":[18.637375,54.248177]},"properties":{"lines":"132","color":"#0059a9","mode":"bus","arr":["132"],"angle":-5.5}},{"type":"Feature","geometry":{"type":"Point","coordinates":[18.645439,54.361692]},"properties":{"lines":"108, 111, 112, 123, 138, 154, 167, 178, 184, 186, 189, 199 +5","color":"#0059a9","mode":"bus","arr":["108","111","112","123","138","154","167","178","184","186","189","199","210","212","267","289","606"],"angle":48.4}},{"type":"Feature","geometry":{"type":"Point","coordinates":[18.644744,54.34351]},"properties":{"lines":"108, 132, 154, 189, 208, 289, M32, N1, N4, N5, N56, N89","color":"#0059a9","mode":"bus","arr":["108","132","154","189","208","289","M32","N1","N4","N5","N56","N89"],"angle":-57.9}},{"type":"Feature","geometry":{"type":"Point","coordinates":[18.627531,54.341786]},"properties":{"lines":"108, 208, N4","color":"#0059a9","mode":"bus","arr":["108","208","N4"],"angle":-1.6}},{"type":"Feature","geometry":{"type":"Point","coordinates":[18.626441,54.33999]},"properties":{"lines":"108, 208, N4","color":"#0059a9","mode":"bus","arr":["108","208","N4"],"angle":86.2}},{"type":"Feature","geometry":{"type":"Point","coordinates":[18.636706,54.340342]},"properties":{"lines":"108, 208, N4","color":"#0059a9","mode":"bus","arr":["108","208","N4"],"angle":40.2}},{"type":"Feature","geometry":{"type":"Point","coordinates":[18.628505,54.341795]},"properties":{"lines":"108, 208, N4","color":"#0059a9","mode":"bus","arr":["108","208","N4"],"angle":37}},{"type":"Feature","geometry":{"type":"Point","coordinates":[18.619461,54.338246]},"properties":{"lines":"108, 208, 227, N4","color":"#0059a9","mode":"bus","arr":["108","208","227","N4"],"angle":5.7}},{"type":"Feature","geometry":{"type":"Point","coordinates":[18.621841,54.338102]},"properties":{"lines":"108, 208, 227, N4","color":"#0059a9","mode":"bus","arr":["108","208","227","N4"],"angle":-74.2}},{"type":"Feature","geometry":{"type":"Point","coordinates":[18.617151,54.338182]},"properties":{"lines":"108, 208, 227, N14, N4","color":"#0059a9","mode":"bus","arr":["108","208","227","N14","N4"],"angle":-11.9}},{"type":"Feature","geometry":{"type":"Point","coordinates":[18.614673,54.336587]},"properties":{"lines":"108","color":"#0059a9","mode":"bus","arr":["108"],"angle":45.5}},{"type":"Feature","geometry":{"type":"Point","coordinates":[18.60203,54.382862]},"properties":{"lines":"110, 116, 126, 136, 149, 157, 158, 162, 199, 258, 262, N2, N3","color":"#0059a9","mode":"bus","arr":["110","116","126","136","149","157","158","162","199","258","262","N2","N3"],"angle":39}},{"type":"Feature","geometry":{"type":"Point","coordinates":[18.603932,54.381824]},"properties":{"lines":"110, 116, 126, 136, 149, 157, 158, 162, 258, 262, N2, N3","color":"#0059a9","mode":"bus","arr":["110","116","126","136","149","157","158","162","258","262","N2","N3"],"angle":39.1}},{"type":"Feature","geometry":{"type":"Point","coordinates":[18.60401,54.381415]},"properties":{"lines":"110, 115, 116, 126, 136, 149, 157, 162, 168, 262, N3","color":"#0059a9","mode":"bus","arr":["110","115","116","126","136","149","157","162","168","262","N3"],"angle":-51.4}},{"type":"Feature","geometry":{"type":"Point","coordinates":[18.604329,54.381243]},"properties":{"lines":"110, 116, 126, 136, 149, 157, N3","color":"#0059a9","mode":"bus","arr":["110","116","126","136","149","157","N3"],"angle":-38.2}},{"type":"Feature","geometry":{"type":"Point","coordinates":[18.599219,54.383985]},"properties":{"lines":"110, 116, 126, 136, 149, 157, N2, N3","color":"#0059a9","mode":"bus","arr":["110","116","126","136","149","157","N2","N3"],"angle":-36.5}},{"type":"Feature","geometry":{"type":"Point","coordinates":[18.598225,54.382941]},"properties":{"lines":"110, 116, 126, 127, 136, 149, 157, 227, N2, N3","color":"#0059a9","mode":"bus","arr":["110","116","126","127","136","149","157","227","N2","N3"],"angle":-51.3}},{"type":"Feature","geometry":{"type":"Point","coordinates":[18.5934,54.381016]},"properties":{"lines":"110, 116, 126, 136, 149, 157, 227, N3","color":"#0059a9","mode":"bus","arr":["110","116","126","136","149","157","227","N3"],"angle":-20.6}},{"type":"Feature","geometry":{"type":"Point","coordinates":[18.593339,54.38091]},"properties":{"lines":"110, 116, 126, 136, 149, 157, 227, N3","color":"#0059a9","mode":"bus","arr":["110","116","126","136","149","157","227","N3"],"angle":-19.7}},{"type":"Feature","geometry":{"type":"Point","coordinates":[18.581522,54.378176]},"properties":{"lines":"110, 126, 157, 227, N3","color":"#0059a9","mode":"bus","arr":["110","126","157","227","N3"],"angle":-4.6}},{"type":"Feature","geometry":{"type":"Point","coordinates":[18.576845,54.377958]},"properties":{"lines":"110, 126, 157, 227, N3","color":"#0059a9","mode":"bus","arr":["110","126","157","227","N3"],"angle":-9.9,"extra":1}},{"type":"Feature","geometry":{"type":"Point","coordinates":[18.586144,54.378631]},"properties":{"lines":"110, 126, 157, 227, N3","color":"#0059a9","mode":"bus","arr":["110","126","157","227","N3"],"angle":-19.1,"extra":1}},{"type":"Feature","geometry":{"type":"Point","coordinates":[18.570239,54.376174]},"properties":{"lines":"110, 116, 126, 136, 157, 227, N3","color":"#0059a9","mode":"bus","arr":["110","116","126","136","157","227","N3"],"angle":-49.3}},{"type":"Feature","geometry":{"type":"Point","coordinates":[18.539809,54.374174]},"properties":{"lines":"110, 126, 157, 210, N3","color":"#0059a9","mode":"bus","arr":["110","126","157","210","N3"],"angle":52}},{"type":"Feature","geometry":{"type":"Point","coordinates":[18.564457,54.372175]},"properties":{"lines":"110, 126, 157, 210, N3","color":"#0059a9","mode":"bus","arr":["110","126","157","210","N3"],"angle":-48.7,"extra":1}},{"type":"Feature","geometry":{"type":"Point","coordinates":[18.557026,54.370544]},"properties":{"lines":"110, 126, 157, 210, N3","color":"#0059a9","mode":"bus","arr":["110","126","157","210","N3"],"angle":25.5,"extra":1}},{"type":"Feature","geometry":{"type":"Point","coordinates":[18.549526,54.372138]},"properties":{"lines":"110, 126, 157, 210, N3","color":"#0059a9","mode":"bus","arr":["110","126","157","210","N3"],"angle":-6.2,"extra":1}},{"type":"Feature","geometry":{"type":"Point","coordinates":[18.53495,54.375919]},"properties":{"lines":"110, 126, 157, 210, N3","color":"#0059a9","mode":"bus","arr":["110","126","157","210","N3"],"angle":18.7,"extra":1}},{"type":"Feature","geometry":{"type":"Point","coordinates":[18.526569,54.376452]},"properties":{"lines":"110, 126, 157, 210, N3","color":"#0059a9","mode":"bus","arr":["110","126","157","210","N3"],"angle":1.6,"extra":1}},{"type":"Feature","geometry":{"type":"Point","coordinates":[18.518088,54.376492]},"properties":{"lines":"110, 126, 157, 210, N3","color":"#0059a9","mode":"bus","arr":["110","126","157","210","N3"],"angle":-5.4,"extra":1}},{"type":"Feature","geometry":{"type":"Point","coordinates":[18.509692,54.376462]},"properties":{"lines":"110, 126, 157, 210, N3","color":"#0059a9","mode":"bus","arr":["110","126","157","210","N3"],"angle":11.8,"extra":1}},{"type":"Feature","geometry":{"type":"Point","coordinates":[18.521489,54.375887]},"properties":{"lines":"110","color":"#0059a9","mode":"bus","arr":["110"],"angle":-52.7}},{"type":"Feature","geometry":{"type":"Point","coordinates":[18.522167,54.374092]},"properties":{"lines":"110","color":"#0059a9","mode":"bus","arr":["110"],"angle":78.5}},{"type":"Feature","geometry":{"type":"Point","coordinates":[18.486096,54.384321]},"properties":{"lines":"110","color":"#0059a9","mode":"bus","arr":["110"],"angle":81.3}},{"type":"Feature","geometry":{"type":"Point","coordinates":[18.486376,54.381346]},"properties":{"lines":"110","color":"#0059a9","mode":"bus","arr":["110"],"angle":-88.2,"extra":1}},{"type":"Feature","geometry":{"type":"Point","coordinates":[18.495405,54.378108]},"properties":{"lines":"110, 120, 210, N3","color":"#0059a9","mode":"bus","arr":["110","120","210","N3"],"angle":11.5}},{"type":"Feature","geometry":{"type":"Point","coordinates":[18.504357,54.377126]},"properties":{"lines":"110, 120, 210, N3","color":"#0059a9","mode":"bus","arr":["110","120","210","N3"],"angle":11.9,"extra":1}},{"type":"Feature","geometry":{"type":"Point","coordinates":[18.487722,54.379092]},"properties":{"lines":"110, 120, 210, N3","color":"#0059a9","mode":"bus","arr":["110","120","210","N3"],"angle":12.1,"extra":1}},{"type":"Feature","geometry":{"type":"Point","coordinates":[18.473065,54.382807]},"properties":{"lines":"110, 120, 210, N3","color":"#0059a9","mode":"bus","arr":["110","120","210","N3"],"angle":12.7,"extra":1}},{"type":"Feature","geometry":{"type":"Point","coordinates":[18.481224,54.381587]},"properties":{"lines":"110, 120, 210, N3","color":"#0059a9","mode":"bus","arr":["110","120","210","N3"],"angle":41.7,"extra":1}},{"type":"Feature","geometry":{"type":"Point","coordinates":[18.467817,54.383339]},"properties":{"lines":"110, 120, 210, N3","color":"#0059a9","mode":"bus","arr":["110","120","210","N3"],"angle":-14.5}},{"type":"Feature","geometry":{"type":"Point","coordinates":[18.468466,54.382874]},"properties":{"lines":"110, 120, 210, N3","color":"#0059a9","mode":"bus","arr":["110","120","210","N3"],"angle":-70.1}},{"type":"Feature","geometry":{"type":"Point","coordinates":[18.473174,54.389061]},"properties":{"lines":"110, 210","color":"#0059a9","mode":"bus","arr":["110","210"],"angle":-60.3}},{"type":"Feature","geometry":{"type":"Point","coordinates":[18.478048,54.389512]},"properties":{"lines":"110, 210","color":"#0059a9","mode":"bus","arr":["110","210"],"angle":19.2,"extra":1}},{"type":"Feature","geometry":{"type":"Point","coordinates":[18.688133,54.355624]},"properties":{"lines":"111","color":"#0059a9","mode":"bus","arr":["111"],"angle":-49.2}},{"type":"Feature","geometry":{"type":"Point","coordinates":[18.691223,54.35791]},"properties":{"lines":"111","color":"#0059a9","mode":"bus","arr":["111"],"angle":-33.4,"extra":1}},{"type":"Feature","geometry":{"type":"Point","coordinates":[18.701737,54.359038]},"properties":{"lines":"111, 911","color":"#0059a9","mode":"bus","arr":["111","911"],"angle":5.8}},{"type":"Feature","geometry":{"type":"Point","coordinates":[18.703854,54.363005]},"properties":{"lines":"111, 158, 258, 911, N8, T8","color":"#0059a9","mode":"bus","arr":["111","158","258","911","N8","T8"],"angle":11.4}},{"type":"Feature","geometry":{"type":"Point","coordinates":[18.711112,54.361006]},"properties":{"lines":"111, 158, 258, 911, N8, T8","color":"#0059a9","mode":"bus","arr":["111","158","258","911","N8","T8"],"angle":-20.2,"extra":1}},{"type":"Feature","geometry":{"type":"Point","coordinates":[18.696742,54.362212]},"properties":{"lines":"111, 158, 258, 911, N8, T8","color":"#0059a9","mode":"bus","arr":["111","158","258","911","N8","T8"],"angle":-36.9,"extra":1}},{"type":"Feature","geometry":{"type":"Point","coordinates":[18.744624,54.359373]},"properties":{"lines":"111, 911, N8","color":"#0059a9","mode":"bus","arr":["111","911","N8"],"angle":10.9}},{"type":"Feature","geometry":{"type":"Point","coordinates":[18.719445,54.361631]},"properties":{"lines":"111, 911, N8","color":"#0059a9","mode":"bus","arr":["111","911","N8"],"angle":-2.8,"extra":1}},{"type":"Feature","geometry":{"type":"Point","coordinates":[18.727824,54.361701]},"properties":{"lines":"111, 911, N8","color":"#0059a9","mode":"bus","arr":["111","911","N8"],"angle":13.3,"extra":1}},{"type":"Feature","geometry":{"type":"Point","coordinates":[18.73604,54.360575]},"properties":{"lines":"111, 911, N8","color":"#0059a9","mode":"bus","arr":["111","911","N8"],"angle":22.8,"extra":1}},{"type":"Feature","geometry":{"type":"Point","coordinates":[18.745931,54.356103]},"properties":{"lines":"111, 911, N8","color":"#0059a9","mode":"bus","arr":["111","911","N8"],"angle":-69.2,"extra":1}},{"type":"Feature","geometry":{"type":"Point","coordinates":[18.750614,54.353241]},"properties":{"lines":"111, 911, N8","color":"#0059a9","mode":"bus","arr":["111","911","N8"],"angle":21,"extra":1}},{"type":"Feature","geometry":{"type":"Point","coordinates":[18.758477,54.353985]},"properties":{"lines":"111, 911, N8","color":"#0059a9","mode":"bus","arr":["111","911","N8"],"angle":-23.9,"extra":1}},{"type":"Feature","geometry":{"type":"Point","coordinates":[18.768146,54.355451]},"properties":{"lines":"111, 911, N8","color":"#0059a9","mode":"bus","arr":["111","911","N8"],"angle":7.5}},{"type":"Feature","geometry":{"type":"Point","coordinates":[18.762871,54.355998]},"properties":{"lines":"111, 911, N8","color":"#0059a9","mode":"bus","arr":["111","911","N8"],"angle":12.9,"extra":1}},{"type":"Feature","geometry":{"type":"Point","coordinates":[18.644971,54.348946]},"properties":{"lines":"112, 138, 166, 186, 212, N14","color":"#0059a9","mode":"bus","arr":["112","138","166","186","212","N14"],"angle":-67.9}},{"type":"Feature","geometry":{"type":"Point","coordinates":[18.643819,54.347899]},"properties":{"lines":"112, 138, 166, 186, 212, 612","color":"#0059a9","mode":"bus","arr":["112","138","166","186","212","612"],"angle":7.3}},{"type":"Feature","geometry":{"type":"Point","coordinates":[18.647531,54.347324]},"properties":{"lines":"112, 138, 166, 186, 212, 612","color":"#0059a9","mode":"bus","arr":["112","138","166","186","212","612"],"angle":9.2}},{"type":"Feature","geometry":{"type":"Point","coordinates":[18.644144,54.347585]},"properties":{"lines":"112, 130, 138, 166, 167, 183, 184, 186, 199, 210, 212, 267 +4","color":"#0059a9","mode":"bus","arr":["112","130","138","166","167","183","184","186","199","210","212","267","612","N16","N3","N6"],"angle":8.8}},{"type":"Feature","geometry":{"type":"Point","coordinates":[18.656157,54.345489]},"properties":{"lines":"112, 138, 166, 178, 186, 212, 606, 612, N8, N9, T8","color":"#0059a9","mode":"bus","arr":["112","138","166","178","186","212","606","612","N8","N9","T8"],"angle":18.5}},{"type":"Feature","geometry":{"type":"Point","coordinates":[18.661369,54.344653]},"properties":{"lines":"112, 138, 166, 178, 186, 212, 606, 612, N8, N9, T8","color":"#0059a9","mode":"bus","arr":["112","138","166","178","186","212","606","612","N8","N9","T8"],"angle":16.8,"extra":1}},{"type":"Feature","geometry":{"type":"Point","coordinates":[18.668014,54.345439]},"properties":{"lines":"112, 166, 178, 186, 212, 606, 612, N8, T8","color":"#0059a9","mode":"bus","arr":["112","166","178","186","212","606","612","N8","T8"],"angle":-43.3}},{"type":"Feature","geometry":{"type":"Point","coordinates":[18.703867,54.351219]},"properties":{"lines":"112, 166, 186, 212, 612, N9","color":"#0059a9","mode":"bus","arr":["112","166","186","212","612","N9"],"angle":-22.4}},{"type":"Feature","geometry":{"type":"Point","coordinates":[18.702026,54.350902]},"properties":{"lines":"112, 166, 186, 212, 612, N9","color":"#0059a9","mode":"bus","arr":["112","166","186","212","612","N9"],"angle":-22.1}},{"type":"Feature","geometry":{"type":"Point","coordinates":[18.697373,54.35]},"properties":{"lines":"112, 166, 186, 212, 612, N9","color":"#0059a9","mode":"bus","arr":["112","166","186","212","612","N9"],"angle":-16.3,"extra":1}},{"type":"Feature","geometry":{"type":"Point","coordinates":[18.714511,54.349405]},"properties":{"lines":"112, 186, 212, 612, N9","color":"#0059a9","mode":"bus","arr":["112","186","212","612","N9"],"angle":47.8}},{"type":"Feature","geometry":{"type":"Point","coordinates":[18.717782,54.347046]},"properties":{"lines":"112, 186, 212, 612, N9","color":"#0059a9","mode":"bus","arr":["112","186","212","612","N9"],"angle":62.9,"extra":1}},{"type":"Feature","geometry":{"type":"Point","coordinates":[18.72129,54.344212]},"properties":{"lines":"112, 186, 212, 612, N9","color":"#0059a9","mode":"bus","arr":["112","186","212","612","N9"],"angle":38.5}},{"type":"Feature","geometry":{"type":"Point","coordinates":[18.733957,54.340089]},"properties":{"lines":"112, 186, 212, 612, N9","color":"#0059a9","mode":"bus","arr":["112","186","212","612","N9"],"angle":20.3,"extra":1}},{"type":"Feature","geometry":{"type":"Point","coordinates":[18.726228,54.341945]},"properties":{"lines":"112, 186, 212, 612, N9","color":"#0059a9","mode":"bus","arr":["112","186","212","612","N9"],"angle":35.7,"extra":1}},{"type":"Feature","geometry":{"type":"Point","coordinates":[18.715136,54.349162]},"properties":{"lines":"112, 186, 212, 612, N9","color":"#0059a9","mode":"bus","arr":["112","186","212","612","N9"],"angle":48.3,"extra":1}},{"type":"Feature","geometry":{"type":"Point","coordinates":[18.743465,54.333111]},"properties":{"lines":"112, 212, 612, N9","color":"#0059a9","mode":"bus","arr":["112","212","612","N9"],"angle":69.3}},{"type":"Feature","geometry":{"type":"Point","coordinates":[18.744396,54.329031]},"properties":{"lines":"112, 212, 612, N9","color":"#0059a9","mode":"bus","arr":["112","212","612","N9"],"angle":-87.2,"extra":1}},{"type":"Feature","geometry":{"type":"Point","coordinates":[18.73839,54.337997]},"properties":{"lines":"112, 212, 612, N9","color":"#0059a9","mode":"bus","arr":["112","212","612","N9"],"angle":57.1,"extra":1}},{"type":"Feature","geometry":{"type":"Point","coordinates":[18.745788,54.32452]},"properties":{"lines":"112, 607, N9","color":"#0059a9","mode":"bus","arr":["112","607","N9"],"angle":73.5}},{"type":"Feature","geometry":{"type":"Point","coordinates":[18.770833,54.322585]},"properties":{"lines":"112, N9","color":"#0059a9","mode":"bus","arr":["112","N9"],"angle":3}},{"type":"Feature","geometry":{"type":"Point","coordinates":[18.750771,54.322065]},"properties":{"lines":"112, N9","color":"#0059a9","mode":"bus","arr":["112","N9"],"angle":10,"extra":1}},{"type":"Feature","geometry":{"type":"Point","coordinates":[18.759191,54.321736]},"properties":{"lines":"112, N9","color":"#0059a9","mode":"bus","arr":["112","N9"],"angle":-5.7,"extra":1}},{"type":"Feature","geometry":{"type":"Point","coordinates":[18.775976,54.322022]},"properties":{"lines":"112, N9","color":"#0059a9","mode":"bus","arr":["112","N9"],"angle":-6.7,"extra":1}},{"type":"Feature","geometry":{"type":"Point","coordinates":[18.779724,54.326351]},"properties":{"lines":"112, N9","color":"#0059a9","mode":"bus","arr":["112","N9"],"angle":-60.2,"extra":1}},{"type":"Feature","geometry":{"type":"Point","coordinates":[18.786678,54.328877]},"properties":{"lines":"112, N9","color":"#0059a9","mode":"bus","arr":["112","N9"],"angle":-25.9,"extra":1}},{"type":"Feature","geometry":{"type":"Point","coordinates":[18.806528,54.331594]},"properties":{"lines":"112, 212, 607, 612, N9","color":"#0059a9","mode":"bus","arr":["112","212","607","612","N9"],"angle":-19.4}},{"type":"Feature","geometry":{"type":"Point","coordinates":[18.792534,54.329774]},"properties":{"lines":"112, 212, 607, 612, N9","color":"#0059a9","mode":"bus","arr":["112","212","607","612","N9"],"angle":-0.2,"extra":1}},{"type":"Feature","geometry":{"type":"Point","coordinates":[18.800897,54.330449]},"properties":{"lines":"112, 212, 607, 612, N9","color":"#0059a9","mode":"bus","arr":["112","212","607","612","N9"],"angle":-18.1,"extra":1}},{"type":"Feature","geometry":{"type":"Point","coordinates":[18.816905,54.333735]},"properties":{"lines":"112, 212, 607, 612, N9","color":"#0059a9","mode":"bus","arr":["112","212","607","612","N9"],"angle":-23.6,"extra":1}},{"type":"Feature","geometry":{"type":"Point","coordinates":[18.823378,54.340067]},"properties":{"lines":"112, 186, 212, 607, 612, N9","color":"#0059a9","mode":"bus","arr":["112","186","212","607","612","N9"],"angle":84.1}},{"type":"Feature","geometry":{"type":"Point","coordinates":[18.82637,54.343764]},"properties":{"lines":"112, 186, 212, 512, 607, 612, N9","color":"#0059a9","mode":"bus","arr":["112","186","212","512","607","612","N9"],"angle":-80.6}},{"type":"Feature","geometry":{"type":"Point","coordinates":[18.831404,54.343353]},"properties":{"lines":"112, 212, 512, N9","color":"#0059a9","mode":"bus","arr":["112","212","512","N9"],"angle":30.5}},{"type":"Feature","geometry":{"type":"Point","coordinates":[18.917182,54.311444]},"properties":{"lines":"112, 212, 512, N9","color":"#0059a9","mode":"bus","arr":["112","212","512","N9"],"angle":19.7}},{"type":"Feature","geometry":{"type":"Point","coordinates":[18.865758,54.34233]},"properties":{"lines":"112, 212, N9","color":"#0059a9","mode":"bus","arr":["112","212","N9"],"angle":4.6}},{"type":"Feature","geometry":{"type":"Point","coordinates":[18.841071,54.342836]},"properties":{"lines":"112, 212, N9","color":"#0059a9","mode":"bus","arr":["112","212","N9"],"angle":-6.8,"extra":1}},{"type":"Feature","geometry":{"type":"Point","coordinates":[18.849475,54.342613]},"properties":{"lines":"112, 212, N9","color":"#0059a9","mode":"bus","arr":["112","212","N9"],"angle":4.3,"extra":1}},{"type":"Feature","geometry":{"type":"Point","coordinates":[18.857956,54.342432]},"properties":{"lines":"112, 212, N9","color":"#0059a9","mode":"bus","arr":["112","212","N9"],"angle":2.4,"extra":1}},{"type":"Feature","geometry":{"type":"Point","coordinates":[18.874704,54.341229]},"properties":{"lines":"112, 212, N9","color":"#0059a9","mode":"bus","arr":["112","212","N9"],"angle":19.7,"extra":1}},{"type":"Feature","geometry":{"type":"Point","coordinates":[18.883069,54.34051]},"properties":{"lines":"112, 212, N9","color":"#0059a9","mode":"bus","arr":["112","212","N9"],"angle":6.1,"extra":1}},{"type":"Feature","geometry":{"type":"Point","coordinates":[18.891423,54.339653]},"properties":{"lines":"112, 212, N9","color":"#0059a9","mode":"bus","arr":["112","212","N9"],"angle":12,"extra":1}},{"type":"Feature","geometry":{"type":"Point","coordinates":[18.933209,54.331281]},"properties":{"lines":"112, 212, N9","color":"#0059a9","mode":"bus","arr":["112","212","N9"],"angle":-82.9}},{"type":"Feature","geometry":{"type":"Point","coordinates":[18.921651,54.310235]},"properties":{"lines":"112, 212, N9","color":"#0059a9","mode":"bus","arr":["112","212","N9"],"angle":20.9,"extra":1}},{"type":"Feature","geometry":{"type":"Point","coordinates":[18.927063,54.312247]},"properties":{"lines":"112, 212, N9","color":"#0059a9","mode":"bus","arr":["112","212","N9"],"angle":-52.3,"extra":1}},{"type":"Feature","geometry":{"type":"Point","coordinates":[18.930732,54.316005]},"properties":{"lines":"112, 212, N9","color":"#0059a9","mode":"bus","arr":["112","212","N9"],"angle":-85.2,"extra":1}},{"type":"Feature","geometry":{"type":"Point","coordinates":[18.931512,54.320931]},"properties":{"lines":"112, 212, N9","color":"#0059a9","mode":"bus","arr":["112","212","N9"],"angle":-84.6,"extra":1}},{"type":"Feature","geometry":{"type":"Point","coordinates":[18.932316,54.325855]},"properties":{"lines":"112, 212, N9","color":"#0059a9","mode":"bus","arr":["112","212","N9"],"angle":-84.4,"extra":1}},{"type":"Feature","geometry":{"type":"Point","coordinates":[18.933173,54.335228]},"properties":{"lines":"112, 212, N9","color":"#0059a9","mode":"bus","arr":["112","212","N9"],"angle":21.4,"extra":1}},{"type":"Feature","geometry":{"type":"Point","coordinates":[18.924854,54.336135]},"properties":{"lines":"112, 212, N9","color":"#0059a9","mode":"bus","arr":["112","212","N9"],"angle":6.5,"extra":1}},{"type":"Feature","geometry":{"type":"Point","coordinates":[18.916451,54.336507]},"properties":{"lines":"112, 212, N9","color":"#0059a9","mode":"bus","arr":["112","212","N9"],"angle":13.9,"extra":1}},{"type":"Feature","geometry":{"type":"Point","coordinates":[18.908255,54.337526]},"properties":{"lines":"112, 212, N9","color":"#0059a9","mode":"bus","arr":["112","212","N9"],"angle":34.4,"extra":1}},{"type":"Feature","geometry":{"type":"Point","coordinates":[18.899991,54.338574]},"properties":{"lines":"112, 212, N9","color":"#0059a9","mode":"bus","arr":["112","212","N9"],"angle":12.5,"extra":1}},{"type":"Feature","geometry":{"type":"Point","coordinates":[18.668926,54.347545]},"properties":{"lines":"112, 138, 166, 178, 186, 212, 612, N8, T8","color":"#0059a9","mode":"bus","arr":["112","138","166","178","186","212","612","N8","T8"],"angle":-79.5}},{"type":"Feature","geometry":{"type":"Point","coordinates":[18.657412,54.34551]},"properties":{"lines":"112, 138, 166, 178, 186, 212, 606, 612, N8, T8","color":"#0059a9","mode":"bus","arr":["112","138","166","178","186","212","606","612","N8","T8"],"angle":16.3}},{"type":"Feature","geometry":{"type":"Point","coordinates":[18.66532,54.344914]},"properties":{"lines":"112, 138, 166, 178, 186, 212, 606, 612, N8, T8","color":"#0059a9","mode":"bus","arr":["112","138","166","178","186","212","606","612","N8","T8"],"angle":-17.2,"extra":1}},{"type":"Feature","geometry":{"type":"Point","coordinates":[18.649205,54.347291]},"properties":{"lines":"112, 138, 166, 178, 186, 212, 606, 612, N8, T8","color":"#0059a9","mode":"bus","arr":["112","138","166","178","186","212","606","612","N8","T8"],"angle":22.1,"extra":1}},{"type":"Feature","geometry":{"type":"Point","coordinates":[18.64583,54.348516]},"properties":{"lines":"112, 130, 138, 166, 167, 178, 184, 186, 199, 210, 212, 267 +7","color":"#0059a9","mode":"bus","arr":["112","130","138","166","167","178","184","186","199","210","212","267","606","N14","N16","N3","N6","N8","T8"],"angle":-83.9}},{"type":"Feature","geometry":{"type":"Point","coordinates":[18.581315,54.305696]},"properties":{"lines":"113, 176, 213, N14, N4","color":"#0059a9","mode":"bus","arr":["113","176","213","N14","N4"],"angle":-69.8}},{"type":"Feature","geometry":{"type":"Point","coordinates":[18.582648,54.305407]},"properties":{"lines":"113, 213, N14, N4","color":"#0059a9","mode":"bus","arr":["113","213","N14","N4"],"angle":-70}},{"type":"Feature","geometry":{"type":"Point","coordinates":[18.582863,54.308515]},"properties":{"lines":"113, 176, 213, N14","color":"#0059a9","mode":"bus","arr":["113","176","213","N14"],"angle":-76.6}},{"type":"Feature","geometry":{"type":"Point","coordinates":[18.594036,54.307283]},"properties":{"lines":"113, N14","color":"#0059a9","mode":"bus","arr":["113","N14"],"angle":-22}},{"type":"Feature","geometry":{"type":"Point","coordinates":[18.600711,54.309754]},"properties":{"lines":"113, 175, 289, N14","color":"#0059a9","mode":"bus","arr":["113","175","289","N14"],"angle":-19.8}},{"type":"Feature","geometry":{"type":"Point","coordinates":[18.602357,54.312029]},"properties":{"lines":"113, 175, 289, N14","color":"#0059a9","mode":"bus","arr":["113","175","289","N14"],"angle":-84.8}},{"type":"Feature","geometry":{"type":"Point","coordinates":[18.59867,54.314607]},"properties":{"lines":"113, 175, N14","color":"#0059a9","mode":"bus","arr":["113","175","N14"],"angle":-33.3}},{"type":"Feature","geometry":{"type":"Point","coordinates":[18.594803,54.314266]},"properties":{"lines":"113, 175, N14, N2","color":"#0059a9","mode":"bus","arr":["113","175","N14","N2"],"angle":57.2}},{"type":"Feature","geometry":{"type":"Point","coordinates":[18.594634,54.318052]},"properties":{"lines":"113, 175, 176, 213, N14, N2","color":"#0059a9","mode":"bus","arr":["113","175","176","213","N14","N2"],"angle":-48.2}},{"type":"Feature","geometry":{"type":"Point","coordinates":[18.598657,54.321287]},"properties":{"lines":"113, 155, 175, 176, 213, 255, 256, 262, 295, N1, N14, N2, N56","color":"#0059a9","mode":"bus","arr":["113","155","175","176","213","255","256","262","295","N1","N14","N2","N56"],"angle":-36.9}},{"type":"Feature","geometry":{"type":"Point","coordinates":[18.606443,54.32274]},"properties":{"lines":"113, 120, 155, 162, 175, 176, 195, 208, 213, 255, 256, 262, 295, N2","color":"#0059a9","mode":"bus","arr":["113","120","155","162","175","176","195","208","213","255","256","262","295","N2"],"angle":-52}},{"type":"Feature","geometry":{"type":"Point","coordinates":[18.607408,54.325514]},"properties":{"lines":"113, 162, 195, N1, N56","color":"#0059a9","mode":"bus","arr":["113","162","195","N1","N56"],"angle":-44.8}},{"type":"Feature","geometry":{"type":"Point","coordinates":[18.621686,54.33019]},"properties":{"lines":"113, 154, N1, N56","color":"#0059a9","mode":"bus","arr":["113","154","N1","N56"],"angle":-6.5}},{"type":"Feature","geometry":{"type":"Point","coordinates":[18.629817,54.330244]},"properties":{"lines":"113, 154, N1, N56","color":"#0059a9","mode":"bus","arr":["113","154","N1","N56"],"angle":1.9,"extra":1}},{"type":"Feature","geometry":{"type":"Point","coordinates":[18.613652,54.328074]},"properties":{"lines":"113, 154, N1, N56","color":"#0059a9","mode":"bus","arr":["113","154","N1","N56"],"angle":-23.3,"extra":1}},{"type":"Feature","geometry":{"type":"Point","coordinates":[18.63234,54.322984]},"properties":{"lines":"113","color":"#0059a9","mode":"bus","arr":["113"],"angle":-60.3}},{"type":"Feature","geometry":{"type":"Point","coordinates":[18.633056,54.326284]},"properties":{"lines":"113, 132, 189, 289, M32, N5, N89","color":"#0059a9","mode":"bus","arr":["113","132","189","289","M32","N5","N89"],"angle":-76.6}},{"type":"Feature","geometry":{"type":"Point","coordinates":[18.634289,54.3295]},"properties":{"lines":"113, 132, 189, 289, M32, N5, N89","color":"#0059a9","mode":"bus","arr":["113","132","189","289","M32","N5","N89"],"angle":-86.3,"extra":1}},{"type":"Feature","geometry":{"type":"Point","coordinates":[18.604386,54.323398]},"properties":{"lines":"113, 120, 162, 175, 195, 208, 262, N2","color":"#0059a9","mode":"bus","arr":["113","120","162","175","195","208","262","N2"],"angle":50}},{"type":"Feature","geometry":{"type":"Point","coordinates":[18.569274,54.317959]},"properties":{"lines":"115, 262, N1","color":"#0059a9","mode":"bus","arr":["115","262","N1"],"angle":80.6}},{"type":"Feature","geometry":{"type":"Point","coordinates":[18.563624,54.319559]},"properties":{"lines":"115, 155, 156, N4","color":"#0059a9","mode":"bus","arr":["115","155","156","N4"],"angle":27.8}},{"type":"Feature","geometry":{"type":"Point","coordinates":[18.552183,54.322446]},"properties":{"lines":"115, 155, 156, N4","color":"#0059a9","mode":"bus","arr":["115","155","156","N4"],"angle":50.8}},{"type":"Feature","geometry":{"type":"Point","coordinates":[18.550669,54.326701]},"properties":{"lines":"115, 155, 156, 174, N4","color":"#0059a9","mode":"bus","arr":["115","155","156","174","N4"],"angle":-65.9}},{"type":"Feature","geometry":{"type":"Point","coordinates":[18.554764,54.329907]},"properties":{"lines":"115, 120, 155, 156, 174, N4","color":"#0059a9","mode":"bus","arr":["115","120","155","156","174","N4"],"angle":-45.8}},{"type":"Feature","geometry":{"type":"Point","coordinates":[18.562636,54.331507]},"properties":{"lines":"115, 120, 156, 174, N4","color":"#0059a9","mode":"bus","arr":["115","120","156","174","N4"],"angle":-16.1}},{"type":"Feature","geometry":{"type":"Point","coordinates":[18.571099,54.331889]},"properties":{"lines":"115, 118, 120, 156, 174","color":"#0059a9","mode":"bus","arr":["115","118","120","156","174"],"angle":8.9}},{"type":"Feature","geometry":{"type":"Point","coordinates":[18.570143,54.330187]},"properties":{"lines":"115, 120, 156, 174, N2, N4","color":"#0059a9","mode":"bus","arr":["115","120","156","174","N2","N4"],"angle":85.1}},{"type":"Feature","geometry":{"type":"Point","coordinates":[18.575916,54.328428]},"properties":{"lines":"115, 120, 174, N2, N4","color":"#0059a9","mode":"bus","arr":["115","120","174","N2","N4"],"angle":4.5}},{"type":"Feature","geometry":{"type":"Point","coordinates":[18.588968,54.332621]},"properties":{"lines":"115, 120, 174, N2, N4","color":"#0059a9","mode":"bus","arr":["115","120","174","N2","N4"],"angle":-15.8}},{"type":"Feature","geometry":{"type":"Point","coordinates":[18.5849,54.330054]},"properties":{"lines":"115, 118, 120, 174, N2, N4","color":"#0059a9","mode":"bus","arr":["115","118","120","174","N2","N4"],"angle":-88.3}},{"type":"Feature","geometry":{"type":"Point","coordinates":[18.586484,54.339212]},"properties":{"lines":"175","color":"#0059a9","mode":"bus","arr":["175"],"angle":19.4}},{"type":"Feature","geometry":{"type":"Point","coordinates":[18.589847,54.336291]},"properties":{"lines":"175","color":"#0059a9","mode":"bus","arr":["175"],"angle":61.9,"extra":1}},{"type":"Feature","geometry":{"type":"Point","coordinates":[18.603573,54.316063]},"properties":{"lines":"175","color":"#0059a9","mode":"bus","arr":["175"],"angle":-50.6}},{"type":"Feature","geometry":{"type":"Point","coordinates":[18.592993,54.333416]},"properties":{"lines":"115, 120, 174, 175, N2, N4","color":"#0059a9","mode":"bus","arr":["115","120","174","175","N2","N4"],"angle":55.2}},{"type":"Feature","geometry":{"type":"Point","coordinates":[18.593987,54.332607]},"properties":{"lines":"115, 120, 174, 175, N2, N4","color":"#0059a9","mode":"bus","arr":["115","120","174","175","N2","N4"],"angle":-71.2}},{"type":"Feature","geometry":{"type":"Point","coordinates":[18.596796,54.334966]},"properties":{"lines":"115, 162, 174, N14","color":"#0059a9","mode":"bus","arr":["115","162","174","N14"],"angle":-65.5}},{"type":"Feature","geometry":{"type":"Point","coordinates":[18.600083,54.337542]},"properties":{"lines":"115, 162, 174, 195, 227, 262, N14","color":"#0059a9","mode":"bus","arr":["115","162","174","195","227","262","N14"],"angle":-53.1}},{"type":"Feature","geometry":{"type":"Point","coordinates":[18.602041,54.342936]},"properties":{"lines":"115, 162, 174, 195, 227, 262","color":"#0059a9","mode":"bus","arr":["115","162","174","195","227","262"],"angle":-73.3}},{"type":"Feature","geometry":{"type":"Point","coordinates":[18.603487,54.345756]},"properties":{"lines":"115, 162, 174, 195, 227, 262","color":"#0059a9","mode":"bus","arr":["115","162","174","195","227","262"],"angle":-83.2,"extra":1}},{"type":"Feature","geometry":{"type":"Point","coordinates":[18.601078,54.339912]},"properties":{"lines":"115, 162, 174, 195, 227, 262","color":"#0059a9","mode":"bus","arr":["115","162","174","195","227","262"],"angle":-84.2,"extra":1}},{"type":"Feature","geometry":{"type":"Point","coordinates":[18.603224,54.34755]},"properties":{"lines":"115, 162, 195, 227, 262","color":"#0059a9","mode":"bus","arr":["115","162","195","227","262"],"angle":71.8}},{"type":"Feature","geometry":{"type":"Point","coordinates":[18.596123,54.352599]},"properties":{"lines":"115, 168, 283, N16","color":"#0059a9","mode":"bus","arr":["115","168","283","N16"],"angle":81.1}},{"type":"Feature","geometry":{"type":"Point","coordinates":[18.601255,54.35604]},"properties":{"lines":"115, 130, 184, 199, 210, N16, N6","color":"#0059a9","mode":"bus","arr":["115","130","184","199","210","N16","N6"],"angle":0.4}},{"type":"Feature","geometry":{"type":"Point","coordinates":[18.619336,54.356612]},"properties":{"lines":"115, 130, 184, 199, 210, N16, N6","color":"#0059a9","mode":"bus","arr":["115","130","184","199","210","N16","N6"],"angle":-49.7,"extra":1}},{"type":"Feature","geometry":{"type":"Point","coordinates":[18.610994,54.352612]},"properties":{"lines":"115, 199","color":"#0059a9","mode":"bus","arr":["115","199"],"angle":-5.2}},{"type":"Feature","geometry":{"type":"Point","coordinates":[18.630193,54.355957]},"properties":{"lines":"130, 183, 199, 210, N16, N6","color":"#0059a9","mode":"bus","arr":["130","183","199","210","N16","N6"],"angle":48}},{"type":"Feature","geometry":{"type":"Point","coordinates":[18.625555,54.358597]},"properties":{"lines":"130, 183, 199, 210, N16, N6","color":"#0059a9","mode":"bus","arr":["130","183","199","210","N16","N6"],"angle":17.3,"extra":1}},{"type":"Feature","geometry":{"type":"Point","coordinates":[18.637056,54.351428]},"properties":{"lines":"130, 183, 199, 210, N16, N6","color":"#0059a9","mode":"bus","arr":["130","183","199","210","N16","N6"],"angle":73.9,"extra":1}},{"type":"Feature","geometry":{"type":"Point","coordinates":[18.616983,54.359391]},"properties":{"lines":"115, 183, 184","color":"#0059a9","mode":"bus","arr":["115","183","184"],"angle":28.9}},{"type":"Feature","geometry":{"type":"Point","coordinates":[18.628308,54.36775]},"properties":{"lines":"115, 184, 283","color":"#0059a9","mode":"bus","arr":["115","184","283"],"angle":-29.2}},{"type":"Feature","geometry":{"type":"Point","coordinates":[18.611881,54.361331]},"properties":{"lines":"283","color":"#0059a9","mode":"bus","arr":["283"],"angle":50.4}},{"type":"Feature","geometry":{"type":"Point","coordinates":[18.635059,54.378042]},"properties":{"lines":"283","color":"#0059a9","mode":"bus","arr":["283"],"angle":-42.5}},{"type":"Feature","geometry":{"type":"Point","coordinates":[18.628174,54.375626]},"properties":{"lines":"283","color":"#0059a9","mode":"bus","arr":["283"],"angle":-6.9}},{"type":"Feature","geometry":{"type":"Point","coordinates":[18.614268,54.364487]},"properties":{"lines":"283","color":"#0059a9","mode":"bus","arr":["283"],"angle":8}},{"type":"Feature","geometry":{"type":"Point","coordinates":[18.631374,54.376224]},"properties":{"lines":"283","color":"#0059a9","mode":"bus","arr":["283"],"angle":76.6}},{"type":"Feature","geometry":{"type":"Point","coordinates":[18.617694,54.365532]},"properties":{"lines":"115, 183, 184, 283","color":"#0059a9","mode":"bus","arr":["115","183","184","283"],"angle":-42.4}},{"type":"Feature","geometry":{"type":"Point","coordinates":[18.615143,54.362917]},"properties":{"lines":"115, 183, 184, 283","color":"#0059a9","mode":"bus","arr":["115","183","184","283"],"angle":-53.8,"extra":1}},{"type":"Feature","geometry":{"type":"Point","coordinates":[18.630638,54.368447]},"properties":{"lines":"115, 283","color":"#0059a9","mode":"bus","arr":["115","283"],"angle":-34.6}},{"type":"Feature","geometry":{"type":"Point","coordinates":[18.627429,54.370775]},"properties":{"lines":"115, 283, N1, N14, N4","color":"#0059a9","mode":"bus","arr":["115","283","N1","N14","N4"],"angle":45.1}},{"type":"Feature","geometry":{"type":"Point","coordinates":[18.62747,54.370049]},"properties":{"lines":"115, 283, N1, N14, N4","color":"#0059a9","mode":"bus","arr":["115","283","N1","N14","N4"],"angle":45.5}},{"type":"Feature","geometry":{"type":"Point","coordinates":[18.620212,54.374846]},"properties":{"lines":"115, N14, N4","color":"#0059a9","mode":"bus","arr":["115","N14","N4"],"angle":26.9}},{"type":"Feature","geometry":{"type":"Point","coordinates":[18.620499,54.374184]},"properties":{"lines":"115, N14, N4","color":"#0059a9","mode":"bus","arr":["115","N14","N4"],"angle":51}},{"type":"Feature","geometry":{"type":"Point","coordinates":[18.624823,54.371614]},"properties":{"lines":"115, N14, N4","color":"#0059a9","mode":"bus","arr":["115","N14","N4"],"angle":45.3,"extra":1}},{"type":"Feature","geometry":{"type":"Point","coordinates":[18.615244,54.377046]},"properties":{"lines":"115, 168, 199","color":"#0059a9","mode":"bus","arr":["115","168","199"],"angle":-67.9}},{"type":"Feature","geometry":{"type":"Point","coordinates":[18.611924,54.379291]},"properties":{"lines":"115, 124, 168, 199","color":"#0059a9","mode":"bus","arr":["115","124","168","199"],"angle":29.9}},{"type":"Feature","geometry":{"type":"Point","coordinates":[18.607573,54.380434]},"properties":{"lines":"115, 124, 149, 168, 199","color":"#0059a9","mode":"bus","arr":["115","124","149","168","199"],"angle":20.7}},{"type":"Feature","geometry":{"type":"Point","coordinates":[18.605732,54.381051]},"properties":{"lines":"115, 124, 149, 162, 168, 199, 262","color":"#0059a9","mode":"bus","arr":["115","124","149","162","168","199","262"],"angle":30.4}},{"type":"Feature","geometry":{"type":"Point","coordinates":[18.607494,54.379356]},"properties":{"lines":"115, 162, 168, 199, 262","color":"#0059a9","mode":"bus","arr":["115","162","168","199","262"],"angle":79.9}},{"type":"Feature","geometry":{"type":"Point","coordinates":[18.588335,54.379639]},"properties":{"lines":"116, 136, 149","color":"#0059a9","mode":"bus","arr":["116","136","149"],"angle":49}},{"type":"Feature","geometry":{"type":"Point","coordinates":[18.580808,54.379011]},"properties":{"lines":"116, 136","color":"#0059a9","mode":"bus","arr":["116","136"],"angle":-12.8}},{"type":"Feature","geometry":{"type":"Point","coordinates":[18.575614,54.378255]},"properties":{"lines":"116, 136","color":"#0059a9","mode":"bus","arr":["116","136"],"angle":-20.8,"extra":1}},{"type":"Feature","geometry":{"type":"Point","coordinates":[18.570483,54.370766]},"properties":{"lines":"116, 184, 210, 227, 283","color":"#0059a9","mode":"bus","arr":["116","184","210","227","283"],"angle":57.2}},{"type":"Feature","geometry":{"type":"Point","coordinates":[18.572498,54.364888]},"properties":{"lines":"116, 131, 184, 210, 227, 283","color":"#0059a9","mode":"bus","arr":["116","131","184","210","227","283"],"angle":75}},{"type":"Feature","geometry":{"type":"Point","coordinates":[18.564426,54.366754]},"properties":{"lines":"116, 131","color":"#0059a9","mode":"bus","arr":["116","131"],"angle":-14}},{"type":"Feature","geometry":{"type":"Point","coordinates":[18.560771,54.364839]},"properties":{"lines":"116, 131","color":"#0059a9","mode":"bus","arr":["116","131"],"angle":-62.2,"extra":1}},{"type":"Feature","geometry":{"type":"Point","coordinates":[18.553149,54.364204]},"properties":{"lines":"116, 131","color":"#0059a9","mode":"bus","arr":["116","131"],"angle":27.1}},{"type":"Feature","geometry":{"type":"Point","coordinates":[18.585382,54.415841]},"properties":{"lines":"117, 143, N4","color":"#0059a9","mode":"bus","arr":["117","143","N4"],"angle":44.8}},{"type":"Feature","geometry":{"type":"Point","coordinates":[18.599292,54.419782]},"properties":{"lines":"117, 143, N4","color":"#0059a9","mode":"bus","arr":["117","143","N4"],"angle":-51.3,"extra":1}},{"type":"Feature","geometry":{"type":"Point","coordinates":[18.590693,54.416968]},"properties":{"lines":"117, 143, N4","color":"#0059a9","mode":"bus","arr":["117","143","N4"],"angle":-21.6,"extra":1}},{"type":"Feature","geometry":{"type":"Point","coordinates":[18.580747,54.412889]},"properties":{"lines":"117, 143, N4","color":"#0059a9","mode":"bus","arr":["117","143","N4"],"angle":81.9}},{"type":"Feature","geometry":{"type":"Point","coordinates":[18.55502,54.410895]},"properties":{"lines":"117","color":"#0059a9","mode":"bus","arr":["117"],"angle":-44.6}},{"type":"Feature","geometry":{"type":"Point","coordinates":[18.558658,54.416439]},"properties":{"lines":"117","color":"#0059a9","mode":"bus","arr":["117"],"angle":-70.7}},{"type":"Feature","geometry":{"type":"Point","coordinates":[18.561822,54.421807]},"properties":{"lines":"117","color":"#0059a9","mode":"bus","arr":["117"],"angle":-60.1,"extra":1}},{"type":"Feature","geometry":{"type":"Point","coordinates":[18.556917,54.412377]},"properties":{"lines":"117","color":"#0059a9","mode":"bus","arr":["117"],"angle":-68.1,"extra":1}},{"type":"Feature","geometry":{"type":"Point","coordinates":[18.554134,54.441569]},"properties":{"lines":"117","color":"#0059a9","mode":"bus","arr":["117"],"angle":-30}},{"type":"Feature","geometry":{"type":"Point","coordinates":[18.546168,54.439677]},"properties":{"lines":"117","color":"#0059a9","mode":"bus","arr":["117"],"angle":22.6}},{"type":"Feature","geometry":{"type":"Point","coordinates":[18.569961,54.411622]},"properties":{"lines":"117, N1, N4","color":"#0059a9","mode":"bus","arr":["117","N1","N4"],"angle":-23.4}},{"type":"Feature","geometry":{"type":"Point","coordinates":[18.567153,54.41112]},"properties":{"lines":"117, N4","color":"#0059a9","mode":"bus","arr":["117","N4"],"angle":-5.5}},{"type":"Feature","geometry":{"type":"Point","coordinates":[18.567511,54.409904]},"properties":{"lines":"117, 122, 169, 171, 179, 622, N4","color":"#0059a9","mode":"bus","arr":["117","122","169","171","179","622","N4"],"angle":61.9}},{"type":"Feature","geometry":{"type":"Point","coordinates":[18.562829,54.408586]},"properties":{"lines":"117, 169, 171, 179, 622, N4","color":"#0059a9","mode":"bus","arr":["117","169","171","179","622","N4"],"angle":-14.5}},{"type":"Feature","geometry":{"type":"Point","coordinates":[18.55586,54.408835]},"properties":{"lines":"117, 169, 171, 179, 622, N1","color":"#0059a9","mode":"bus","arr":["117","169","171","179","622","N1"],"angle":20.4}},{"type":"Feature","geometry":{"type":"Point","coordinates":[18.562715,54.427549]},"properties":{"lines":"117, 122","color":"#0059a9","mode":"bus","arr":["117","122"],"angle":81.7}},{"type":"Feature","geometry":{"type":"Point","coordinates":[18.561955,54.431073]},"properties":{"lines":"117, 122","color":"#0059a9","mode":"bus","arr":["117","122"],"angle":81.8,"extra":1}},{"type":"Feature","geometry":{"type":"Point","coordinates":[18.561844,54.430347]},"properties":{"lines":"117, 122","color":"#0059a9","mode":"bus","arr":["117","122"],"angle":84.4}},{"type":"Feature","geometry":{"type":"Point","coordinates":[18.561517,54.434584]},"properties":{"lines":"117, 122","color":"#0059a9","mode":"bus","arr":["117","122"],"angle":85.4,"extra":1}},{"type":"Feature","geometry":{"type":"Point","coordinates":[18.563336,54.424773]},"properties":{"lines":"117, 122","color":"#0059a9","mode":"bus","arr":["117","122"],"angle":77.2,"extra":1}},{"type":"Feature","geometry":{"type":"Point","coordinates":[18.561235,54.442294]},"properties":{"lines":"117, 122, 143","color":"#0059a9","mode":"bus","arr":["117","122","143"],"angle":-82}},{"type":"Feature","geometry":{"type":"Point","coordinates":[18.564461,54.437934]},"properties":{"lines":"117, 122, 143","color":"#0059a9","mode":"bus","arr":["117","122","143"],"angle":82.1,"extra":1}},{"type":"Feature","geometry":{"type":"Point","coordinates":[18.562961,54.40974]},"properties":{"lines":"117, 169, 171, 179, 622, N1, N4","color":"#0059a9","mode":"bus","arr":["117","169","171","179","622","N1","N4"],"angle":-15.2}},{"type":"Feature","geometry":{"type":"Point","coordinates":[18.567186,54.410652]},"properties":{"lines":"117, 122, N1, N4","color":"#0059a9","mode":"bus","arr":["117","122","N1","N4"],"angle":68.2}},{"type":"Feature","geometry":{"type":"Point","coordinates":[18.577443,54.332189]},"properties":{"lines":"118","color":"#0059a9","mode":"bus","arr":["118"],"angle":-6.7}},{"type":"Feature","geometry":{"type":"Point","coordinates":[18.572386,54.331929]},"properties":{"lines":"118","color":"#0059a9","mode":"bus","arr":["118"],"angle":4.6,"extra":1}},{"type":"Feature","geometry":{"type":"Point","coordinates":[18.586801,54.323195]},"properties":{"lines":"118","color":"#0059a9","mode":"bus","arr":["118"],"angle":-83.5}},{"type":"Feature","geometry":{"type":"Point","coordinates":[18.583805,54.326355]},"properties":{"lines":"118","color":"#0059a9","mode":"bus","arr":["118"],"angle":58.2,"extra":1}},{"type":"Feature","geometry":{"type":"Point","coordinates":[18.583628,54.319022]},"properties":{"lines":"118","color":"#0059a9","mode":"bus","arr":["118"],"angle":-28.9,"extra":1}},{"type":"Feature","geometry":{"type":"Point","coordinates":[18.57893,54.319188]},"properties":{"lines":"118, 295, N1","color":"#0059a9","mode":"bus","arr":["118","295","N1"],"angle":30.1}},{"type":"Feature","geometry":{"type":"Point","coordinates":[18.619106,54.387957]},"properties":{"lines":"N2","color":"#0059a9","mode":"bus","arr":["N2"],"angle":4.5}},{"type":"Feature","geometry":{"type":"Point","coordinates":[18.598259,54.310914]},"properties":{"lines":"N2","color":"#0059a9","mode":"bus","arr":["N2"],"angle":62.8}},{"type":"Feature","geometry":{"type":"Point","coordinates":[18.569647,54.331737]},"properties":{"lines":"118, N2, N4","color":"#0059a9","mode":"bus","arr":["118","N2","N4"],"angle":83.1}},{"type":"Feature","geometry":{"type":"Point","coordinates":[18.601293,54.326035]},"properties":{"lines":"120, 162, 175, 208, 262, N14, N2","color":"#0059a9","mode":"bus","arr":["120","162","175","208","262","N14","N2"],"angle":59}},{"type":"Feature","geometry":{"type":"Point","coordinates":[18.600158,54.329014]},"properties":{"lines":"208, 262, N4","color":"#0059a9","mode":"bus","arr":["208","262","N4"],"angle":-32.3}},{"type":"Feature","geometry":{"type":"Point","coordinates":[18.596701,54.330465]},"properties":{"lines":"120, 162, 175, N14, N2, N4","color":"#0059a9","mode":"bus","arr":["120","162","175","N14","N2","N4"],"angle":58.9}},{"type":"Feature","geometry":{"type":"Point","coordinates":[18.533064,54.335572]},"properties":{"lines":"120","color":"#0059a9","mode":"bus","arr":["120"],"angle":-8.6}},{"type":"Feature","geometry":{"type":"Point","coordinates":[18.54798,54.329525]},"properties":{"lines":"120","color":"#0059a9","mode":"bus","arr":["120"],"angle":57.5,"extra":1}},{"type":"Feature","geometry":{"type":"Point","coordinates":[18.54276,54.333232]},"properties":{"lines":"120","color":"#0059a9","mode":"bus","arr":["120"],"angle":28.6,"extra":1}},{"type":"Feature","geometry":{"type":"Point","coordinates":[18.527629,54.336581]},"properties":{"lines":"120","color":"#0059a9","mode":"bus","arr":["120"],"angle":37.6,"extra":1}},{"type":"Feature","geometry":{"type":"Point","coordinates":[18.519773,54.337044]},"properties":{"lines":"120","color":"#0059a9","mode":"bus","arr":["120"],"angle":-9.3,"extra":1}},{"type":"Feature","geometry":{"type":"Point","coordinates":[18.511631,54.338171]},"properties":{"lines":"120","color":"#0059a9","mode":"bus","arr":["120"],"angle":23.5,"extra":1}},{"type":"Feature","geometry":{"type":"Point","coordinates":[18.509476,54.338616]},"properties":{"lines":"120, 168","color":"#0059a9","mode":"bus","arr":["120","168"],"angle":14}},{"type":"Feature","geometry":{"type":"Point","coordinates":[18.510219,54.343703]},"properties":{"lines":"120, 168, N3","color":"#0059a9","mode":"bus","arr":["120","168","N3"],"angle":-65.6}},{"type":"Feature","geometry":{"type":"Point","coordinates":[18.500449,54.352224]},"properties":{"lines":"120, 167, 267, N3","color":"#0059a9","mode":"bus","arr":["120","167","267","N3"],"angle":23}},{"type":"Feature","geometry":{"type":"Point","coordinates":[18.506658,54.350635]},"properties":{"lines":"120, 167, 267, N3","color":"#0059a9","mode":"bus","arr":["120","167","267","N3"],"angle":18.2,"extra":1}},{"type":"Feature","geometry":{"type":"Point","coordinates":[18.490888,54.354247]},"properties":{"lines":"120, 167, 267, N3","color":"#0059a9","mode":"bus","arr":["120","167","267","N3"],"angle":21.9,"extra":1}},{"type":"Feature","geometry":{"type":"Point","coordinates":[18.492023,54.363446]},"properties":{"lines":"120, 157, 167, 267, N3","color":"#0059a9","mode":"bus","arr":["120","157","167","267","N3"],"angle":84.3}},{"type":"Feature","geometry":{"type":"Point","coordinates":[18.491424,54.359069]},"properties":{"lines":"120, 157, 167, 267, 268, N3","color":"#0059a9","mode":"bus","arr":["120","157","167","267","268","N3"],"angle":-78.5}},{"type":"Feature","geometry":{"type":"Point","coordinates":[18.502329,54.368353]},"properties":{"lines":"120, 126, 157, N3","color":"#0059a9","mode":"bus","arr":["120","126","157","N3"],"angle":-66.6}},{"type":"Feature","geometry":{"type":"Point","coordinates":[18.495801,54.365737]},"properties":{"lines":"120, 126, 157, N3","color":"#0059a9","mode":"bus","arr":["120","126","157","N3"],"angle":-17.8,"extra":1}},{"type":"Feature","geometry":{"type":"Point","coordinates":[18.505836,54.372942]},"properties":{"lines":"120, 126, 157, N3","color":"#0059a9","mode":"bus","arr":["120","126","157","N3"],"angle":-69,"extra":1}},{"type":"Feature","geometry":{"type":"Point","coordinates":[18.476422,54.382532]},"properties":{"lines":"120, 210, N3","color":"#0059a9","mode":"bus","arr":["120","210","N3"],"angle":11.1}},{"type":"Feature","geometry":{"type":"Point","coordinates":[18.471407,54.383123]},"properties":{"lines":"120, 210, N3","color":"#0059a9","mode":"bus","arr":["120","210","N3"],"angle":11.1,"extra":1}},{"type":"Feature","geometry":{"type":"Point","coordinates":[18.639802,54.393079]},"properties":{"lines":"122, 149","color":"#0059a9","mode":"bus","arr":["122","149"],"angle":-64.9}},{"type":"Feature","geometry":{"type":"Point","coordinates":[18.63241,54.39712]},"properties":{"lines":"122, 149","color":"#0059a9","mode":"bus","arr":["122","149"],"angle":-40.8}},{"type":"Feature","geometry":{"type":"Point","coordinates":[18.636686,54.394511]},"properties":{"lines":"122, 149, 158, 258","color":"#0059a9","mode":"bus","arr":["122","149","158","258"],"angle":35.6}},{"type":"Feature","geometry":{"type":"Point","coordinates":[18.629171,54.398295]},"properties":{"lines":"122, 158, 258","color":"#0059a9","mode":"bus","arr":["122","158","258"],"angle":41}},{"type":"Feature","geometry":{"type":"Point","coordinates":[18.628148,54.400504]},"properties":{"lines":"122","color":"#0059a9","mode":"bus","arr":["122"],"angle":-48.3}},{"type":"Feature","geometry":{"type":"Point","coordinates":[18.603337,54.402587]},"properties":{"lines":"122","color":"#0059a9","mode":"bus","arr":["122"],"angle":-39.5}},{"type":"Feature","geometry":{"type":"Point","coordinates":[18.565806,54.417347]},"properties":{"lines":"122","color":"#0059a9","mode":"bus","arr":["122"],"angle":82.2}},{"type":"Feature","geometry":{"type":"Point","coordinates":[18.572617,54.403325]},"properties":{"lines":"122","color":"#0059a9","mode":"bus","arr":["122"],"angle":66.7,"extra":1}},{"type":"Feature","geometry":{"type":"Point","coordinates":[18.569343,54.407888]},"properties":{"lines":"122","color":"#0059a9","mode":"bus","arr":["122"],"angle":67.4,"extra":1}},{"type":"Feature","geometry":{"type":"Point","coordinates":[18.566387,54.413318]},"properties":{"lines":"122","color":"#0059a9","mode":"bus","arr":["122"],"angle":-86.4,"extra":1}},{"type":"Feature","geometry":{"type":"Point","coordinates":[18.564207,54.423108]},"properties":{"lines":"122","color":"#0059a9","mode":"bus","arr":["122"],"angle":83.9,"extra":1}},{"type":"Feature","geometry":{"type":"Point","coordinates":[18.540526,54.447829]},"properties":{"lines":"122","color":"#0059a9","mode":"bus","arr":["122"],"angle":-4.4}},{"type":"Feature","geometry":{"type":"Point","coordinates":[18.565506,54.417434]},"properties":{"lines":"122","color":"#0059a9","mode":"bus","arr":["122"],"angle":82.5}},{"type":"Feature","geometry":{"type":"Point","coordinates":[18.564697,54.42133]},"properties":{"lines":"122","color":"#0059a9","mode":"bus","arr":["122"],"angle":80.1,"extra":1}},{"type":"Feature","geometry":{"type":"Point","coordinates":[18.566371,54.411515]},"properties":{"lines":"122","color":"#0059a9","mode":"bus","arr":["122"],"angle":71.5,"extra":1}},{"type":"Feature","geometry":{"type":"Point","coordinates":[18.629095,54.405022]},"properties":{"lines":"122, 148, N6","color":"#0059a9","mode":"bus","arr":["122","148","N6"],"angle":-54.7}},{"type":"Feature","geometry":{"type":"Point","coordinates":[18.621864,54.403134]},"properties":{"lines":"122, 148, 158, 258","color":"#0059a9","mode":"bus","arr":["122","148","158","258"],"angle":58.6}},{"type":"Feature","geometry":{"type":"Point","coordinates":[18.619803,54.405001]},"properties":{"lines":"122, 124, 148, 158, 258","color":"#0059a9","mode":"bus","arr":["122","124","148","158","258"],"angle":53.9}},{"type":"Feature","geometry":{"type":"Point","coordinates":[18.611365,54.403427]},"properties":{"lines":"122, 127, 158, 258, N6","color":"#0059a9","mode":"bus","arr":["122","127","158","258","N6"],"angle":-58.6}},{"type":"Feature","geometry":{"type":"Point","coordinates":[18.608634,54.400898]},"properties":{"lines":"122, 127, 158, 258, N6","color":"#0059a9","mode":"bus","arr":["122","127","158","258","N6"],"angle":-58.2,"extra":1}},{"type":"Feature","geometry":{"type":"Point","coordinates":[18.598764,54.405228]},"properties":{"lines":"122, 199, N14","color":"#0059a9","mode":"bus","arr":["122","199","N14"],"angle":-17.9}},{"type":"Feature","geometry":{"type":"Point","coordinates":[18.580475,54.402199]},"properties":{"lines":"122, 149, 199, N14","color":"#0059a9","mode":"bus","arr":["122","149","199","N14"],"angle":72.8}},{"type":"Feature","geometry":{"type":"Point","coordinates":[18.575915,54.401339]},"properties":{"lines":"122, 149, 199, 262, N14","color":"#0059a9","mode":"bus","arr":["122","149","199","262","N14"],"angle":-22.2}},{"type":"Feature","geometry":{"type":"Point","coordinates":[18.556329,54.443694]},"properties":{"lines":"122, 143","color":"#0059a9","mode":"bus","arr":["122","143"],"angle":84}},{"type":"Feature","geometry":{"type":"Point","coordinates":[18.548326,54.447577]},"properties":{"lines":"122, 143","color":"#0059a9","mode":"bus","arr":["122","143"],"angle":16.7}},{"type":"Feature","geometry":{"type":"Point","coordinates":[18.611484,54.403384]},"properties":{"lines":"122, 124, 127, 158, 258, N6","color":"#0059a9","mode":"bus","arr":["122","124","127","158","258","N6"],"angle":-58.3}},{"type":"Feature","geometry":{"type":"Point","coordinates":[18.614164,54.405925]},"properties":{"lines":"122, 124, 127, 158, 258, N6","color":"#0059a9","mode":"bus","arr":["122","124","127","158","258","N6"],"angle":-58.4,"extra":1}},{"type":"Feature","geometry":{"type":"Point","coordinates":[18.644547,54.343713]},"properties":{"lines":"123, 183","color":"#0059a9","mode":"bus","arr":["123","183"],"angle":-86.5}},{"type":"Feature","geometry":{"type":"Point","coordinates":[18.647857,54.337123]},"properties":{"lines":"123, 183","color":"#0059a9","mode":"bus","arr":["123","183"],"angle":76.3}},{"type":"Feature","geometry":{"type":"Point","coordinates":[18.652645,54.334336]},"properties":{"lines":"123, 183","color":"#0059a9","mode":"bus","arr":["123","183"],"angle":15.1,"extra":1}},{"type":"Feature","geometry":{"type":"Point","coordinates":[18.647797,54.342095]},"properties":{"lines":"123, 183","color":"#0059a9","mode":"bus","arr":["123","183"],"angle":44.8,"extra":1}},{"type":"Feature","geometry":{"type":"Point","coordinates":[18.647071,54.343892]},"properties":{"lines":"123, 183","color":"#0059a9","mode":"bus","arr":["123","183"],"angle":-74.1}},{"type":"Feature","geometry":{"type":"Point","coordinates":[18.64235,54.330965]},"properties":{"lines":"123","color":"#0059a9","mode":"bus","arr":["123"],"angle":-75.1}},{"type":"Feature","geometry":{"type":"Point","coordinates":[18.646568,54.333697]},"properties":{"lines":"123","color":"#0059a9","mode":"bus","arr":["123"],"angle":-53.5,"extra":1}},{"type":"Feature","geometry":{"type":"Point","coordinates":[18.640904,54.325218]},"properties":{"lines":"123","color":"#0059a9","mode":"bus","arr":["123"],"angle":-88.7,"extra":1}},{"type":"Feature","geometry":{"type":"Point","coordinates":[18.641105,54.324297]},"properties":{"lines":"123","color":"#0059a9","mode":"bus","arr":["123"],"angle":-73.9}},{"type":"Feature","geometry":{"type":"Point","coordinates":[18.602648,54.381018]},"properties":{"lines":"124, 158, 199, 258, N2","color":"#0059a9","mode":"bus","arr":["124","158","199","258","N2"],"angle":-1.4}},{"type":"Feature","geometry":{"type":"Point","coordinates":[18.600002,54.381829]},"properties":{"lines":"124, 127, 158, 162, 199, 258, 262, N14, N2, N4","color":"#0059a9","mode":"bus","arr":["124","127","158","162","199","258","262","N14","N2","N4"],"angle":37}},{"type":"Feature","geometry":{"type":"Point","coordinates":[18.600383,54.384168]},"properties":{"lines":"124, 127, 158, 227, 258, N2","color":"#0059a9","mode":"bus","arr":["124","127","158","227","258","N2"],"angle":-44.5}},{"type":"Feature","geometry":{"type":"Point","coordinates":[18.603908,54.385661]},"properties":{"lines":"124, 127, N2","color":"#0059a9","mode":"bus","arr":["124","127","N2"],"angle":-25.3}},{"type":"Feature","geometry":{"type":"Point","coordinates":[18.607922,54.386677]},"properties":{"lines":"124, 127, 149, N2","color":"#0059a9","mode":"bus","arr":["124","127","149","N2"],"angle":-21.8}},{"type":"Feature","geometry":{"type":"Point","coordinates":[18.616508,54.380363]},"properties":{"lines":"124","color":"#0059a9","mode":"bus","arr":["124"],"angle":81.5}},{"type":"Feature","geometry":{"type":"Point","coordinates":[18.613909,54.387999]},"properties":{"lines":"124, 149, N2","color":"#0059a9","mode":"bus","arr":["124","149","N2"],"angle":-11.5}},{"type":"Feature","geometry":{"type":"Point","coordinates":[18.617069,54.391339]},"properties":{"lines":"124, 149","color":"#0059a9","mode":"bus","arr":["124","149"],"angle":-85.8}},{"type":"Feature","geometry":{"type":"Point","coordinates":[18.611948,54.396349]},"properties":{"lines":"124, N6","color":"#0059a9","mode":"bus","arr":["124","N6"],"angle":77.7}},{"type":"Feature","geometry":{"type":"Point","coordinates":[18.609735,54.398793]},"properties":{"lines":"124, N6","color":"#0059a9","mode":"bus","arr":["124","N6"],"angle":31.7,"extra":1}},{"type":"Feature","geometry":{"type":"Point","coordinates":[18.669104,54.397064]},"properties":{"lines":"N6","color":"#0059a9","mode":"bus","arr":["N6"],"angle":30.8}},{"type":"Feature","geometry":{"type":"Point","coordinates":[18.478332,54.371142]},"properties":{"lines":"126, 267","color":"#0059a9","mode":"bus","arr":["126","267"],"angle":30.6}},{"type":"Feature","geometry":{"type":"Point","coordinates":[18.48809,54.366804]},"properties":{"lines":"126, 267","color":"#0059a9","mode":"bus","arr":["126","267"],"angle":41.4,"extra":1}},{"type":"Feature","geometry":{"type":"Point","coordinates":[18.474246,54.372475]},"properties":{"lines":"126, 267","color":"#0059a9","mode":"bus","arr":["126","267"],"angle":26.3,"extra":1}},{"type":"Feature","geometry":{"type":"Point","coordinates":[18.46649,54.374479]},"properties":{"lines":"126, 267","color":"#0059a9","mode":"bus","arr":["126","267"],"angle":22.5,"extra":1}},{"type":"Feature","geometry":{"type":"Point","coordinates":[18.443688,54.379949]},"properties":{"lines":"126","color":"#0059a9","mode":"bus","arr":["126"],"angle":24.5}},{"type":"Feature","geometry":{"type":"Point","coordinates":[18.459458,54.376166]},"properties":{"lines":"126","color":"#0059a9","mode":"bus","arr":["126"],"angle":22.3,"extra":1}},{"type":"Feature","geometry":{"type":"Point","coordinates":[18.451605,54.378042]},"properties":{"lines":"126","color":"#0059a9","mode":"bus","arr":["126"],"angle":22.2,"extra":1}},{"type":"Feature","geometry":{"type":"Point","coordinates":[18.436474,54.382445]},"properties":{"lines":"126","color":"#0059a9","mode":"bus","arr":["126"],"angle":37.1,"extra":1}},{"type":"Feature","geometry":{"type":"Point","coordinates":[18.429459,54.385123]},"properties":{"lines":"126","color":"#0059a9","mode":"bus","arr":["126"],"angle":17.3,"extra":1}},{"type":"Feature","geometry":{"type":"Point","coordinates":[18.405895,54.392624]},"properties":{"lines":"126","color":"#0059a9","mode":"bus","arr":["126"],"angle":28.6}},{"type":"Feature","geometry":{"type":"Point","coordinates":[18.421463,54.387408]},"properties":{"lines":"126","color":"#0059a9","mode":"bus","arr":["126"],"angle":30.8,"extra":1}},{"type":"Feature","geometry":{"type":"Point","coordinates":[18.414222,54.389987]},"properties":{"lines":"126","color":"#0059a9","mode":"bus","arr":["126"],"angle":32.8,"extra":1}},{"type":"Feature","geometry":{"type":"Point","coordinates":[18.398643,54.393376]},"properties":{"lines":"126","color":"#0059a9","mode":"bus","arr":["126"],"angle":5.9,"extra":1}},{"type":"Feature","geometry":{"type":"Point","coordinates":[18.390193,54.393665]},"properties":{"lines":"126","color":"#0059a9","mode":"bus","arr":["126"],"angle":-4.1,"extra":1}},{"type":"Feature","geometry":{"type":"Point","coordinates":[18.579815,54.409373]},"properties":{"lines":"127, 199, N1","color":"#0059a9","mode":"bus","arr":["127","199","N1"],"angle":2.4}},{"type":"Feature","geometry":{"type":"Point","coordinates":[18.574738,54.409518]},"properties":{"lines":"127, 199, N1","color":"#0059a9","mode":"bus","arr":["127","199","N1"],"angle":2.9,"extra":1}},{"type":"Feature","geometry":{"type":"Point","coordinates":[18.596838,54.409227]},"properties":{"lines":"127, 148, N14, N6","color":"#0059a9","mode":"bus","arr":["127","148","N14","N6"],"angle":-6.8}},{"type":"Feature","geometry":{"type":"Point","coordinates":[18.592058,54.408447]},"properties":{"lines":"127, 148, N14, N6","color":"#0059a9","mode":"bus","arr":["127","148","N14","N6"],"angle":-7.5,"extra":1}},{"type":"Feature","geometry":{"type":"Point","coordinates":[18.609334,54.408762]},"properties":{"lines":"127, 148, N6","color":"#0059a9","mode":"bus","arr":["127","148","N6"],"angle":30.9}},{"type":"Feature","geometry":{"type":"Point","coordinates":[18.604515,54.410725]},"properties":{"lines":"127, 148, N6","color":"#0059a9","mode":"bus","arr":["127","148","N6"],"angle":-15.2,"extra":1}},{"type":"Feature","geometry":{"type":"Point","coordinates":[18.601399,54.393893]},"properties":{"lines":"127, 158, 258","color":"#0059a9","mode":"bus","arr":["127","158","258"],"angle":-59.7}},{"type":"Feature","geometry":{"type":"Point","coordinates":[18.605102,54.397566]},"properties":{"lines":"127, 158, 258","color":"#0059a9","mode":"bus","arr":["127","158","258"],"angle":-58.3,"extra":1}},{"type":"Feature","geometry":{"type":"Point","coordinates":[18.59721,54.391107]},"properties":{"lines":"127, 158, 258","color":"#0059a9","mode":"bus","arr":["127","158","258"],"angle":-57.8,"extra":1}},{"type":"Feature","geometry":{"type":"Point","coordinates":[18.587241,54.394275]},"properties":{"lines":"227","color":"#0059a9","mode":"bus","arr":["227"],"angle":63.1}},{"type":"Feature","geometry":{"type":"Point","coordinates":[18.590455,54.391665]},"properties":{"lines":"227","color":"#0059a9","mode":"bus","arr":["227"],"angle":44.8,"extra":1}},{"type":"Feature","geometry":{"type":"Point","coordinates":[18.593282,54.399393]},"properties":{"lines":"227","color":"#0059a9","mode":"bus","arr":["227"],"angle":-57.4,"extra":1}},{"type":"Feature","geometry":{"type":"Point","coordinates":[18.589355,54.421546]},"properties":{"lines":"227","color":"#0059a9","mode":"bus","arr":["227"],"angle":-23.2}},{"type":"Feature","geometry":{"type":"Point","coordinates":[18.602335,54.386152]},"properties":{"lines":"227","color":"#0059a9","mode":"bus","arr":["227"],"angle":-59.3}},{"type":"Feature","geometry":{"type":"Point","coordinates":[18.590111,54.406278]},"properties":{"lines":"227","color":"#0059a9","mode":"bus","arr":["227"],"angle":67.7}},{"type":"Feature","geometry":{"type":"Point","coordinates":[18.598509,54.387133]},"properties":{"lines":"127, 158, 227, 258","color":"#0059a9","mode":"bus","arr":["127","158","227","258"],"angle":33.1}},{"type":"Feature","geometry":{"type":"Point","coordinates":[18.605787,54.387839]},"properties":{"lines":"127","color":"#0059a9","mode":"bus","arr":["127"],"angle":-28.4}},{"type":"Feature","geometry":{"type":"Point","coordinates":[18.607507,54.388581]},"properties":{"lines":"127","color":"#0059a9","mode":"bus","arr":["127"],"angle":-41.2}},{"type":"Feature","geometry":{"type":"Point","coordinates":[18.588736,54.408817]},"properties":{"lines":"127","color":"#0059a9","mode":"bus","arr":["127"],"angle":6.1}},{"type":"Feature","geometry":{"type":"Point","coordinates":[18.60955,54.388058]},"properties":{"lines":"127, N1","color":"#0059a9","mode":"bus","arr":["127","N1"],"angle":62.2}},{"type":"Feature","geometry":{"type":"Point","coordinates":[18.602471,54.385446]},"properties":{"lines":"127, N2","color":"#0059a9","mode":"bus","arr":["127","N2"],"angle":14}},{"type":"Feature","geometry":{"type":"Point","coordinates":[18.600435,54.384553]},"properties":{"lines":"127, 227, N2","color":"#0059a9","mode":"bus","arr":["127","227","N2"],"angle":-53.8}},{"type":"Feature","geometry":{"type":"Point","coordinates":[18.606215,54.377151]},"properties":{"lines":"127, 162, 262, N2","color":"#0059a9","mode":"bus","arr":["127","162","262","N2"],"angle":69.5}},{"type":"Feature","geometry":{"type":"Point","coordinates":[18.59013,54.361244]},"properties":{"lines":"127, 162, 262, N2","color":"#0059a9","mode":"bus","arr":["127","162","262","N2"],"angle":-80.7}},{"type":"Feature","geometry":{"type":"Point","coordinates":[18.596722,54.369875]},"properties":{"lines":"127, 162, 262, N2","color":"#0059a9","mode":"bus","arr":["127","162","262","N2"],"angle":-59.3}},{"type":"Feature","geometry":{"type":"Point","coordinates":[18.589088,54.363666]},"properties":{"lines":"127, 162, 262, N2","color":"#0059a9","mode":"bus","arr":["127","162","262","N2"],"angle":88.2,"extra":1}},{"type":"Feature","geometry":{"type":"Point","coordinates":[18.592701,54.3676]},"properties":{"lines":"127, 162, 262, N2","color":"#0059a9","mode":"bus","arr":["127","162","262","N2"],"angle":-30.3,"extra":1}},{"type":"Feature","geometry":{"type":"Point","coordinates":[18.604964,54.374234]},"properties":{"lines":"127, 162, 262, N2","color":"#0059a9","mode":"bus","arr":["127","162","262","N2"],"angle":-41.9,"extra":1}},{"type":"Feature","geometry":{"type":"Point","coordinates":[18.588668,54.359762]},"properties":{"lines":"127, 162, 184, 262, N2, N6","color":"#0059a9","mode":"bus","arr":["127","162","184","262","N2","N6"],"angle":-55.9}},{"type":"Feature","geometry":{"type":"Point","coordinates":[18.586838,54.358186]},"properties":{"lines":"127, 130, 162, 184, 210, 262, N2, N6","color":"#0059a9","mode":"bus","arr":["127","130","162","184","210","262","N2","N6"],"angle":-53.2}},{"type":"Feature","geometry":{"type":"Point","coordinates":[18.571918,54.350385]},"properties":{"lines":"127, 130, N6","color":"#0059a9","mode":"bus","arr":["127","130","N6"],"angle":14.8}},{"type":"Feature","geometry":{"type":"Point","coordinates":[18.559687,54.350622]},"properties":{"lines":"127, 130, N6","color":"#0059a9","mode":"bus","arr":["127","130","N6"],"angle":-2.1}},{"type":"Feature","geometry":{"type":"Point","coordinates":[18.554692,54.350041]},"properties":{"lines":"127, 130, N6","color":"#0059a9","mode":"bus","arr":["127","130","N6"],"angle":-25.8,"extra":1}},{"type":"Feature","geometry":{"type":"Point","coordinates":[18.55012,54.353168]},"properties":{"lines":"127, 130, 155, 268","color":"#0059a9","mode":"bus","arr":["127","130","155","268"],"angle":8}},{"type":"Feature","geometry":{"type":"Point","coordinates":[18.587992,54.358987]},"properties":{"lines":"127, 162, 184, 262, N2","color":"#0059a9","mode":"bus","arr":["127","162","184","262","N2"],"angle":-56}},{"type":"Feature","geometry":{"type":"Point","coordinates":[18.595272,54.361926]},"properties":{"lines":"127, 184, N6","color":"#0059a9","mode":"bus","arr":["127","184","N6"],"angle":-61.6}},{"type":"Feature","geometry":{"type":"Point","coordinates":[18.587132,54.408897]},"properties":{"lines":"127, 199","color":"#0059a9","mode":"bus","arr":["127","199"],"angle":5.1}},{"type":"Feature","geometry":{"type":"Point","coordinates":[18.642644,54.351856]},"properties":{"lines":"130, 167, 184, 199, 210, 267, N16, N3, N6","color":"#0059a9","mode":"bus","arr":["130","167","184","199","210","267","N16","N3","N6"],"angle":-5.4}},{"type":"Feature","geometry":{"type":"Point","coordinates":[18.611163,54.355894]},"properties":{"lines":"130, 184, 210, N16, N6","color":"#0059a9","mode":"bus","arr":["130","184","210","N16","N6"],"angle":3}},{"type":"Feature","geometry":{"type":"Point","coordinates":[18.592069,54.357214]},"properties":{"lines":"130, 184, 210, N6","color":"#0059a9","mode":"bus","arr":["130","184","210","N6"],"angle":27.9}},{"type":"Feature","geometry":{"type":"Point","coordinates":[18.641577,54.349539]},"properties":{"lines":"130, 167, 183, 184, 199, 210, 267, N16, N3, N6","color":"#0059a9","mode":"bus","arr":["130","167","183","184","199","210","267","N16","N3","N6"],"angle":-86.6}},{"type":"Feature","geometry":{"type":"Point","coordinates":[18.64223,54.347744]},"properties":{"lines":"130, 167, 183, 184, 199, 210, 267, N14, N16, N3, N6","color":"#0059a9","mode":"bus","arr":["130","167","183","184","199","210","267","N14","N16","N3","N6"],"angle":24.2}},{"type":"Feature","geometry":{"type":"Point","coordinates":[18.63756,54.337338]},"properties":{"lines":"132, 154, 189, 289, M32, N1, N5, N56, N89","color":"#0059a9","mode":"bus","arr":["132","154","189","289","M32","N1","N5","N56","N89"],"angle":-65.8}},{"type":"Feature","geometry":{"type":"Point","coordinates":[18.635487,54.334252]},"properties":{"lines":"132, 154, 189, 289, M32, N1, N5, N56, N89","color":"#0059a9","mode":"bus","arr":["132","154","189","289","M32","N1","N5","N56","N89"],"angle":-77.3,"extra":1}},{"type":"Feature","geometry":{"type":"Point","coordinates":[18.629305,54.316571]},"properties":{"lines":"132, 189, 289, M32, N5, N89","color":"#0059a9","mode":"bus","arr":["132","189","289","M32","N5","N89"],"angle":-86.2}},{"type":"Feature","geometry":{"type":"Point","coordinates":[18.629308,54.31317]},"properties":{"lines":"132, 189, 289, M32, N5, N89","color":"#0059a9","mode":"bus","arr":["132","189","289","M32","N5","N89"],"angle":86.4,"extra":1}},{"type":"Feature","geometry":{"type":"Point","coordinates":[18.629525,54.311637]},"properties":{"lines":"132, 189, M32, N5, N89","color":"#0059a9","mode":"bus","arr":["132","189","M32","N5","N89"],"angle":84.5}},{"type":"Feature","geometry":{"type":"Point","coordinates":[18.631501,54.30049]},"properties":{"lines":"132, M32, N5","color":"#0059a9","mode":"bus","arr":["132","M32","N5"],"angle":78.9}},{"type":"Feature","geometry":{"type":"Point","coordinates":[18.635267,54.292968]},"properties":{"lines":"132, M32, N5","color":"#0059a9","mode":"bus","arr":["132","M32","N5"],"angle":71.1,"extra":1}},{"type":"Feature","geometry":{"type":"Point","coordinates":[18.632926,54.29772]},"properties":{"lines":"132, M32, N5","color":"#0059a9","mode":"bus","arr":["132","M32","N5"],"angle":73.2,"extra":1}},{"type":"Feature","geometry":{"type":"Point","coordinates":[18.629917,54.307425]},"properties":{"lines":"132, M32, N5","color":"#0059a9","mode":"bus","arr":["132","M32","N5"],"angle":87.9,"extra":1}},{"type":"Feature","geometry":{"type":"Point","coordinates":[18.639676,54.276334]},"properties":{"lines":"132, M32, N5","color":"#0059a9","mode":"bus","arr":["132","M32","N5"],"angle":-73.4}},{"type":"Feature","geometry":{"type":"Point","coordinates":[18.637795,54.272427]},"properties":{"lines":"132, M32, N5","color":"#0059a9","mode":"bus","arr":["132","M32","N5"],"angle":76.3,"extra":1}},{"type":"Feature","geometry":{"type":"Point","coordinates":[18.638859,54.281993]},"properties":{"lines":"132, M32, N5","color":"#0059a9","mode":"bus","arr":["132","M32","N5"],"angle":83.7,"extra":1}},{"type":"Feature","geometry":{"type":"Point","coordinates":[18.63799,54.286865]},"properties":{"lines":"132, N5","color":"#0059a9","mode":"bus","arr":["132","N5"],"angle":-85.8}},{"type":"Feature","geometry":{"type":"Point","coordinates":[18.636817,54.290124]},"properties":{"lines":"132, N5","color":"#0059a9","mode":"bus","arr":["132","N5"],"angle":83.7,"extra":1}},{"type":"Feature","geometry":{"type":"Point","coordinates":[18.637051,54.267428]},"properties":{"lines":"132, 607, M32, N5","color":"#0059a9","mode":"bus","arr":["132","607","M32","N5"],"angle":-82.7}},{"type":"Feature","geometry":{"type":"Point","coordinates":[18.632861,54.249615]},"properties":{"lines":"132, 307","color":"#0059a9","mode":"bus","arr":["132","307"],"angle":-85.5}},{"type":"Feature","geometry":{"type":"Point","coordinates":[18.638925,54.286538]},"properties":{"lines":"M32","color":"#0059a9","mode":"bus","arr":["M32"],"angle":83.8}},{"type":"Feature","geometry":{"type":"Point","coordinates":[18.638336,54.289479]},"properties":{"lines":"M32","color":"#0059a9","mode":"bus","arr":["M32"],"angle":75.3,"extra":1}},{"type":"Feature","geometry":{"type":"Point","coordinates":[18.566017,54.378286]},"properties":{"lines":"136, 184, 283","color":"#0059a9","mode":"bus","arr":["136","184","283"],"angle":-88.5}},{"type":"Feature","geometry":{"type":"Point","coordinates":[18.563856,54.373438]},"properties":{"lines":"136, 283","color":"#0059a9","mode":"bus","arr":["136","283"],"angle":-41}},{"type":"Feature","geometry":{"type":"Point","coordinates":[18.658556,54.34313]},"properties":{"lines":"138","color":"#0059a9","mode":"bus","arr":["138"],"angle":-39.3}},{"type":"Feature","geometry":{"type":"Point","coordinates":[18.673407,54.368457]},"properties":{"lines":"138","color":"#0059a9","mode":"bus","arr":["138"],"angle":85.5}},{"type":"Feature","geometry":{"type":"Point","coordinates":[18.676524,54.358619]},"properties":{"lines":"138","color":"#0059a9","mode":"bus","arr":["138"],"angle":43.7,"extra":1}},{"type":"Feature","geometry":{"type":"Point","coordinates":[18.67265,54.362506]},"properties":{"lines":"138","color":"#0059a9","mode":"bus","arr":["138"],"angle":-83.4,"extra":1}},{"type":"Feature","geometry":{"type":"Point","coordinates":[18.672041,54.372273]},"properties":{"lines":"138","color":"#0059a9","mode":"bus","arr":["138"],"angle":75.8,"extra":1}},{"type":"Feature","geometry":{"type":"Point","coordinates":[18.670422,54.376935]},"properties":{"lines":"138","color":"#0059a9","mode":"bus","arr":["138"],"angle":-23.9,"extra":1}},{"type":"Feature","geometry":{"type":"Point","coordinates":[18.678027,54.378072]},"properties":{"lines":"138","color":"#0059a9","mode":"bus","arr":["138"],"angle":52.2}},{"type":"Feature","geometry":{"type":"Point","coordinates":[18.690679,54.383103]},"properties":{"lines":"138","color":"#0059a9","mode":"bus","arr":["138"],"angle":88.5}},{"type":"Feature","geometry":{"type":"Point","coordinates":[18.688114,54.387228]},"properties":{"lines":"138","color":"#0059a9","mode":"bus","arr":["138"],"angle":21.9}},{"type":"Feature","geometry":{"type":"Point","coordinates":[18.688671,54.379581]},"properties":{"lines":"138, 258","color":"#0059a9","mode":"bus","arr":["138","258"],"angle":1.3}},{"type":"Feature","geometry":{"type":"Point","coordinates":[18.682497,54.376745]},"properties":{"lines":"138, 258","color":"#0059a9","mode":"bus","arr":["138","258"],"angle":-45.3,"extra":1}},{"type":"Feature","geometry":{"type":"Point","coordinates":[18.696832,54.380572]},"properties":{"lines":"138, 258","color":"#0059a9","mode":"bus","arr":["138","258"],"angle":-33.2,"extra":1}},{"type":"Feature","geometry":{"type":"Point","coordinates":[18.591001,54.42736]},"properties":{"lines":"143","color":"#0059a9","mode":"bus","arr":["143"],"angle":50.4}},{"type":"Feature","geometry":{"type":"Point","coordinates":[18.59467,54.425012]},"properties":{"lines":"143","color":"#0059a9","mode":"bus","arr":["143"],"angle":41.3,"extra":1}},{"type":"Feature","geometry":{"type":"Point","coordinates":[18.569459,54.436569]},"properties":{"lines":"143","color":"#0059a9","mode":"bus","arr":["143"],"angle":-40.2}},{"type":"Feature","geometry":{"type":"Point","coordinates":[18.534095,54.44724]},"properties":{"lines":"143","color":"#0059a9","mode":"bus","arr":["143"],"angle":16.2}},{"type":"Feature","geometry":{"type":"Point","coordinates":[18.573713,54.438934]},"properties":{"lines":"143","color":"#0059a9","mode":"bus","arr":["143"],"angle":-16.9}},{"type":"Feature","geometry":{"type":"Point","coordinates":[18.59931,54.422751]},"properties":{"lines":"143, N4","color":"#0059a9","mode":"bus","arr":["143","N4"],"angle":33.9}},{"type":"Feature","geometry":{"type":"Point","coordinates":[18.649509,54.403863]},"properties":{"lines":"148, N6","color":"#0059a9","mode":"bus","arr":["148","N6"],"angle":9.2}},{"type":"Feature","geometry":{"type":"Point","coordinates":[18.636556,54.405899]},"properties":{"lines":"148, N6","color":"#0059a9","mode":"bus","arr":["148","N6"],"angle":-48,"extra":1}},{"type":"Feature","geometry":{"type":"Point","coordinates":[18.643797,54.406216]},"properties":{"lines":"148, N6","color":"#0059a9","mode":"bus","arr":["148","N6"],"angle":25.3,"extra":1}},{"type":"Feature","geometry":{"type":"Point","coordinates":[18.657832,54.401902]},"properties":{"lines":"148, N6","color":"#0059a9","mode":"bus","arr":["148","N6"],"angle":36.1,"extra":1}},{"type":"Feature","geometry":{"type":"Point","coordinates":[18.664486,54.398841]},"properties":{"lines":"148, N6","color":"#0059a9","mode":"bus","arr":["148","N6"],"angle":43.4,"extra":1}},{"type":"Feature","geometry":{"type":"Point","coordinates":[18.673278,54.400488]},"properties":{"lines":"148, N6","color":"#0059a9","mode":"bus","arr":["148","N6"],"angle":28.4}},{"type":"Feature","geometry":{"type":"Point","coordinates":[18.588485,54.410384]},"properties":{"lines":"148, 199, 227, N14, N6","color":"#0059a9","mode":"bus","arr":["148","199","227","N14","N6"],"angle":80.5}},{"type":"Feature","geometry":{"type":"Point","coordinates":[18.58858,54.408652]},"properties":{"lines":"148, 227, N14, N6","color":"#0059a9","mode":"bus","arr":["148","227","N14","N6"],"angle":77}},{"type":"Feature","geometry":{"type":"Point","coordinates":[18.573,54.416553]},"properties":{"lines":"148, N14, N6","color":"#0059a9","mode":"bus","arr":["148","N14","N6"],"angle":15.6}},{"type":"Feature","geometry":{"type":"Point","coordinates":[18.579626,54.41876]},"properties":{"lines":"148, N14, N6","color":"#0059a9","mode":"bus","arr":["148","N14","N6"],"angle":-31.2,"extra":1}},{"type":"Feature","geometry":{"type":"Point","coordinates":[18.57009,54.421647]},"properties":{"lines":"148, N14, N6","color":"#0059a9","mode":"bus","arr":["148","N14","N6"],"angle":79.4,"extra":1}},{"type":"Feature","geometry":{"type":"Point","coordinates":[18.578045,54.424]},"properties":{"lines":"148","color":"#0059a9","mode":"bus","arr":["148"],"angle":54.3}},{"type":"Feature","geometry":{"type":"Point","coordinates":[18.577588,54.397019]},"properties":{"lines":"149, 199, 262, N14","color":"#0059a9","mode":"bus","arr":["149","199","262","N14"],"angle":59.2}},{"type":"Feature","geometry":{"type":"Point","coordinates":[18.580579,54.394356]},"properties":{"lines":"149, 199, 262, N14","color":"#0059a9","mode":"bus","arr":["149","199","262","N14"],"angle":49.7,"extra":1}},{"type":"Feature","geometry":{"type":"Point","coordinates":[18.567831,54.393731]},"properties":{"lines":"149","color":"#0059a9","mode":"bus","arr":["149"],"angle":55.4}},{"type":"Feature","geometry":{"type":"Point","coordinates":[18.564318,54.398572]},"properties":{"lines":"149","color":"#0059a9","mode":"bus","arr":["149"],"angle":-12.9,"extra":1}},{"type":"Feature","geometry":{"type":"Point","coordinates":[18.570661,54.390612]},"properties":{"lines":"149","color":"#0059a9","mode":"bus","arr":["149"],"angle":-36,"extra":1}},{"type":"Feature","geometry":{"type":"Point","coordinates":[18.580971,54.38519]},"properties":{"lines":"149","color":"#0059a9","mode":"bus","arr":["149"],"angle":43.1}},{"type":"Feature","geometry":{"type":"Point","coordinates":[18.604617,54.381073]},"properties":{"lines":"149","color":"#0059a9","mode":"bus","arr":["149"],"angle":-5.9}},{"type":"Feature","geometry":{"type":"Point","coordinates":[18.606316,54.383715]},"properties":{"lines":"149","color":"#0059a9","mode":"bus","arr":["149"],"angle":83.4}},{"type":"Feature","geometry":{"type":"Point","coordinates":[18.633299,54.390249]},"properties":{"lines":"149","color":"#0059a9","mode":"bus","arr":["149"],"angle":-78.8}},{"type":"Feature","geometry":{"type":"Point","coordinates":[18.626799,54.387614]},"properties":{"lines":"149","color":"#0059a9","mode":"bus","arr":["149"],"angle":11.1,"extra":1}},{"type":"Feature","geometry":{"type":"Point","coordinates":[18.635743,54.393218]},"properties":{"lines":"149","color":"#0059a9","mode":"bus","arr":["149"],"angle":-58.6,"extra":1}},{"type":"Feature","geometry":{"type":"Point","coordinates":[18.634155,54.396998]},"properties":{"lines":"149","color":"#0059a9","mode":"bus","arr":["149"],"angle":42.5,"extra":1}},{"type":"Feature","geometry":{"type":"Point","coordinates":[18.571184,54.388166]},"properties":{"lines":"149","color":"#0059a9","mode":"bus","arr":["149"],"angle":-40.1}},{"type":"Feature","geometry":{"type":"Point","coordinates":[18.573577,54.389427]},"properties":{"lines":"149","color":"#0059a9","mode":"bus","arr":["149"],"angle":-48.1}},{"type":"Feature","geometry":{"type":"Point","coordinates":[18.607736,54.381441]},"properties":{"lines":"149","color":"#0059a9","mode":"bus","arr":["149"],"angle":-13.7}},{"type":"Feature","geometry":{"type":"Point","coordinates":[18.612347,54.385101]},"properties":{"lines":"149, N1, N2","color":"#0059a9","mode":"bus","arr":["149","N1","N2"],"angle":53.3}},{"type":"Feature","geometry":{"type":"Point","coordinates":[18.615783,54.383008]},"properties":{"lines":"149, N1, N2","color":"#0059a9","mode":"bus","arr":["149","N1","N2"],"angle":-21.5}},{"type":"Feature","geometry":{"type":"Point","coordinates":[18.620011,54.394508]},"properties":{"lines":"149, N6","color":"#0059a9","mode":"bus","arr":["149","N6"],"angle":0.8}},{"type":"Feature","geometry":{"type":"Point","coordinates":[18.610768,54.387433]},"properties":{"lines":"149, N2","color":"#0059a9","mode":"bus","arr":["149","N2"],"angle":-14.4}},{"type":"Feature","geometry":{"type":"Point","coordinates":[18.571259,54.399973]},"properties":{"lines":"149, N14","color":"#0059a9","mode":"bus","arr":["149","N14"],"angle":-27.8}},{"type":"Feature","geometry":{"type":"Point","coordinates":[18.634049,54.331435]},"properties":{"lines":"154, N1, N56","color":"#0059a9","mode":"bus","arr":["154","N1","N56"],"angle":-86.7}},{"type":"Feature","geometry":{"type":"Point","coordinates":[18.620321,54.326615]},"properties":{"lines":"154, 162, N1","color":"#0059a9","mode":"bus","arr":["154","162","N1"],"angle":48.4}},{"type":"Feature","geometry":{"type":"Point","coordinates":[18.613447,54.325369]},"properties":{"lines":"154, 162, N1","color":"#0059a9","mode":"bus","arr":["154","162","N1"],"angle":30.7,"extra":1}},{"type":"Feature","geometry":{"type":"Point","coordinates":[18.592474,54.319417]},"properties":{"lines":"155, 176, 213, 255, 256, 262, 295, N1, N56","color":"#0059a9","mode":"bus","arr":["155","176","213","255","256","262","295","N1","N56"],"angle":-27.6}},{"type":"Feature","geometry":{"type":"Point","coordinates":[18.587191,54.318139]},"properties":{"lines":"155, 255, 256, 262, 295, N1, N56","color":"#0059a9","mode":"bus","arr":["155","255","256","262","295","N1","N56"],"angle":-23.5}},{"type":"Feature","geometry":{"type":"Point","coordinates":[18.576818,54.315298]},"properties":{"lines":"155, 255, 256, 262, N1, N56","color":"#0059a9","mode":"bus","arr":["155","255","256","262","N1","N56"],"angle":13.3}},{"type":"Feature","geometry":{"type":"Point","coordinates":[18.572336,54.314249]},"properties":{"lines":"155, 255, 256, 262, N1, N56","color":"#0059a9","mode":"bus","arr":["155","255","256","262","N1","N56"],"angle":-39,"extra":1}},{"type":"Feature","geometry":{"type":"Point","coordinates":[18.569846,54.315738]},"properties":{"lines":"155, 156, 262, N1, N4","color":"#0059a9","mode":"bus","arr":["155","156","262","N1","N4"],"angle":67.5}},{"type":"Feature","geometry":{"type":"Point","coordinates":[18.558287,54.336239]},"properties":{"lines":"155","color":"#0059a9","mode":"bus","arr":["155"],"angle":29.6}},{"type":"Feature","geometry":{"type":"Point","coordinates":[18.559614,54.333253]},"properties":{"lines":"155","color":"#0059a9","mode":"bus","arr":["155"],"angle":-62.7,"extra":1}},{"type":"Feature","geometry":{"type":"Point","coordinates":[18.561565,54.341203]},"properties":{"lines":"155","color":"#0059a9","mode":"bus","arr":["155"],"angle":4.3}},{"type":"Feature","geometry":{"type":"Point","coordinates":[18.556454,54.34155]},"properties":{"lines":"155, 167, 168, 267, N3","color":"#0059a9","mode":"bus","arr":["155","167","168","267","N3"],"angle":14.6}},{"type":"Feature","geometry":{"type":"Point","coordinates":[18.549098,54.342937]},"properties":{"lines":"155, 268","color":"#0059a9","mode":"bus","arr":["155","268"],"angle":24.2}},{"type":"Feature","geometry":{"type":"Point","coordinates":[18.547458,54.345434]},"properties":{"lines":"155, 268","color":"#0059a9","mode":"bus","arr":["155","268"],"angle":-84.7}},{"type":"Feature","geometry":{"type":"Point","coordinates":[18.548779,54.347864]},"properties":{"lines":"155, 268","color":"#0059a9","mode":"bus","arr":["155","268"],"angle":-72}},{"type":"Feature","geometry":{"type":"Point","coordinates":[18.569315,54.327536]},"properties":{"lines":"156","color":"#0059a9","mode":"bus","arr":["156"],"angle":-72.2}},{"type":"Feature","geometry":{"type":"Point","coordinates":[18.568026,54.312224]},"properties":{"lines":"156, 255, 256, N4, N56","color":"#0059a9","mode":"bus","arr":["156","255","256","N4","N56"],"angle":-39.8}},{"type":"Feature","geometry":{"type":"Point","coordinates":[18.566963,54.309137]},"properties":{"lines":"156, 255, N4","color":"#0059a9","mode":"bus","arr":["156","255","N4"],"angle":-89.5}},{"type":"Feature","geometry":{"type":"Point","coordinates":[18.568399,54.306624]},"properties":{"lines":"156, 255","color":"#0059a9","mode":"bus","arr":["156","255"],"angle":30.2}},{"type":"Feature","geometry":{"type":"Point","coordinates":[18.569885,54.306696]},"properties":{"lines":"156, 255","color":"#0059a9","mode":"bus","arr":["156","255"],"angle":48.5}},{"type":"Feature","geometry":{"type":"Point","coordinates":[18.486241,54.354105]},"properties":{"lines":"157","color":"#0059a9","mode":"bus","arr":["157"],"angle":-28.3}},{"type":"Feature","geometry":{"type":"Point","coordinates":[18.473788,54.361595]},"properties":{"lines":"157","color":"#0059a9","mode":"bus","arr":["157"],"angle":79.3}},{"type":"Feature","geometry":{"type":"Point","coordinates":[18.480716,54.361423]},"properties":{"lines":"157, 268","color":"#0059a9","mode":"bus","arr":["157","268"],"angle":5.9}},{"type":"Feature","geometry":{"type":"Point","coordinates":[18.483066,54.355519]},"properties":{"lines":"157, 268","color":"#0059a9","mode":"bus","arr":["157","268"],"angle":83.5,"extra":1}},{"type":"Feature","geometry":{"type":"Point","coordinates":[18.476972,54.359614]},"properties":{"lines":"157, 268","color":"#0059a9","mode":"bus","arr":["157","268"],"angle":74.9,"extra":1}},{"type":"Feature","geometry":{"type":"Point","coordinates":[18.490179,54.361908]},"properties":{"lines":"157, 268","color":"#0059a9","mode":"bus","arr":["157","268"],"angle":-3.8,"extra":1}},{"type":"Feature","geometry":{"type":"Point","coordinates":[18.470549,54.365012]},"properties":{"lines":"157, 167","color":"#0059a9","mode":"bus","arr":["157","167"],"angle":41}},{"type":"Feature","geometry":{"type":"Point","coordinates":[18.461549,54.372467]},"properties":{"lines":"157, 167","color":"#0059a9","mode":"bus","arr":["157","167"],"angle":-69.3,"extra":1}},{"type":"Feature","geometry":{"type":"Point","coordinates":[18.463725,54.368459]},"properties":{"lines":"157, 167","color":"#0059a9","mode":"bus","arr":["157","167"],"angle":39.9,"extra":1}},{"type":"Feature","geometry":{"type":"Point","coordinates":[18.477614,54.363769]},"properties":{"lines":"157, 167","color":"#0059a9","mode":"bus","arr":["157","167"],"angle":-4.7,"extra":1}},{"type":"Feature","geometry":{"type":"Point","coordinates":[18.486002,54.364461]},"properties":{"lines":"157, 167","color":"#0059a9","mode":"bus","arr":["157","167"],"angle":-11.6,"extra":1}},{"type":"Feature","geometry":{"type":"Point","coordinates":[18.463566,54.374997]},"properties":{"lines":"157, 167, 267","color":"#0059a9","mode":"bus","arr":["157","167","267"],"angle":57.5}},{"type":"Feature","geometry":{"type":"Point","coordinates":[18.715742,54.36259]},"properties":{"lines":"158, 258, T8","color":"#0059a9","mode":"bus","arr":["158","258","T8"],"angle":-17.5}},{"type":"Feature","geometry":{"type":"Point","coordinates":[18.723863,54.366559]},"properties":{"lines":"T8","color":"#0059a9","mode":"bus","arr":["T8"],"angle":-46.3}},{"type":"Feature","geometry":{"type":"Point","coordinates":[18.718062,54.364373]},"properties":{"lines":"T8","color":"#0059a9","mode":"bus","arr":["T8"],"angle":-31.2,"extra":1}},{"type":"Feature","geometry":{"type":"Point","coordinates":[18.728193,54.371819]},"properties":{"lines":"T8","color":"#0059a9","mode":"bus","arr":["T8"],"angle":-64.3,"extra":1}},{"type":"Feature","geometry":{"type":"Point","coordinates":[18.671724,54.352147]},"properties":{"lines":"T8","color":"#0059a9","mode":"bus","arr":["T8"],"angle":-57.1}},{"type":"Feature","geometry":{"type":"Point","coordinates":[18.674966,54.350073]},"properties":{"lines":"T8","color":"#0059a9","mode":"bus","arr":["T8"],"angle":60,"extra":1}},{"type":"Feature","geometry":{"type":"Point","coordinates":[18.672032,54.352584]},"properties":{"lines":"T8","color":"#0059a9","mode":"bus","arr":["T8"],"angle":-17.3}},{"type":"Feature","geometry":{"type":"Point","coordinates":[18.669893,54.34964]},"properties":{"lines":"T8","color":"#0059a9","mode":"bus","arr":["T8"],"angle":-83.2,"extra":1}},{"type":"Feature","geometry":{"type":"Point","coordinates":[18.664292,54.382638]},"properties":{"lines":"158, 258, 600, 658","color":"#0059a9","mode":"bus","arr":["158","258","600","658"],"angle":34}},{"type":"Feature","geometry":{"type":"Point","coordinates":[18.674537,54.379311]},"properties":{"lines":"158, 258, 600, 658","color":"#0059a9","mode":"bus","arr":["158","258","600","658"],"angle":16.3,"extra":1}},{"type":"Feature","geometry":{"type":"Point","coordinates":[18.660011,54.384323]},"properties":{"lines":"158, 258, 600, 658","color":"#0059a9","mode":"bus","arr":["158","258","600","658"],"angle":34,"extra":1}},{"type":"Feature","geometry":{"type":"Point","coordinates":[18.653065,54.387149]},"properties":{"lines":"158, 258, 600, 658","color":"#0059a9","mode":"bus","arr":["158","258","600","658"],"angle":39.5,"extra":1}},{"type":"Feature","geometry":{"type":"Point","coordinates":[18.664208,54.382447]},"properties":{"lines":"158, 258, 600, 658","color":"#0059a9","mode":"bus","arr":["158","258","600","658"],"angle":34.4}},{"type":"Feature","geometry":{"type":"Point","coordinates":[18.654501,54.386319]},"properties":{"lines":"158, 258, 600, 658","color":"#0059a9","mode":"bus","arr":["158","258","600","658"],"angle":34.5,"extra":1}},{"type":"Feature","geometry":{"type":"Point","coordinates":[18.668514,54.380737]},"properties":{"lines":"158, 258, 600, 658","color":"#0059a9","mode":"bus","arr":["158","258","600","658"],"angle":32.6,"extra":1}},{"type":"Feature","geometry":{"type":"Point","coordinates":[18.67626,54.378804]},"properties":{"lines":"158, 258, 600, 658","color":"#0059a9","mode":"bus","arr":["158","258","600","658"],"angle":30.8,"extra":1}},{"type":"Feature","geometry":{"type":"Point","coordinates":[18.645505,54.390204]},"properties":{"lines":"158, 258","color":"#0059a9","mode":"bus","arr":["158","258"],"angle":42.4}},{"type":"Feature","geometry":{"type":"Point","coordinates":[18.592577,54.389059]},"properties":{"lines":"158, 258","color":"#0059a9","mode":"bus","arr":["158","258"],"angle":-42.2}},{"type":"Feature","geometry":{"type":"Point","coordinates":[18.627112,54.399311]},"properties":{"lines":"158, 258","color":"#0059a9","mode":"bus","arr":["158","258"],"angle":46.9}},{"type":"Feature","geometry":{"type":"Point","coordinates":[18.631602,54.396725]},"properties":{"lines":"158, 258","color":"#0059a9","mode":"bus","arr":["158","258"],"angle":43.4,"extra":1}},{"type":"Feature","geometry":{"type":"Point","coordinates":[18.602686,54.386009]},"properties":{"lines":"158, 227, 258","color":"#0059a9","mode":"bus","arr":["158","227","258"],"angle":-68.7}},{"type":"Feature","geometry":{"type":"Point","coordinates":[18.648724,54.387104]},"properties":{"lines":"158, 258, 600, 658, N6","color":"#0059a9","mode":"bus","arr":["158","258","600","658","N6"],"angle":-35.7}},{"type":"Feature","geometry":{"type":"Point","coordinates":[18.693378,54.360471]},"properties":{"lines":"158, 258, N8, T8","color":"#0059a9","mode":"bus","arr":["158","258","N8","T8"],"angle":-63}},{"type":"Feature","geometry":{"type":"Point","coordinates":[18.58693,54.357404]},"properties":{"lines":"162, 262","color":"#0059a9","mode":"bus","arr":["162","262"],"angle":61.4}},{"type":"Feature","geometry":{"type":"Point","coordinates":[18.714765,54.353031]},"properties":{"lines":"166","color":"#0059a9","mode":"bus","arr":["166"],"angle":-70.1}},{"type":"Feature","geometry":{"type":"Point","coordinates":[18.63649,54.351288]},"properties":{"lines":"167, 267, N3","color":"#0059a9","mode":"bus","arr":["167","267","N3"],"angle":-12.5}},{"type":"Feature","geometry":{"type":"Point","coordinates":[18.604849,54.34779]},"properties":{"lines":"167, 168, 174, 175, 195, 267, N3","color":"#0059a9","mode":"bus","arr":["167","168","174","175","195","267","N3"],"angle":-6.6}},{"type":"Feature","geometry":{"type":"Point","coordinates":[18.591479,54.345102]},"properties":{"lines":"167, 168, 175, 267, N3","color":"#0059a9","mode":"bus","arr":["167","168","175","267","N3"],"angle":-17.2}},{"type":"Feature","geometry":{"type":"Point","coordinates":[18.583769,54.344806]},"properties":{"lines":"167, 168, 175, 267, N3","color":"#0059a9","mode":"bus","arr":["167","168","175","267","N3"],"angle":-21.9,"extra":1}},{"type":"Feature","geometry":{"type":"Point","coordinates":[18.599846,54.346151]},"properties":{"lines":"167, 168, 175, 267, N3","color":"#0059a9","mode":"bus","arr":["167","168","175","267","N3"],"angle":-24.8,"extra":1}},{"type":"Feature","geometry":{"type":"Point","coordinates":[18.577222,54.340702]},"properties":{"lines":"167, 168, 267, N3","color":"#0059a9","mode":"bus","arr":["167","168","267","N3"],"angle":-74.2}},{"type":"Feature","geometry":{"type":"Point","coordinates":[18.56387,54.338859]},"properties":{"lines":"167, 168, 267, N3","color":"#0059a9","mode":"bus","arr":["167","168","267","N3"],"angle":26.1,"extra":1}},{"type":"Feature","geometry":{"type":"Point","coordinates":[18.550355,54.341639]},"properties":{"lines":"167, 168, 267, 268, N3","color":"#0059a9","mode":"bus","arr":["167","168","267","268","N3"],"angle":-16.4}},{"type":"Feature","geometry":{"type":"Point","coordinates":[18.526071,54.348421]},"properties":{"lines":"167, 168, 267, 268, N3","color":"#0059a9","mode":"bus","arr":["167","168","267","268","N3"],"angle":13.8}},{"type":"Feature","geometry":{"type":"Point","coordinates":[18.545475,54.343378]},"properties":{"lines":"167, 168, 267, 268, N3","color":"#0059a9","mode":"bus","arr":["167","168","267","268","N3"],"angle":43.3,"extra":1}},{"type":"Feature","geometry":{"type":"Point","coordinates":[18.53764,54.345029]},"properties":{"lines":"167, 168, 267, 268, N3","color":"#0059a9","mode":"bus","arr":["167","168","267","268","N3"],"angle":13,"extra":1}},{"type":"Feature","geometry":{"type":"Point","coordinates":[18.529674,54.346688]},"properties":{"lines":"167, 168, 267, 268, N3","color":"#0059a9","mode":"bus","arr":["167","168","267","268","N3"],"angle":37.5,"extra":1}},{"type":"Feature","geometry":{"type":"Point","coordinates":[18.515522,54.349627]},"properties":{"lines":"167, 168, 267, 268, N3","color":"#0059a9","mode":"bus","arr":["167","168","267","268","N3"],"angle":6.9,"extra":1}},{"type":"Feature","geometry":{"type":"Point","coordinates":[18.535284,54.347941]},"properties":{"lines":"167, 168, 267, 268, N3","color":"#0059a9","mode":"bus","arr":["167","168","267","268","N3"],"angle":20.7,"extra":1}},{"type":"Feature","geometry":{"type":"Point","coordinates":[18.611648,54.37009]},"properties":{"lines":"168, 199","color":"#0059a9","mode":"bus","arr":["168","199"],"angle":7.3}},{"type":"Feature","geometry":{"type":"Point","coordinates":[18.612852,54.36682]},"properties":{"lines":"168, 199","color":"#0059a9","mode":"bus","arr":["168","199"],"angle":-76.9,"extra":1}},{"type":"Feature","geometry":{"type":"Point","coordinates":[18.612866,54.374461]},"properties":{"lines":"168, 199","color":"#0059a9","mode":"bus","arr":["168","199"],"angle":-62.3,"extra":1}},{"type":"Feature","geometry":{"type":"Point","coordinates":[18.605195,54.359514]},"properties":{"lines":"168, 199, 283","color":"#0059a9","mode":"bus","arr":["168","199","283"],"angle":-22.6}},{"type":"Feature","geometry":{"type":"Point","coordinates":[18.611169,54.361982]},"properties":{"lines":"168, 199, 283","color":"#0059a9","mode":"bus","arr":["168","199","283"],"angle":-81.9,"extra":1}},{"type":"Feature","geometry":{"type":"Point","coordinates":[18.597357,54.356553]},"properties":{"lines":"168, 199, 283","color":"#0059a9","mode":"bus","arr":["168","199","283"],"angle":-34.8,"extra":1}},{"type":"Feature","geometry":{"type":"Point","coordinates":[18.605747,54.34775]},"properties":{"lines":"168","color":"#0059a9","mode":"bus","arr":["168"],"angle":50.6}},{"type":"Feature","geometry":{"type":"Point","coordinates":[18.501893,54.339558]},"properties":{"lines":"168, N3","color":"#0059a9","mode":"bus","arr":["168","N3"],"angle":15.4}},{"type":"Feature","geometry":{"type":"Point","coordinates":[18.550737,54.4105]},"properties":{"lines":"169, 171, 179, 622, N1","color":"#0059a9","mode":"bus","arr":["169","171","179","622","N1"],"angle":3.1}},{"type":"Feature","geometry":{"type":"Point","coordinates":[18.516489,54.421187]},"properties":{"lines":"169, 171, 179, N1","color":"#0059a9","mode":"bus","arr":["169","171","179","N1"],"angle":19.1}},{"type":"Feature","geometry":{"type":"Point","coordinates":[18.547086,54.413809]},"properties":{"lines":"169, 171, 179, N1","color":"#0059a9","mode":"bus","arr":["169","171","179","N1"],"angle":80.3,"extra":1}},{"type":"Feature","geometry":{"type":"Point","coordinates":[18.541683,54.417455]},"properties":{"lines":"169, 171, 179, N1","color":"#0059a9","mode":"bus","arr":["169","171","179","N1"],"angle":46.1,"extra":1}},{"type":"Feature","geometry":{"type":"Point","coordinates":[18.538325,54.42146]},"properties":{"lines":"169, 171, 179, N1","color":"#0059a9","mode":"bus","arr":["169","171","179","N1"],"angle":25.6,"extra":1}},{"type":"Feature","geometry":{"type":"Point","coordinates":[18.530315,54.422897]},"properties":{"lines":"169, 171, 179, N1","color":"#0059a9","mode":"bus","arr":["169","171","179","N1"],"angle":-2.9,"extra":1}},{"type":"Feature","geometry":{"type":"Point","coordinates":[18.522121,54.421774]},"properties":{"lines":"169, 171, 179, N1","color":"#0059a9","mode":"bus","arr":["169","171","179","N1"],"angle":-19.4,"extra":1}},{"type":"Feature","geometry":{"type":"Point","coordinates":[18.505856,54.42307]},"properties":{"lines":"169, 171, 179, N1","color":"#0059a9","mode":"bus","arr":["169","171","179","N1"],"angle":33.1,"extra":1}},{"type":"Feature","geometry":{"type":"Point","coordinates":[18.502217,54.427318]},"properties":{"lines":"169, 171, 179, N1","color":"#0059a9","mode":"bus","arr":["169","171","179","N1"],"angle":78.3,"extra":1}},{"type":"Feature","geometry":{"type":"Point","coordinates":[18.495018,54.428826]},"properties":{"lines":"169, 171, 179, N1","color":"#0059a9","mode":"bus","arr":["169","171","179","N1"],"angle":2.7,"extra":1}},{"type":"Feature","geometry":{"type":"Point","coordinates":[18.486724,54.429802]},"properties":{"lines":"169, 171, 179, N1","color":"#0059a9","mode":"bus","arr":["169","171","179","N1"],"angle":18.5,"extra":1}},{"type":"Feature","geometry":{"type":"Point","coordinates":[18.47441,54.430844]},"properties":{"lines":"169, 171, 210","color":"#0059a9","mode":"bus","arr":["169","171","210"],"angle":39.9}},{"type":"Feature","geometry":{"type":"Point","coordinates":[18.469219,54.433399]},"properties":{"lines":"169, 171, 210, 269","color":"#0059a9","mode":"bus","arr":["169","171","210","269"],"angle":41}},{"type":"Feature","geometry":{"type":"Point","coordinates":[18.460581,54.427565]},"properties":{"lines":"169, 210","color":"#0059a9","mode":"bus","arr":["169","210"],"angle":-61.6}},{"type":"Feature","geometry":{"type":"Point","coordinates":[18.464414,54.432512]},"properties":{"lines":"169, 210","color":"#0059a9","mode":"bus","arr":["169","210"],"angle":-59,"extra":1}},{"type":"Feature","geometry":{"type":"Point","coordinates":[18.456357,54.423927]},"properties":{"lines":"169, 210","color":"#0059a9","mode":"bus","arr":["169","210"],"angle":-55.9,"extra":1}},{"type":"Feature","geometry":{"type":"Point","coordinates":[18.480667,54.413443]},"properties":{"lines":"169, 210","color":"#0059a9","mode":"bus","arr":["169","210"],"angle":79}},{"type":"Feature","geometry":{"type":"Point","coordinates":[18.451898,54.420328]},"properties":{"lines":"169, 179, 210, 269, N1","color":"#0059a9","mode":"bus","arr":["169","179","210","269","N1"],"angle":59.2}},{"type":"Feature","geometry":{"type":"Point","coordinates":[18.451939,54.420686]},"properties":{"lines":"169, 179, 269, N1","color":"#0059a9","mode":"bus","arr":["169","179","269","N1"],"angle":-58.3}},{"type":"Feature","geometry":{"type":"Point","coordinates":[18.464563,54.416718]},"properties":{"lines":"169, 179, 269, N1","color":"#0059a9","mode":"bus","arr":["169","179","269","N1"],"angle":4}},{"type":"Feature","geometry":{"type":"Point","coordinates":[18.454138,54.417637]},"properties":{"lines":"169, 179, 269, N1","color":"#0059a9","mode":"bus","arr":["169","179","269","N1"],"angle":13.5,"extra":1}},{"type":"Feature","geometry":{"type":"Point","coordinates":[18.470899,54.416458]},"properties":{"lines":"169, 179, 269, N1","color":"#0059a9","mode":"bus","arr":["169","179","269","N1"],"angle":2.8,"extra":1}},{"type":"Feature","geometry":{"type":"Point","coordinates":[18.479362,54.416119]},"properties":{"lines":"169, 179, 269, N1","color":"#0059a9","mode":"bus","arr":["169","179","269","N1"],"angle":9,"extra":1}},{"type":"Feature","geometry":{"type":"Point","coordinates":[18.548497,54.410912]},"properties":{"lines":"169, 171, 622","color":"#0059a9","mode":"bus","arr":["169","171","622"],"angle":43.1}},{"type":"Feature","geometry":{"type":"Point","coordinates":[18.539874,54.411439]},"properties":{"lines":"169, 622","color":"#0059a9","mode":"bus","arr":["169","622"],"angle":-3}},{"type":"Feature","geometry":{"type":"Point","coordinates":[18.546176,54.411423]},"properties":{"lines":"169, 622","color":"#0059a9","mode":"bus","arr":["169","622"],"angle":10.6,"extra":1}},{"type":"Feature","geometry":{"type":"Point","coordinates":[18.462666,54.437529]},"properties":{"lines":"171, 269","color":"#0059a9","mode":"bus","arr":["171","269"],"angle":71}},{"type":"Feature","geometry":{"type":"Point","coordinates":[18.466426,54.43476]},"properties":{"lines":"171, 269","color":"#0059a9","mode":"bus","arr":["171","269"],"angle":40.3,"extra":1}},{"type":"Feature","geometry":{"type":"Point","coordinates":[18.445261,54.442212]},"properties":{"lines":"171","color":"#0059a9","mode":"bus","arr":["171"],"angle":12.3}},{"type":"Feature","geometry":{"type":"Point","coordinates":[18.454649,54.44156]},"properties":{"lines":"171","color":"#0059a9","mode":"bus","arr":["171"],"angle":19.2,"extra":1}},{"type":"Feature","geometry":{"type":"Point","coordinates":[18.437829,54.442694]},"properties":{"lines":"171","color":"#0059a9","mode":"bus","arr":["171"],"angle":-1.7,"extra":1}},{"type":"Feature","geometry":{"type":"Point","coordinates":[18.429436,54.442571]},"properties":{"lines":"171","color":"#0059a9","mode":"bus","arr":["171"],"angle":7.9,"extra":1}},{"type":"Feature","geometry":{"type":"Point","coordinates":[18.421377,54.443495]},"properties":{"lines":"171","color":"#0059a9","mode":"bus","arr":["171"],"angle":6.3,"extra":1}},{"type":"Feature","geometry":{"type":"Point","coordinates":[18.47402,54.431033]},"properties":{"lines":"171","color":"#0059a9","mode":"bus","arr":["171"],"angle":40.1,"extra":1}},{"type":"Feature","geometry":{"type":"Point","coordinates":[18.467533,54.434222]},"properties":{"lines":"171","color":"#0059a9","mode":"bus","arr":["171"],"angle":40.1,"extra":1}},{"type":"Feature","geometry":{"type":"Point","coordinates":[18.463486,54.436324]},"properties":{"lines":"171","color":"#0059a9","mode":"bus","arr":["171"],"angle":54.6,"extra":1}},{"type":"Feature","geometry":{"type":"Point","coordinates":[18.419778,54.443529]},"properties":{"lines":"171","color":"#0059a9","mode":"bus","arr":["171"],"angle":-85.5}},{"type":"Feature","geometry":{"type":"Point","coordinates":[18.44177,54.454941]},"properties":{"lines":"171","color":"#0059a9","mode":"bus","arr":["171"],"angle":-70.4}},{"type":"Feature","geometry":{"type":"Point","coordinates":[18.421852,54.445488]},"properties":{"lines":"171","color":"#0059a9","mode":"bus","arr":["171"],"angle":-34.8,"extra":1}},{"type":"Feature","geometry":{"type":"Point","coordinates":[18.428964,54.448037]},"properties":{"lines":"171","color":"#0059a9","mode":"bus","arr":["171"],"angle":-63.2,"extra":1}},{"type":"Feature","geometry":{"type":"Point","coordinates":[18.424605,54.451257]},"properties":{"lines":"171","color":"#0059a9","mode":"bus","arr":["171"],"angle":19.3,"extra":1}},{"type":"Feature","geometry":{"type":"Point","coordinates":[18.422529,54.453699]},"properties":{"lines":"171","color":"#0059a9","mode":"bus","arr":["171"],"angle":9.8,"extra":1}},{"type":"Feature","geometry":{"type":"Point","coordinates":[18.429915,54.451505]},"properties":{"lines":"171","color":"#0059a9","mode":"bus","arr":["171"],"angle":34.4,"extra":1}},{"type":"Feature","geometry":{"type":"Point","coordinates":[18.437931,54.451148]},"properties":{"lines":"171","color":"#0059a9","mode":"bus","arr":["171"],"angle":-25.1,"extra":1}},{"type":"Feature","geometry":{"type":"Point","coordinates":[18.447393,54.45864]},"properties":{"lines":"171","color":"#0059a9","mode":"bus","arr":["171"],"angle":-57.5,"extra":1}},{"type":"Feature","geometry":{"type":"Point","coordinates":[18.453218,54.462053]},"properties":{"lines":"171","color":"#0059a9","mode":"bus","arr":["171"],"angle":-38.8,"extra":1}},{"type":"Feature","geometry":{"type":"Point","coordinates":[18.459891,54.465106]},"properties":{"lines":"171","color":"#0059a9","mode":"bus","arr":["171"],"angle":-39.3,"extra":1}},{"type":"Feature","geometry":{"type":"Point","coordinates":[18.466482,54.468222]},"properties":{"lines":"171","color":"#0059a9","mode":"bus","arr":["171"],"angle":-38.6,"extra":1}},{"type":"Feature","geometry":{"type":"Point","coordinates":[18.465637,54.47217]},"properties":{"lines":"171","color":"#0059a9","mode":"bus","arr":["171"],"angle":57.5,"extra":1}},{"type":"Feature","geometry":{"type":"Point","coordinates":[18.470248,54.475043]},"properties":{"lines":"171","color":"#0059a9","mode":"bus","arr":["171"],"angle":-27.2,"extra":1}},{"type":"Feature","geometry":{"type":"Point","coordinates":[18.478014,54.472983]},"properties":{"lines":"171","color":"#0059a9","mode":"bus","arr":["171"],"angle":-25.7}},{"type":"Feature","geometry":{"type":"Point","coordinates":[18.474825,54.475117]},"properties":{"lines":"171","color":"#0059a9","mode":"bus","arr":["171"],"angle":36.9,"extra":1}},{"type":"Feature","geometry":{"type":"Point","coordinates":[18.529958,54.326638]},"properties":{"lines":"174","color":"#0059a9","mode":"bus","arr":["174"],"angle":-20.9}},{"type":"Feature","geometry":{"type":"Point","coordinates":[18.545823,54.323218]},"properties":{"lines":"174","color":"#0059a9","mode":"bus","arr":["174"],"angle":-36.7,"extra":1}},{"type":"Feature","geometry":{"type":"Point","coordinates":[18.541328,54.325655]},"properties":{"lines":"174","color":"#0059a9","mode":"bus","arr":["174"],"angle":55.4,"extra":1}},{"type":"Feature","geometry":{"type":"Point","coordinates":[18.536032,54.327078]},"properties":{"lines":"174","color":"#0059a9","mode":"bus","arr":["174"],"angle":-25.2,"extra":1}},{"type":"Feature","geometry":{"type":"Point","coordinates":[18.51949,54.325817]},"properties":{"lines":"174","color":"#0059a9","mode":"bus","arr":["174"],"angle":-39.7,"extra":1}},{"type":"Feature","geometry":{"type":"Point","coordinates":[18.512546,54.323072]},"properties":{"lines":"174","color":"#0059a9","mode":"bus","arr":["174"],"angle":-18,"extra":1}},{"type":"Feature","geometry":{"type":"Point","coordinates":[18.50466,54.321192]},"properties":{"lines":"174","color":"#0059a9","mode":"bus","arr":["174"],"angle":86.9}},{"type":"Feature","geometry":{"type":"Point","coordinates":[18.605012,54.314572]},"properties":{"lines":"175, 289","color":"#0059a9","mode":"bus","arr":["175","289"],"angle":-83.7}},{"type":"Feature","geometry":{"type":"Point","coordinates":[18.602858,54.30591]},"properties":{"lines":"175, 289, N2","color":"#0059a9","mode":"bus","arr":["175","289","N2"],"angle":55.9}},{"type":"Feature","geometry":{"type":"Point","coordinates":[18.605797,54.303234]},"properties":{"lines":"175, 289, N2","color":"#0059a9","mode":"bus","arr":["175","289","N2"],"angle":54.6,"extra":1}},{"type":"Feature","geometry":{"type":"Point","coordinates":[18.606796,54.301766]},"properties":{"lines":"175, 289, N2, N89","color":"#0059a9","mode":"bus","arr":["175","289","N2","N89"],"angle":77.8}},{"type":"Feature","geometry":{"type":"Point","coordinates":[18.590423,54.313167]},"properties":{"lines":"176, 213","color":"#0059a9","mode":"bus","arr":["176","213"],"angle":-87.5}},{"type":"Feature","geometry":{"type":"Point","coordinates":[18.590897,54.315881]},"properties":{"lines":"176, 213","color":"#0059a9","mode":"bus","arr":["176","213"],"angle":-77.8,"extra":1}},{"type":"Feature","geometry":{"type":"Point","coordinates":[18.58014,54.303882]},"properties":{"lines":"176, N4","color":"#0059a9","mode":"bus","arr":["176","N4"],"angle":-60.6}},{"type":"Feature","geometry":{"type":"Point","coordinates":[18.586945,54.301344]},"properties":{"lines":"176","color":"#0059a9","mode":"bus","arr":["176"],"angle":24.4}},{"type":"Feature","geometry":{"type":"Point","coordinates":[18.598266,54.298498]},"properties":{"lines":"176","color":"#0059a9","mode":"bus","arr":["176"],"angle":2.6}},{"type":"Feature","geometry":{"type":"Point","coordinates":[18.59475,54.300474]},"properties":{"lines":"176","color":"#0059a9","mode":"bus","arr":["176"],"angle":15.2}},{"type":"Feature","geometry":{"type":"Point","coordinates":[18.645547,54.34761]},"properties":{"lines":"178, 606, N8, N9, T8","color":"#0059a9","mode":"bus","arr":["178","606","N8","N9","T8"],"angle":31.2}},{"type":"Feature","geometry":{"type":"Point","coordinates":[18.685727,54.340635]},"properties":{"lines":"178, N78","color":"#0059a9","mode":"bus","arr":["178","N78"],"angle":55.5}},{"type":"Feature","geometry":{"type":"Point","coordinates":[18.672368,54.34359]},"properties":{"lines":"178, N78","color":"#0059a9","mode":"bus","arr":["178","N78"],"angle":88.2,"extra":1}},{"type":"Feature","geometry":{"type":"Point","coordinates":[18.678761,54.345613]},"properties":{"lines":"178, N78","color":"#0059a9","mode":"bus","arr":["178","N78"],"angle":-12.7,"extra":1}},{"type":"Feature","geometry":{"type":"Point","coordinates":[18.678147,54.336292]},"properties":{"lines":"178, N78","color":"#0059a9","mode":"bus","arr":["178","N78"],"angle":-34,"extra":1}},{"type":"Feature","geometry":{"type":"Point","coordinates":[18.666713,54.331435]},"properties":{"lines":"178, N78","color":"#0059a9","mode":"bus","arr":["178","N78"],"angle":55.2}},{"type":"Feature","geometry":{"type":"Point","coordinates":[18.67536,54.336207]},"properties":{"lines":"178, 183, N78","color":"#0059a9","mode":"bus","arr":["178","183","N78"],"angle":-35}},{"type":"Feature","geometry":{"type":"Point","coordinates":[18.669085,54.333778]},"properties":{"lines":"178, 183, N78","color":"#0059a9","mode":"bus","arr":["178","183","N78"],"angle":-33.8,"extra":1}},{"type":"Feature","geometry":{"type":"Point","coordinates":[18.670821,54.340708]},"properties":{"lines":"178, 183, N78","color":"#0059a9","mode":"bus","arr":["178","183","N78"],"angle":55.8,"extra":1}},{"type":"Feature","geometry":{"type":"Point","coordinates":[18.66929,54.342039]},"properties":{"lines":"178, 183, N78","color":"#0059a9","mode":"bus","arr":["178","183","N78"],"angle":51.4}},{"type":"Feature","geometry":{"type":"Point","coordinates":[18.658451,54.335276]},"properties":{"lines":"183","color":"#0059a9","mode":"bus","arr":["183"],"angle":-80.3}},{"type":"Feature","geometry":{"type":"Point","coordinates":[18.657327,54.333811]},"properties":{"lines":"183","color":"#0059a9","mode":"bus","arr":["183"],"angle":-27.7}},{"type":"Feature","geometry":{"type":"Point","coordinates":[18.629909,54.363075]},"properties":{"lines":"183","color":"#0059a9","mode":"bus","arr":["183"],"angle":44.4}},{"type":"Feature","geometry":{"type":"Point","coordinates":[18.645015,54.346802]},"properties":{"lines":"183","color":"#0059a9","mode":"bus","arr":["183"],"angle":79.8}},{"type":"Feature","geometry":{"type":"Point","coordinates":[18.666257,54.338374]},"properties":{"lines":"183","color":"#0059a9","mode":"bus","arr":["183"],"angle":55.8}},{"type":"Feature","geometry":{"type":"Point","coordinates":[18.689885,54.31788]},"properties":{"lines":"178","color":"#0059a9","mode":"bus","arr":["178"],"angle":-33.9}},{"type":"Feature","geometry":{"type":"Point","coordinates":[18.670165,54.328486]},"properties":{"lines":"178","color":"#0059a9","mode":"bus","arr":["178"],"angle":55.8,"extra":1}},{"type":"Feature","geometry":{"type":"Point","coordinates":[18.674937,54.324396]},"properties":{"lines":"178","color":"#0059a9","mode":"bus","arr":["178"],"angle":55.9,"extra":1}},{"type":"Feature","geometry":{"type":"Point","coordinates":[18.679697,54.320301]},"properties":{"lines":"178","color":"#0059a9","mode":"bus","arr":["178"],"angle":55.7,"extra":1}},{"type":"Feature","geometry":{"type":"Point","coordinates":[18.684457,54.316206]},"properties":{"lines":"178","color":"#0059a9","mode":"bus","arr":["178"],"angle":56,"extra":1}},{"type":"Feature","geometry":{"type":"Point","coordinates":[18.692678,54.321839]},"properties":{"lines":"178","color":"#0059a9","mode":"bus","arr":["178"],"angle":55.8,"extra":1}},{"type":"Feature","geometry":{"type":"Point","coordinates":[18.687904,54.325929]},"properties":{"lines":"178","color":"#0059a9","mode":"bus","arr":["178"],"angle":55.8,"extra":1}},{"type":"Feature","geometry":{"type":"Point","coordinates":[18.68317,54.330034]},"properties":{"lines":"178","color":"#0059a9","mode":"bus","arr":["178"],"angle":56,"extra":1}},{"type":"Feature","geometry":{"type":"Point","coordinates":[18.678448,54.334144]},"properties":{"lines":"178","color":"#0059a9","mode":"bus","arr":["178"],"angle":55.2,"extra":1}},{"type":"Feature","geometry":{"type":"Point","coordinates":[18.478902,54.426656]},"properties":{"lines":"179, 210, N1","color":"#0059a9","mode":"bus","arr":["179","210","N1"],"angle":-89.1}},{"type":"Feature","geometry":{"type":"Point","coordinates":[18.478628,54.421925]},"properties":{"lines":"179, 210, 269, N1","color":"#0059a9","mode":"bus","arr":["179","210","269","N1"],"angle":-88.1}},{"type":"Feature","geometry":{"type":"Point","coordinates":[18.639893,54.363372]},"properties":{"lines":"183, 184, N1, N14, N4","color":"#0059a9","mode":"bus","arr":["183","184","N1","N14","N4"],"angle":45.4}},{"type":"Feature","geometry":{"type":"Point","coordinates":[18.643183,54.356574]},"properties":{"lines":"184","color":"#0059a9","mode":"bus","arr":["184"],"angle":-86.6}},{"type":"Feature","geometry":{"type":"Point","coordinates":[18.633893,54.366932]},"properties":{"lines":"184, N1, N14, N4","color":"#0059a9","mode":"bus","arr":["184","N1","N14","N4"],"angle":45.8}},{"type":"Feature","geometry":{"type":"Point","coordinates":[18.636103,54.364982]},"properties":{"lines":"184, N1, N14, N4","color":"#0059a9","mode":"bus","arr":["184","N1","N14","N4"],"angle":45.3}},{"type":"Feature","geometry":{"type":"Point","coordinates":[18.588863,54.358863]},"properties":{"lines":"184, N6","color":"#0059a9","mode":"bus","arr":["184","N6"],"angle":-82.5}},{"type":"Feature","geometry":{"type":"Point","coordinates":[18.751468,54.341298]},"properties":{"lines":"186","color":"#0059a9","mode":"bus","arr":["186"],"angle":-23.9}},{"type":"Feature","geometry":{"type":"Point","coordinates":[18.736279,54.338289]},"properties":{"lines":"186","color":"#0059a9","mode":"bus","arr":["186"],"angle":-1.3,"extra":1}},{"type":"Feature","geometry":{"type":"Point","coordinates":[18.744345,54.339561]},"properties":{"lines":"186","color":"#0059a9","mode":"bus","arr":["186"],"angle":-10.7,"extra":1}},{"type":"Feature","geometry":{"type":"Point","coordinates":[18.760422,54.342047]},"properties":{"lines":"186","color":"#0059a9","mode":"bus","arr":["186"],"angle":8,"extra":1}},{"type":"Feature","geometry":{"type":"Point","coordinates":[18.767033,54.343121]},"properties":{"lines":"186","color":"#0059a9","mode":"bus","arr":["186"],"angle":21.5,"extra":1}},{"type":"Feature","geometry":{"type":"Point","coordinates":[18.794465,54.341928]},"properties":{"lines":"186","color":"#0059a9","mode":"bus","arr":["186"],"angle":55.6}},{"type":"Feature","geometry":{"type":"Point","coordinates":[18.818609,54.335985]},"properties":{"lines":"186","color":"#0059a9","mode":"bus","arr":["186"],"angle":-20.2,"extra":1}},{"type":"Feature","geometry":{"type":"Point","coordinates":[18.810304,54.335504]},"properties":{"lines":"186","color":"#0059a9","mode":"bus","arr":["186"],"angle":28.2,"extra":1}},{"type":"Feature","geometry":{"type":"Point","coordinates":[18.803038,54.337996]},"properties":{"lines":"186","color":"#0059a9","mode":"bus","arr":["186"],"angle":29.5,"extra":1}},{"type":"Feature","geometry":{"type":"Point","coordinates":[18.790775,54.344537]},"properties":{"lines":"186","color":"#0059a9","mode":"bus","arr":["186"],"angle":38.8,"extra":1}},{"type":"Feature","geometry":{"type":"Point","coordinates":[18.783747,54.346902]},"properties":{"lines":"186","color":"#0059a9","mode":"bus","arr":["186"],"angle":-0.2,"extra":1}},{"type":"Feature","geometry":{"type":"Point","coordinates":[18.775287,54.346922]},"properties":{"lines":"186","color":"#0059a9","mode":"bus","arr":["186"],"angle":11.2,"extra":1}},{"type":"Feature","geometry":{"type":"Point","coordinates":[18.770518,54.343536]},"properties":{"lines":"186","color":"#0059a9","mode":"bus","arr":["186"],"angle":-63.6,"extra":1}},{"type":"Feature","geometry":{"type":"Point","coordinates":[18.809115,54.348464]},"properties":{"lines":"186","color":"#0059a9","mode":"bus","arr":["186"],"angle":10.9}},{"type":"Feature","geometry":{"type":"Point","coordinates":[18.822238,54.345353]},"properties":{"lines":"186","color":"#0059a9","mode":"bus","arr":["186"],"angle":29.5,"extra":1}},{"type":"Feature","geometry":{"type":"Point","coordinates":[18.814394,54.347084]},"properties":{"lines":"186","color":"#0059a9","mode":"bus","arr":["186"],"angle":8.3,"extra":1}},{"type":"Feature","geometry":{"type":"Point","coordinates":[18.798064,54.349171]},"properties":{"lines":"186","color":"#0059a9","mode":"bus","arr":["186"],"angle":10.5,"extra":1}},{"type":"Feature","geometry":{"type":"Point","coordinates":[18.616321,54.310125]},"properties":{"lines":"189, 289, N89","color":"#0059a9","mode":"bus","arr":["189","289","N89"],"angle":-29.2}},{"type":"Feature","geometry":{"type":"Point","coordinates":[18.612212,54.304859]},"properties":{"lines":"189, 289, N89","color":"#0059a9","mode":"bus","arr":["189","289","N89"],"angle":-52.3,"extra":1}},{"type":"Feature","geometry":{"type":"Point","coordinates":[18.62261,54.309961]},"properties":{"lines":"189, 289, N89","color":"#0059a9","mode":"bus","arr":["189","289","N89"],"angle":-0.2,"extra":1}},{"type":"Feature","geometry":{"type":"Point","coordinates":[18.608665,54.30221]},"properties":{"lines":"189, 289, N2, N89","color":"#0059a9","mode":"bus","arr":["189","289","N2","N89"],"angle":-51.7}},{"type":"Feature","geometry":{"type":"Point","coordinates":[18.605422,54.344505]},"properties":{"lines":"195","color":"#0059a9","mode":"bus","arr":["195"],"angle":-42.7}},{"type":"Feature","geometry":{"type":"Point","coordinates":[18.60688,54.330363]},"properties":{"lines":"195","color":"#0059a9","mode":"bus","arr":["195"],"angle":58}},{"type":"Feature","geometry":{"type":"Point","coordinates":[18.609887,54.343297]},"properties":{"lines":"195","color":"#0059a9","mode":"bus","arr":["195"],"angle":-18.7}},{"type":"Feature","geometry":{"type":"Point","coordinates":[18.613409,54.34569]},"properties":{"lines":"195","color":"#0059a9","mode":"bus","arr":["195"],"angle":79.6}},{"type":"Feature","geometry":{"type":"Point","coordinates":[18.599595,54.336472]},"properties":{"lines":"195, 227, 262, N14","color":"#0059a9","mode":"bus","arr":["195","227","262","N14"],"angle":30}},{"type":"Feature","geometry":{"type":"Point","coordinates":[18.60174,54.333089]},"properties":{"lines":"195, 208, 262, N4","color":"#0059a9","mode":"bus","arr":["195","208","262","N4"],"angle":-84.3}},{"type":"Feature","geometry":{"type":"Point","coordinates":[18.592583,54.413084]},"properties":{"lines":"199","color":"#0059a9","mode":"bus","arr":["199"],"angle":-16.7}},{"type":"Feature","geometry":{"type":"Point","coordinates":[18.601962,54.41331]},"properties":{"lines":"199","color":"#0059a9","mode":"bus","arr":["199"],"angle":58.6}},{"type":"Feature","geometry":{"type":"Point","coordinates":[18.605522,54.408103]},"properties":{"lines":"199, N14","color":"#0059a9","mode":"bus","arr":["199","N14"],"angle":71.6}},{"type":"Feature","geometry":{"type":"Point","coordinates":[18.586603,54.390243]},"properties":{"lines":"199, 262","color":"#0059a9","mode":"bus","arr":["199","262"],"angle":49.4}},{"type":"Feature","geometry":{"type":"Point","coordinates":[18.590009,54.387923]},"properties":{"lines":"199, 262","color":"#0059a9","mode":"bus","arr":["199","262"],"angle":49.8,"extra":1}},{"type":"Feature","geometry":{"type":"Point","coordinates":[18.579297,54.395592]},"properties":{"lines":"199, 262","color":"#0059a9","mode":"bus","arr":["199","262"],"angle":58.9,"extra":1}},{"type":"Feature","geometry":{"type":"Point","coordinates":[18.575146,54.3999]},"properties":{"lines":"199, 262","color":"#0059a9","mode":"bus","arr":["199","262"],"angle":66.7,"extra":1}},{"type":"Feature","geometry":{"type":"Point","coordinates":[18.603586,54.381596]},"properties":{"lines":"199, N2","color":"#0059a9","mode":"bus","arr":["199","N2"],"angle":79.5}},{"type":"Feature","geometry":{"type":"Point","coordinates":[18.586652,54.390424]},"properties":{"lines":"199, 262, N14, N4","color":"#0059a9","mode":"bus","arr":["199","262","N14","N4"],"angle":49.7}},{"type":"Feature","geometry":{"type":"Point","coordinates":[18.583109,54.392831]},"properties":{"lines":"199, 262, N14, N4","color":"#0059a9","mode":"bus","arr":["199","262","N14","N4"],"angle":49.6,"extra":1}},{"type":"Feature","geometry":{"type":"Point","coordinates":[18.484812,54.400647]},"properties":{"lines":"210","color":"#0059a9","mode":"bus","arr":["210"],"angle":-89.5}},{"type":"Feature","geometry":{"type":"Point","coordinates":[18.484088,54.3912]},"properties":{"lines":"210","color":"#0059a9","mode":"bus","arr":["210"],"angle":-73.7,"extra":1}},{"type":"Feature","geometry":{"type":"Point","coordinates":[18.486606,54.3958]},"properties":{"lines":"210","color":"#0059a9","mode":"bus","arr":["210"],"angle":74.7,"extra":1}},{"type":"Feature","geometry":{"type":"Point","coordinates":[18.485278,54.405538]},"properties":{"lines":"210","color":"#0059a9","mode":"bus","arr":["210"],"angle":-86.8,"extra":1}},{"type":"Feature","geometry":{"type":"Point","coordinates":[18.485781,54.410476]},"properties":{"lines":"210","color":"#0059a9","mode":"bus","arr":["210"],"angle":-86.9,"extra":1}},{"type":"Feature","geometry":{"type":"Point","coordinates":[18.467631,54.382677]},"properties":{"lines":"210, N3","color":"#0059a9","mode":"bus","arr":["210","N3"],"angle":21.9}},{"type":"Feature","geometry":{"type":"Point","coordinates":[18.766518,54.328837]},"properties":{"lines":"212, 607, 612","color":"#0059a9","mode":"bus","arr":["212","607","612"],"angle":-10.2}},{"type":"Feature","geometry":{"type":"Point","coordinates":[18.784048,54.329771]},"properties":{"lines":"212, 607, 612","color":"#0059a9","mode":"bus","arr":["212","607","612"],"angle":-0.1,"extra":1}},{"type":"Feature","geometry":{"type":"Point","coordinates":[18.775564,54.329696]},"properties":{"lines":"212, 607, 612","color":"#0059a9","mode":"bus","arr":["212","607","612"],"angle":-4.8,"extra":1}},{"type":"Feature","geometry":{"type":"Point","coordinates":[18.758837,54.32803]},"properties":{"lines":"212, 607, 612","color":"#0059a9","mode":"bus","arr":["212","607","612"],"angle":-10.2,"extra":1}},{"type":"Feature","geometry":{"type":"Point","coordinates":[18.750485,54.327153]},"properties":{"lines":"212, 607, 612","color":"#0059a9","mode":"bus","arr":["212","607","612"],"angle":-10.2,"extra":1}},{"type":"Feature","geometry":{"type":"Point","coordinates":[18.590797,54.403975]},"properties":{"lines":"227, N1","color":"#0059a9","mode":"bus","arr":["227","N1"],"angle":73.2}},{"type":"Feature","geometry":{"type":"Point","coordinates":[18.592179,54.401091]},"properties":{"lines":"227, N1","color":"#0059a9","mode":"bus","arr":["227","N1"],"angle":76.1,"extra":1}},{"type":"Feature","geometry":{"type":"Point","coordinates":[18.563114,54.308169]},"properties":{"lines":"255","color":"#0059a9","mode":"bus","arr":["255"],"angle":57.8}},{"type":"Feature","geometry":{"type":"Point","coordinates":[18.550892,54.305151]},"properties":{"lines":"255, 256, N56","color":"#0059a9","mode":"bus","arr":["255","256","N56"],"angle":-27.3}},{"type":"Feature","geometry":{"type":"Point","coordinates":[18.551992,54.299572]},"properties":{"lines":"255, 256","color":"#0059a9","mode":"bus","arr":["255","256"],"angle":72.8}},{"type":"Feature","geometry":{"type":"Point","coordinates":[18.548993,54.301811]},"properties":{"lines":"255, 256","color":"#0059a9","mode":"bus","arr":["255","256"],"angle":31.9,"extra":1}},{"type":"Feature","geometry":{"type":"Point","coordinates":[18.554467,54.294634]},"properties":{"lines":"255, 256","color":"#0059a9","mode":"bus","arr":["255","256"],"angle":-45.6}},{"type":"Feature","geometry":{"type":"Point","coordinates":[18.563337,54.310151]},"properties":{"lines":"256, N56","color":"#0059a9","mode":"bus","arr":["256","N56"],"angle":-37.6}},{"type":"Feature","geometry":{"type":"Point","coordinates":[18.690274,54.366393]},"properties":{"lines":"258","color":"#0059a9","mode":"bus","arr":["258"],"angle":-4.4}},{"type":"Feature","geometry":{"type":"Point","coordinates":[18.684225,54.374778]},"properties":{"lines":"258","color":"#0059a9","mode":"bus","arr":["258"],"angle":-60.4}},{"type":"Feature","geometry":{"type":"Point","coordinates":[18.708266,54.360758]},"properties":{"lines":"258","color":"#0059a9","mode":"bus","arr":["258"],"angle":46.6}},{"type":"Feature","geometry":{"type":"Point","coordinates":[18.685092,54.370495]},"properties":{"lines":"258, 606","color":"#0059a9","mode":"bus","arr":["258","606"],"angle":68.8}},{"type":"Feature","geometry":{"type":"Point","coordinates":[18.684111,54.373828]},"properties":{"lines":"258, 606","color":"#0059a9","mode":"bus","arr":["258","606"],"angle":83.7,"extra":1}},{"type":"Feature","geometry":{"type":"Point","coordinates":[18.57673,54.402188]},"properties":{"lines":"262","color":"#0059a9","mode":"bus","arr":["262"],"angle":-13.7}},{"type":"Feature","geometry":{"type":"Point","coordinates":[18.524839,54.354435]},"properties":{"lines":"268","color":"#0059a9","mode":"bus","arr":["268"],"angle":44.7}},{"type":"Feature","geometry":{"type":"Point","coordinates":[18.527124,54.351762]},"properties":{"lines":"268","color":"#0059a9","mode":"bus","arr":["268"],"angle":-81.5,"extra":1}},{"type":"Feature","geometry":{"type":"Point","coordinates":[18.511634,54.350452]},"properties":{"lines":"268","color":"#0059a9","mode":"bus","arr":["268"],"angle":-60.3}},{"type":"Feature","geometry":{"type":"Point","coordinates":[18.511014,54.352494]},"properties":{"lines":"268","color":"#0059a9","mode":"bus","arr":["268"],"angle":14.2}},{"type":"Feature","geometry":{"type":"Point","coordinates":[18.501742,54.357649]},"properties":{"lines":"268","color":"#0059a9","mode":"bus","arr":["268"],"angle":14.3}},{"type":"Feature","geometry":{"type":"Point","coordinates":[18.496445,54.35822]},"properties":{"lines":"268","color":"#0059a9","mode":"bus","arr":["268"],"angle":-49.8,"extra":1}},{"type":"Feature","geometry":{"type":"Point","coordinates":[18.494935,54.357176]},"properties":{"lines":"268","color":"#0059a9","mode":"bus","arr":["268"],"angle":-50.7}},{"type":"Feature","geometry":{"type":"Point","coordinates":[18.481698,54.353179]},"properties":{"lines":"268","color":"#0059a9","mode":"bus","arr":["268"],"angle":-15.8}},{"type":"Feature","geometry":{"type":"Point","coordinates":[18.468089,54.353954]},"properties":{"lines":"268","color":"#0059a9","mode":"bus","arr":["268"],"angle":20.9}},{"type":"Feature","geometry":{"type":"Point","coordinates":[18.473462,54.344318]},"properties":{"lines":"268","color":"#0059a9","mode":"bus","arr":["268"],"angle":-56,"extra":1}},{"type":"Feature","geometry":{"type":"Point","coordinates":[18.478783,54.347882]},"properties":{"lines":"268","color":"#0059a9","mode":"bus","arr":["268"],"angle":-69.7,"extra":1}},{"type":"Feature","geometry":{"type":"Point","coordinates":[18.478913,54.35218]},"properties":{"lines":"268","color":"#0059a9","mode":"bus","arr":["268"],"angle":-41.4,"extra":1}},{"type":"Feature","geometry":{"type":"Point","coordinates":[18.47457,54.353215]},"properties":{"lines":"268","color":"#0059a9","mode":"bus","arr":["268"],"angle":-9.6,"extra":1}},{"type":"Feature","geometry":{"type":"Point","coordinates":[18.462747,54.358658]},"properties":{"lines":"268","color":"#0059a9","mode":"bus","arr":["268"],"angle":67.9,"extra":1}},{"type":"Feature","geometry":{"type":"Point","coordinates":[18.459932,54.363314]},"properties":{"lines":"268","color":"#0059a9","mode":"bus","arr":["268"],"angle":74.1,"extra":1}},{"type":"Feature","geometry":{"type":"Point","coordinates":[18.453399,54.365138]},"properties":{"lines":"268","color":"#0059a9","mode":"bus","arr":["268"],"angle":0.9,"extra":1}},{"type":"Feature","geometry":{"type":"Point","coordinates":[18.444915,54.365157]},"properties":{"lines":"268","color":"#0059a9","mode":"bus","arr":["268"],"angle":-0.3,"extra":1}},{"type":"Feature","geometry":{"type":"Point","coordinates":[18.44394,54.365397]},"properties":{"lines":"268","color":"#0059a9","mode":"bus","arr":["268"],"angle":43.5}},{"type":"Feature","geometry":{"type":"Point","coordinates":[18.448039,54.41668]},"properties":{"lines":"269","color":"#0059a9","mode":"bus","arr":["269"],"angle":-72.4}},{"type":"Feature","geometry":{"type":"Point","coordinates":[18.47635,54.424758]},"properties":{"lines":"269","color":"#0059a9","mode":"bus","arr":["269"],"angle":9.6}},{"type":"Feature","geometry":{"type":"Point","coordinates":[18.468576,54.429074]},"properties":{"lines":"269","color":"#0059a9","mode":"bus","arr":["269"],"angle":-50.2}},{"type":"Feature","geometry":{"type":"Point","coordinates":[18.471441,54.432171]},"properties":{"lines":"269","color":"#0059a9","mode":"bus","arr":["269"],"angle":-50.1,"extra":1}},{"type":"Feature","geometry":{"type":"Point","coordinates":[18.458914,54.441376]},"properties":{"lines":"269","color":"#0059a9","mode":"bus","arr":["269"],"angle":-83.9}},{"type":"Feature","geometry":{"type":"Point","coordinates":[18.446368,54.414169]},"properties":{"lines":"269","color":"#0059a9","mode":"bus","arr":["269"],"angle":-70.2}},{"type":"Feature","geometry":{"type":"Point","coordinates":[18.460508,54.444358]},"properties":{"lines":"269","color":"#0059a9","mode":"bus","arr":["269"],"angle":61}},{"type":"Feature","geometry":{"type":"Point","coordinates":[18.621652,54.317142]},"properties":{"lines":"289","color":"#0059a9","mode":"bus","arr":["289"],"angle":-58.1}},{"type":"Feature","geometry":{"type":"Point","coordinates":[18.629194,54.320626]},"properties":{"lines":"289","color":"#0059a9","mode":"bus","arr":["289"],"angle":-80.1,"extra":1}},{"type":"Feature","geometry":{"type":"Point","coordinates":[18.610406,54.316083]},"properties":{"lines":"289","color":"#0059a9","mode":"bus","arr":["289"],"angle":2.4,"extra":1}},{"type":"Feature","geometry":{"type":"Point","coordinates":[18.582462,54.317569]},"properties":{"lines":"295, N1","color":"#0059a9","mode":"bus","arr":["295","N1"],"angle":56}},{"type":"Feature","geometry":{"type":"Point","coordinates":[18.644819,54.258154]},"properties":{"lines":"307, M32","color":"#0059a9","mode":"bus","arr":["307","M32"],"angle":-66.9}},{"type":"Feature","geometry":{"type":"Point","coordinates":[18.641382,54.261484]},"properties":{"lines":"307, M32","color":"#0059a9","mode":"bus","arr":["307","M32"],"angle":10.4}},{"type":"Feature","geometry":{"type":"Point","coordinates":[18.634177,54.260288]},"properties":{"lines":"307","color":"#0059a9","mode":"bus","arr":["307"],"angle":-76.3}},{"type":"Feature","geometry":{"type":"Point","coordinates":[18.624646,54.245604]},"properties":{"lines":"307","color":"#0059a9","mode":"bus","arr":["307"],"angle":11.3}},{"type":"Feature","geometry":{"type":"Point","coordinates":[18.6318,54.24621]},"properties":{"lines":"307","color":"#0059a9","mode":"bus","arr":["307"],"angle":-71.7,"extra":1}},{"type":"Feature","geometry":{"type":"Point","coordinates":[18.618769,54.243365]},"properties":{"lines":"307","color":"#0059a9","mode":"bus","arr":["307"],"angle":-50.1,"extra":1}},{"type":"Feature","geometry":{"type":"Point","coordinates":[18.634712,54.258273]},"properties":{"lines":"307, 607","color":"#0059a9","mode":"bus","arr":["307","607"],"angle":-78}},{"type":"Feature","geometry":{"type":"Point","coordinates":[18.635945,54.261613]},"properties":{"lines":"307, 607","color":"#0059a9","mode":"bus","arr":["307","607"],"angle":-78.3,"extra":1}},{"type":"Feature","geometry":{"type":"Point","coordinates":[18.664789,54.256848]},"properties":{"lines":"507, 607","color":"#0059a9","mode":"bus","arr":["507","607"],"angle":10.2}},{"type":"Feature","geometry":{"type":"Point","coordinates":[18.669564,54.256344]},"properties":{"lines":"507, 607","color":"#0059a9","mode":"bus","arr":["507","607"],"angle":10.3,"extra":1}},{"type":"Feature","geometry":{"type":"Point","coordinates":[18.650462,54.259441]},"properties":{"lines":"507, 607","color":"#0059a9","mode":"bus","arr":["507","607"],"angle":-77.5}},{"type":"Feature","geometry":{"type":"Point","coordinates":[18.664638,54.26413]},"properties":{"lines":"507, 607","color":"#0059a9","mode":"bus","arr":["507","607"],"angle":-38.8}},{"type":"Feature","geometry":{"type":"Point","coordinates":[18.6672,54.262125]},"properties":{"lines":"507","color":"#0059a9","mode":"bus","arr":["507"],"angle":9.9}},{"type":"Feature","geometry":{"type":"Point","coordinates":[18.661858,54.262664]},"properties":{"lines":"507","color":"#0059a9","mode":"bus","arr":["507"],"angle":10.4,"extra":1}},{"type":"Feature","geometry":{"type":"Point","coordinates":[18.662345,54.26309]},"properties":{"lines":"507","color":"#0059a9","mode":"bus","arr":["507"],"angle":4.9}},{"type":"Feature","geometry":{"type":"Point","coordinates":[18.648174,54.262907]},"properties":{"lines":"507","color":"#0059a9","mode":"bus","arr":["507"],"angle":-59.6}},{"type":"Feature","geometry":{"type":"Point","coordinates":[18.867566,54.317288]},"properties":{"lines":"512","color":"#0059a9","mode":"bus","arr":["512"],"angle":68.9}},{"type":"Feature","geometry":{"type":"Point","coordinates":[18.836917,54.340452]},"properties":{"lines":"512","color":"#0059a9","mode":"bus","arr":["512"],"angle":84.4,"extra":1}},{"type":"Feature","geometry":{"type":"Point","coordinates":[18.839515,54.335917]},"properties":{"lines":"512","color":"#0059a9","mode":"bus","arr":["512"],"angle":64.7,"extra":1}},{"type":"Feature","geometry":{"type":"Point","coordinates":[18.843355,54.331558]},"properties":{"lines":"512","color":"#0059a9","mode":"bus","arr":["512"],"angle":75,"extra":1}},{"type":"Feature","geometry":{"type":"Point","coordinates":[18.845635,54.327007]},"properties":{"lines":"512","color":"#0059a9","mode":"bus","arr":["512"],"angle":32.7,"extra":1}},{"type":"Feature","geometry":{"type":"Point","coordinates":[18.853186,54.324767]},"properties":{"lines":"512","color":"#0059a9","mode":"bus","arr":["512"],"angle":25.3,"extra":1}},{"type":"Feature","geometry":{"type":"Point","coordinates":[18.860065,54.321949]},"properties":{"lines":"512","color":"#0059a9","mode":"bus","arr":["512"],"angle":33.7,"extra":1}},{"type":"Feature","geometry":{"type":"Point","coordinates":[18.870514,54.314491]},"properties":{"lines":"512","color":"#0059a9","mode":"bus","arr":["512"],"angle":30.3,"extra":1}},{"type":"Feature","geometry":{"type":"Point","coordinates":[18.877307,54.312459]},"properties":{"lines":"512","color":"#0059a9","mode":"bus","arr":["512"],"angle":-21.6,"extra":1}},{"type":"Feature","geometry":{"type":"Point","coordinates":[18.884487,54.315092]},"properties":{"lines":"512","color":"#0059a9","mode":"bus","arr":["512"],"angle":-32.9,"extra":1}},{"type":"Feature","geometry":{"type":"Point","coordinates":[18.89252,54.315829]},"properties":{"lines":"512","color":"#0059a9","mode":"bus","arr":["512"],"angle":8.6,"extra":1}},{"type":"Feature","geometry":{"type":"Point","coordinates":[18.900984,54.31583]},"properties":{"lines":"512","color":"#0059a9","mode":"bus","arr":["512"],"angle":4.3,"extra":1}},{"type":"Feature","geometry":{"type":"Point","coordinates":[18.909109,54.314438]},"properties":{"lines":"512","color":"#0059a9","mode":"bus","arr":["512"],"angle":19.2,"extra":1}},{"type":"Feature","geometry":{"type":"Point","coordinates":[18.915834,54.311632]},"properties":{"lines":"512","color":"#0059a9","mode":"bus","arr":["512"],"angle":26.5,"extra":1}},{"type":"Feature","geometry":{"type":"Point","coordinates":[18.632597,54.372577]},"properties":{"lines":"600, N6","color":"#0059a9","mode":"bus","arr":["600","N6"],"angle":51.2}},{"type":"Feature","geometry":{"type":"Point","coordinates":[18.683021,54.392793]},"properties":{"lines":"600, 606","color":"#0059a9","mode":"bus","arr":["600","606"],"angle":-43.8}},{"type":"Feature","geometry":{"type":"Point","coordinates":[18.677486,54.393229]},"properties":{"lines":"600, 606","color":"#0059a9","mode":"bus","arr":["600","606"],"angle":-25.7}},{"type":"Feature","geometry":{"type":"Point","coordinates":[18.684448,54.371281]},"properties":{"lines":"606","color":"#0059a9","mode":"bus","arr":["606"],"angle":74.4}},{"type":"Feature","geometry":{"type":"Point","coordinates":[18.670058,54.348571]},"properties":{"lines":"606","color":"#0059a9","mode":"bus","arr":["606"],"angle":-34.1}},{"type":"Feature","geometry":{"type":"Point","coordinates":[18.637791,54.269646]},"properties":{"lines":"607, N5","color":"#0059a9","mode":"bus","arr":["607","N5"],"angle":-76.4}},{"type":"Feature","geometry":{"type":"Point","coordinates":[18.638939,54.269914]},"properties":{"lines":"607, N5","color":"#0059a9","mode":"bus","arr":["607","N5"],"angle":3.6}},{"type":"Feature","geometry":{"type":"Point","coordinates":[18.645205,54.347795]},"properties":{"lines":"612","color":"#0059a9","mode":"bus","arr":["612"],"angle":15.2}},{"type":"Feature","geometry":{"type":"Point","coordinates":[18.693093,54.35931]},"properties":{"lines":"911","color":"#0059a9","mode":"bus","arr":["911"],"angle":89.9}},{"type":"Feature","geometry":{"type":"Point","coordinates":[18.601466,54.394528]},"properties":{"lines":"N1","color":"#0059a9","mode":"bus","arr":["N1"],"angle":45.9}},{"type":"Feature","geometry":{"type":"Point","coordinates":[18.595626,54.39787]},"properties":{"lines":"N1","color":"#0059a9","mode":"bus","arr":["N1"],"angle":40.4,"extra":1}},{"type":"Feature","geometry":{"type":"Point","coordinates":[18.607179,54.390673]},"properties":{"lines":"N1","color":"#0059a9","mode":"bus","arr":["N1"],"angle":61.1,"extra":1}},{"type":"Feature","geometry":{"type":"Point","coordinates":[18.645595,54.352825]},"properties":{"lines":"N1","color":"#0059a9","mode":"bus","arr":["N1"],"angle":63}},{"type":"Feature","geometry":{"type":"Point","coordinates":[18.605016,54.323481]},"properties":{"lines":"N1, N14, N2, N56","color":"#0059a9","mode":"bus","arr":["N1","N14","N2","N56"],"angle":-66.8}},{"type":"Feature","geometry":{"type":"Point","coordinates":[18.569401,54.422954]},"properties":{"lines":"N14, N6","color":"#0059a9","mode":"bus","arr":["N14","N6"],"angle":-78}},{"type":"Feature","geometry":{"type":"Point","coordinates":[18.577368,54.417826]},"properties":{"lines":"N14, N6","color":"#0059a9","mode":"bus","arr":["N14","N6"],"angle":-32.9}},{"type":"Feature","geometry":{"type":"Point","coordinates":[18.582309,54.419395]},"properties":{"lines":"N14, N6","color":"#0059a9","mode":"bus","arr":["N14","N6"],"angle":-20.7,"extra":1}},{"type":"Feature","geometry":{"type":"Point","coordinates":[18.643829,54.347434]},"properties":{"lines":"N14","color":"#0059a9","mode":"bus","arr":["N14"],"angle":11.9}},{"type":"Feature","geometry":{"type":"Point","coordinates":[18.57124,54.303679]},"properties":{"lines":"N4","color":"#0059a9","mode":"bus","arr":["N4"],"angle":23.3}},{"type":"Feature","geometry":{"type":"Point","coordinates":[18.567184,54.305403]},"properties":{"lines":"N4","color":"#0059a9","mode":"bus","arr":["N4"],"angle":68.3,"extra":1}},{"type":"Feature","geometry":{"type":"Point","coordinates":[18.595004,54.423603]},"properties":{"lines":"N4","color":"#0059a9","mode":"bus","arr":["N4"],"angle":-35.5}},{"type":"Feature","geometry":{"type":"Point","coordinates":[18.528603,54.293059]},"properties":{"lines":"N56","color":"#0059a9","mode":"bus","arr":["N56"],"angle":19.6}},{"type":"Feature","geometry":{"type":"Point","coordinates":[18.472875,54.271083]},"properties":{"lines":"N56","color":"#0059a9","mode":"bus","arr":["N56"],"angle":-45.4,"extra":1}},{"type":"Feature","geometry":{"type":"Point","coordinates":[18.476578,54.275471]},"properties":{"lines":"N56","color":"#0059a9","mode":"bus","arr":["N56"],"angle":-69.9,"extra":1}},{"type":"Feature","geometry":{"type":"Point","coordinates":[18.50243,54.284014]},"properties":{"lines":"N56","color":"#0059a9","mode":"bus","arr":["N56"],"angle":-3.2,"extra":1}},{"type":"Feature","geometry":{"type":"Point","coordinates":[18.493964,54.283674]},"properties":{"lines":"N56","color":"#0059a9","mode":"bus","arr":["N56"],"angle":-4.5,"extra":1}},{"type":"Feature","geometry":{"type":"Point","coordinates":[18.487818,54.280517]},"properties":{"lines":"N56","color":"#0059a9","mode":"bus","arr":["N56"],"angle":-43.2,"extra":1}},{"type":"Feature","geometry":{"type":"Point","coordinates":[18.480701,54.277826]},"properties":{"lines":"N56","color":"#0059a9","mode":"bus","arr":["N56"],"angle":-33,"extra":1}},{"type":"Feature","geometry":{"type":"Point","coordinates":[18.507839,54.287912]},"properties":{"lines":"N56","color":"#0059a9","mode":"bus","arr":["N56"],"angle":-48.1,"extra":1}},{"type":"Feature","geometry":{"type":"Point","coordinates":[18.515234,54.29027]},"properties":{"lines":"N56","color":"#0059a9","mode":"bus","arr":["N56"],"angle":-24.5,"extra":1}},{"type":"Feature","geometry":{"type":"Point","coordinates":[18.523212,54.29195]},"properties":{"lines":"N56","color":"#0059a9","mode":"bus","arr":["N56"],"angle":-18.9,"extra":1}},{"type":"Feature","geometry":{"type":"Point","coordinates":[18.535596,54.297125]},"properties":{"lines":"N56","color":"#0059a9","mode":"bus","arr":["N56"],"angle":-69.5,"extra":1}},{"type":"Feature","geometry":{"type":"Point","coordinates":[18.539262,54.301498]},"properties":{"lines":"N56","color":"#0059a9","mode":"bus","arr":["N56"],"angle":-32.9,"extra":1}},{"type":"Feature","geometry":{"type":"Point","coordinates":[18.466035,54.272428]},"properties":{"lines":"N56","color":"#0059a9","mode":"bus","arr":["N56"],"angle":-66.1}},{"type":"Feature","geometry":{"type":"Point","coordinates":[18.477098,54.276696]},"properties":{"lines":"N56","color":"#0059a9","mode":"bus","arr":["N56"],"angle":80.5}},{"type":"Feature","geometry":{"type":"Point","coordinates":[18.67287,54.332548]},"properties":{"lines":"N78","color":"#0059a9","mode":"bus","arr":["N78"],"angle":-34}},{"type":"Feature","geometry":{"type":"Point","coordinates":[18.560364,54.431074]},"properties":{"lines":"21, 181, S","color":"#0059a9","mode":"bus","arr":["21","181","S"],"angle":56.6}},{"type":"Feature","geometry":{"type":"Point","coordinates":[18.561741,54.432598]},"properties":{"lines":"21, 177, 181, G, S","color":"#0059a9","mode":"bus","arr":["21","177","181","G","S"],"angle":86.4}},{"type":"Feature","geometry":{"type":"Point","coordinates":[18.560751,54.43824]},"properties":{"lines":"21, 31, 181, G, S","color":"#0059a9","mode":"bus","arr":["21","31","181","G","S"],"angle":84}},{"type":"Feature","geometry":{"type":"Point","coordinates":[18.559606,54.443552]},"properties":{"lines":"21, 31, 181, 185, 187, G, S","color":"#0059a9","mode":"bus","arr":["21","31","181","185","187","G","S"],"angle":82.6}},{"type":"Feature","geometry":{"type":"Point","coordinates":[18.558905,54.447242]},"properties":{"lines":"21, 31, 181, 185, 187, 287, G, S","color":"#0059a9","mode":"bus","arr":["21","31","181","185","187","287","G","S"],"angle":75.7}},{"type":"Feature","geometry":{"type":"Point","coordinates":[18.556108,54.449205]},"properties":{"lines":"21, 31, 177, 181, 185, 187, 287, G, S","color":"#0059a9","mode":"bus","arr":["21","31","177","181","185","187","287","G","S"],"angle":40.7}},{"type":"Feature","geometry":{"type":"Point","coordinates":[18.554868,54.450666]},"properties":{"lines":"21, 31, 185, G, S","color":"#0059a9","mode":"bus","arr":["21","31","185","G","S"],"angle":-86}},{"type":"Feature","geometry":{"type":"Point","coordinates":[18.555007,54.45156]},"properties":{"lines":"21, 31, 177, 185, G, S","color":"#0059a9","mode":"bus","arr":["21","31","177","185","G","S"],"angle":-79}},{"type":"Feature","geometry":{"type":"Point","coordinates":[18.555911,54.455047]},"properties":{"lines":"21, 31, 177, G, S","color":"#0059a9","mode":"bus","arr":["21","31","177","G","S"],"angle":-84.9}},{"type":"Feature","geometry":{"type":"Point","coordinates":[18.555583,54.467318]},"properties":{"lines":"21, 31, G, S","color":"#0059a9","mode":"bus","arr":["21","31","G","S"],"angle":-84.5}},{"type":"Feature","geometry":{"type":"Point","coordinates":[18.553939,54.461201]},"properties":{"lines":"21, 31, G, S","color":"#0059a9","mode":"bus","arr":["21","31","G","S"],"angle":87.4,"extra":1}},{"type":"Feature","geometry":{"type":"Point","coordinates":[18.555455,54.470951]},"properties":{"lines":"21, 31, G, S","color":"#0059a9","mode":"bus","arr":["21","31","G","S"],"angle":72,"extra":1}},{"type":"Feature","geometry":{"type":"Point","coordinates":[18.553393,54.475721]},"properties":{"lines":"21, 31, G, S","color":"#0059a9","mode":"bus","arr":["21","31","G","S"],"angle":85,"extra":1}},{"type":"Feature","geometry":{"type":"Point","coordinates":[18.555335,54.46752]},"properties":{"lines":"21, 31, G, S","color":"#0059a9","mode":"bus","arr":["21","31","G","S"],"angle":-88.8}},{"type":"Feature","geometry":{"type":"Point","coordinates":[18.553593,54.473882]},"properties":{"lines":"21, 31, G, S","color":"#0059a9","mode":"bus","arr":["21","31","G","S"],"angle":77.1,"extra":1}},{"type":"Feature","geometry":{"type":"Point","coordinates":[18.554141,54.464173]},"properties":{"lines":"21, 31, G, S","color":"#0059a9","mode":"bus","arr":["21","31","G","S"],"angle":-77.1,"extra":1}},{"type":"Feature","geometry":{"type":"Point","coordinates":[18.554255,54.459281]},"properties":{"lines":"21, 31, G, S","color":"#0059a9","mode":"bus","arr":["21","31","G","S"],"angle":73,"extra":1}},{"type":"Feature","geometry":{"type":"Point","coordinates":[18.55535,54.457879]},"properties":{"lines":"21, 31, 177, 187, G, S","color":"#0059a9","mode":"bus","arr":["21","31","177","187","G","S"],"angle":75.9}},{"type":"Feature","geometry":{"type":"Point","coordinates":[18.551686,54.480987]},"properties":{"lines":"21, 26, 31, 326, G, S","color":"#0059a9","mode":"bus","arr":["21","26","31","326","G","S"],"angle":70.7}},{"type":"Feature","geometry":{"type":"Point","coordinates":[18.553103,54.478267]},"properties":{"lines":"21, 26, 31, 326, G, S","color":"#0059a9","mode":"bus","arr":["21","26","31","326","G","S"],"angle":85.6,"extra":1}},{"type":"Feature","geometry":{"type":"Point","coordinates":[18.543175,54.488842]},"properties":{"lines":"21, 24, 26, 27, 29, 32, 180, 203, 326, G, N30, R, S, Z","color":"#0059a9","mode":"bus","arr":["21","24","26","27","29","32","180","203","326","G","N30","R","S","Z"],"angle":68.1}},{"type":"Feature","geometry":{"type":"Point","coordinates":[18.540916,54.492119]},"properties":{"lines":"21, 24, 26, 27, 29, 32, 180, 203, 326, G, N30, R, S, Z","color":"#0059a9","mode":"bus","arr":["21","24","26","27","29","32","180","203","326","G","N30","R","S","Z"],"angle":68,"extra":1}},{"type":"Feature","geometry":{"type":"Point","coordinates":[18.539238,54.494716]},"properties":{"lines":"21, 24, 26, 29, 32, 152, 180, 192, 326, G, N30, R, S, Z","color":"#0059a9","mode":"bus","arr":["21","24","26","29","32","152","180","192","326","G","N30","R","S","Z"],"angle":76.2}},{"type":"Feature","geometry":{"type":"Point","coordinates":[18.536592,54.501837]},"properties":{"lines":"21, 24, 26, 29, 32, 105, 125, 152, 326, G, N30, R +3","color":"#0059a9","mode":"bus","arr":["21","24","26","29","32","105","125","152","326","G","N30","R","S","W","Z"],"angle":84.9}},{"type":"Feature","geometry":{"type":"Point","coordinates":[18.53695,54.507136]},"properties":{"lines":"21, 22, 24, 26, 29, 30, 32, 34, 105, 125, 140, 147 +12","color":"#0059a9","mode":"bus","arr":["21","22","24","26","29","30","32","34","105","125","140","147","150","152","160","190","326","G","N30","N94","R","S","W","Z"],"angle":-86.3}},{"type":"Feature","geometry":{"type":"Point","coordinates":[18.537642,54.507978]},"properties":{"lines":"21, 22, 24, 29, 30, 32, 128, 196, 252, 282, 326, N30, N94","color":"#0059a9","mode":"bus","arr":["21","22","24","29","30","32","128","196","252","282","326","N30","N94"],"angle":-52.7}},{"type":"Feature","geometry":{"type":"Point","coordinates":[18.537996,54.508849]},"properties":{"lines":"21, 22, 24, 29, 30, 32, 104, 119, 128, 133, 196, 252 +4","color":"#0059a9","mode":"bus","arr":["21","22","24","29","30","32","104","119","128","133","196","252","282","326","N30","N94"],"angle":-76.5}},{"type":"Feature","geometry":{"type":"Point","coordinates":[18.54033,54.514402]},"properties":{"lines":"21, 22, 23, 24, 29, 30, 32, 33, 326, N10, N20, N30, N40, N94","color":"#0059a9","mode":"bus","arr":["21","22","23","24","29","30","32","33","326","N10","N20","N30","N40","N94"],"angle":-76}},{"type":"Feature","geometry":{"type":"Point","coordinates":[18.540743,54.519443]},"properties":{"lines":"21, 25, 28, 29, 282, 326, 723, N10, N20, N30, N40, N94","color":"#0059a9","mode":"bus","arr":["21","25","28","29","282","326","723","N10","N20","N30","N40","N94"],"angle":4.6}},{"type":"Feature","geometry":{"type":"Point","coordinates":[18.536409,54.519654]},"properties":{"lines":"21, 25, 28, 29, 34, 105, 109, 125, 140, 147, 150, 160 +13","color":"#0059a9","mode":"bus","arr":["21","25","28","29","34","105","109","125","140","147","150","160","182","190","196","326","723","G","N10","N20","N30","N40","N94","S","W"],"angle":4.5}},{"type":"Feature","geometry":{"type":"Point","coordinates":[18.533243,54.519784]},"properties":{"lines":"21, 29, 102, 140, 147, 150, 160, 190, 204, 740, N10, N20 +3","color":"#0059a9","mode":"bus","arr":["21","29","102","140","147","150","160","190","204","740","N10","N20","N30","N40","N94"],"angle":4}},{"type":"Feature","geometry":{"type":"Point","coordinates":[18.532334,54.52031]},"properties":{"lines":"21, 29, 102, 140, 147, 150, 160, 182, 190, 204, 740, N10 +4","color":"#0059a9","mode":"bus","arr":["21","29","102","140","147","150","160","182","190","204","740","N10","N20","N30","N40","N94"],"angle":75.5}},{"type":"Feature","geometry":{"type":"Point","coordinates":[18.531666,54.521039]},"properties":{"lines":"21, 29, 102, 190, 204, 740, N10, N20, N30, N40, N94","color":"#0059a9","mode":"bus","arr":["21","29","102","190","204","740","N10","N20","N30","N40","N94"],"angle":35.4}},{"type":"Feature","geometry":{"type":"Point","coordinates":[18.530357,54.52236]},"properties":{"lines":"21, 22, 23, 30, 32, 33, 102, 119, 128, 133, 134, 140 +14","color":"#0059a9","mode":"bus","arr":["21","22","23","30","32","33","102","119","128","133","134","140","146","147","150","152","160","173","182","190","194","204","209","282","R","Z"],"angle":50.9}},{"type":"Feature","geometry":{"type":"Point","coordinates":[18.53764,54.509485]},"properties":{"lines":"21, 23, 29, 32, 33, 252, 326, N10, N20, N30, N40","color":"#0059a9","mode":"bus","arr":["21","23","29","32","33","252","326","N10","N20","N30","N40"],"angle":12.6}},{"type":"Feature","geometry":{"type":"Point","coordinates":[18.536704,54.508751]},"properties":{"lines":"21, 23, 29, 32, 33, 105, 119, 125, 128, 133, 134, 152 +11","color":"#0059a9","mode":"bus","arr":["21","23","29","32","33","105","119","125","128","133","134","152","196","252","282","326","G","N10","N30","R","S","W","Z"],"angle":-88.5}},{"type":"Feature","geometry":{"type":"Point","coordinates":[18.536668,54.507065]},"properties":{"lines":"21, 23, 29, 32, 33, 105, 119, 125, 133, 134, 152, 326 +7","color":"#0059a9","mode":"bus","arr":["21","23","29","32","33","105","119","125","133","134","152","326","G","N10","N30","R","S","W","Z"],"angle":-88.5}},{"type":"Feature","geometry":{"type":"Point","coordinates":[18.53647,54.50166]},"properties":{"lines":"21, 23, 26, 29, 32, 33, 105, 119, 125, 133, 134, 152 +8","color":"#0059a9","mode":"bus","arr":["21","23","26","29","32","33","105","119","125","133","134","152","326","G","N10","N30","R","S","W","Z"],"angle":83.9}},{"type":"Feature","geometry":{"type":"Point","coordinates":[18.537467,54.49892]},"properties":{"lines":"21, 23, 26, 29, 32, 33, 105, 119, 125, 133, 134, 152 +8","color":"#0059a9","mode":"bus","arr":["21","23","26","29","32","33","105","119","125","133","134","152","326","G","N10","N30","R","S","W","Z"],"angle":77.5,"extra":1}},{"type":"Feature","geometry":{"type":"Point","coordinates":[18.539092,54.494693]},"properties":{"lines":"21, 23, 26, 29, 32, 33, 134, 152, 192, 326, G, N10 +4","color":"#0059a9","mode":"bus","arr":["21","23","26","29","32","33","134","152","192","326","G","N10","N30","R","S","Z"],"angle":77.2}},{"type":"Feature","geometry":{"type":"Point","coordinates":[18.542976,54.488794]},"properties":{"lines":"21, 23, 26, 27, 29, 32, 33, 134, 180, 203, 326, 700 +6","color":"#0059a9","mode":"bus","arr":["21","23","26","27","29","32","33","134","180","203","326","700","G","N10","N30","R","S","Z"],"angle":68.9}},{"type":"Feature","geometry":{"type":"Point","coordinates":[18.545398,54.485562]},"properties":{"lines":"21, 23, 26, 27, 29, 32, 33, 134, 180, 203, 326, 700 +6","color":"#0059a9","mode":"bus","arr":["21","23","26","27","29","32","33","134","180","203","326","700","G","N10","N30","R","S","Z"],"angle":67.1,"extra":1}},{"type":"Feature","geometry":{"type":"Point","coordinates":[18.551376,54.48112]},"properties":{"lines":"21, 26, 31, 134, 326, G, S","color":"#0059a9","mode":"bus","arr":["21","26","31","134","326","G","S"],"angle":68.5}},{"type":"Feature","geometry":{"type":"Point","coordinates":[18.533194,54.52207]},"properties":{"lines":"22, 23, 32, 33, 102, 119, 128, 133, 134, 146, 152, 173 +7","color":"#0059a9","mode":"bus","arr":["22","23","32","33","102","119","128","133","134","146","152","173","190","194","204","209","282","R","Z"],"angle":-4}},{"type":"Feature","geometry":{"type":"Point","coordinates":[18.537489,54.522243]},"properties":{"lines":"22, 23, 25, 32, 33, 102, 146, 173, 190, 194, 204","color":"#0059a9","mode":"bus","arr":["22","23","25","32","33","102","146","173","190","194","204"],"angle":-4.6}},{"type":"Feature","geometry":{"type":"Point","coordinates":[18.541344,54.522412]},"properties":{"lines":"22, 23, 25, 32, 33, 102, 119, 146, 173, 190, 194, 204, N40","color":"#0059a9","mode":"bus","arr":["22","23","25","32","33","102","119","146","173","190","194","204","N40"],"angle":-4.9}},{"type":"Feature","geometry":{"type":"Point","coordinates":[18.543157,54.520911]},"properties":{"lines":"22, 23, 24, 25, 28, 30, 32, 33, 282, 723, N40","color":"#0059a9","mode":"bus","arr":["22","23","24","25","28","30","32","33","282","723","N40"],"angle":-81.4}},{"type":"Feature","geometry":{"type":"Point","coordinates":[18.537475,54.507989]},"properties":{"lines":"22, 104, 119, 128, 133, 196, 282","color":"#0059a9","mode":"bus","arr":["22","104","119","128","133","196","282"],"angle":-31.5}},{"type":"Feature","geometry":{"type":"Point","coordinates":[18.536985,54.508788]},"properties":{"lines":"22, 26, 34, 104, 105, 119, 125, 128, 133, 140, 147, 150 +10","color":"#0059a9","mode":"bus","arr":["22","26","34","104","105","119","125","128","133","140","147","150","152","160","190","196","282","G","R","S","W","Z"],"angle":-89}},{"type":"Feature","geometry":{"type":"Point","coordinates":[18.535845,54.509587]},"properties":{"lines":"22, 26, 34, 109, 140, 147, 150, 160, 190, 209, N20, N40","color":"#0059a9","mode":"bus","arr":["22","26","34","109","140","147","150","160","190","209","N20","N40"],"angle":1.6}},{"type":"Feature","geometry":{"type":"Point","coordinates":[18.533908,54.511245]},"properties":{"lines":"22, 26, 27, 190","color":"#0059a9","mode":"bus","arr":["22","26","27","190"],"angle":79.7}},{"type":"Feature","geometry":{"type":"Point","coordinates":[18.531846,54.513325]},"properties":{"lines":"22, 26, 27, 30, 141","color":"#0059a9","mode":"bus","arr":["22","26","27","30","141"],"angle":82}},{"type":"Feature","geometry":{"type":"Point","coordinates":[18.530165,54.517308]},"properties":{"lines":"22, 26, 27, 30, 141, 203, 204","color":"#0059a9","mode":"bus","arr":["22","26","27","30","141","203","204"],"angle":69.7}},{"type":"Feature","geometry":{"type":"Point","coordinates":[18.52741,54.520046]},"properties":{"lines":"22, 26, 27, 30, 141, 204","color":"#0059a9","mode":"bus","arr":["22","26","27","30","141","204"],"angle":53}},{"type":"Feature","geometry":{"type":"Point","coordinates":[18.509846,54.527593]},"properties":{"lines":"22, 25, 26, 27, 34, 105, 125, 141, 326, G, N30, N40, S, W","color":"#0059a9","mode":"bus","arr":["22","25","26","27","34","105","125","141","326","G","N30","N40","S","W"],"angle":31.7}},{"type":"Feature","geometry":{"type":"Point","coordinates":[18.523006,54.522715]},"properties":{"lines":"22, 25, 26, 27, 34, 105, 125, 141, 326, G, N30, N40, S, W","color":"#0059a9","mode":"bus","arr":["22","25","26","27","34","105","125","141","326","G","N30","N40","S","W"],"angle":32.2,"extra":1}},{"type":"Feature","geometry":{"type":"Point","coordinates":[18.515812,54.525339]},"properties":{"lines":"22, 25, 26, 27, 34, 105, 125, 141, 326, G, N30, N40, S, W","color":"#0059a9","mode":"bus","arr":["22","25","26","27","34","105","125","141","326","G","N30","N40","S","W"],"angle":32.4,"extra":1}},{"type":"Feature","geometry":{"type":"Point","coordinates":[18.500855,54.52993]},"properties":{"lines":"22, 25, 26, 27, 34, 105, 125, 141, 326, G, N30, N40, S, W","color":"#0059a9","mode":"bus","arr":["22","25","26","27","34","105","125","141","326","G","N30","N40","S","W"],"angle":24.4,"extra":1}},{"type":"Feature","geometry":{"type":"Point","coordinates":[18.493152,54.53197]},"properties":{"lines":"22, 25, 26, 27, 34, 105, 125, 141, 326, G, N30, N40, S, W","color":"#0059a9","mode":"bus","arr":["22","25","26","27","34","105","125","141","326","G","N30","N40","S","W"],"angle":24.6,"extra":1}},{"type":"Feature","geometry":{"type":"Point","coordinates":[18.490469,54.532662]},"properties":{"lines":"22, 25, 26, 27, 34, 105, 125, 141, 309, 326, 723, 740 +4","color":"#0059a9","mode":"bus","arr":["22","25","26","27","34","105","125","141","309","326","723","740","G","N40","S","W"],"angle":19.6}},{"type":"Feature","geometry":{"type":"Point","coordinates":[18.484177,54.53424]},"properties":{"lines":"22, 25, 26, 27, 34, 197, K, S, W","color":"#0059a9","mode":"bus","arr":["22","25","26","27","34","197","K","S","W"],"angle":24.4}},{"type":"Feature","geometry":{"type":"Point","coordinates":[18.474355,54.541726]},"properties":{"lines":"22, 27, 28, 710","color":"#149a3f","mode":"bus","arr":["22","27","28","710"],"angle":23.4}},{"type":"Feature","geometry":{"type":"Point","coordinates":[18.466483,54.543705]},"properties":{"lines":"22, 27, 28, 710","color":"#149a3f","mode":"bus","arr":["22","27","28","710"],"angle":23.5,"extra":1}},{"type":"Feature","geometry":{"type":"Point","coordinates":[18.478378,54.538072]},"properties":{"lines":"22, 27, 28, 710","color":"#149a3f","mode":"bus","arr":["22","27","28","710"],"angle":86.3,"extra":1}},{"type":"Feature","geometry":{"type":"Point","coordinates":[18.462022,54.544826]},"properties":{"lines":"22, 27, 102, 114, 159, 173, 288, 710","color":"#0059a9","mode":"bus","arr":["22","27","102","114","159","173","288","710"],"angle":23.5}},{"type":"Feature","geometry":{"type":"Point","coordinates":[18.453088,54.547077]},"properties":{"lines":"22, 27, 710","color":"#149a3f","mode":"bus","arr":["22","27","710"],"angle":23.1}},{"type":"Feature","geometry":{"type":"Point","coordinates":[18.457569,54.545959]},"properties":{"lines":"22, 27, 710","color":"#149a3f","mode":"bus","arr":["22","27","710"],"angle":23.4,"extra":1}},{"type":"Feature","geometry":{"type":"Point","coordinates":[18.444376,54.549882]},"properties":{"lines":"22, 27, 710","color":"#149a3f","mode":"bus","arr":["22","27","710"],"angle":11.9}},{"type":"Feature","geometry":{"type":"Point","coordinates":[18.443536,54.549597]},"properties":{"lines":"22, 25, 27, 710","color":"#149a3f","mode":"bus","arr":["22","25","27","710"],"angle":49.8}},{"type":"Feature","geometry":{"type":"Point","coordinates":[18.481181,54.535047]},"properties":{"lines":"22, 25, 26, 27, 28, 30, 34, 102, 197, 710, K, S, W","color":"#0059a9","mode":"bus","arr":["22","25","26","27","28","30","34","102","197","710","K","S","W"],"angle":30.6}},{"type":"Feature","geometry":{"type":"Point","coordinates":[18.485523,54.53377]},"properties":{"lines":"22, 25, 26, 27, 28, 30, 34, 197, 710, K, S, W","color":"#0059a9","mode":"bus","arr":["22","25","26","27","28","30","34","197","710","K","S","W"],"angle":25.7}},{"type":"Feature","geometry":{"type":"Point","coordinates":[18.490221,54.532445]},"properties":{"lines":"22, 25, 26, 27, 28, 30, 34, 105, 109, 125, 141, 196 +10","color":"#0059a9","mode":"bus","arr":["22","25","26","27","28","30","34","105","109","125","141","196","309","326","710","723","740","G","N30","N40","S","W"],"angle":8.8}},{"type":"Feature","geometry":{"type":"Point","coordinates":[18.518259,54.524335]},"properties":{"lines":"22, 25, 26, 27, 28, 30, 34, 105, 109, 125, 141, 196 +8","color":"#0059a9","mode":"bus","arr":["22","25","26","27","28","30","34","105","109","125","141","196","326","723","740","G","N30","N40","S","W"],"angle":32.2}},{"type":"Feature","geometry":{"type":"Point","coordinates":[18.513362,54.526135]},"properties":{"lines":"22, 25, 26, 27, 28, 30, 34, 105, 109, 125, 141, 196 +8","color":"#0059a9","mode":"bus","arr":["22","25","26","27","28","30","34","105","109","125","141","196","326","723","740","G","N30","N40","S","W"],"angle":32.6,"extra":1}},{"type":"Feature","geometry":{"type":"Point","coordinates":[18.503004,54.529263]},"properties":{"lines":"22, 25, 26, 27, 28, 30, 34, 102, 105, 109, 125, 141 +9","color":"#0059a9","mode":"bus","arr":["22","25","26","27","28","30","34","102","105","109","125","141","196","326","723","740","G","N30","N40","S","W"],"angle":24.5}},{"type":"Feature","geometry":{"type":"Point","coordinates":[18.507821,54.527993]},"properties":{"lines":"22, 25, 26, 27, 28, 30, 34, 102, 105, 109, 125, 141 +9","color":"#0059a9","mode":"bus","arr":["22","25","26","27","28","30","34","102","105","109","125","141","196","326","723","740","G","N30","N40","S","W"],"angle":24.6,"extra":1}},{"type":"Feature","geometry":{"type":"Point","coordinates":[18.533075,54.51196]},"properties":{"lines":"22, 26, 27, 30, 190","color":"#0059a9","mode":"bus","arr":["22","26","27","30","190"],"angle":6.2}},{"type":"Feature","geometry":{"type":"Point","coordinates":[18.533908,54.510681]},"properties":{"lines":"22, 26, 27, 30, 182, 190","color":"#0059a9","mode":"bus","arr":["22","26","27","30","182","190"],"angle":79.4}},{"type":"Feature","geometry":{"type":"Point","coordinates":[18.534532,54.508752]},"properties":{"lines":"22, 26, 27, 30, 34, 109, 140, 147, 150, 160, 182, 190 +3","color":"#0059a9","mode":"bus","arr":["22","26","27","30","34","109","140","147","150","160","182","190","209","N20","N40"],"angle":86.8}},{"type":"Feature","geometry":{"type":"Point","coordinates":[18.534449,54.507616]},"properties":{"lines":"22, 26, 27, 30, 34, 109, 140, 147, 150, 160, 190, 209, N94","color":"#0059a9","mode":"bus","arr":["22","26","27","30","34","109","140","147","150","160","190","209","N94"],"angle":-85}},{"type":"Feature","geometry":{"type":"Point","coordinates":[18.534647,54.506608]},"properties":{"lines":"22, 26, 30, 34, 140, 147, 150, 160, 190, N94","color":"#0059a9","mode":"bus","arr":["22","26","30","34","140","147","150","160","190","N94"],"angle":40}},{"type":"Feature","geometry":{"type":"Point","coordinates":[18.541618,54.523415]},"properties":{"lines":"22, 24, 25, 28, 30, 32, 102, 119, 146, 173, 190, 194 +3","color":"#0059a9","mode":"bus","arr":["22","24","25","28","30","32","102","119","146","173","190","194","204","282","723"],"angle":3.4}},{"type":"Feature","geometry":{"type":"Point","coordinates":[18.536911,54.523287]},"properties":{"lines":"22, 24, 25, 28, 30, 32, 102, 104, 119, 128, 133, 140 +15","color":"#0059a9","mode":"bus","arr":["22","24","25","28","30","32","102","104","119","128","133","140","146","147","150","152","160","173","182","190","194","196","204","282","723","R","Z"],"angle":-5.1}},{"type":"Feature","geometry":{"type":"Point","coordinates":[18.532597,54.522932]},"properties":{"lines":"22, 24, 30, 32, 102, 104, 119, 128, 133, 140, 146, 147 +13","color":"#0059a9","mode":"bus","arr":["22","24","30","32","102","104","119","128","133","140","146","147","150","152","160","173","182","190","194","196","204","282","723","R","Z"],"angle":-10}},{"type":"Feature","geometry":{"type":"Point","coordinates":[18.544664,54.484912]},"properties":{"lines":"23, 27, 29, 31, 32, 33, 180, 203, 252, 700, N10, N30, R, Z","color":"#0059a9","mode":"bus","arr":["23","27","29","31","32","33","180","203","252","700","N10","N30","R","Z"],"angle":-11.8}},{"type":"Feature","geometry":{"type":"Point","coordinates":[18.540192,54.483892]},"properties":{"lines":"23, 24, 27, 29, 31, 32, 33, 180, 203, 252, 700, N10 +3","color":"#0059a9","mode":"bus","arr":["23","24","27","29","31","32","33","180","203","252","700","N10","N30","R","Z"],"angle":-26}},{"type":"Feature","geometry":{"type":"Point","coordinates":[18.53454,54.482269]},"properties":{"lines":"23, 24, 27, 29, 31, 32, 33, 180, 700, N10, N30, R, Z","color":"#0059a9","mode":"bus","arr":["23","24","27","29","31","32","33","180","700","N10","N30","R","Z"],"angle":-26.3}},{"type":"Feature","geometry":{"type":"Point","coordinates":[18.518642,54.476486]},"properties":{"lines":"23, 27, 29, 31, 32, 33, 180, 700, N10, N30, R, Z","color":"#0059a9","mode":"bus","arr":["23","27","29","31","32","33","180","700","N10","N30","R","Z"],"angle":-31.5}},{"type":"Feature","geometry":{"type":"Point","coordinates":[18.529013,54.480157]},"properties":{"lines":"23, 27, 29, 31, 32, 33, 180, 700, N10, N30, R, Z","color":"#0059a9","mode":"bus","arr":["23","27","29","31","32","33","180","700","N10","N30","R","Z"],"angle":-27.1,"extra":1}},{"type":"Feature","geometry":{"type":"Point","coordinates":[18.511345,54.470259]},"properties":{"lines":"23, 27, 29, 31, 32, 33, 180, 700, N10, N30, R, Z","color":"#0059a9","mode":"bus","arr":["23","27","29","31","32","33","180","700","N10","N30","R","Z"],"angle":-57.4,"extra":1}},{"type":"Feature","geometry":{"type":"Point","coordinates":[18.508132,54.469071]},"properties":{"lines":"23, 27, 29, 31, 32, 33, 145, 153, 180, 181, 700, N10 +3","color":"#0059a9","mode":"bus","arr":["23","27","29","31","32","33","145","153","180","181","700","N10","N30","R","Z"],"angle":4}},{"type":"Feature","geometry":{"type":"Point","coordinates":[18.498409,54.469862]},"properties":{"lines":"23, 27, 29, 31, 33, 145, 153, 180, 181, 700, N10, N30, R, Z","color":"#0059a9","mode":"bus","arr":["23","27","29","31","33","145","153","180","181","700","N10","N30","R","Z"],"angle":13.5}},{"type":"Feature","geometry":{"type":"Point","coordinates":[18.485481,54.471282]},"properties":{"lines":"23, 27, 31, 181, 700, N10, N30, R, Z","color":"#0059a9","mode":"bus","arr":["23","27","31","181","700","N10","N30","R","Z"],"angle":8.8}},{"type":"Feature","geometry":{"type":"Point","coordinates":[18.479227,54.473174]},"properties":{"lines":"23, 27, 31, 181, N10, N30, R","color":"#0059a9","mode":"bus","arr":["23","27","31","181","N10","N30","R"],"angle":38}},{"type":"Feature","geometry":{"type":"Point","coordinates":[18.480102,54.47265]},"properties":{"lines":"23, 24, 27, 31, 181, N10, N30, R","color":"#0059a9","mode":"bus","arr":["23","24","27","31","181","N10","N30","R"],"angle":43.3}},{"type":"Feature","geometry":{"type":"Point","coordinates":[18.476245,54.474487]},"properties":{"lines":"23, 27, 31, 147, 181, 191, 193, N10, N30, R","color":"#0059a9","mode":"bus","arr":["23","27","31","147","181","191","193","N10","N30","R"],"angle":36.9}},{"type":"Feature","geometry":{"type":"Point","coordinates":[18.469432,54.474812]},"properties":{"lines":"23, 24, 27, 31, 147, 171, 181, 191, 193, N10, N20, N30, R, X","color":"#0059a9","mode":"bus","arr":["23","24","27","31","147","171","181","191","193","N10","N20","N30","R","X"],"angle":-25.6}},{"type":"Feature","geometry":{"type":"Point","coordinates":[18.46374,54.466925]},"properties":{"lines":"23, 27, 171, 181, 191, 193, K, N10, N30, R, X","color":"#0059a9","mode":"bus","arr":["23","27","171","181","191","193","K","N10","N30","R","X"],"angle":-39}},{"type":"Feature","geometry":{"type":"Point","coordinates":[18.466203,54.471782]},"properties":{"lines":"23, 27, 171, 181, 191, 193, K, N10, N30, R, X","color":"#0059a9","mode":"bus","arr":["23","27","171","181","191","193","K","N10","N30","R","X"],"angle":41.9,"extra":1}},{"type":"Feature","geometry":{"type":"Point","coordinates":[18.459209,54.464784]},"properties":{"lines":"23, 27, 171, 181, 191, 193, K, N10, N30, R, X","color":"#0059a9","mode":"bus","arr":["23","27","171","181","191","193","K","N10","N30","R","X"],"angle":-38.9,"extra":1}},{"type":"Feature","geometry":{"type":"Point","coordinates":[18.452547,54.461724]},"properties":{"lines":"23, 27, 171, 181, 191, 193, K, N10, N30, R, X","color":"#0059a9","mode":"bus","arr":["23","27","171","181","191","193","K","N10","N30","R","X"],"angle":-40.4,"extra":1}},{"type":"Feature","geometry":{"type":"Point","coordinates":[18.451051,54.461017]},"properties":{"lines":"23, 27, 181, K, N10, N30, R, X","color":"#0059a9","mode":"bus","arr":["23","27","181","K","N10","N30","R","X"],"angle":-39.9}},{"type":"Feature","geometry":{"type":"Point","coordinates":[18.451872,54.459892]},"properties":{"lines":"23, 27, 181, K, N10, N30, R, X, Z","color":"#0059a9","mode":"bus","arr":["23","27","181","K","N10","N30","R","X","Z"],"angle":47.1}},{"type":"Feature","geometry":{"type":"Point","coordinates":[18.453789,54.458925]},"properties":{"lines":"23, 27, 181, 700, K, N10, N30, R, X, Z","color":"#0059a9","mode":"bus","arr":["23","27","181","700","K","N10","N30","R","X","Z"],"angle":36.1}},{"type":"Feature","geometry":{"type":"Point","coordinates":[18.457741,54.457008]},"properties":{"lines":"23, 27, 181, 700, K, N10, N30, R, X","color":"#0059a9","mode":"bus","arr":["23","27","181","700","K","N10","N30","R","X"],"angle":69.6}},{"type":"Feature","geometry":{"type":"Point","coordinates":[18.477883,54.473005]},"properties":{"lines":"23, 147, 191, 193","color":"#0059a9","mode":"bus","arr":["23","147","191","193"],"angle":8.1}},{"type":"Feature","geometry":{"type":"Point","coordinates":[18.455776,54.474277]},"properties":{"lines":"24, 31","color":"#149a3f","mode":"bus","arr":["24","31"],"angle":-19.5}},{"type":"Feature","geometry":{"type":"Point","coordinates":[18.452324,54.472005]},"properties":{"lines":"24, 31","color":"#149a3f","mode":"bus","arr":["24","31"],"angle":-50.4,"extra":1}},{"type":"Feature","geometry":{"type":"Point","coordinates":[18.449841,54.471326]},"properties":{"lines":"24, 31","color":"#149a3f","mode":"bus","arr":["24","31"],"angle":-7.1}},{"type":"Feature","geometry":{"type":"Point","coordinates":[18.464137,54.474489]},"properties":{"lines":"24, 31, 147, K, N20","color":"#0059a9","mode":"bus","arr":["24","31","147","K","N20"],"angle":31.5}},{"type":"Feature","geometry":{"type":"Point","coordinates":[18.47563,54.47464]},"properties":{"lines":"24, 27, 31, 147, 171, 181, 191, 193, N20, N30, R","color":"#0059a9","mode":"bus","arr":["24","27","31","147","171","181","191","193","N20","N30","R"],"angle":37.1}},{"type":"Feature","geometry":{"type":"Point","coordinates":[18.478591,54.473336]},"properties":{"lines":"24, 27, 31, 181, N30, R","color":"#0059a9","mode":"bus","arr":["24","27","31","181","N30","R"],"angle":37}},{"type":"Feature","geometry":{"type":"Point","coordinates":[18.484919,54.471206]},"properties":{"lines":"24, 27, 31, 181, N30, R, Z","color":"#0059a9","mode":"bus","arr":["24","27","31","181","N30","R","Z"],"angle":13.1}},{"type":"Feature","geometry":{"type":"Point","coordinates":[18.498375,54.469705]},"properties":{"lines":"24, 27, 29, 31, 145, 153, 180, 181, N30, R, Z","color":"#0059a9","mode":"bus","arr":["24","27","29","31","145","153","180","181","N30","R","Z"],"angle":13}},{"type":"Feature","geometry":{"type":"Point","coordinates":[18.508058,54.468849]},"properties":{"lines":"24, 27, 29, 31, 32, 145, 153, 180, 181, N30, R, Z","color":"#0059a9","mode":"bus","arr":["24","27","29","31","32","145","153","180","181","N30","R","Z"],"angle":13.9}},{"type":"Feature","geometry":{"type":"Point","coordinates":[18.51847,54.476305]},"properties":{"lines":"24, 27, 29, 31, 32, 180, N30, R, Z","color":"#0059a9","mode":"bus","arr":["24","27","29","31","32","180","N30","R","Z"],"angle":-37.4}},{"type":"Feature","geometry":{"type":"Point","coordinates":[18.511681,54.470354]},"properties":{"lines":"24, 27, 29, 31, 32, 180, N30, R, Z","color":"#0059a9","mode":"bus","arr":["24","27","29","31","32","180","N30","R","Z"],"angle":-62.5,"extra":1}},{"type":"Feature","geometry":{"type":"Point","coordinates":[18.529634,54.48022]},"properties":{"lines":"24, 27, 29, 31, 32, 180, N30, R, Z","color":"#0059a9","mode":"bus","arr":["24","27","29","31","32","180","N30","R","Z"],"angle":-32.4,"extra":1}},{"type":"Feature","geometry":{"type":"Point","coordinates":[18.544505,54.48481]},"properties":{"lines":"24, 27, 29, 31, 32, 180, 203, 252, N30, R, Z","color":"#0059a9","mode":"bus","arr":["24","27","29","31","32","180","203","252","N30","R","Z"],"angle":-6.2}},{"type":"Feature","geometry":{"type":"Point","coordinates":[18.520364,54.525516]},"properties":{"lines":"24, 32, 104, 128, 133, 146, 150, 152, 173, 182, 194, 196 +4","color":"#0059a9","mode":"bus","arr":["24","32","104","128","133","146","150","152","173","182","194","196","282","723","N94","R"],"angle":57.4}},{"type":"Feature","geometry":{"type":"Point","coordinates":[18.525118,54.523597]},"properties":{"lines":"24, 32, 104, 128, 133, 134, 146, 150, 152, 173, 182, 194 +6","color":"#0059a9","mode":"bus","arr":["24","32","104","128","133","134","146","150","152","173","182","194","196","209","282","723","N94","R"],"angle":18.4}},{"type":"Feature","geometry":{"type":"Point","coordinates":[18.5188,54.530149]},"properties":{"lines":"24, 723","color":"#149a3f","mode":"bus","arr":["24","723"],"angle":-55.4}},{"type":"Feature","geometry":{"type":"Point","coordinates":[18.491619,54.534188]},"properties":{"lines":"723","color":"#149a3f","mode":"bus","arr":["723"],"angle":-71.1}},{"type":"Feature","geometry":{"type":"Point","coordinates":[18.492183,54.533578]},"properties":{"lines":"723","color":"#149a3f","mode":"bus","arr":["723"],"angle":35}},{"type":"Feature","geometry":{"type":"Point","coordinates":[18.532553,54.519405]},"properties":{"lines":"25, 28, 34, 102, 105, 109, 125, 182, 196, 204, 326, 723 +6","color":"#0059a9","mode":"bus","arr":["25","28","34","102","105","109","125","182","196","204","326","723","740","G","N30","N40","S","W"],"angle":-24.8}},{"type":"Feature","geometry":{"type":"Point","coordinates":[18.53199,54.519343]},"properties":{"lines":"25, 34, 102, 105, 125, 182, 204, 326, G, N30, N40, S, W","color":"#0059a9","mode":"bus","arr":["25","34","102","105","125","182","204","326","G","N30","N40","S","W"],"angle":-24.5}},{"type":"Feature","geometry":{"type":"Point","coordinates":[18.529002,54.520301]},"properties":{"lines":"25, 34, 102, 105, 125, 326, G, N30, N40, S, W","color":"#0059a9","mode":"bus","arr":["25","34","102","105","125","326","G","N30","N40","S","W"],"angle":45.7}},{"type":"Feature","geometry":{"type":"Point","coordinates":[18.475096,54.537278]},"properties":{"lines":"25, 26, 34, 102, 197, K, S, W","color":"#0059a9","mode":"bus","arr":["25","26","34","102","197","K","S","W"],"angle":30.7}},{"type":"Feature","geometry":{"type":"Point","coordinates":[18.466075,54.540303]},"properties":{"lines":"25, 26, 34, 197, K, S, W","color":"#0059a9","mode":"bus","arr":["25","26","34","197","K","S","W"],"angle":26.9}},{"type":"Feature","geometry":{"type":"Point","coordinates":[18.45836,54.542581]},"properties":{"lines":"25, 26, 173, 197, K","color":"#0059a9","mode":"bus","arr":["25","26","173","197","K"],"angle":28.2}},{"type":"Feature","geometry":{"type":"Point","coordinates":[18.444347,54.545823]},"properties":{"lines":"25, 26, 173, 197","color":"#0059a9","mode":"bus","arr":["25","26","173","197"],"angle":18.6}},{"type":"Feature","geometry":{"type":"Point","coordinates":[18.45163,54.544201]},"properties":{"lines":"25, 26, 173, 197","color":"#0059a9","mode":"bus","arr":["25","26","173","197"],"angle":21.1,"extra":1}},{"type":"Feature","geometry":{"type":"Point","coordinates":[18.435803,54.547744]},"properties":{"lines":"25, 26, 173, 197","color":"#0059a9","mode":"bus","arr":["25","26","173","197"],"angle":27.7,"extra":1}},{"type":"Feature","geometry":{"type":"Point","coordinates":[18.437358,54.548703]},"properties":{"lines":"25","color":"#149a3f","mode":"bus","arr":["25"],"angle":5.4}},{"type":"Feature","geometry":{"type":"Point","coordinates":[18.444303,54.549789]},"properties":{"lines":"25","color":"#149a3f","mode":"bus","arr":["25"],"angle":14.1}},{"type":"Feature","geometry":{"type":"Point","coordinates":[18.443662,54.548797]},"properties":{"lines":"25","color":"#149a3f","mode":"bus","arr":["25"],"angle":-32.9}},{"type":"Feature","geometry":{"type":"Point","coordinates":[18.444176,54.545745]},"properties":{"lines":"25, 26, 30, 173, 197","color":"#0059a9","mode":"bus","arr":["25","26","30","173","197"],"angle":19}},{"type":"Feature","geometry":{"type":"Point","coordinates":[18.436857,54.547312]},"properties":{"lines":"25, 26, 30, 173, 197","color":"#0059a9","mode":"bus","arr":["25","26","30","173","197"],"angle":27.3,"extra":1}},{"type":"Feature","geometry":{"type":"Point","coordinates":[18.452735,54.543834]},"properties":{"lines":"25, 26, 30, 173, 197","color":"#0059a9","mode":"bus","arr":["25","26","30","173","197"],"angle":21.8,"extra":1}},{"type":"Feature","geometry":{"type":"Point","coordinates":[18.458382,54.542448]},"properties":{"lines":"25, 26, 30, 173, 197, K","color":"#0059a9","mode":"bus","arr":["25","26","30","173","197","K"],"angle":27}},{"type":"Feature","geometry":{"type":"Point","coordinates":[18.465995,54.540206]},"properties":{"lines":"25, 26, 30, 34, 197, K, S, W","color":"#0059a9","mode":"bus","arr":["25","26","30","34","197","K","S","W"],"angle":26.9}},{"type":"Feature","geometry":{"type":"Point","coordinates":[18.475364,54.537058]},"properties":{"lines":"25, 26, 30, 34, 102, 197, K, S, W","color":"#0059a9","mode":"bus","arr":["25","26","30","34","102","197","K","S","W"],"angle":30.8}},{"type":"Feature","geometry":{"type":"Point","coordinates":[18.529215,54.519872]},"properties":{"lines":"25, 28, 34, 102, 105, 109, 125, 196, 204, 326, 723, 740 +5","color":"#0059a9","mode":"bus","arr":["25","28","34","102","105","109","125","196","204","326","723","740","G","N30","N40","S","W"],"angle":54.6}},{"type":"Feature","geometry":{"type":"Point","coordinates":[18.535243,54.522675]},"properties":{"lines":"25, 28","color":"#149a3f","mode":"bus","arr":["25","28"],"angle":86.3}},{"type":"Feature","geometry":{"type":"Point","coordinates":[18.552949,54.476006]},"properties":{"lines":"26, 134, 326","color":"#0059a9","mode":"bus","arr":["26","134","326"],"angle":88.6}},{"type":"Feature","geometry":{"type":"Point","coordinates":[18.451001,54.460872]},"properties":{"lines":"27, 171, 181, 191, 193, K, N30, R, X, Z","color":"#0059a9","mode":"bus","arr":["27","171","181","191","193","K","N30","R","X","Z"],"angle":-41.4}},{"type":"Feature","geometry":{"type":"Point","coordinates":[18.53826,54.491927]},"properties":{"lines":"27, 121, 152, 192, 203","color":"#0059a9","mode":"bus","arr":["27","121","152","192","203"],"angle":-13.7}},{"type":"Feature","geometry":{"type":"Point","coordinates":[18.534417,54.506045]},"properties":{"lines":"27","color":"#149a3f","mode":"bus","arr":["27"],"angle":-82.2}},{"type":"Feature","geometry":{"type":"Point","coordinates":[18.534679,54.508972]},"properties":{"lines":"27","color":"#149a3f","mode":"bus","arr":["27"],"angle":77.9}},{"type":"Feature","geometry":{"type":"Point","coordinates":[18.533628,54.496702]},"properties":{"lines":"27, 109, 192, 209","color":"#0059a9","mode":"bus","arr":["27","109","192","209"],"angle":-1.5}},{"type":"Feature","geometry":{"type":"Point","coordinates":[18.534857,54.49395]},"properties":{"lines":"27, 109, 192, 209","color":"#0059a9","mode":"bus","arr":["27","109","192","209"],"angle":88}},{"type":"Feature","geometry":{"type":"Point","coordinates":[18.532739,54.502055]},"properties":{"lines":"27, 109, 209","color":"#0059a9","mode":"bus","arr":["27","109","209"],"angle":-81.4}},{"type":"Feature","geometry":{"type":"Point","coordinates":[18.532525,54.499168]},"properties":{"lines":"27, 109, 209","color":"#0059a9","mode":"bus","arr":["27","109","209"],"angle":-86.4,"extra":1}},{"type":"Feature","geometry":{"type":"Point","coordinates":[18.442149,54.535731]},"properties":{"lines":"28, 159, S, W","color":"#0059a9","mode":"bus","arr":["28","159","S","W"],"angle":42.3}},{"type":"Feature","geometry":{"type":"Point","coordinates":[18.446598,54.533705]},"properties":{"lines":"28, 159, S, W","color":"#0059a9","mode":"bus","arr":["28","159","S","W"],"angle":25,"extra":1}},{"type":"Feature","geometry":{"type":"Point","coordinates":[18.434043,54.539381]},"properties":{"lines":"28, 159, S, W","color":"#0059a9","mode":"bus","arr":["28","159","S","W"],"angle":-21.7}},{"type":"Feature","geometry":{"type":"Point","coordinates":[18.453647,54.534054]},"properties":{"lines":"28, 159, 288, S, W","color":"#0059a9","mode":"bus","arr":["28","159","288","S","W"],"angle":-45.5}},{"type":"Feature","geometry":{"type":"Point","coordinates":[18.458692,54.538553]},"properties":{"lines":"28, 34, 102, 114, 159, 288, S, W","color":"#0059a9","mode":"bus","arr":["28","34","102","114","159","288","S","W"],"angle":-72}},{"type":"Feature","geometry":{"type":"Point","coordinates":[18.46168,54.543278]},"properties":{"lines":"28, 102, 114, 159, 173, 288","color":"#0059a9","mode":"bus","arr":["28","102","114","159","173","288"],"angle":-68.1}},{"type":"Feature","geometry":{"type":"Point","coordinates":[18.481171,54.468521]},"properties":{"lines":"153","color":"#0059a9","mode":"bus","arr":["153"],"angle":-78.7}},{"type":"Feature","geometry":{"type":"Point","coordinates":[18.498138,54.467283]},"properties":{"lines":"153","color":"#0059a9","mode":"bus","arr":["153"],"angle":-65.8}},{"type":"Feature","geometry":{"type":"Point","coordinates":[18.485599,54.46865]},"properties":{"lines":"153","color":"#0059a9","mode":"bus","arr":["153"],"angle":16.1}},{"type":"Feature","geometry":{"type":"Point","coordinates":[18.496414,54.464287]},"properties":{"lines":"153","color":"#0059a9","mode":"bus","arr":["153"],"angle":35.4}},{"type":"Feature","geometry":{"type":"Point","coordinates":[18.486942,54.467558]},"properties":{"lines":"29, 153","color":"#0059a9","mode":"bus","arr":["29","153"],"angle":-48.1}},{"type":"Feature","geometry":{"type":"Point","coordinates":[18.491603,54.469317]},"properties":{"lines":"29, 153","color":"#0059a9","mode":"bus","arr":["29","153"],"angle":-81.9,"extra":1}},{"type":"Feature","geometry":{"type":"Point","coordinates":[18.489872,54.470338]},"properties":{"lines":"29, 153","color":"#0059a9","mode":"bus","arr":["29","153"],"angle":44.1}},{"type":"Feature","geometry":{"type":"Point","coordinates":[18.579838,54.425232]},"properties":{"lines":"31","color":"#149a3f","mode":"bus","arr":["31"],"angle":9.5}},{"type":"Feature","geometry":{"type":"Point","coordinates":[18.574592,54.428713]},"properties":{"lines":"31","color":"#149a3f","mode":"bus","arr":["31"],"angle":71.7}},{"type":"Feature","geometry":{"type":"Point","coordinates":[18.576689,54.425265]},"properties":{"lines":"31","color":"#149a3f","mode":"bus","arr":["31"],"angle":65.3,"extra":1}},{"type":"Feature","geometry":{"type":"Point","coordinates":[18.571219,54.433325]},"properties":{"lines":"31, 144, 185","color":"#0059a9","mode":"bus","arr":["31","144","185"],"angle":62}},{"type":"Feature","geometry":{"type":"Point","coordinates":[18.569182,54.435295]},"properties":{"lines":"31, 144","color":"#0059a9","mode":"bus","arr":["31","144"],"angle":59}},{"type":"Feature","geometry":{"type":"Point","coordinates":[18.566845,54.435764]},"properties":{"lines":"31, 177, 187","color":"#0059a9","mode":"bus","arr":["31","177","187"],"angle":-25.9}},{"type":"Feature","geometry":{"type":"Point","coordinates":[18.563263,54.435144]},"properties":{"lines":"31, 144, 177","color":"#0059a9","mode":"bus","arr":["31","144","177"],"angle":-11.4}},{"type":"Feature","geometry":{"type":"Point","coordinates":[18.503266,54.477663]},"properties":{"lines":"32, 145","color":"#0059a9","mode":"bus","arr":["32","145"],"angle":-78.8}},{"type":"Feature","geometry":{"type":"Point","coordinates":[18.506841,54.473774]},"properties":{"lines":"32, 145","color":"#0059a9","mode":"bus","arr":["32","145"],"angle":45}},{"type":"Feature","geometry":{"type":"Point","coordinates":[18.470795,54.559363]},"properties":{"lines":"32","color":"#149a3f","mode":"bus","arr":["32"],"angle":26.2}},{"type":"Feature","geometry":{"type":"Point","coordinates":[18.507552,54.533575]},"properties":{"lines":"32, 104, 128, 146, 150, 152, 173, 182, 194, 196, 282, N94, R","color":"#0059a9","mode":"bus","arr":["32","104","128","146","150","152","173","182","194","196","282","N94","R"],"angle":49.7}},{"type":"Feature","geometry":{"type":"Point","coordinates":[18.515216,54.528893]},"properties":{"lines":"32, 104, 128, 146, 150, 152, 173, 182, 194, 196, 282, N94, R","color":"#0059a9","mode":"bus","arr":["32","104","128","146","150","152","173","182","194","196","282","N94","R"],"angle":29.9,"extra":1}},{"type":"Feature","geometry":{"type":"Point","coordinates":[18.503807,54.536167]},"properties":{"lines":"32, 104, 128, 146, 150, 152, 173, 182, 194, 196, 282, N94, R","color":"#0059a9","mode":"bus","arr":["32","104","128","146","150","152","173","182","194","196","282","N94","R"],"angle":49.9,"extra":1}},{"type":"Feature","geometry":{"type":"Point","coordinates":[18.498725,54.539924]},"properties":{"lines":"32, 104, 128, 146, 150, 152, 173, 182, 194, 196, 282, N94, R","color":"#0059a9","mode":"bus","arr":["32","104","128","146","150","152","173","182","194","196","282","N94","R"],"angle":40.2,"extra":1}},{"type":"Feature","geometry":{"type":"Point","coordinates":[18.498965,54.541626]},"properties":{"lines":"32, 128, 146, 152, 173, 182, 194, 282, N94","color":"#0059a9","mode":"bus","arr":["32","128","146","152","173","182","194","282","N94"],"angle":77.4}},{"type":"Feature","geometry":{"type":"Point","coordinates":[18.502444,54.546522]},"properties":{"lines":"32, 128, 141, 146, 152, 163, 173, 182, 194, 282, 309, K, N94, X","color":"#0059a9","mode":"bus","arr":["32","128","141","146","152","163","173","182","194","282","309","K","N94","X"],"angle":-61.3}},{"type":"Feature","geometry":{"type":"Point","coordinates":[18.505378,54.549539]},"properties":{"lines":"32, 128, 141, 146, 152, 163, 173, 182, 194, 282, 309, K, N94, X","color":"#0059a9","mode":"bus","arr":["32","128","141","146","152","163","173","182","194","282","309","K","N94","X"],"angle":-53.3,"extra":1}},{"type":"Feature","geometry":{"type":"Point","coordinates":[18.50673,54.550633]},"properties":{"lines":"32, 104, 105, 125, 128, 135, 141, 146, 150, 152, 163, 173 +13","color":"#0059a9","mode":"bus","arr":["32","104","105","125","128","135","141","146","150","152","163","173","182","194","196","197","198","282","309","365","G","K","N40","N94","X"],"angle":-57.8}},{"type":"Feature","geometry":{"type":"Point","coordinates":[18.504368,54.552327]},"properties":{"lines":"32, 105, 125, 135, 146, 173, 198, 365, 770","color":"#0059a9","mode":"bus","arr":["32","105","125","135","146","173","198","365","770"],"angle":31}},{"type":"Feature","geometry":{"type":"Point","coordinates":[18.490174,54.555017]},"properties":{"lines":"32, 105, 125, 135, 146, 173, 198, 365, 770, N40","color":"#0059a9","mode":"bus","arr":["32","105","125","135","146","173","198","365","770","N40"],"angle":10.7}},{"type":"Feature","geometry":{"type":"Point","coordinates":[18.497832,54.553772]},"properties":{"lines":"32, 105, 125, 135, 146, 173, 198, 365, 770, N40","color":"#0059a9","mode":"bus","arr":["32","105","125","135","146","173","198","365","770","N40"],"angle":19.8,"extra":1}},{"type":"Feature","geometry":{"type":"Point","coordinates":[18.481746,54.556199]},"properties":{"lines":"32, 105, 125, 135, 146, 173, 198, 365, 770, N40","color":"#0059a9","mode":"bus","arr":["32","105","125","135","146","173","198","365","770","N40"],"angle":25.4,"extra":1}},{"type":"Feature","geometry":{"type":"Point","coordinates":[18.476778,54.558077]},"properties":{"lines":"32, 105, 135, 146, 165, 173, 198, 365, 770, N40","color":"#0059a9","mode":"bus","arr":["32","105","135","146","165","173","198","365","770","N40"],"angle":34.8}},{"type":"Feature","geometry":{"type":"Point","coordinates":[18.504165,54.552081]},"properties":{"lines":"32, 105, 125, 135, 146, 173, 198, 365, N40","color":"#0059a9","mode":"bus","arr":["32","105","125","135","146","173","198","365","N40"],"angle":36.1}},{"type":"Feature","geometry":{"type":"Point","coordinates":[18.506138,54.55084]},"properties":{"lines":"32, 105, 109, 125, 128, 134, 135, 141, 146, 150, 152, 163 +14","color":"#0059a9","mode":"bus","arr":["32","105","109","125","128","134","135","141","146","150","152","163","173","182","194","196","197","198","209","282","309","365","G","K","N40","X"],"angle":-61.7}},{"type":"Feature","geometry":{"type":"Point","coordinates":[18.502436,54.546754]},"properties":{"lines":"32, 109, 128, 134, 141, 146, 152, 163, 173, 182, 194, 196 +7","color":"#0059a9","mode":"bus","arr":["32","109","128","134","141","146","152","163","173","182","194","196","209","282","309","G","K","N40","X"],"angle":-60.2}},{"type":"Feature","geometry":{"type":"Point","coordinates":[18.49951,54.543843]},"properties":{"lines":"32, 109, 128, 134, 141, 146, 152, 163, 173, 182, 194, 196 +7","color":"#0059a9","mode":"bus","arr":["32","109","128","134","141","146","152","163","173","182","194","196","209","282","309","G","K","N40","X"],"angle":-59.6,"extra":1}},{"type":"Feature","geometry":{"type":"Point","coordinates":[18.496753,54.542576]},"properties":{"lines":"32, 128, 134, 146, 152, 173, 182, 194, 209, 282","color":"#0059a9","mode":"bus","arr":["32","128","134","146","152","173","182","194","209","282"],"angle":-3}},{"type":"Feature","geometry":{"type":"Point","coordinates":[18.49664,54.540871]},"properties":{"lines":"32, 128, 134, 146, 150, 152, 173, 182, 194, 209, 282","color":"#0059a9","mode":"bus","arr":["32","128","134","146","150","152","173","182","194","209","282"],"angle":43.5}},{"type":"Feature","geometry":{"type":"Point","coordinates":[18.507581,54.533337]},"properties":{"lines":"32, 128, 134, 146, 150, 152, 173, 182, 194, 209, 282, R","color":"#0059a9","mode":"bus","arr":["32","128","134","146","150","152","173","182","194","209","282","R"],"angle":49.9}},{"type":"Feature","geometry":{"type":"Point","coordinates":[18.50101,54.538659]},"properties":{"lines":"32, 128, 134, 146, 150, 152, 173, 182, 194, 209, 282, R","color":"#0059a9","mode":"bus","arr":["32","128","134","146","150","152","173","182","194","209","282","R"],"angle":40.2,"extra":1}},{"type":"Feature","geometry":{"type":"Point","coordinates":[18.511121,54.530888]},"properties":{"lines":"32, 128, 134, 146, 150, 152, 173, 182, 194, 209, 282, R","color":"#0059a9","mode":"bus","arr":["32","128","134","146","150","152","173","182","194","209","282","R"],"angle":49.9,"extra":1}},{"type":"Feature","geometry":{"type":"Point","coordinates":[18.517472,54.527643]},"properties":{"lines":"32, 128, 134, 146, 150, 152, 173, 182, 194, 209, 282, R","color":"#0059a9","mode":"bus","arr":["32","128","134","146","150","152","173","182","194","209","282","R"],"angle":42.1,"extra":1}},{"type":"Feature","geometry":{"type":"Point","coordinates":[18.519895,54.525444]},"properties":{"lines":"32, 128, 133, 134, 146, 150, 152, 173, 182, 194, 209, 282, R","color":"#0059a9","mode":"bus","arr":["32","128","133","134","146","150","152","173","182","194","209","282","R"],"angle":38.6}},{"type":"Feature","geometry":{"type":"Point","coordinates":[18.489957,54.473609]},"properties":{"lines":"33, 145, 180","color":"#0059a9","mode":"bus","arr":["33","145","180"],"angle":23.7}},{"type":"Feature","geometry":{"type":"Point","coordinates":[18.483953,54.473867]},"properties":{"lines":"33, 145, 180","color":"#0059a9","mode":"bus","arr":["33","145","180"],"angle":76.2}},{"type":"Feature","geometry":{"type":"Point","coordinates":[18.534198,54.509069]},"properties":{"lines":"34, 109, 182, 760","color":"#0059a9","mode":"bus","arr":["34","109","182","760"],"angle":60}},{"type":"Feature","geometry":{"type":"Point","coordinates":[18.53829,54.514529]},"properties":{"lines":"34, 104, 105, 119, 125, 128, 133, 140, 147, 150, 152, 160 +8","color":"#0059a9","mode":"bus","arr":["34","104","105","119","125","128","133","140","147","150","152","160","190","196","282","G","R","S","W","Z"],"angle":-83.4}},{"type":"Feature","geometry":{"type":"Point","coordinates":[18.456567,54.5295]},"properties":{"lines":"34, 102, 114","color":"#0059a9","mode":"bus","arr":["34","102","114"],"angle":66}},{"type":"Feature","geometry":{"type":"Point","coordinates":[18.455331,54.533266]},"properties":{"lines":"34, 102, 114","color":"#0059a9","mode":"bus","arr":["34","102","114"],"angle":-86.6,"extra":1}},{"type":"Feature","geometry":{"type":"Point","coordinates":[18.462606,54.525138]},"properties":{"lines":"34, 102, 114","color":"#0059a9","mode":"bus","arr":["34","102","114"],"angle":6.6,"extra":1}},{"type":"Feature","geometry":{"type":"Point","coordinates":[18.53874,54.518613]},"properties":{"lines":"34, 105, 109, 125, 140, 147, 150, 160, 190, 196, G, S, W","color":"#0059a9","mode":"bus","arr":["34","105","109","125","140","147","150","160","190","196","G","S","W"],"angle":-88.5}},{"type":"Feature","geometry":{"type":"Point","coordinates":[18.537861,54.513622]},"properties":{"lines":"34, 105, 109, 119, 125, 128, 133, 134, 140, 147, 150, 152 +10","color":"#0059a9","mode":"bus","arr":["34","105","109","119","125","128","133","134","140","147","150","152","160","190","196","209","282","G","R","S","W","Z"],"angle":-83.3}},{"type":"Feature","geometry":{"type":"Point","coordinates":[18.537032,54.510337]},"properties":{"lines":"34, 105, 109, 119, 125, 128, 133, 134, 140, 147, 150, 152 +10","color":"#0059a9","mode":"bus","arr":["34","105","109","119","125","128","133","134","140","147","150","152","160","190","196","209","282","G","R","S","W","Z"],"angle":-79.3,"extra":1}},{"type":"Feature","geometry":{"type":"Point","coordinates":[18.407172,54.556764]},"properties":{"lines":"83","color":"#0059a9","mode":"bus","arr":["83"],"angle":-83.9}},{"type":"Feature","geometry":{"type":"Point","coordinates":[18.40577,54.558555]},"properties":{"lines":"83","color":"#0059a9","mode":"bus","arr":["83"],"angle":36.9}},{"type":"Feature","geometry":{"type":"Point","coordinates":[18.392275,54.577991]},"properties":{"lines":"83","color":"#0059a9","mode":"bus","arr":["83"],"angle":-8.8}},{"type":"Feature","geometry":{"type":"Point","coordinates":[18.408003,54.561957]},"properties":{"lines":"83, 87","color":"#0059a9","mode":"bus","arr":["83","87"],"angle":-57.5}},{"type":"Feature","geometry":{"type":"Point","coordinates":[18.41227,54.566784]},"properties":{"lines":"83, 87, J, M, N30, R","color":"#0059a9","mode":"bus","arr":["83","87","J","M","N30","R"],"angle":-72.3}},{"type":"Feature","geometry":{"type":"Point","coordinates":[18.415577,54.572548]},"properties":{"lines":"83, J, M","color":"#0059a9","mode":"bus","arr":["83","J","M"],"angle":-68.6}},{"type":"Feature","geometry":{"type":"Point","coordinates":[18.410247,54.575191]},"properties":{"lines":"83, 86, J, M","color":"#0059a9","mode":"bus","arr":["83","86","J","M"],"angle":24.9}},{"type":"Feature","geometry":{"type":"Point","coordinates":[18.400891,54.577863]},"properties":{"lines":"83, 87, 173, J, M","color":"#0059a9","mode":"bus","arr":["83","87","173","J","M"],"angle":23.1}},{"type":"Feature","geometry":{"type":"Point","coordinates":[18.386347,54.579966]},"properties":{"lines":"83, 85","color":"#0059a9","mode":"bus","arr":["83","85"],"angle":85}},{"type":"Feature","geometry":{"type":"Point","coordinates":[18.381477,54.58392]},"properties":{"lines":"83, 84, 87","color":"#0059a9","mode":"bus","arr":["83","84","87"],"angle":29.2}},{"type":"Feature","geometry":{"type":"Point","coordinates":[18.369468,54.590103]},"properties":{"lines":"83, 84, 87","color":"#0059a9","mode":"bus","arr":["83","84","87"],"angle":45.4}},{"type":"Feature","geometry":{"type":"Point","coordinates":[18.37629,54.585135]},"properties":{"lines":"83, 84, 87","color":"#0059a9","mode":"bus","arr":["83","84","87"],"angle":-59}},{"type":"Feature","geometry":{"type":"Point","coordinates":[18.375223,54.584925]},"properties":{"lines":"83, 84, 87","color":"#0059a9","mode":"bus","arr":["83","84","87"],"angle":-17.5}},{"type":"Feature","geometry":{"type":"Point","coordinates":[18.387071,54.569481]},"properties":{"lines":"84, 85, 173, 288, J, M","color":"#0059a9","mode":"bus","arr":["84","85","173","288","J","M"],"angle":44.3}},{"type":"Feature","geometry":{"type":"Point","coordinates":[18.389904,54.568217]},"properties":{"lines":"84, 85, 86, 173, J, M, R","color":"#0059a9","mode":"bus","arr":["84","85","86","173","J","M","R"],"angle":-44.2}},{"type":"Feature","geometry":{"type":"Point","coordinates":[18.392164,54.570636]},"properties":{"lines":"84, 85, 86, 87, 173","color":"#0059a9","mode":"bus","arr":["84","85","86","87","173"],"angle":-73.3}},{"type":"Feature","geometry":{"type":"Point","coordinates":[18.399267,54.572183]},"properties":{"lines":"84, 86, 87, 173","color":"#0059a9","mode":"bus","arr":["84","86","87","173"],"angle":-61.7}},{"type":"Feature","geometry":{"type":"Point","coordinates":[18.406087,54.579017]},"properties":{"lines":"84","color":"#0059a9","mode":"bus","arr":["84"],"angle":-65.4}},{"type":"Feature","geometry":{"type":"Point","coordinates":[18.405862,54.582829]},"properties":{"lines":"84","color":"#0059a9","mode":"bus","arr":["84"],"angle":-2.7}},{"type":"Feature","geometry":{"type":"Point","coordinates":[18.401253,54.585015]},"properties":{"lines":"84","color":"#0059a9","mode":"bus","arr":["84"],"angle":-75.7}},{"type":"Feature","geometry":{"type":"Point","coordinates":[18.391353,54.588056]},"properties":{"lines":"84","color":"#0059a9","mode":"bus","arr":["84"],"angle":-60.4}},{"type":"Feature","geometry":{"type":"Point","coordinates":[18.396727,54.587189]},"properties":{"lines":"84","color":"#0059a9","mode":"bus","arr":["84"],"angle":28.5,"extra":1}},{"type":"Feature","geometry":{"type":"Point","coordinates":[18.386265,54.582921]},"properties":{"lines":"84","color":"#0059a9","mode":"bus","arr":["84"],"angle":-58,"extra":1}},{"type":"Feature","geometry":{"type":"Point","coordinates":[18.389888,54.570167]},"properties":{"lines":"84, 86, M, N30, R","color":"#0059a9","mode":"bus","arr":["84","86","M","N30","R"],"angle":26.9}},{"type":"Feature","geometry":{"type":"Point","coordinates":[18.388015,54.571283]},"properties":{"lines":"84, 86, M","color":"#0059a9","mode":"bus","arr":["84","86","M"],"angle":24.3}},{"type":"Feature","geometry":{"type":"Point","coordinates":[18.386818,54.570565]},"properties":{"lines":"84, 86, 173, 288, J, M","color":"#0059a9","mode":"bus","arr":["84","86","173","288","J","M"],"angle":-64.2}},{"type":"Feature","geometry":{"type":"Point","coordinates":[18.399871,54.585166]},"properties":{"lines":"85, 173, J, M","color":"#0059a9","mode":"bus","arr":["85","173","J","M"],"angle":-72.9}},{"type":"Feature","geometry":{"type":"Point","coordinates":[18.392492,54.585387]},"properties":{"lines":"85","color":"#0059a9","mode":"bus","arr":["85"],"angle":-24.5}},{"type":"Feature","geometry":{"type":"Point","coordinates":[18.389759,54.582958]},"properties":{"lines":"85","color":"#0059a9","mode":"bus","arr":["85"],"angle":-59.9,"extra":1}},{"type":"Feature","geometry":{"type":"Point","coordinates":[18.391295,54.574782]},"properties":{"lines":"85","color":"#0059a9","mode":"bus","arr":["85"],"angle":29.3}},{"type":"Feature","geometry":{"type":"Point","coordinates":[18.38731,54.582001]},"properties":{"lines":"85, 87","color":"#0059a9","mode":"bus","arr":["85","87"],"angle":29.4}},{"type":"Feature","geometry":{"type":"Point","coordinates":[18.389081,54.567528]},"properties":{"lines":"85, 173, 288","color":"#0059a9","mode":"bus","arr":["85","173","288"],"angle":78.7}},{"type":"Feature","geometry":{"type":"Point","coordinates":[18.374936,54.559609]},"properties":{"lines":"85, 288","color":"#0059a9","mode":"bus","arr":["85","288"],"angle":55.8}},{"type":"Feature","geometry":{"type":"Point","coordinates":[18.387711,54.563065]},"properties":{"lines":"85, 288","color":"#0059a9","mode":"bus","arr":["85","288"],"angle":-26.9,"extra":1}},{"type":"Feature","geometry":{"type":"Point","coordinates":[18.379655,54.561621]},"properties":{"lines":"85, 288","color":"#0059a9","mode":"bus","arr":["85","288"],"angle":-19.5,"extra":1}},{"type":"Feature","geometry":{"type":"Point","coordinates":[18.373657,54.555469]},"properties":{"lines":"85, 288","color":"#0059a9","mode":"bus","arr":["85","288"],"angle":-41.4,"extra":1}},{"type":"Feature","geometry":{"type":"Point","coordinates":[18.394255,54.560775]},"properties":{"lines":"86","color":"#0059a9","mode":"bus","arr":["86"],"angle":-69.7}},{"type":"Feature","geometry":{"type":"Point","coordinates":[18.3895,54.567226]},"properties":{"lines":"86","color":"#0059a9","mode":"bus","arr":["86"],"angle":45.5}},{"type":"Feature","geometry":{"type":"Point","coordinates":[18.379301,54.572493]},"properties":{"lines":"86","color":"#0059a9","mode":"bus","arr":["86"],"angle":44.5}},{"type":"Feature","geometry":{"type":"Point","coordinates":[18.384898,54.569449]},"properties":{"lines":"86","color":"#0059a9","mode":"bus","arr":["86"],"angle":37,"extra":1}},{"type":"Feature","geometry":{"type":"Point","coordinates":[18.374612,54.5761]},"properties":{"lines":"86","color":"#0059a9","mode":"bus","arr":["86"],"angle":-30.4,"extra":1}},{"type":"Feature","geometry":{"type":"Point","coordinates":[18.494819,54.581519]},"properties":{"lines":"86","color":"#0059a9","mode":"bus","arr":["86"],"angle":78.1}},{"type":"Feature","geometry":{"type":"Point","coordinates":[18.441287,54.580337]},"properties":{"lines":"86","color":"#0059a9","mode":"bus","arr":["86"],"angle":-82.9}},{"type":"Feature","geometry":{"type":"Point","coordinates":[18.438995,54.586348]},"properties":{"lines":"86","color":"#0059a9","mode":"bus","arr":["86"],"angle":56.8,"extra":1}},{"type":"Feature","geometry":{"type":"Point","coordinates":[18.440615,54.577159]},"properties":{"lines":"86","color":"#0059a9","mode":"bus","arr":["86"],"angle":-81.2,"extra":1}},{"type":"Feature","geometry":{"type":"Point","coordinates":[18.437622,54.573323]},"properties":{"lines":"86","color":"#0059a9","mode":"bus","arr":["86"],"angle":-5.3,"extra":1}},{"type":"Feature","geometry":{"type":"Point","coordinates":[18.422883,54.573025]},"properties":{"lines":"86","color":"#0059a9","mode":"bus","arr":["86"],"angle":7.2}},{"type":"Feature","geometry":{"type":"Point","coordinates":[18.428844,54.572849]},"properties":{"lines":"86","color":"#0059a9","mode":"bus","arr":["86"],"angle":-4.4,"extra":1}},{"type":"Feature","geometry":{"type":"Point","coordinates":[18.426297,54.577833]},"properties":{"lines":"86","color":"#0059a9","mode":"bus","arr":["86"],"angle":82}},{"type":"Feature","geometry":{"type":"Point","coordinates":[18.428925,54.575326]},"properties":{"lines":"86","color":"#0059a9","mode":"bus","arr":["86"],"angle":80.5,"extra":1}},{"type":"Feature","geometry":{"type":"Point","coordinates":[18.424811,54.58382]},"properties":{"lines":"86","color":"#0059a9","mode":"bus","arr":["86"],"angle":84.1,"extra":1}},{"type":"Feature","geometry":{"type":"Point","coordinates":[18.393429,54.563319]},"properties":{"lines":"86, 173","color":"#0059a9","mode":"bus","arr":["86","173"],"angle":34}},{"type":"Feature","geometry":{"type":"Point","coordinates":[18.390413,54.565333]},"properties":{"lines":"86, 173, 288","color":"#0059a9","mode":"bus","arr":["86","173","288"],"angle":59.5}},{"type":"Feature","geometry":{"type":"Point","coordinates":[18.382097,54.573795]},"properties":{"lines":"86, J","color":"#0059a9","mode":"bus","arr":["86","J"],"angle":45}},{"type":"Feature","geometry":{"type":"Point","coordinates":[18.386029,54.571482]},"properties":{"lines":"86, J","color":"#0059a9","mode":"bus","arr":["86","J"],"angle":47.3,"extra":1}},{"type":"Feature","geometry":{"type":"Point","coordinates":[18.387228,54.569604]},"properties":{"lines":"86, N30, R","color":"#0059a9","mode":"bus","arr":["86","N30","R"],"angle":39.5}},{"type":"Feature","geometry":{"type":"Point","coordinates":[18.493712,54.579449]},"properties":{"lines":"86, 105, 165","color":"#0059a9","mode":"bus","arr":["86","105","165"],"angle":-9.2}},{"type":"Feature","geometry":{"type":"Point","coordinates":[18.492518,54.580998]},"properties":{"lines":"86, 105, 146, 165, 173, 365, N65","color":"#0059a9","mode":"bus","arr":["86","105","146","165","173","365","N65"],"angle":-78.3}},{"type":"Feature","geometry":{"type":"Point","coordinates":[18.493553,54.586045]},"properties":{"lines":"86, 105, 146, 165, 173, 365, N65","color":"#0059a9","mode":"bus","arr":["86","105","146","165","173","365","N65"],"angle":84.2,"extra":1}},{"type":"Feature","geometry":{"type":"Point","coordinates":[18.487244,54.589037]},"properties":{"lines":"86, 105, 173, M, N65","color":"#0059a9","mode":"bus","arr":["86","105","173","M","N65"],"angle":4.8}},{"type":"Feature","geometry":{"type":"Point","coordinates":[18.475363,54.590362]},"properties":{"lines":"86, 173, M, N65","color":"#0059a9","mode":"bus","arr":["86","173","M","N65"],"angle":12.6}},{"type":"Feature","geometry":{"type":"Point","coordinates":[18.469205,54.59067]},"properties":{"lines":"86, 173, M, N65","color":"#0059a9","mode":"bus","arr":["86","173","M","N65"],"angle":-3.9,"extra":1}},{"type":"Feature","geometry":{"type":"Point","coordinates":[18.459837,54.591263]},"properties":{"lines":"86, 135, 173, M, N65","color":"#0059a9","mode":"bus","arr":["86","135","173","M","N65"],"angle":-2.7}},{"type":"Feature","geometry":{"type":"Point","coordinates":[18.443413,54.590331]},"properties":{"lines":"86, 173, M","color":"#0059a9","mode":"bus","arr":["86","173","M"],"angle":-4.1}},{"type":"Feature","geometry":{"type":"Point","coordinates":[18.439068,54.589094]},"properties":{"lines":"86, 173, M","color":"#0059a9","mode":"bus","arr":["86","173","M"],"angle":-32.4,"extra":1}},{"type":"Feature","geometry":{"type":"Point","coordinates":[18.392519,54.580331]},"properties":{"lines":"87","color":"#0059a9","mode":"bus","arr":["87"],"angle":29.4}},{"type":"Feature","geometry":{"type":"Point","coordinates":[18.413323,54.560488]},"properties":{"lines":"87","color":"#0059a9","mode":"bus","arr":["87"],"angle":-68.3}},{"type":"Feature","geometry":{"type":"Point","coordinates":[18.420419,54.56177]},"properties":{"lines":"87","color":"#0059a9","mode":"bus","arr":["87"],"angle":15.6,"extra":1}},{"type":"Feature","geometry":{"type":"Point","coordinates":[18.404303,54.565757]},"properties":{"lines":"87, J, M, N30, R","color":"#0059a9","mode":"bus","arr":["87","J","M","N30","R"],"angle":29.9}},{"type":"Feature","geometry":{"type":"Point","coordinates":[18.395434,54.568552]},"properties":{"lines":"87, J, M, N30, R","color":"#0059a9","mode":"bus","arr":["87","J","M","N30","R"],"angle":25.4,"extra":1}},{"type":"Feature","geometry":{"type":"Point","coordinates":[18.409726,54.563971]},"properties":{"lines":"87, J, M, N30, R","color":"#0059a9","mode":"bus","arr":["87","J","M","N30","R"],"angle":36.8,"extra":1}},{"type":"Feature","geometry":{"type":"Point","coordinates":[18.421256,54.562805]},"properties":{"lines":"87, R","color":"#0059a9","mode":"bus","arr":["87","R"],"angle":84.9}},{"type":"Feature","geometry":{"type":"Point","coordinates":[18.420777,54.567162]},"properties":{"lines":"87, N30, R","color":"#0059a9","mode":"bus","arr":["87","N30","R"],"angle":57.9}},{"type":"Feature","geometry":{"type":"Point","coordinates":[18.399415,54.567423]},"properties":{"lines":"87, J, M, R","color":"#0059a9","mode":"bus","arr":["87","J","M","R"],"angle":30.2}},{"type":"Feature","geometry":{"type":"Point","coordinates":[18.531417,54.520971]},"properties":{"lines":"102, 140, 147, 150, 160, 182, 190, 204","color":"#0059a9","mode":"bus","arr":["102","140","147","150","160","182","190","204"],"angle":35}},{"type":"Feature","geometry":{"type":"Point","coordinates":[18.480405,54.534727]},"properties":{"lines":"102","color":"#0059a9","mode":"bus","arr":["102"],"angle":26.9}},{"type":"Feature","geometry":{"type":"Point","coordinates":[18.464128,54.538101]},"properties":{"lines":"102","color":"#0059a9","mode":"bus","arr":["102"],"angle":-30}},{"type":"Feature","geometry":{"type":"Point","coordinates":[18.468608,54.537035]},"properties":{"lines":"102","color":"#0059a9","mode":"bus","arr":["102"],"angle":34.5,"extra":1}},{"type":"Feature","geometry":{"type":"Point","coordinates":[18.485251,54.530671]},"properties":{"lines":"102","color":"#0059a9","mode":"bus","arr":["102"],"angle":-35.7}},{"type":"Feature","geometry":{"type":"Point","coordinates":[18.481196,54.527502]},"properties":{"lines":"102","color":"#0059a9","mode":"bus","arr":["102"],"angle":50.9,"extra":1}},{"type":"Feature","geometry":{"type":"Point","coordinates":[18.49142,54.528042]},"properties":{"lines":"102","color":"#0059a9","mode":"bus","arr":["102"],"angle":-14.7}},{"type":"Feature","geometry":{"type":"Point","coordinates":[18.497255,54.529777]},"properties":{"lines":"102","color":"#0059a9","mode":"bus","arr":["102"],"angle":1,"extra":1}},{"type":"Feature","geometry":{"type":"Point","coordinates":[18.50296,54.528797]},"properties":{"lines":"102","color":"#0059a9","mode":"bus","arr":["102"],"angle":-59.7}},{"type":"Feature","geometry":{"type":"Point","coordinates":[18.503269,54.528203]},"properties":{"lines":"102","color":"#0059a9","mode":"bus","arr":["102"],"angle":28.4}},{"type":"Feature","geometry":{"type":"Point","coordinates":[18.507376,54.526943]},"properties":{"lines":"102","color":"#0059a9","mode":"bus","arr":["102"],"angle":26.9,"extra":1}},{"type":"Feature","geometry":{"type":"Point","coordinates":[18.523893,54.52126]},"properties":{"lines":"102","color":"#0059a9","mode":"bus","arr":["102"],"angle":31.6}},{"type":"Feature","geometry":{"type":"Point","coordinates":[18.513292,54.524523]},"properties":{"lines":"102","color":"#0059a9","mode":"bus","arr":["102"],"angle":32.6}},{"type":"Feature","geometry":{"type":"Point","coordinates":[18.495785,54.527486]},"properties":{"lines":"102","color":"#0059a9","mode":"bus","arr":["102"],"angle":-78}},{"type":"Feature","geometry":{"type":"Point","coordinates":[18.514385,54.52294]},"properties":{"lines":"102","color":"#0059a9","mode":"bus","arr":["102"],"angle":37.7}},{"type":"Feature","geometry":{"type":"Point","coordinates":[18.519006,54.522405]},"properties":{"lines":"102","color":"#0059a9","mode":"bus","arr":["102"],"angle":31.8,"extra":1}},{"type":"Feature","geometry":{"type":"Point","coordinates":[18.462558,54.545577]},"properties":{"lines":"102, 114, 159, 173, 288","color":"#0059a9","mode":"bus","arr":["102","114","159","173","288"],"angle":24.1}},{"type":"Feature","geometry":{"type":"Point","coordinates":[18.458674,54.528958]},"properties":{"lines":"102, 114","color":"#0059a9","mode":"bus","arr":["102","114"],"angle":61.1}},{"type":"Feature","geometry":{"type":"Point","coordinates":[18.461993,54.526726]},"properties":{"lines":"102, 114","color":"#0059a9","mode":"bus","arr":["102","114"],"angle":54.3,"extra":1}},{"type":"Feature","geometry":{"type":"Point","coordinates":[18.553455,54.505045]},"properties":{"lines":"252","color":"#0059a9","mode":"bus","arr":["252"],"angle":-64.5}},{"type":"Feature","geometry":{"type":"Point","coordinates":[18.539187,54.505514]},"properties":{"lines":"252","color":"#0059a9","mode":"bus","arr":["252"],"angle":76.8}},{"type":"Feature","geometry":{"type":"Point","coordinates":[18.551396,54.491099]},"properties":{"lines":"252","color":"#0059a9","mode":"bus","arr":["252"],"angle":13.8}},{"type":"Feature","geometry":{"type":"Point","coordinates":[18.54815,54.488018]},"properties":{"lines":"252","color":"#0059a9","mode":"bus","arr":["252"],"angle":-44.8}},{"type":"Feature","geometry":{"type":"Point","coordinates":[18.546214,54.510402]},"properties":{"lines":"252","color":"#0059a9","mode":"bus","arr":["252"],"angle":-56}},{"type":"Feature","geometry":{"type":"Point","coordinates":[18.550726,54.508942]},"properties":{"lines":"252","color":"#0059a9","mode":"bus","arr":["252"],"angle":-51.6}},{"type":"Feature","geometry":{"type":"Point","coordinates":[18.54779,54.504603]},"properties":{"lines":"252","color":"#0059a9","mode":"bus","arr":["252"],"angle":-20.1}},{"type":"Feature","geometry":{"type":"Point","coordinates":[18.547247,54.508112]},"properties":{"lines":"104, 128, 196, 252, 282","color":"#0059a9","mode":"bus","arr":["104","128","196","252","282"],"angle":14.2}},{"type":"Feature","geometry":{"type":"Point","coordinates":[18.541647,54.508931]},"properties":{"lines":"104, 119, 128, 133, 196, 252, 282","color":"#0059a9","mode":"bus","arr":["104","119","128","133","196","252","282"],"angle":14.3}},{"type":"Feature","geometry":{"type":"Point","coordinates":[18.538943,54.520915]},"properties":{"lines":"104, 119, 128, 133, 140, 147, 150, 152, 160, 182, 196, R, Z","color":"#0059a9","mode":"bus","arr":["104","119","128","133","140","147","150","152","160","182","196","R","Z"],"angle":86.6}},{"type":"Feature","geometry":{"type":"Point","coordinates":[18.538713,54.522835]},"properties":{"lines":"104, 128, 133, 140, 147, 150, 152, 160, 182, 196, R, Z","color":"#0059a9","mode":"bus","arr":["104","128","133","140","147","150","152","160","182","196","R","Z"],"angle":86}},{"type":"Feature","geometry":{"type":"Point","coordinates":[18.497258,54.540649]},"properties":{"lines":"104, 105, 125, 150, 196, 197, G, N40, R","color":"#0059a9","mode":"bus","arr":["104","105","125","150","196","197","G","N40","R"],"angle":41.4}},{"type":"Feature","geometry":{"type":"Point","coordinates":[18.499563,54.544608]},"properties":{"lines":"104, 105, 125, 150, 196, 197, G, N40","color":"#0059a9","mode":"bus","arr":["104","105","125","150","196","197","G","N40"],"angle":-57.9}},{"type":"Feature","geometry":{"type":"Point","coordinates":[18.500841,54.547455]},"properties":{"lines":"104, 105, 125, 150, 196, 197, G, N40","color":"#0059a9","mode":"bus","arr":["104","105","125","150","196","197","G","N40"],"angle":63,"extra":1}},{"type":"Feature","geometry":{"type":"Point","coordinates":[18.504327,54.547677]},"properties":{"lines":"104, 105, 125, 135, 150, 196, 197, 198, G, N40","color":"#0059a9","mode":"bus","arr":["104","105","125","135","150","196","197","198","G","N40"],"angle":-51.2}},{"type":"Feature","geometry":{"type":"Point","coordinates":[18.508263,54.55067]},"properties":{"lines":"104, 141, 150, 152, 163, 182, 196, 197, 209, 282, 309, N40, X","color":"#0059a9","mode":"bus","arr":["104","141","150","152","163","182","196","197","209","282","309","N40","X"],"angle":19.6}},{"type":"Feature","geometry":{"type":"Point","coordinates":[18.510903,54.550302]},"properties":{"lines":"104, 109, 128, 134, 141, 150, 152, 163, 182, 196, 197, 209 +4","color":"#0059a9","mode":"bus","arr":["104","109","128","134","141","150","152","163","182","196","197","209","282","309","N40","X"],"angle":22.1}},{"type":"Feature","geometry":{"type":"Point","coordinates":[18.50814,54.55103]},"properties":{"lines":"109, 128, 134, 141, 150, 152, 163, 182, 196, 197, 209, 282, 309, X","color":"#0059a9","mode":"bus","arr":["109","128","134","141","150","152","163","182","196","197","209","282","309","X"],"angle":28.6}},{"type":"Feature","geometry":{"type":"Point","coordinates":[18.514647,54.549135]},"properties":{"lines":"104, 109, 128, 134, 150, 152, 163, 182, 196, 197, 209, 282 +3","color":"#0059a9","mode":"bus","arr":["104","109","128","134","150","152","163","182","196","197","209","282","309","N40","X"],"angle":30.5}},{"type":"Feature","geometry":{"type":"Point","coordinates":[18.518489,54.547617]},"properties":{"lines":"104, 128, 150, 163, 196, 197, X","color":"#0059a9","mode":"bus","arr":["104","128","150","163","196","197","X"],"angle":46.2}},{"type":"Feature","geometry":{"type":"Point","coordinates":[18.532572,54.542839]},"properties":{"lines":"104, 128, 150, 163, 196, 197, N40, X","color":"#0059a9","mode":"bus","arr":["104","128","150","163","196","197","N40","X"],"angle":9}},{"type":"Feature","geometry":{"type":"Point","coordinates":[18.523226,54.5453]},"properties":{"lines":"104, 128, 150, 163, 196, 197, N40, X","color":"#0059a9","mode":"bus","arr":["104","128","150","163","196","197","N40","X"],"angle":33.8,"extra":1}},{"type":"Feature","geometry":{"type":"Point","coordinates":[18.539026,54.542517]},"properties":{"lines":"104, 128, 150, 163, 196, 197, N40, X","color":"#0059a9","mode":"bus","arr":["104","128","150","163","196","197","N40","X"],"angle":-4.9,"extra":1}},{"type":"Feature","geometry":{"type":"Point","coordinates":[18.553697,54.489761]},"properties":{"lines":"105, 121, 125, 180, 252, 700, W","color":"#0059a9","mode":"bus","arr":["105","121","125","180","252","700","W"],"angle":5.4}},{"type":"Feature","geometry":{"type":"Point","coordinates":[18.545522,54.489779]},"properties":{"lines":"105, 121, 125, 180, 700, W","color":"#0059a9","mode":"bus","arr":["105","121","125","180","700","W"],"angle":33}},{"type":"Feature","geometry":{"type":"Point","coordinates":[18.54085,54.49495]},"properties":{"lines":"105, 125, 180, W","color":"#0059a9","mode":"bus","arr":["105","125","180","W"],"angle":82.8}},{"type":"Feature","geometry":{"type":"Point","coordinates":[18.539894,54.497233]},"properties":{"lines":"105, 125, 192, W","color":"#0059a9","mode":"bus","arr":["105","125","192","W"],"angle":-5.2}},{"type":"Feature","geometry":{"type":"Point","coordinates":[18.491539,54.535632]},"properties":{"lines":"105, 125, 141, 197, 309, G, K, N40, X","color":"#0059a9","mode":"bus","arr":["105","125","141","197","309","G","K","N40","X"],"angle":-59.8}},{"type":"Feature","geometry":{"type":"Point","coordinates":[18.495857,54.539836]},"properties":{"lines":"105, 125, 141, 163, 197, 309, G, K, N40, R, X","color":"#0059a9","mode":"bus","arr":["105","125","141","163","197","309","G","K","N40","R","X"],"angle":-66.6}},{"type":"Feature","geometry":{"type":"Point","coordinates":[18.498898,54.541364]},"properties":{"lines":"105, 125, 197, G, N40, R","color":"#0059a9","mode":"bus","arr":["105","125","197","G","N40","R"],"angle":83.2}},{"type":"Feature","geometry":{"type":"Point","coordinates":[18.473646,54.559328]},"properties":{"lines":"105, 135, 146, 165, 173, 365, N40","color":"#0059a9","mode":"bus","arr":["105","135","146","165","173","365","N40"],"angle":32.7}},{"type":"Feature","geometry":{"type":"Point","coordinates":[18.475755,54.562538]},"properties":{"lines":"105, 135, 146, 163, 165, 173, 365, N40","color":"#0059a9","mode":"bus","arr":["105","135","146","163","165","173","365","N40"],"angle":85.8}},{"type":"Feature","geometry":{"type":"Point","coordinates":[18.481612,54.563599]},"properties":{"lines":"105, 135, 141, 146, 163, 165, 173, 194, 282, 365, G, N40, N65, N94","color":"#0059a9","mode":"bus","arr":["105","135","141","146","163","165","173","194","282","365","G","N40","N65","N94"],"angle":-55.1}},{"type":"Feature","geometry":{"type":"Point","coordinates":[18.483966,54.566328]},"properties":{"lines":"105, 146, 165, 173, 365, N65","color":"#0059a9","mode":"bus","arr":["105","146","165","173","365","N65"],"angle":-64.7}},{"type":"Feature","geometry":{"type":"Point","coordinates":[18.486595,54.566004]},"properties":{"lines":"105, 165","color":"#0059a9","mode":"bus","arr":["105","165"],"angle":-30}},{"type":"Feature","geometry":{"type":"Point","coordinates":[18.496969,54.571591]},"properties":{"lines":"105, 165","color":"#0059a9","mode":"bus","arr":["105","165"],"angle":-28.7}},{"type":"Feature","geometry":{"type":"Point","coordinates":[18.496146,54.577171]},"properties":{"lines":"105, 165","color":"#0059a9","mode":"bus","arr":["105","165"],"angle":80.7,"extra":1}},{"type":"Feature","geometry":{"type":"Point","coordinates":[18.494281,54.56911]},"properties":{"lines":"105, 165","color":"#0059a9","mode":"bus","arr":["105","165"],"angle":-63.9,"extra":1}},{"type":"Feature","geometry":{"type":"Point","coordinates":[18.48768,54.56772]},"properties":{"lines":"105, 165","color":"#0059a9","mode":"bus","arr":["105","165"],"angle":25.5,"extra":1}},{"type":"Feature","geometry":{"type":"Point","coordinates":[18.47959,54.596163]},"properties":{"lines":"105","color":"#0059a9","mode":"bus","arr":["105"],"angle":-76.8}},{"type":"Feature","geometry":{"type":"Point","coordinates":[18.48027,54.591657]},"properties":{"lines":"105","color":"#0059a9","mode":"bus","arr":["105"],"angle":69,"extra":1}},{"type":"Feature","geometry":{"type":"Point","coordinates":[18.483343,54.600504]},"properties":{"lines":"105","color":"#0059a9","mode":"bus","arr":["105"],"angle":-22.2,"extra":1}},{"type":"Feature","geometry":{"type":"Point","coordinates":[18.486561,54.604068]},"properties":{"lines":"105","color":"#0059a9","mode":"bus","arr":["105"],"angle":-54.7}},{"type":"Feature","geometry":{"type":"Point","coordinates":[18.481618,54.603564]},"properties":{"lines":"105","color":"#0059a9","mode":"bus","arr":["105"],"angle":11.2,"extra":1}},{"type":"Feature","geometry":{"type":"Point","coordinates":[18.493794,54.607251]},"properties":{"lines":"105","color":"#0059a9","mode":"bus","arr":["105"],"angle":-34.3,"extra":1}},{"type":"Feature","geometry":{"type":"Point","coordinates":[18.503707,54.610692]},"properties":{"lines":"105, 146, 165","color":"#0059a9","mode":"bus","arr":["105","146","165"],"angle":-19.1}},{"type":"Feature","geometry":{"type":"Point","coordinates":[18.503388,54.549113]},"properties":{"lines":"105, 125, 135, 150, 197, 198","color":"#0059a9","mode":"bus","arr":["105","125","135","150","197","198"],"angle":-1.8}},{"type":"Feature","geometry":{"type":"Point","coordinates":[18.500429,54.548014]},"properties":{"lines":"105, 125, 150, 197","color":"#0059a9","mode":"bus","arr":["105","125","150","197"],"angle":-85.2}},{"type":"Feature","geometry":{"type":"Point","coordinates":[18.495991,54.541685]},"properties":{"lines":"105, 125, 197","color":"#0059a9","mode":"bus","arr":["105","125","197"],"angle":32.9}},{"type":"Feature","geometry":{"type":"Point","coordinates":[18.497098,54.542394]},"properties":{"lines":"105, 125, 197, R","color":"#0059a9","mode":"bus","arr":["105","125","197","R"],"angle":33.1}},{"type":"Feature","geometry":{"type":"Point","coordinates":[18.495595,54.539997]},"properties":{"lines":"105, 109, 125, 141, 163, 196, 197, 309, G, K, N40, R, X","color":"#0059a9","mode":"bus","arr":["105","109","125","141","163","196","197","309","G","K","N40","R","X"],"angle":-51.1}},{"type":"Feature","geometry":{"type":"Point","coordinates":[18.491388,54.535675]},"properties":{"lines":"105, 109, 125, 141, 196, 197, 309, G, K, N30, N40, X","color":"#0059a9","mode":"bus","arr":["105","109","125","141","196","197","309","G","K","N30","N40","X"],"angle":-61.8}},{"type":"Feature","geometry":{"type":"Point","coordinates":[18.539892,54.497161]},"properties":{"lines":"105, 119, 125, 133, 180, 192, W","color":"#0059a9","mode":"bus","arr":["105","119","125","133","180","192","W"],"angle":-5.3}},{"type":"Feature","geometry":{"type":"Point","coordinates":[18.538909,54.578466]},"properties":{"lines":"196, 209, 309","color":"#0059a9","mode":"bus","arr":["196","209","309"],"angle":-26.5}},{"type":"Feature","geometry":{"type":"Point","coordinates":[18.534982,54.565844]},"properties":{"lines":"109, 196, 209, 309","color":"#0059a9","mode":"bus","arr":["109","196","209","309"],"angle":-81.6}},{"type":"Feature","geometry":{"type":"Point","coordinates":[18.537734,54.57594]},"properties":{"lines":"109, 196, 209, 309","color":"#0059a9","mode":"bus","arr":["109","196","209","309"],"angle":-74.8,"extra":1}},{"type":"Feature","geometry":{"type":"Point","coordinates":[18.53625,54.571075]},"properties":{"lines":"109, 196, 209, 309","color":"#0059a9","mode":"bus","arr":["109","196","209","309"],"angle":-82.3,"extra":1}},{"type":"Feature","geometry":{"type":"Point","coordinates":[18.533553,54.561316]},"properties":{"lines":"109, 196, 209, 309","color":"#0059a9","mode":"bus","arr":["109","196","209","309"],"angle":-75.4,"extra":1}},{"type":"Feature","geometry":{"type":"Point","coordinates":[18.531418,54.556529]},"properties":{"lines":"109, 196, 209, 309","color":"#0059a9","mode":"bus","arr":["109","196","209","309"],"angle":-75.5,"extra":1}},{"type":"Feature","geometry":{"type":"Point","coordinates":[18.530209,54.551378]},"properties":{"lines":"109, 128, 134, 163, 182, 196, 197, 209, 282, 309, N40","color":"#0059a9","mode":"bus","arr":["109","128","134","163","182","196","197","209","282","309","N40"],"angle":84.1}},{"type":"Feature","geometry":{"type":"Point","coordinates":[18.526193,54.548612]},"properties":{"lines":"109, 134, 152, 182, 209, 282, 309","color":"#0059a9","mode":"bus","arr":["109","134","152","182","209","282","309"],"angle":-1.4}},{"type":"Feature","geometry":{"type":"Point","coordinates":[18.518732,54.548564]},"properties":{"lines":"109, 134, 152, 182, 209, 282, 309, N40","color":"#0059a9","mode":"bus","arr":["109","134","152","182","209","282","309","N40"],"angle":0.1}},{"type":"Feature","geometry":{"type":"Point","coordinates":[18.498114,54.542442]},"properties":{"lines":"109, 141, 163, 196, 309, G, K, N40, X","color":"#0059a9","mode":"bus","arr":["109","141","163","196","309","G","K","N40","X"],"angle":-60}},{"type":"Feature","geometry":{"type":"Point","coordinates":[18.536604,54.490827]},"properties":{"lines":"109, 209","color":"#0059a9","mode":"bus","arr":["109","209"],"angle":17.9}},{"type":"Feature","geometry":{"type":"Point","coordinates":[18.547277,54.533127]},"properties":{"lines":"119, 133","color":"#0059a9","mode":"bus","arr":["119","133"],"angle":7}},{"type":"Feature","geometry":{"type":"Point","coordinates":[18.544652,54.526341]},"properties":{"lines":"119","color":"#0059a9","mode":"bus","arr":["119"],"angle":-59}},{"type":"Feature","geometry":{"type":"Point","coordinates":[18.542449,54.529815]},"properties":{"lines":"119","color":"#0059a9","mode":"bus","arr":["119"],"angle":62.5}},{"type":"Feature","geometry":{"type":"Point","coordinates":[18.535614,54.519187]},"properties":{"lines":"119, 128, 133, 134, 152, 209, 282, R, Z","color":"#0059a9","mode":"bus","arr":["119","128","133","134","152","209","282","R","Z"],"angle":89.1}},{"type":"Feature","geometry":{"type":"Point","coordinates":[18.541549,54.50021]},"properties":{"lines":"119, 192","color":"#0059a9","mode":"bus","arr":["119","192"],"angle":77.1}},{"type":"Feature","geometry":{"type":"Point","coordinates":[18.543159,54.505724]},"properties":{"lines":"119, 133, 252","color":"#0059a9","mode":"bus","arr":["119","133","252"],"angle":-71}},{"type":"Feature","geometry":{"type":"Point","coordinates":[18.541326,54.492591]},"properties":{"lines":"121, 180, 700","color":"#0059a9","mode":"bus","arr":["121","180","700"],"angle":-18.8}},{"type":"Feature","geometry":{"type":"Point","coordinates":[18.534309,54.491508]},"properties":{"lines":"121, 152, 192, 203","color":"#0059a9","mode":"bus","arr":["121","152","192","203"],"angle":12.4}},{"type":"Feature","geometry":{"type":"Point","coordinates":[18.522826,54.494725]},"properties":{"lines":"121, 192, 203","color":"#0059a9","mode":"bus","arr":["121","192","203"],"angle":35.1}},{"type":"Feature","geometry":{"type":"Point","coordinates":[18.529798,54.492306]},"properties":{"lines":"121, 192, 203","color":"#0059a9","mode":"bus","arr":["121","192","203"],"angle":16.7,"extra":1}},{"type":"Feature","geometry":{"type":"Point","coordinates":[18.514984,54.496413]},"properties":{"lines":"121, 192, 203","color":"#0059a9","mode":"bus","arr":["121","192","203"],"angle":45.7,"extra":1}},{"type":"Feature","geometry":{"type":"Point","coordinates":[18.511749,54.49742]},"properties":{"lines":"121, 192, 203","color":"#0059a9","mode":"bus","arr":["121","192","203"],"angle":48.2}},{"type":"Feature","geometry":{"type":"Point","coordinates":[18.499867,54.498434]},"properties":{"lines":"121, 140, 141, 147, 160, 760, N20","color":"#0059a9","mode":"bus","arr":["121","140","141","147","160","760","N20"],"angle":-6.3}},{"type":"Feature","geometry":{"type":"Point","coordinates":[18.495108,54.49841]},"properties":{"lines":"121, 140, 141, 147, 160, 760, N20","color":"#0059a9","mode":"bus","arr":["121","140","141","147","160","760","N20"],"angle":7,"extra":1}},{"type":"Feature","geometry":{"type":"Point","coordinates":[18.490848,54.498703]},"properties":{"lines":"121, 140, 147, 160, 760, N20","color":"#0059a9","mode":"bus","arr":["121","140","147","160","760","N20"],"angle":8.5}},{"type":"Feature","geometry":{"type":"Point","coordinates":[18.476379,54.499615]},"properties":{"lines":"121, 140, 147, 160, 760","color":"#0059a9","mode":"bus","arr":["121","140","147","160","760"],"angle":8}},{"type":"Feature","geometry":{"type":"Point","coordinates":[18.485515,54.49866]},"properties":{"lines":"121, 140, 147, 160, 760","color":"#0059a9","mode":"bus","arr":["121","140","147","160","760"],"angle":9.7,"extra":1}},{"type":"Feature","geometry":{"type":"Point","coordinates":[18.468758,54.500086]},"properties":{"lines":"121, 140, 147, 160, 760","color":"#0059a9","mode":"bus","arr":["121","140","147","160","760"],"angle":8.4,"extra":1}},{"type":"Feature","geometry":{"type":"Point","coordinates":[18.476175,54.499722]},"properties":{"lines":"121, 140, 147, 160, N20","color":"#0059a9","mode":"bus","arr":["121","140","147","160","N20"],"angle":7.7}},{"type":"Feature","geometry":{"type":"Point","coordinates":[18.487918,54.498582]},"properties":{"lines":"121, 140, 147, 160, N20","color":"#0059a9","mode":"bus","arr":["121","140","147","160","N20"],"angle":3,"extra":1}},{"type":"Feature","geometry":{"type":"Point","coordinates":[18.471154,54.499975]},"properties":{"lines":"121, 140, 147, 160, N20","color":"#0059a9","mode":"bus","arr":["121","140","147","160","N20"],"angle":7.1,"extra":1}},{"type":"Feature","geometry":{"type":"Point","coordinates":[18.46275,54.500635]},"properties":{"lines":"121, 140, 147, 160, N20","color":"#0059a9","mode":"bus","arr":["121","140","147","160","N20"],"angle":-2.6,"extra":1}},{"type":"Feature","geometry":{"type":"Point","coordinates":[18.449296,54.500279]},"properties":{"lines":"121, 140, 147, 160, 760, K, N20","color":"#0059a9","mode":"bus","arr":["121","140","147","160","760","K","N20"],"angle":-17}},{"type":"Feature","geometry":{"type":"Point","coordinates":[18.455849,54.500074]},"properties":{"lines":"121, 140, 147, 160, 760, K, N20","color":"#0059a9","mode":"bus","arr":["121","140","147","160","760","K","N20"],"angle":7.2,"extra":1}},{"type":"Feature","geometry":{"type":"Point","coordinates":[18.439491,54.49858]},"properties":{"lines":"121, 140, 147, 160, 760, K, N20","color":"#0059a9","mode":"bus","arr":["121","140","147","160","760","K","N20"],"angle":-16.5,"extra":1}},{"type":"Feature","geometry":{"type":"Point","coordinates":[18.43896,54.497498]},"properties":{"lines":"121, 147, N20","color":"#0059a9","mode":"bus","arr":["121","147","N20"],"angle":-83.3}},{"type":"Feature","geometry":{"type":"Point","coordinates":[18.437755,54.497377]},"properties":{"lines":"121, N20","color":"#0059a9","mode":"bus","arr":["121","N20"],"angle":-70.1}},{"type":"Feature","geometry":{"type":"Point","coordinates":[18.461102,54.500339]},"properties":{"lines":"121, 140, 147, 160, 760, K","color":"#0059a9","mode":"bus","arr":["121","140","147","160","760","K"],"angle":-18.9}},{"type":"Feature","geometry":{"type":"Point","coordinates":[18.50761,54.553125]},"properties":{"lines":"128, 194, G, K, N94","color":"#0059a9","mode":"bus","arr":["128","194","G","K","N94"],"angle":-80.9}},{"type":"Feature","geometry":{"type":"Point","coordinates":[18.508368,54.557445]},"properties":{"lines":"128, 194, 770, G, K, N94","color":"#0059a9","mode":"bus","arr":["128","194","770","G","K","N94"],"angle":-67.2}},{"type":"Feature","geometry":{"type":"Point","coordinates":[18.517775,54.556921]},"properties":{"lines":"128, 134, 141, 163, 182, 197, 282, N40","color":"#0059a9","mode":"bus","arr":["128","134","141","163","182","197","282","N40"],"angle":29.8}},{"type":"Feature","geometry":{"type":"Point","coordinates":[18.521869,54.555541]},"properties":{"lines":"128, 134, 141, 163, 182, 197, 282, N40","color":"#0059a9","mode":"bus","arr":["128","134","141","163","182","197","282","N40"],"angle":29.5,"extra":1}},{"type":"Feature","geometry":{"type":"Point","coordinates":[18.527295,54.553791]},"properties":{"lines":"128, 134, 163, 182, 197, 282, N40","color":"#0059a9","mode":"bus","arr":["128","134","163","182","197","282","N40"],"angle":18.9}},{"type":"Feature","geometry":{"type":"Point","coordinates":[18.533763,54.549265]},"properties":{"lines":"128, 152, 163, 196, 197, N40","color":"#0059a9","mode":"bus","arr":["128","152","163","196","197","N40"],"angle":-16.6}},{"type":"Feature","geometry":{"type":"Point","coordinates":[18.542676,54.549396]},"properties":{"lines":"128, 150, 152, 163, 196, 197, N40","color":"#0059a9","mode":"bus","arr":["128","150","152","163","196","197","N40"],"angle":7.5}},{"type":"Feature","geometry":{"type":"Point","coordinates":[18.550887,54.546746]},"properties":{"lines":"128, 150, 163, 196, 197, N40","color":"#0059a9","mode":"bus","arr":["128","150","163","196","197","N40"],"angle":-47.5}},{"type":"Feature","geometry":{"type":"Point","coordinates":[18.549676,54.543943]},"properties":{"lines":"128, 150, 163, 196, 197, N40","color":"#0059a9","mode":"bus","arr":["128","150","163","196","197","N40"],"angle":-43.3,"extra":1}},{"type":"Feature","geometry":{"type":"Point","coordinates":[18.549255,54.507932]},"properties":{"lines":"128, 196, 252, 282","color":"#0059a9","mode":"bus","arr":["128","196","252","282"],"angle":30.7}},{"type":"Feature","geometry":{"type":"Point","coordinates":[18.530822,54.527518]},"properties":{"lines":"133","color":"#0059a9","mode":"bus","arr":["133"],"angle":-32.3}},{"type":"Feature","geometry":{"type":"Point","coordinates":[18.537555,54.530031]},"properties":{"lines":"133","color":"#0059a9","mode":"bus","arr":["133"],"angle":-32.2,"extra":1}},{"type":"Feature","geometry":{"type":"Point","coordinates":[18.522222,54.526846]},"properties":{"lines":"133","color":"#0059a9","mode":"bus","arr":["133"],"angle":3.4,"extra":1}},{"type":"Feature","geometry":{"type":"Point","coordinates":[18.54218,54.497276]},"properties":{"lines":"133","color":"#0059a9","mode":"bus","arr":["133"],"angle":2.6}},{"type":"Feature","geometry":{"type":"Point","coordinates":[18.546827,54.495991]},"properties":{"lines":"133, 192","color":"#0059a9","mode":"bus","arr":["133","192"],"angle":12.5}},{"type":"Feature","geometry":{"type":"Point","coordinates":[18.549446,54.498148]},"properties":{"lines":"133, 192, 252","color":"#0059a9","mode":"bus","arr":["133","192","252"],"angle":76.7}},{"type":"Feature","geometry":{"type":"Point","coordinates":[18.545489,54.501874]},"properties":{"lines":"133, 192, 252","color":"#0059a9","mode":"bus","arr":["133","192","252"],"angle":22,"extra":1}},{"type":"Feature","geometry":{"type":"Point","coordinates":[18.551896,54.493863]},"properties":{"lines":"133, 192, 252","color":"#0059a9","mode":"bus","arr":["133","192","252"],"angle":-57,"extra":1}},{"type":"Feature","geometry":{"type":"Point","coordinates":[18.554915,54.491288]},"properties":{"lines":"133, 192, 252","color":"#0059a9","mode":"bus","arr":["133","192","252"],"angle":-59.7}},{"type":"Feature","geometry":{"type":"Point","coordinates":[18.508692,54.561547]},"properties":{"lines":"134, 182, 197, 770, K","color":"#0059a9","mode":"bus","arr":["134","182","197","770","K"],"angle":77.9}},{"type":"Feature","geometry":{"type":"Point","coordinates":[18.507146,54.562678]},"properties":{"lines":"134, 182, 197, 770, K","color":"#0059a9","mode":"bus","arr":["134","182","197","770","K"],"angle":82.2}},{"type":"Feature","geometry":{"type":"Point","coordinates":[18.510224,54.560334]},"properties":{"lines":"134, 141, 163, 182, 194, 197, 282, 770, G, K, N40, N94","color":"#0059a9","mode":"bus","arr":["134","141","163","182","194","197","282","770","G","K","N40","N94"],"angle":59.9}},{"type":"Feature","geometry":{"type":"Point","coordinates":[18.468523,54.583128]},"properties":{"lines":"135","color":"#0059a9","mode":"bus","arr":["135"],"angle":64.9}},{"type":"Feature","geometry":{"type":"Point","coordinates":[18.470578,54.577639]},"properties":{"lines":"135","color":"#0059a9","mode":"bus","arr":["135"],"angle":82.6,"extra":1}},{"type":"Feature","geometry":{"type":"Point","coordinates":[18.465573,54.587003]},"properties":{"lines":"135","color":"#0059a9","mode":"bus","arr":["135"],"angle":85.8,"extra":1}},{"type":"Feature","geometry":{"type":"Point","coordinates":[18.468295,54.590038]},"properties":{"lines":"135","color":"#0059a9","mode":"bus","arr":["135"],"angle":-14.4}},{"type":"Feature","geometry":{"type":"Point","coordinates":[18.475742,54.569679]},"properties":{"lines":"135, N94","color":"#0059a9","mode":"bus","arr":["135","N94"],"angle":56.2}},{"type":"Feature","geometry":{"type":"Point","coordinates":[18.471579,54.572952]},"properties":{"lines":"135, N94","color":"#0059a9","mode":"bus","arr":["135","N94"],"angle":42.1,"extra":1}},{"type":"Feature","geometry":{"type":"Point","coordinates":[18.48154,54.564968]},"properties":{"lines":"135, N94","color":"#0059a9","mode":"bus","arr":["135","N94"],"angle":59.8,"extra":1}},{"type":"Feature","geometry":{"type":"Point","coordinates":[18.45485,54.453028]},"properties":{"lines":"137","color":"#0059a9","mode":"bus","arr":["137"],"angle":-36.6}},{"type":"Feature","geometry":{"type":"Point","coordinates":[18.451189,54.450689]},"properties":{"lines":"137","color":"#0059a9","mode":"bus","arr":["137"],"angle":76.6,"extra":1}},{"type":"Feature","geometry":{"type":"Point","coordinates":[18.453105,54.455921]},"properties":{"lines":"137, 700","color":"#0059a9","mode":"bus","arr":["137","700"],"angle":36.1}},{"type":"Feature","geometry":{"type":"Point","coordinates":[18.437215,54.481798]},"properties":{"lines":"140, 760","color":"#0059a9","mode":"bus","arr":["140","760"],"angle":-17.6}},{"type":"Feature","geometry":{"type":"Point","coordinates":[18.435158,54.484998]},"properties":{"lines":"140, 147, 760, K, N20","color":"#0059a9","mode":"bus","arr":["140","147","760","K","N20"],"angle":31}},{"type":"Feature","geometry":{"type":"Point","coordinates":[18.430328,54.486986]},"properties":{"lines":"140, 147, 760, K, N20","color":"#0059a9","mode":"bus","arr":["140","147","760","K","N20"],"angle":36.8,"extra":1}},{"type":"Feature","geometry":{"type":"Point","coordinates":[18.425002,54.490987]},"properties":{"lines":"140, 147, 760, 940, K, N20","color":"#0059a9","mode":"bus","arr":["140","147","760","940","K","N20"],"angle":-74.4}},{"type":"Feature","geometry":{"type":"Point","coordinates":[18.430672,54.496814]},"properties":{"lines":"140, 760, 940, K, N20","color":"#0059a9","mode":"bus","arr":["140","760","940","K","N20"],"angle":-76.6}},{"type":"Feature","geometry":{"type":"Point","coordinates":[18.436018,54.498732]},"properties":{"lines":"140, 160, 760, K, N20","color":"#0059a9","mode":"bus","arr":["140","160","760","K","N20"],"angle":19}},{"type":"Feature","geometry":{"type":"Point","coordinates":[18.510385,54.498611]},"properties":{"lines":"140, 141, 147, 150, 160, 190, 203, 760, N94","color":"#0059a9","mode":"bus","arr":["140","141","147","150","160","190","203","760","N94"],"angle":-53.1}},{"type":"Feature","geometry":{"type":"Point","coordinates":[18.512865,54.500411]},"properties":{"lines":"140, 141, 147, 150, 160, 190, 203, 760, N20, N40, N94","color":"#0059a9","mode":"bus","arr":["140","141","147","150","160","190","203","760","N20","N40","N94"],"angle":-43.2}},{"type":"Feature","geometry":{"type":"Point","coordinates":[18.522209,54.50631]},"properties":{"lines":"140, 147, 150, 160, 760, N20, N40, N94","color":"#0059a9","mode":"bus","arr":["140","147","150","160","760","N20","N40","N94"],"angle":-42.8}},{"type":"Feature","geometry":{"type":"Point","coordinates":[18.518101,54.503307]},"properties":{"lines":"140, 147, 150, 160, 760, N20, N40, N94","color":"#0059a9","mode":"bus","arr":["140","147","150","160","760","N20","N40","N94"],"angle":-44.5,"extra":1}},{"type":"Feature","geometry":{"type":"Point","coordinates":[18.530706,54.508094]},"properties":{"lines":"140, 147, 150, 160, 760, N20, N40, N94","color":"#0059a9","mode":"bus","arr":["140","147","150","160","760","N20","N40","N94"],"angle":-10,"extra":1}},{"type":"Feature","geometry":{"type":"Point","coordinates":[18.532883,54.508114]},"properties":{"lines":"140, 147, 150, 160, 760, N94","color":"#0059a9","mode":"bus","arr":["140","147","150","160","760","N94"],"angle":4.5}},{"type":"Feature","geometry":{"type":"Point","coordinates":[18.532888,54.508165]},"properties":{"lines":"140, 147, 150, 160, N20, N40","color":"#0059a9","mode":"bus","arr":["140","147","150","160","N20","N40"],"angle":2.5}},{"type":"Feature","geometry":{"type":"Point","coordinates":[18.51027,54.498661]},"properties":{"lines":"140, 141, 147, 150, 160, 190, 203, N20, N40","color":"#0059a9","mode":"bus","arr":["140","141","147","150","160","190","203","N20","N40"],"angle":-52.9}},{"type":"Feature","geometry":{"type":"Point","coordinates":[18.508972,54.498346]},"properties":{"lines":"140, 141, 147, 160","color":"#0059a9","mode":"bus","arr":["140","141","147","160"],"angle":17.9}},{"type":"Feature","geometry":{"type":"Point","coordinates":[18.492298,54.498325]},"properties":{"lines":"141","color":"#0059a9","mode":"bus","arr":["141"],"angle":-2.5}},{"type":"Feature","geometry":{"type":"Point","coordinates":[18.514025,54.5509]},"properties":{"lines":"141","color":"#0059a9","mode":"bus","arr":["141"],"angle":-60.9}},{"type":"Feature","geometry":{"type":"Point","coordinates":[18.521873,54.550119]},"properties":{"lines":"141","color":"#0059a9","mode":"bus","arr":["141"],"angle":-55.5}},{"type":"Feature","geometry":{"type":"Point","coordinates":[18.518441,54.508983]},"properties":{"lines":"141, 190, 203","color":"#0059a9","mode":"bus","arr":["141","190","203"],"angle":-42.7}},{"type":"Feature","geometry":{"type":"Point","coordinates":[18.528031,54.510627]},"properties":{"lines":"141, 190, 203","color":"#0059a9","mode":"bus","arr":["141","190","203"],"angle":3.6,"extra":1}},{"type":"Feature","geometry":{"type":"Point","coordinates":[18.514816,54.505902]},"properties":{"lines":"141, 190, 203","color":"#0059a9","mode":"bus","arr":["141","190","203"],"angle":-66,"extra":1}},{"type":"Feature","geometry":{"type":"Point","coordinates":[18.532352,54.511744]},"properties":{"lines":"141, 190","color":"#0059a9","mode":"bus","arr":["141","190"],"angle":-60.5}},{"type":"Feature","geometry":{"type":"Point","coordinates":[18.498171,54.542299]},"properties":{"lines":"141, 163, 309, K, X","color":"#0059a9","mode":"bus","arr":["141","163","309","K","X"],"angle":-59.5}},{"type":"Feature","geometry":{"type":"Point","coordinates":[18.497098,54.563098]},"properties":{"lines":"141, 163, 194, 282, G, N40, N94","color":"#0059a9","mode":"bus","arr":["141","163","194","282","G","N40","N94"],"angle":-2.7}},{"type":"Feature","geometry":{"type":"Point","coordinates":[18.507643,54.563268]},"properties":{"lines":"141, 163, 194, 282, G, N40, N94","color":"#0059a9","mode":"bus","arr":["141","163","194","282","G","N40","N94"],"angle":31.5,"extra":1}},{"type":"Feature","geometry":{"type":"Point","coordinates":[18.49095,54.562927]},"properties":{"lines":"141, 163, 194, 282, G, N40, N94","color":"#0059a9","mode":"bus","arr":["141","163","194","282","G","N40","N94"],"angle":-2.4,"extra":1}},{"type":"Feature","geometry":{"type":"Point","coordinates":[18.48296,54.56417]},"properties":{"lines":"141, 163, 194, 282, G, N40, N94","color":"#0059a9","mode":"bus","arr":["141","163","194","282","G","N40","N94"],"angle":21.6,"extra":1}},{"type":"Feature","geometry":{"type":"Point","coordinates":[18.481586,54.563352]},"properties":{"lines":"141, 194, 282, G, N65, N94","color":"#0059a9","mode":"bus","arr":["141","194","282","G","N65","N94"],"angle":-54.4}},{"type":"Feature","geometry":{"type":"Point","coordinates":[18.494301,54.562937]},"properties":{"lines":"141, 163, 194, 282, G","color":"#0059a9","mode":"bus","arr":["141","163","194","282","G"],"angle":-2.8}},{"type":"Feature","geometry":{"type":"Point","coordinates":[18.486301,54.562997]},"properties":{"lines":"141, 163, 194, 282, G","color":"#0059a9","mode":"bus","arr":["141","163","194","282","G"],"angle":26.6,"extra":1}},{"type":"Feature","geometry":{"type":"Point","coordinates":[18.503147,54.563395]},"properties":{"lines":"141, 163, 194, 282, G","color":"#0059a9","mode":"bus","arr":["141","163","194","282","G"],"angle":-9.2,"extra":1}},{"type":"Feature","geometry":{"type":"Point","coordinates":[18.554134,54.441569]},"properties":{"lines":"144, 287","color":"#0059a9","mode":"bus","arr":["144","287"],"angle":-30}},{"type":"Feature","geometry":{"type":"Point","coordinates":[18.550762,54.440376]},"properties":{"lines":"144, 287","color":"#0059a9","mode":"bus","arr":["144","287"],"angle":-12.3}},{"type":"Feature","geometry":{"type":"Point","coordinates":[18.55753,54.437355]},"properties":{"lines":"144, 177","color":"#0059a9","mode":"bus","arr":["144","177"],"angle":71.9}},{"type":"Feature","geometry":{"type":"Point","coordinates":[18.559163,54.434643]},"properties":{"lines":"144, 177","color":"#0059a9","mode":"bus","arr":["144","177"],"angle":2.5,"extra":1}},{"type":"Feature","geometry":{"type":"Point","coordinates":[18.56439,54.438231]},"properties":{"lines":"144, 187","color":"#0059a9","mode":"bus","arr":["144","187"],"angle":82.2}},{"type":"Feature","geometry":{"type":"Point","coordinates":[18.567545,54.441579]},"properties":{"lines":"144, 185, 187","color":"#0059a9","mode":"bus","arr":["144","185","187"],"angle":-24.2}},{"type":"Feature","geometry":{"type":"Point","coordinates":[18.561235,54.442294]},"properties":{"lines":"144, 185, 187","color":"#0059a9","mode":"bus","arr":["144","185","187"],"angle":-82}},{"type":"Feature","geometry":{"type":"Point","coordinates":[18.56782,54.439022]},"properties":{"lines":"144, 185","color":"#0059a9","mode":"bus","arr":["144","185"],"angle":57.1}},{"type":"Feature","geometry":{"type":"Point","coordinates":[18.567572,54.432045]},"properties":{"lines":"144, 185","color":"#0059a9","mode":"bus","arr":["144","185"],"angle":62.2}},{"type":"Feature","geometry":{"type":"Point","coordinates":[18.569337,54.436507]},"properties":{"lines":"144, 177, 187","color":"#0059a9","mode":"bus","arr":["144","177","187"],"angle":-37.6}},{"type":"Feature","geometry":{"type":"Point","coordinates":[18.571492,54.437693]},"properties":{"lines":"144, 177, 185, 187","color":"#0059a9","mode":"bus","arr":["144","177","185","187"],"angle":-43.9}},{"type":"Feature","geometry":{"type":"Point","coordinates":[18.572264,54.44086]},"properties":{"lines":"144, 177, 185, 187","color":"#0059a9","mode":"bus","arr":["144","177","185","187"],"angle":63.8}},{"type":"Feature","geometry":{"type":"Point","coordinates":[18.489835,54.472617]},"properties":{"lines":"145, 180","color":"#0059a9","mode":"bus","arr":["145","180"],"angle":-88.4}},{"type":"Feature","geometry":{"type":"Point","coordinates":[18.489407,54.573197]},"properties":{"lines":"146, 173, 365, N65","color":"#0059a9","mode":"bus","arr":["146","173","365","N65"],"angle":-74.3}},{"type":"Feature","geometry":{"type":"Point","coordinates":[18.487412,54.570545]},"properties":{"lines":"146, 173, 365, N65","color":"#0059a9","mode":"bus","arr":["146","173","365","N65"],"angle":-64.5,"extra":1}},{"type":"Feature","geometry":{"type":"Point","coordinates":[18.496329,54.619961]},"properties":{"lines":"146, 165, 365, M, N65","color":"#0059a9","mode":"bus","arr":["146","165","365","M","N65"],"angle":-88.2}},{"type":"Feature","geometry":{"type":"Point","coordinates":[18.496786,54.605756]},"properties":{"lines":"146, 165, 365, M, N65","color":"#0059a9","mode":"bus","arr":["146","165","365","M","N65"],"angle":83,"extra":1}},{"type":"Feature","geometry":{"type":"Point","coordinates":[18.498375,54.600899]},"properties":{"lines":"146, 165, 365, M, N65","color":"#0059a9","mode":"bus","arr":["146","165","365","M","N65"],"angle":79,"extra":1}},{"type":"Feature","geometry":{"type":"Point","coordinates":[18.500025,54.596048]},"properties":{"lines":"146, 165, 365, M, N65","color":"#0059a9","mode":"bus","arr":["146","165","365","M","N65"],"angle":80,"extra":1}},{"type":"Feature","geometry":{"type":"Point","coordinates":[18.498178,54.591712]},"properties":{"lines":"146, 165, 365, M, N65","color":"#0059a9","mode":"bus","arr":["146","165","365","M","N65"],"angle":-43,"extra":1}},{"type":"Feature","geometry":{"type":"Point","coordinates":[18.495734,54.610839]},"properties":{"lines":"146, 165, 365, M, N65","color":"#0059a9","mode":"bus","arr":["146","165","365","M","N65"],"angle":87.4,"extra":1}},{"type":"Feature","geometry":{"type":"Point","coordinates":[18.496111,54.61573]},"properties":{"lines":"146, 165, 365, M, N65","color":"#0059a9","mode":"bus","arr":["146","165","365","M","N65"],"angle":-88.7,"extra":1}},{"type":"Feature","geometry":{"type":"Point","coordinates":[18.496616,54.625618]},"properties":{"lines":"146, 165, 365, M, N65","color":"#0059a9","mode":"bus","arr":["146","165","365","M","N65"],"angle":-88.3,"extra":1}},{"type":"Feature","geometry":{"type":"Point","coordinates":[18.496862,54.630562]},"properties":{"lines":"146, 165, 365, M, N65","color":"#0059a9","mode":"bus","arr":["146","165","365","M","N65"],"angle":-88.8,"extra":1}},{"type":"Feature","geometry":{"type":"Point","coordinates":[18.504625,54.632363]},"properties":{"lines":"146, 165, 365, M, N65","color":"#0059a9","mode":"bus","arr":["146","165","365","M","N65"],"angle":-7.6}},{"type":"Feature","geometry":{"type":"Point","coordinates":[18.4503,54.47855]},"properties":{"lines":"147, K, N20","color":"#0059a9","mode":"bus","arr":["147","K","N20"],"angle":35}},{"type":"Feature","geometry":{"type":"Point","coordinates":[18.459686,54.476615]},"properties":{"lines":"147, K, N20","color":"#0059a9","mode":"bus","arr":["147","K","N20"],"angle":35.5,"extra":1}},{"type":"Feature","geometry":{"type":"Point","coordinates":[18.445649,54.480876]},"properties":{"lines":"147, K, N20","color":"#0059a9","mode":"bus","arr":["147","K","N20"],"angle":0.5,"extra":1}},{"type":"Feature","geometry":{"type":"Point","coordinates":[18.437474,54.482025]},"properties":{"lines":"147, K, N20","color":"#0059a9","mode":"bus","arr":["147","K","N20"],"angle":19.1,"extra":1}},{"type":"Feature","geometry":{"type":"Point","coordinates":[18.430779,54.493916]},"properties":{"lines":"147","color":"#0059a9","mode":"bus","arr":["147"],"angle":12}},{"type":"Feature","geometry":{"type":"Point","coordinates":[18.43284,54.493233]},"properties":{"lines":"147","color":"#0059a9","mode":"bus","arr":["147"],"angle":34.4}},{"type":"Feature","geometry":{"type":"Point","coordinates":[18.436383,54.493262]},"properties":{"lines":"147","color":"#0059a9","mode":"bus","arr":["147"],"angle":-87.8}},{"type":"Feature","geometry":{"type":"Point","coordinates":[18.437442,54.49575]},"properties":{"lines":"147","color":"#0059a9","mode":"bus","arr":["147"],"angle":-61.2}},{"type":"Feature","geometry":{"type":"Point","coordinates":[18.507619,54.493713]},"properties":{"lines":"150, 190, 192, N20, N40, N94","color":"#0059a9","mode":"bus","arr":["150","190","192","N20","N40","N94"],"angle":-86.9}},{"type":"Feature","geometry":{"type":"Point","coordinates":[18.509064,54.497162]},"properties":{"lines":"150, 190, 192, N20, N40, N94","color":"#0059a9","mode":"bus","arr":["150","190","192","N20","N40","N94"],"angle":-75.5,"extra":1}},{"type":"Feature","geometry":{"type":"Point","coordinates":[18.512732,54.491067]},"properties":{"lines":"150, 190, N20, N94","color":"#0059a9","mode":"bus","arr":["150","190","N20","N94"],"angle":20.2}},{"type":"Feature","geometry":{"type":"Point","coordinates":[18.53948,54.550744]},"properties":{"lines":"150","color":"#0059a9","mode":"bus","arr":["150"],"angle":-1.6}},{"type":"Feature","geometry":{"type":"Point","coordinates":[18.495845,54.542577]},"properties":{"lines":"150","color":"#0059a9","mode":"bus","arr":["150"],"angle":-49.6}},{"type":"Feature","geometry":{"type":"Point","coordinates":[18.509341,54.497796]},"properties":{"lines":"150, 190, 192, N20, N40","color":"#0059a9","mode":"bus","arr":["150","190","192","N20","N40"],"angle":-69.6}},{"type":"Feature","geometry":{"type":"Point","coordinates":[18.527763,54.486899]},"properties":{"lines":"152, 203, 252","color":"#0059a9","mode":"bus","arr":["152","203","252"],"angle":88.5}},{"type":"Feature","geometry":{"type":"Point","coordinates":[18.530575,54.489931]},"properties":{"lines":"152","color":"#0059a9","mode":"bus","arr":["152"],"angle":-40.8}},{"type":"Feature","geometry":{"type":"Point","coordinates":[18.547337,54.553051]},"properties":{"lines":"152, N40","color":"#0059a9","mode":"bus","arr":["152","N40"],"angle":83.6}},{"type":"Feature","geometry":{"type":"Point","coordinates":[18.54678,54.556149]},"properties":{"lines":"152, N40","color":"#0059a9","mode":"bus","arr":["152","N40"],"angle":83,"extra":1}},{"type":"Feature","geometry":{"type":"Point","coordinates":[18.520759,54.547615]},"properties":{"lines":"N40","color":"#0059a9","mode":"bus","arr":["N40"],"angle":-57.2}},{"type":"Feature","geometry":{"type":"Point","coordinates":[18.531609,54.54893]},"properties":{"lines":"152, 163, 196, 197","color":"#0059a9","mode":"bus","arr":["152","163","196","197"],"angle":-13.3}},{"type":"Feature","geometry":{"type":"Point","coordinates":[18.462971,54.547514]},"properties":{"lines":"163, 165, 198","color":"#0059a9","mode":"bus","arr":["163","165","198"],"angle":79.4}},{"type":"Feature","geometry":{"type":"Point","coordinates":[18.465159,54.548368]},"properties":{"lines":"163, 165, 198, N30, R","color":"#0059a9","mode":"bus","arr":["163","165","198","N30","R"],"angle":-4}},{"type":"Feature","geometry":{"type":"Point","coordinates":[18.481064,54.543798]},"properties":{"lines":"163, N30, R","color":"#0059a9","mode":"bus","arr":["163","N30","R"],"angle":36.1}},{"type":"Feature","geometry":{"type":"Point","coordinates":[18.471703,54.547782]},"properties":{"lines":"163, N30, R","color":"#0059a9","mode":"bus","arr":["163","N30","R"],"angle":36.3,"extra":1}},{"type":"Feature","geometry":{"type":"Point","coordinates":[18.48541,54.541948]},"properties":{"lines":"163, N30, R","color":"#0059a9","mode":"bus","arr":["163","N30","R"],"angle":36,"extra":1}},{"type":"Feature","geometry":{"type":"Point","coordinates":[18.492277,54.539041]},"properties":{"lines":"163, N30, R","color":"#0059a9","mode":"bus","arr":["163","N30","R"],"angle":35.5,"extra":1}},{"type":"Feature","geometry":{"type":"Point","coordinates":[18.469411,54.553961]},"properties":{"lines":"165, 198","color":"#0059a9","mode":"bus","arr":["165","198"],"angle":-54}},{"type":"Feature","geometry":{"type":"Point","coordinates":[18.467528,54.551037]},"properties":{"lines":"165, 198","color":"#0059a9","mode":"bus","arr":["165","198"],"angle":-89.3,"extra":1}},{"type":"Feature","geometry":{"type":"Point","coordinates":[18.5606,54.408238]},"properties":{"lines":"171","color":"#0059a9","mode":"bus","arr":["171"],"angle":-15.2}},{"type":"Feature","geometry":{"type":"Point","coordinates":[18.565432,54.408984]},"properties":{"lines":"171","color":"#0059a9","mode":"bus","arr":["171"],"angle":-14.6,"extra":1}},{"type":"Feature","geometry":{"type":"Point","coordinates":[18.516485,54.421188]},"properties":{"lines":"171","color":"#0059a9","mode":"bus","arr":["171"],"angle":19.1}},{"type":"Feature","geometry":{"type":"Point","coordinates":[18.547086,54.413809]},"properties":{"lines":"171","color":"#0059a9","mode":"bus","arr":["171"],"angle":80.3,"extra":1}},{"type":"Feature","geometry":{"type":"Point","coordinates":[18.541683,54.417455]},"properties":{"lines":"171","color":"#0059a9","mode":"bus","arr":["171"],"angle":46.1,"extra":1}},{"type":"Feature","geometry":{"type":"Point","coordinates":[18.538325,54.42146]},"properties":{"lines":"171","color":"#0059a9","mode":"bus","arr":["171"],"angle":25.6,"extra":1}},{"type":"Feature","geometry":{"type":"Point","coordinates":[18.530315,54.422897]},"properties":{"lines":"171","color":"#0059a9","mode":"bus","arr":["171"],"angle":-2.9,"extra":1}},{"type":"Feature","geometry":{"type":"Point","coordinates":[18.522121,54.421774]},"properties":{"lines":"171","color":"#0059a9","mode":"bus","arr":["171"],"angle":-19.4,"extra":1}},{"type":"Feature","geometry":{"type":"Point","coordinates":[18.505856,54.42307]},"properties":{"lines":"171","color":"#0059a9","mode":"bus","arr":["171"],"angle":33.1,"extra":1}},{"type":"Feature","geometry":{"type":"Point","coordinates":[18.502217,54.427318]},"properties":{"lines":"171","color":"#0059a9","mode":"bus","arr":["171"],"angle":78.3,"extra":1}},{"type":"Feature","geometry":{"type":"Point","coordinates":[18.495018,54.428826]},"properties":{"lines":"171","color":"#0059a9","mode":"bus","arr":["171"],"angle":2.7,"extra":1}},{"type":"Feature","geometry":{"type":"Point","coordinates":[18.486724,54.429802]},"properties":{"lines":"171","color":"#0059a9","mode":"bus","arr":["171"],"angle":18.5,"extra":1}},{"type":"Feature","geometry":{"type":"Point","coordinates":[18.550737,54.4105]},"properties":{"lines":"171, G","color":"#0059a9","mode":"bus","arr":["171","G"],"angle":3.1}},{"type":"Feature","geometry":{"type":"Point","coordinates":[18.426454,54.452558]},"properties":{"lines":"171, 191, 193, Z","color":"#0059a9","mode":"bus","arr":["171","191","193","Z"],"angle":16.2}},{"type":"Feature","geometry":{"type":"Point","coordinates":[18.421852,54.445488]},"properties":{"lines":"171, 191, 193, Z","color":"#0059a9","mode":"bus","arr":["171","191","193","Z"],"angle":-34.8,"extra":1}},{"type":"Feature","geometry":{"type":"Point","coordinates":[18.428964,54.448037]},"properties":{"lines":"171, 191, 193, Z","color":"#0059a9","mode":"bus","arr":["171","191","193","Z"],"angle":-63.2,"extra":1}},{"type":"Feature","geometry":{"type":"Point","coordinates":[18.437986,54.451164]},"properties":{"lines":"171, 191, 193, Z","color":"#0059a9","mode":"bus","arr":["171","191","193","Z"],"angle":-25.4,"extra":1}},{"type":"Feature","geometry":{"type":"Point","coordinates":[18.44188,54.455101]},"properties":{"lines":"171, 191, 193, Z","color":"#0059a9","mode":"bus","arr":["171","191","193","Z"],"angle":-65.6,"extra":1}},{"type":"Feature","geometry":{"type":"Point","coordinates":[18.447425,54.458671]},"properties":{"lines":"171, 191, 193, Z","color":"#0059a9","mode":"bus","arr":["171","191","193","Z"],"angle":-58,"extra":1}},{"type":"Feature","geometry":{"type":"Point","coordinates":[18.416955,54.601995]},"properties":{"lines":"173, M","color":"#0059a9","mode":"bus","arr":["173","M"],"angle":32.8}},{"type":"Feature","geometry":{"type":"Point","coordinates":[18.433839,54.58939]},"properties":{"lines":"173, M","color":"#0059a9","mode":"bus","arr":["173","M"],"angle":66.8,"extra":1}},{"type":"Feature","geometry":{"type":"Point","coordinates":[18.430433,54.59392]},"properties":{"lines":"173, M","color":"#0059a9","mode":"bus","arr":["173","M"],"angle":66,"extra":1}},{"type":"Feature","geometry":{"type":"Point","coordinates":[18.426146,54.598153]},"properties":{"lines":"173, M","color":"#0059a9","mode":"bus","arr":["173","M"],"angle":51.7,"extra":1}},{"type":"Feature","geometry":{"type":"Point","coordinates":[18.41396,54.599572]},"properties":{"lines":"173, M","color":"#0059a9","mode":"bus","arr":["173","M"],"angle":-59.9,"extra":1}},{"type":"Feature","geometry":{"type":"Point","coordinates":[18.40968,54.595302]},"properties":{"lines":"173, M","color":"#0059a9","mode":"bus","arr":["173","M"],"angle":-57.4,"extra":1}},{"type":"Feature","geometry":{"type":"Point","coordinates":[18.405446,54.591017]},"properties":{"lines":"173, M","color":"#0059a9","mode":"bus","arr":["173","M"],"angle":-59.9,"extra":1}},{"type":"Feature","geometry":{"type":"Point","coordinates":[18.401182,54.58674]},"properties":{"lines":"173, M","color":"#0059a9","mode":"bus","arr":["173","M"],"angle":-59.9,"extra":1}},{"type":"Feature","geometry":{"type":"Point","coordinates":[18.398089,54.581549]},"properties":{"lines":"173, J, M","color":"#0059a9","mode":"bus","arr":["173","J","M"],"angle":-84.9}},{"type":"Feature","geometry":{"type":"Point","coordinates":[18.400437,54.585558]},"properties":{"lines":"173, J, M","color":"#0059a9","mode":"bus","arr":["173","J","M"],"angle":-55.4}},{"type":"Feature","geometry":{"type":"Point","coordinates":[18.41035,54.555491]},"properties":{"lines":"173","color":"#0059a9","mode":"bus","arr":["173"],"angle":43.9}},{"type":"Feature","geometry":{"type":"Point","coordinates":[18.394207,54.562943]},"properties":{"lines":"173","color":"#0059a9","mode":"bus","arr":["173"],"angle":29.8,"extra":1}},{"type":"Feature","geometry":{"type":"Point","coordinates":[18.401423,54.560373]},"properties":{"lines":"173","color":"#0059a9","mode":"bus","arr":["173"],"angle":38.3,"extra":1}},{"type":"Feature","geometry":{"type":"Point","coordinates":[18.414061,54.55384]},"properties":{"lines":"173","color":"#0059a9","mode":"bus","arr":["173"],"angle":18.7,"extra":1}},{"type":"Feature","geometry":{"type":"Point","coordinates":[18.42182,54.551907]},"properties":{"lines":"173","color":"#0059a9","mode":"bus","arr":["173"],"angle":31.2,"extra":1}},{"type":"Feature","geometry":{"type":"Point","coordinates":[18.429288,54.549559]},"properties":{"lines":"173","color":"#0059a9","mode":"bus","arr":["173"],"angle":27.8,"extra":1}},{"type":"Feature","geometry":{"type":"Point","coordinates":[18.419009,54.552995]},"properties":{"lines":"173","color":"#0059a9","mode":"bus","arr":["173"],"angle":25.2}},{"type":"Feature","geometry":{"type":"Point","coordinates":[18.428514,54.549924]},"properties":{"lines":"173","color":"#0059a9","mode":"bus","arr":["173"],"angle":27.4,"extra":1}},{"type":"Feature","geometry":{"type":"Point","coordinates":[18.413256,54.554169]},"properties":{"lines":"173","color":"#0059a9","mode":"bus","arr":["173"],"angle":29.8,"extra":1}},{"type":"Feature","geometry":{"type":"Point","coordinates":[18.406969,54.557479]},"properties":{"lines":"173","color":"#0059a9","mode":"bus","arr":["173"],"angle":43.4,"extra":1}},{"type":"Feature","geometry":{"type":"Point","coordinates":[18.388862,54.568465]},"properties":{"lines":"173, 288","color":"#0059a9","mode":"bus","arr":["173","288"],"angle":78.6}},{"type":"Feature","geometry":{"type":"Point","coordinates":[18.534004,54.447257]},"properties":{"lines":"177","color":"#0059a9","mode":"bus","arr":["177"],"angle":17.8}},{"type":"Feature","geometry":{"type":"Point","coordinates":[18.548235,54.447593]},"properties":{"lines":"177, 287","color":"#0059a9","mode":"bus","arr":["177","287"],"angle":16.8}},{"type":"Feature","geometry":{"type":"Point","coordinates":[18.556329,54.443694]},"properties":{"lines":"177, 185, 187, 287","color":"#0059a9","mode":"bus","arr":["177","185","187","287"],"angle":84}},{"type":"Feature","geometry":{"type":"Point","coordinates":[18.562524,54.427533]},"properties":{"lines":"177, G","color":"#0059a9","mode":"bus","arr":["177","G"],"angle":83.1}},{"type":"Feature","geometry":{"type":"Point","coordinates":[18.563613,54.424053]},"properties":{"lines":"177, G","color":"#0059a9","mode":"bus","arr":["177","G"],"angle":80,"extra":1}},{"type":"Feature","geometry":{"type":"Point","coordinates":[18.562928,54.426696]},"properties":{"lines":"177, G","color":"#0059a9","mode":"bus","arr":["177","G"],"angle":81.7}},{"type":"Feature","geometry":{"type":"Point","coordinates":[18.565159,54.449706]},"properties":{"lines":"177, 187","color":"#0059a9","mode":"bus","arr":["177","187"],"angle":66.2}},{"type":"Feature","geometry":{"type":"Point","coordinates":[18.569058,54.444982]},"properties":{"lines":"177, 187","color":"#0059a9","mode":"bus","arr":["177","187"],"angle":63,"extra":1}},{"type":"Feature","geometry":{"type":"Point","coordinates":[18.562016,54.45383]},"properties":{"lines":"177, 187","color":"#0059a9","mode":"bus","arr":["177","187"],"angle":9.5,"extra":1}},{"type":"Feature","geometry":{"type":"Point","coordinates":[18.557346,54.456573]},"properties":{"lines":"177, 187","color":"#0059a9","mode":"bus","arr":["177","187"],"angle":29.8}},{"type":"Feature","geometry":{"type":"Point","coordinates":[18.518862,54.47303]},"properties":{"lines":"180","color":"#0059a9","mode":"bus","arr":["180"],"angle":78.8}},{"type":"Feature","geometry":{"type":"Point","coordinates":[18.543005,54.451697]},"properties":{"lines":"181, 187, 287","color":"#0059a9","mode":"bus","arr":["181","187","287"],"angle":31.5}},{"type":"Feature","geometry":{"type":"Point","coordinates":[18.551517,54.450747]},"properties":{"lines":"181, 187, 287","color":"#0059a9","mode":"bus","arr":["181","187","287"],"angle":15.5,"extra":1}},{"type":"Feature","geometry":{"type":"Point","coordinates":[18.537413,54.45499]},"properties":{"lines":"181, 187, 287","color":"#0059a9","mode":"bus","arr":["181","187","287"],"angle":40.9,"extra":1}},{"type":"Feature","geometry":{"type":"Point","coordinates":[18.51209,54.45809]},"properties":{"lines":"181","color":"#0059a9","mode":"bus","arr":["181"],"angle":40.7}},{"type":"Feature","geometry":{"type":"Point","coordinates":[18.528931,54.455893]},"properties":{"lines":"181","color":"#0059a9","mode":"bus","arr":["181"],"angle":-3.8,"extra":1}},{"type":"Feature","geometry":{"type":"Point","coordinates":[18.520713,54.456041]},"properties":{"lines":"181","color":"#0059a9","mode":"bus","arr":["181"],"angle":-18.8,"extra":1}},{"type":"Feature","geometry":{"type":"Point","coordinates":[18.508751,54.464523]},"properties":{"lines":"181","color":"#0059a9","mode":"bus","arr":["181"],"angle":-88.4,"extra":1}},{"type":"Feature","geometry":{"type":"Point","coordinates":[18.53314,54.513742]},"properties":{"lines":"182","color":"#0059a9","mode":"bus","arr":["182"],"angle":79.4}},{"type":"Feature","geometry":{"type":"Point","coordinates":[18.534194,54.510831]},"properties":{"lines":"182","color":"#0059a9","mode":"bus","arr":["182"],"angle":76.4,"extra":1}},{"type":"Feature","geometry":{"type":"Point","coordinates":[18.53153,54.517003]},"properties":{"lines":"182, 204","color":"#0059a9","mode":"bus","arr":["182","204"],"angle":75.2}},{"type":"Feature","geometry":{"type":"Point","coordinates":[18.551132,54.458054]},"properties":{"lines":"185","color":"#0059a9","mode":"bus","arr":["185"],"angle":-85.7}},{"type":"Feature","geometry":{"type":"Point","coordinates":[18.555737,54.452953]},"properties":{"lines":"185","color":"#0059a9","mode":"bus","arr":["185"],"angle":73}},{"type":"Feature","geometry":{"type":"Point","coordinates":[18.551869,54.454143]},"properties":{"lines":"185","color":"#0059a9","mode":"bus","arr":["185"],"angle":-5.1}},{"type":"Feature","geometry":{"type":"Point","coordinates":[18.57541,54.436935]},"properties":{"lines":"185","color":"#0059a9","mode":"bus","arr":["185"],"angle":58}},{"type":"Feature","geometry":{"type":"Point","coordinates":[18.575504,54.433311]},"properties":{"lines":"185","color":"#0059a9","mode":"bus","arr":["185"],"angle":-37.7}},{"type":"Feature","geometry":{"type":"Point","coordinates":[18.552772,54.456998]},"properties":{"lines":"185, 187, 287","color":"#0059a9","mode":"bus","arr":["185","187","287"],"angle":-85.8}},{"type":"Feature","geometry":{"type":"Point","coordinates":[18.542335,54.455815]},"properties":{"lines":"187, 287","color":"#0059a9","mode":"bus","arr":["187","287"],"angle":17.7}},{"type":"Feature","geometry":{"type":"Point","coordinates":[18.548737,54.455758]},"properties":{"lines":"187, 287","color":"#0059a9","mode":"bus","arr":["187","287"],"angle":-15.1,"extra":1}},{"type":"Feature","geometry":{"type":"Point","coordinates":[18.533486,54.45694]},"properties":{"lines":"187, 287","color":"#0059a9","mode":"bus","arr":["187","287"],"angle":-73.8,"extra":1}},{"type":"Feature","geometry":{"type":"Point","coordinates":[18.533387,54.456561]},"properties":{"lines":"187, 287","color":"#0059a9","mode":"bus","arr":["187","287"],"angle":8.5}},{"type":"Feature","geometry":{"type":"Point","coordinates":[18.561536,54.451201]},"properties":{"lines":"187","color":"#0059a9","mode":"bus","arr":["187"],"angle":70.1}},{"type":"Feature","geometry":{"type":"Point","coordinates":[18.42699,54.452548]},"properties":{"lines":"191, 193, Z","color":"#0059a9","mode":"bus","arr":["191","193","Z"],"angle":18.9}},{"type":"Feature","geometry":{"type":"Point","coordinates":[18.402416,54.443224]},"properties":{"lines":"191, 193","color":"#0059a9","mode":"bus","arr":["191","193"],"angle":2.5}},{"type":"Feature","geometry":{"type":"Point","coordinates":[18.414626,54.442981]},"properties":{"lines":"191, 193","color":"#0059a9","mode":"bus","arr":["191","193"],"angle":-13.5,"extra":1}},{"type":"Feature","geometry":{"type":"Point","coordinates":[18.397678,54.443339]},"properties":{"lines":"191, 193","color":"#0059a9","mode":"bus","arr":["191","193"],"angle":2.5,"extra":1}},{"type":"Feature","geometry":{"type":"Point","coordinates":[18.389411,54.444398]},"properties":{"lines":"191, 193","color":"#0059a9","mode":"bus","arr":["191","193"],"angle":27.7,"extra":1}},{"type":"Feature","geometry":{"type":"Point","coordinates":[18.383872,54.471771]},"properties":{"lines":"191","color":"#0059a9","mode":"bus","arr":["191"],"angle":-76.5}},{"type":"Feature","geometry":{"type":"Point","coordinates":[18.38779,54.448375]},"properties":{"lines":"191","color":"#0059a9","mode":"bus","arr":["191"],"angle":-82.9,"extra":1}},{"type":"Feature","geometry":{"type":"Point","coordinates":[18.388917,54.453278]},"properties":{"lines":"191","color":"#0059a9","mode":"bus","arr":["191"],"angle":-81.6,"extra":1}},{"type":"Feature","geometry":{"type":"Point","coordinates":[18.387803,54.458022]},"properties":{"lines":"191","color":"#0059a9","mode":"bus","arr":["191"],"angle":57.9,"extra":1}},{"type":"Feature","geometry":{"type":"Point","coordinates":[18.382944,54.462072]},"properties":{"lines":"191","color":"#0059a9","mode":"bus","arr":["191"],"angle":60.7,"extra":1}},{"type":"Feature","geometry":{"type":"Point","coordinates":[18.383861,54.466889]},"properties":{"lines":"191","color":"#0059a9","mode":"bus","arr":["191"],"angle":-80.3,"extra":1}},{"type":"Feature","geometry":{"type":"Point","coordinates":[18.378112,54.474676]},"properties":{"lines":"191","color":"#0059a9","mode":"bus","arr":["191"],"angle":22.4,"extra":1}},{"type":"Feature","geometry":{"type":"Point","coordinates":[18.370232,54.476513]},"properties":{"lines":"191","color":"#0059a9","mode":"bus","arr":["191"],"angle":21.5,"extra":1}},{"type":"Feature","geometry":{"type":"Point","coordinates":[18.362341,54.478332]},"properties":{"lines":"191","color":"#0059a9","mode":"bus","arr":["191"],"angle":27,"extra":1}},{"type":"Feature","geometry":{"type":"Point","coordinates":[18.35529,54.481075]},"properties":{"lines":"191","color":"#0059a9","mode":"bus","arr":["191"],"angle":45.6,"extra":1}},{"type":"Feature","geometry":{"type":"Point","coordinates":[18.348851,54.483661]},"properties":{"lines":"191","color":"#0059a9","mode":"bus","arr":["191"],"angle":0.6,"extra":1}},{"type":"Feature","geometry":{"type":"Point","coordinates":[18.339875,54.488629]},"properties":{"lines":"191","color":"#0059a9","mode":"bus","arr":["191"],"angle":-56.2}},{"type":"Feature","geometry":{"type":"Point","coordinates":[18.53062,54.494849]},"properties":{"lines":"192","color":"#0059a9","mode":"bus","arr":["192"],"angle":-80.3}},{"type":"Feature","geometry":{"type":"Point","coordinates":[18.542222,54.497349]},"properties":{"lines":"192","color":"#0059a9","mode":"bus","arr":["192"],"angle":6.1}},{"type":"Feature","geometry":{"type":"Point","coordinates":[18.36207,54.455129]},"properties":{"lines":"193","color":"#0059a9","mode":"bus","arr":["193"],"angle":16.7}},{"type":"Feature","geometry":{"type":"Point","coordinates":[18.38328,54.447082]},"properties":{"lines":"193","color":"#0059a9","mode":"bus","arr":["193"],"angle":31.7,"extra":1}},{"type":"Feature","geometry":{"type":"Point","coordinates":[18.376087,54.449707]},"properties":{"lines":"193","color":"#0059a9","mode":"bus","arr":["193"],"angle":33.9,"extra":1}},{"type":"Feature","geometry":{"type":"Point","coordinates":[18.36947,54.452803]},"properties":{"lines":"193","color":"#0059a9","mode":"bus","arr":["193"],"angle":39.1,"extra":1}},{"type":"Feature","geometry":{"type":"Point","coordinates":[18.353813,54.456215]},"properties":{"lines":"193","color":"#0059a9","mode":"bus","arr":["193"],"angle":0.3,"extra":1}},{"type":"Feature","geometry":{"type":"Point","coordinates":[18.345859,54.4546]},"properties":{"lines":"193","color":"#0059a9","mode":"bus","arr":["193"],"angle":-24.9,"extra":1}},{"type":"Feature","geometry":{"type":"Point","coordinates":[18.33811,54.452978]},"properties":{"lines":"193","color":"#0059a9","mode":"bus","arr":["193"],"angle":1.3,"extra":1}},{"type":"Feature","geometry":{"type":"Point","coordinates":[18.263867,54.478778]},"properties":{"lines":"193","color":"#0059a9","mode":"bus","arr":["193"],"angle":19.1,"extra":1}},{"type":"Feature","geometry":{"type":"Point","coordinates":[18.255884,54.48045]},"properties":{"lines":"193","color":"#0059a9","mode":"bus","arr":["193"],"angle":22.3,"extra":1}},{"type":"Feature","geometry":{"type":"Point","coordinates":[18.247972,54.482238]},"properties":{"lines":"193","color":"#0059a9","mode":"bus","arr":["193"],"angle":20.1,"extra":1}},{"type":"Feature","geometry":{"type":"Point","coordinates":[18.240007,54.483945]},"properties":{"lines":"193","color":"#0059a9","mode":"bus","arr":["193"],"angle":20.3,"extra":1}},{"type":"Feature","geometry":{"type":"Point","coordinates":[18.232053,54.48567]},"properties":{"lines":"193","color":"#0059a9","mode":"bus","arr":["193"],"angle":20.8,"extra":1}},{"type":"Feature","geometry":{"type":"Point","coordinates":[18.223835,54.486666]},"properties":{"lines":"193","color":"#0059a9","mode":"bus","arr":["193"],"angle":6.8,"extra":1}},{"type":"Feature","geometry":{"type":"Point","coordinates":[18.270854,54.476288]},"properties":{"lines":"193","color":"#0059a9","mode":"bus","arr":["193"],"angle":79,"extra":1}},{"type":"Feature","geometry":{"type":"Point","coordinates":[18.274775,54.472088]},"properties":{"lines":"193","color":"#0059a9","mode":"bus","arr":["193"],"angle":39.1,"extra":1}},{"type":"Feature","geometry":{"type":"Point","coordinates":[18.280643,54.468785]},"properties":{"lines":"193","color":"#0059a9","mode":"bus","arr":["193"],"angle":68.4,"extra":1}},{"type":"Feature","geometry":{"type":"Point","coordinates":[18.312722,54.467156]},"properties":{"lines":"193","color":"#0059a9","mode":"bus","arr":["193"],"angle":78}},{"type":"Feature","geometry":{"type":"Point","coordinates":[18.330224,54.454391]},"properties":{"lines":"193","color":"#0059a9","mode":"bus","arr":["193"],"angle":54.1,"extra":1}},{"type":"Feature","geometry":{"type":"Point","coordinates":[18.324532,54.457985]},"properties":{"lines":"193","color":"#0059a9","mode":"bus","arr":["193"],"angle":40.3,"extra":1}},{"type":"Feature","geometry":{"type":"Point","coordinates":[18.318677,54.461526]},"properties":{"lines":"193","color":"#0059a9","mode":"bus","arr":["193"],"angle":53.7,"extra":1}},{"type":"Feature","geometry":{"type":"Point","coordinates":[18.308788,54.468638]},"properties":{"lines":"193","color":"#0059a9","mode":"bus","arr":["193"],"angle":-1,"extra":1}},{"type":"Feature","geometry":{"type":"Point","coordinates":[18.300408,54.469277]},"properties":{"lines":"193","color":"#0059a9","mode":"bus","arr":["193"],"angle":-0.3,"extra":1}},{"type":"Feature","geometry":{"type":"Point","coordinates":[18.291961,54.469285]},"properties":{"lines":"193","color":"#0059a9","mode":"bus","arr":["193"],"angle":-16.6,"extra":1}},{"type":"Feature","geometry":{"type":"Point","coordinates":[18.285206,54.466437]},"properties":{"lines":"193","color":"#0059a9","mode":"bus","arr":["193"],"angle":-12.4,"extra":1}},{"type":"Feature","geometry":{"type":"Point","coordinates":[18.282028,54.466801]},"properties":{"lines":"193","color":"#0059a9","mode":"bus","arr":["193"],"angle":-79.3}},{"type":"Feature","geometry":{"type":"Point","coordinates":[18.214176,54.488521]},"properties":{"lines":"193","color":"#0059a9","mode":"bus","arr":["193"],"angle":85.2}},{"type":"Feature","geometry":{"type":"Point","coordinates":[18.507501,54.553194]},"properties":{"lines":"194, 770, G, K","color":"#0059a9","mode":"bus","arr":["194","770","G","K"],"angle":-82.7}},{"type":"Feature","geometry":{"type":"Point","coordinates":[18.514943,54.485967]},"properties":{"lines":"203, 252","color":"#0059a9","mode":"bus","arr":["203","252"],"angle":-68.1}},{"type":"Feature","geometry":{"type":"Point","coordinates":[18.523888,54.488069]},"properties":{"lines":"203, 252","color":"#0059a9","mode":"bus","arr":["203","252"],"angle":-12.1,"extra":1}},{"type":"Feature","geometry":{"type":"Point","coordinates":[18.532631,54.485844]},"properties":{"lines":"203, 252","color":"#0059a9","mode":"bus","arr":["203","252"],"angle":-51.1}},{"type":"Feature","geometry":{"type":"Point","coordinates":[18.525425,54.485491]},"properties":{"lines":"203, 252","color":"#0059a9","mode":"bus","arr":["203","252"],"angle":47.7}},{"type":"Feature","geometry":{"type":"Point","coordinates":[18.531257,54.511578]},"properties":{"lines":"203","color":"#0059a9","mode":"bus","arr":["203"],"angle":20}},{"type":"Feature","geometry":{"type":"Point","coordinates":[18.524448,54.516357]},"properties":{"lines":"203, 204","color":"#0059a9","mode":"bus","arr":["203","204"],"angle":3}},{"type":"Feature","geometry":{"type":"Point","coordinates":[18.530685,54.512845]},"properties":{"lines":"203, 204","color":"#0059a9","mode":"bus","arr":["203","204"],"angle":87.7,"extra":1}},{"type":"Feature","geometry":{"type":"Point","coordinates":[18.525,54.511939]},"properties":{"lines":"203, 204","color":"#0059a9","mode":"bus","arr":["203","204"],"angle":30.8,"extra":1}},{"type":"Feature","geometry":{"type":"Point","coordinates":[18.516842,54.518069]},"properties":{"lines":"203, 204","color":"#0059a9","mode":"bus","arr":["203","204"],"angle":-25.2,"extra":1}},{"type":"Feature","geometry":{"type":"Point","coordinates":[18.524967,54.519103]},"properties":{"lines":"203, 204","color":"#0059a9","mode":"bus","arr":["203","204"],"angle":-18.1,"extra":1}},{"type":"Feature","geometry":{"type":"Point","coordinates":[18.532071,54.514733]},"properties":{"lines":"204","color":"#0059a9","mode":"bus","arr":["204"],"angle":0.6}},{"type":"Feature","geometry":{"type":"Point","coordinates":[18.557675,54.445608]},"properties":{"lines":"287","color":"#0059a9","mode":"bus","arr":["287"],"angle":4}},{"type":"Feature","geometry":{"type":"Point","coordinates":[18.551592,54.457124]},"properties":{"lines":"287","color":"#0059a9","mode":"bus","arr":["287"],"angle":-5.8}},{"type":"Feature","geometry":{"type":"Point","coordinates":[18.548008,54.4569]},"properties":{"lines":"287","color":"#0059a9","mode":"bus","arr":["287"],"angle":-7.3}},{"type":"Feature","geometry":{"type":"Point","coordinates":[18.545172,54.456958]},"properties":{"lines":"287","color":"#0059a9","mode":"bus","arr":["287"],"angle":-47.7}},{"type":"Feature","geometry":{"type":"Point","coordinates":[18.390544,54.514033]},"properties":{"lines":"288","color":"#0059a9","mode":"bus","arr":["288"],"angle":-55.9}},{"type":"Feature","geometry":{"type":"Point","coordinates":[18.446522,54.531942]},"properties":{"lines":"288","color":"#0059a9","mode":"bus","arr":["288"],"angle":-30.7,"extra":1}},{"type":"Feature","geometry":{"type":"Point","coordinates":[18.439149,54.529493]},"properties":{"lines":"288","color":"#0059a9","mode":"bus","arr":["288"],"angle":-29.5,"extra":1}},{"type":"Feature","geometry":{"type":"Point","coordinates":[18.431499,54.527396]},"properties":{"lines":"288","color":"#0059a9","mode":"bus","arr":["288"],"angle":-30.4,"extra":1}},{"type":"Feature","geometry":{"type":"Point","coordinates":[18.424599,54.524619]},"properties":{"lines":"288","color":"#0059a9","mode":"bus","arr":["288"],"angle":-11.8,"extra":1}},{"type":"Feature","geometry":{"type":"Point","coordinates":[18.418238,54.521528]},"properties":{"lines":"288","color":"#0059a9","mode":"bus","arr":["288"],"angle":-62.4,"extra":1}},{"type":"Feature","geometry":{"type":"Point","coordinates":[18.411095,54.519378]},"properties":{"lines":"288","color":"#0059a9","mode":"bus","arr":["288"],"angle":-17.4,"extra":1}},{"type":"Feature","geometry":{"type":"Point","coordinates":[18.404033,54.517387]},"properties":{"lines":"288","color":"#0059a9","mode":"bus","arr":["288"],"angle":18.7,"extra":1}},{"type":"Feature","geometry":{"type":"Point","coordinates":[18.396111,54.516132]},"properties":{"lines":"288","color":"#0059a9","mode":"bus","arr":["288"],"angle":-27.4,"extra":1}},{"type":"Feature","geometry":{"type":"Point","coordinates":[18.384804,54.509339]},"properties":{"lines":"288","color":"#0059a9","mode":"bus","arr":["288"],"angle":-22.1,"extra":1}},{"type":"Feature","geometry":{"type":"Point","coordinates":[18.378572,54.506663]},"properties":{"lines":"288","color":"#0059a9","mode":"bus","arr":["288"],"angle":-12,"extra":1}},{"type":"Feature","geometry":{"type":"Point","coordinates":[18.370442,54.506268]},"properties":{"lines":"288","color":"#0059a9","mode":"bus","arr":["288"],"angle":6.5,"extra":1}},{"type":"Feature","geometry":{"type":"Point","coordinates":[18.367234,54.510002]},"properties":{"lines":"288","color":"#0059a9","mode":"bus","arr":["288"],"angle":-83.7,"extra":1}},{"type":"Feature","geometry":{"type":"Point","coordinates":[18.366078,54.514889]},"properties":{"lines":"288","color":"#0059a9","mode":"bus","arr":["288"],"angle":89.9,"extra":1}},{"type":"Feature","geometry":{"type":"Point","coordinates":[18.367017,54.519777]},"properties":{"lines":"288","color":"#0059a9","mode":"bus","arr":["288"],"angle":-79.8,"extra":1}},{"type":"Feature","geometry":{"type":"Point","coordinates":[18.368509,54.524646]},"properties":{"lines":"288","color":"#0059a9","mode":"bus","arr":["288"],"angle":-80.4,"extra":1}},{"type":"Feature","geometry":{"type":"Point","coordinates":[18.370062,54.529315]},"properties":{"lines":"288","color":"#0059a9","mode":"bus","arr":["288"],"angle":-57,"extra":1}},{"type":"Feature","geometry":{"type":"Point","coordinates":[18.380836,54.542579]},"properties":{"lines":"288","color":"#0059a9","mode":"bus","arr":["288"],"angle":-52.7}},{"type":"Feature","geometry":{"type":"Point","coordinates":[18.375271,54.533736]},"properties":{"lines":"288","color":"#0059a9","mode":"bus","arr":["288"],"angle":82.4,"extra":1}},{"type":"Feature","geometry":{"type":"Point","coordinates":[18.375828,54.53833]},"properties":{"lines":"288","color":"#0059a9","mode":"bus","arr":["288"],"angle":-82,"extra":1}},{"type":"Feature","geometry":{"type":"Point","coordinates":[18.381627,54.546483]},"properties":{"lines":"288","color":"#0059a9","mode":"bus","arr":["288"],"angle":64.3,"extra":1}},{"type":"Feature","geometry":{"type":"Point","coordinates":[18.375827,54.549899]},"properties":{"lines":"288","color":"#0059a9","mode":"bus","arr":["288"],"angle":28,"extra":1}},{"type":"Feature","geometry":{"type":"Point","coordinates":[18.387541,54.569602]},"properties":{"lines":"288","color":"#0059a9","mode":"bus","arr":["288"],"angle":43.7}},{"type":"Feature","geometry":{"type":"Point","coordinates":[18.494096,54.534271]},"properties":{"lines":"309, 326, 710, 740","color":"#0059a9","mode":"bus","arr":["309","326","710","740"],"angle":-53.5}},{"type":"Feature","geometry":{"type":"Point","coordinates":[18.493339,54.533673]},"properties":{"lines":"309, 326, 710, 740, N30","color":"#0059a9","mode":"bus","arr":["309","326","710","740","N30"],"angle":-54.2}},{"type":"Feature","geometry":{"type":"Point","coordinates":[18.492425,54.532903]},"properties":{"lines":"309, 326, 710, 723, 740, N30","color":"#0059a9","mode":"bus","arr":["309","326","710","723","740","N30"],"angle":-55.4}},{"type":"Feature","geometry":{"type":"Point","coordinates":[18.535336,54.58186]},"properties":{"lines":"309","color":"#0059a9","mode":"bus","arr":["309"],"angle":61.3}},{"type":"Feature","geometry":{"type":"Point","coordinates":[18.536745,54.584711]},"properties":{"lines":"309","color":"#0059a9","mode":"bus","arr":["309"],"angle":-45,"extra":1}},{"type":"Feature","geometry":{"type":"Point","coordinates":[18.537321,54.586175]},"properties":{"lines":"309","color":"#0059a9","mode":"bus","arr":["309"],"angle":-12.3}},{"type":"Feature","geometry":{"type":"Point","coordinates":[18.494464,54.534158]},"properties":{"lines":"309, 326, 710, N30","color":"#0059a9","mode":"bus","arr":["309","326","710","N30"],"angle":-52.1}},{"type":"Feature","geometry":{"type":"Point","coordinates":[18.476943,54.470617]},"properties":{"lines":"700, Z","color":"#0059a9","mode":"bus","arr":["700","Z"],"angle":-39.1}},{"type":"Feature","geometry":{"type":"Point","coordinates":[18.473811,54.469479]},"properties":{"lines":"700, Z","color":"#0059a9","mode":"bus","arr":["700","Z"],"angle":-46.1}},{"type":"Feature","geometry":{"type":"Point","coordinates":[18.463224,54.463909]},"properties":{"lines":"700, Z","color":"#0059a9","mode":"bus","arr":["700","Z"],"angle":-41}},{"type":"Feature","geometry":{"type":"Point","coordinates":[18.469706,54.467292]},"properties":{"lines":"700, Z","color":"#0059a9","mode":"bus","arr":["700","Z"],"angle":-45.3,"extra":1}},{"type":"Feature","geometry":{"type":"Point","coordinates":[18.45701,54.460731]},"properties":{"lines":"700, Z","color":"#0059a9","mode":"bus","arr":["700","Z"],"angle":-41.7,"extra":1}},{"type":"Feature","geometry":{"type":"Point","coordinates":[18.492911,54.534072]},"properties":{"lines":"710","color":"#149a3f","mode":"bus","arr":["710"],"angle":43.7}},{"type":"Feature","geometry":{"type":"Point","coordinates":[18.476005,54.55909]},"properties":{"lines":"770","color":"#0059a9","mode":"bus","arr":["770"],"angle":-25.4}},{"type":"Feature","geometry":{"type":"Point","coordinates":[18.421275,54.503029]},"properties":{"lines":"940","color":"#0059a9","mode":"bus","arr":["940"],"angle":-1.4}},{"type":"Feature","geometry":{"type":"Point","coordinates":[18.430096,54.501212]},"properties":{"lines":"940","color":"#0059a9","mode":"bus","arr":["940"],"angle":44.1,"extra":1}},{"type":"Feature","geometry":{"type":"Point","coordinates":[18.416618,54.50167]},"properties":{"lines":"940","color":"#0059a9","mode":"bus","arr":["940"],"angle":-42.7,"extra":1}},{"type":"Feature","geometry":{"type":"Point","coordinates":[18.541421,54.411496]},"properties":{"lines":"G","color":"#0059a9","mode":"bus","arr":["G"],"angle":-3.8}},{"type":"Feature","geometry":{"type":"Point","coordinates":[18.535358,54.412593]},"properties":{"lines":"G","color":"#0059a9","mode":"bus","arr":["G"],"angle":78.8,"extra":1}},{"type":"Feature","geometry":{"type":"Point","coordinates":[18.558731,54.416552]},"properties":{"lines":"G","color":"#0059a9","mode":"bus","arr":["G"],"angle":-70}},{"type":"Feature","geometry":{"type":"Point","coordinates":[18.556543,54.411989]},"properties":{"lines":"G","color":"#0059a9","mode":"bus","arr":["G"],"angle":-57.8,"extra":1}},{"type":"Feature","geometry":{"type":"Point","coordinates":[18.561439,54.421422]},"properties":{"lines":"G","color":"#0059a9","mode":"bus","arr":["G"],"angle":-62.9,"extra":1}},{"type":"Feature","geometry":{"type":"Point","coordinates":[18.563333,54.423349]},"properties":{"lines":"G","color":"#0059a9","mode":"bus","arr":["G"],"angle":-89.6}},{"type":"Feature","geometry":{"type":"Point","coordinates":[18.330947,54.604415]},"properties":{"lines":"J","color":"#0059a9","mode":"bus","arr":["J"],"angle":-5.7}},{"type":"Feature","geometry":{"type":"Point","coordinates":[18.3842,54.572694]},"properties":{"lines":"J","color":"#0059a9","mode":"bus","arr":["J"],"angle":44.9,"extra":1}},{"type":"Feature","geometry":{"type":"Point","coordinates":[18.378212,54.576199]},"properties":{"lines":"J","color":"#0059a9","mode":"bus","arr":["J"],"angle":45.3,"extra":1}},{"type":"Feature","geometry":{"type":"Point","coordinates":[18.372195,54.579687]},"properties":{"lines":"J","color":"#0059a9","mode":"bus","arr":["J"],"angle":44.4,"extra":1}},{"type":"Feature","geometry":{"type":"Point","coordinates":[18.36617,54.58317]},"properties":{"lines":"J","color":"#0059a9","mode":"bus","arr":["J"],"angle":46.6,"extra":1}},{"type":"Feature","geometry":{"type":"Point","coordinates":[18.361659,54.587273]},"properties":{"lines":"J","color":"#0059a9","mode":"bus","arr":["J"],"angle":67.1,"extra":1}},{"type":"Feature","geometry":{"type":"Point","coordinates":[18.357105,54.59141]},"properties":{"lines":"J","color":"#0059a9","mode":"bus","arr":["J"],"angle":60.4,"extra":1}},{"type":"Feature","geometry":{"type":"Point","coordinates":[18.354069,54.596025]},"properties":{"lines":"J","color":"#0059a9","mode":"bus","arr":["J"],"angle":69.2,"extra":1}},{"type":"Feature","geometry":{"type":"Point","coordinates":[18.351052,54.600648]},"properties":{"lines":"J","color":"#0059a9","mode":"bus","arr":["J"],"angle":68.3,"extra":1}},{"type":"Feature","geometry":{"type":"Point","coordinates":[18.347594,54.605147]},"properties":{"lines":"J","color":"#0059a9","mode":"bus","arr":["J"],"angle":46.7,"extra":1}},{"type":"Feature","geometry":{"type":"Point","coordinates":[18.339565,54.605338]},"properties":{"lines":"J","color":"#0059a9","mode":"bus","arr":["J"],"angle":-12,"extra":1}},{"type":"Feature","geometry":{"type":"Point","coordinates":[18.322758,54.6045]},"properties":{"lines":"J","color":"#0059a9","mode":"bus","arr":["J"],"angle":4.4,"extra":1}},{"type":"Feature","geometry":{"type":"Point","coordinates":[18.314296,54.604883]},"properties":{"lines":"J","color":"#0059a9","mode":"bus","arr":["J"],"angle":4.3,"extra":1}},{"type":"Feature","geometry":{"type":"Point","coordinates":[18.306074,54.603917]},"properties":{"lines":"J","color":"#0059a9","mode":"bus","arr":["J"],"angle":-17.7,"extra":1}},{"type":"Feature","geometry":{"type":"Point","coordinates":[18.297822,54.603072]},"properties":{"lines":"J","color":"#0059a9","mode":"bus","arr":["J"],"angle":3.4,"extra":1}},{"type":"Feature","geometry":{"type":"Point","coordinates":[18.289359,54.603133]},"properties":{"lines":"J","color":"#0059a9","mode":"bus","arr":["J"],"angle":-7.5,"extra":1}},{"type":"Feature","geometry":{"type":"Point","coordinates":[18.28091,54.602703]},"properties":{"lines":"J","color":"#0059a9","mode":"bus","arr":["J"],"angle":-2.8,"extra":1}},{"type":"Feature","geometry":{"type":"Point","coordinates":[18.27243,54.602713]},"properties":{"lines":"J","color":"#0059a9","mode":"bus","arr":["J"],"angle":5.5,"extra":1}},{"type":"Feature","geometry":{"type":"Point","coordinates":[18.264012,54.603332]},"properties":{"lines":"J","color":"#0059a9","mode":"bus","arr":["J"],"angle":7.8,"extra":1}},{"type":"Feature","geometry":{"type":"Point","coordinates":[18.255557,54.603754]},"properties":{"lines":"J","color":"#0059a9","mode":"bus","arr":["J"],"angle":4.3,"extra":1}},{"type":"Feature","geometry":{"type":"Point","coordinates":[18.247134,54.604348]},"properties":{"lines":"J","color":"#0059a9","mode":"bus","arr":["J"],"angle":9.5,"extra":1}},{"type":"Feature","geometry":{"type":"Point","coordinates":[18.319318,54.60455]},"properties":{"lines":"J","color":"#0059a9","mode":"bus","arr":["J"],"angle":4.4}},{"type":"Feature","geometry":{"type":"Point","coordinates":[18.248251,54.615065]},"properties":{"lines":"J","color":"#0059a9","mode":"bus","arr":["J"],"angle":-0.2,"extra":1}},{"type":"Feature","geometry":{"type":"Point","coordinates":[18.246529,54.61168]},"properties":{"lines":"J","color":"#0059a9","mode":"bus","arr":["J"],"angle":-67.2,"extra":1}},{"type":"Feature","geometry":{"type":"Point","coordinates":[18.243582,54.607369]},"properties":{"lines":"J","color":"#0059a9","mode":"bus","arr":["J"],"angle":-74.3,"extra":1}},{"type":"Feature","geometry":{"type":"Point","coordinates":[18.246146,54.604337]},"properties":{"lines":"J","color":"#0059a9","mode":"bus","arr":["J"],"angle":10.3,"extra":1}},{"type":"Feature","geometry":{"type":"Point","coordinates":[18.254557,54.603691]},"properties":{"lines":"J","color":"#0059a9","mode":"bus","arr":["J"],"angle":4.8,"extra":1}},{"type":"Feature","geometry":{"type":"Point","coordinates":[18.263013,54.603271]},"properties":{"lines":"J","color":"#0059a9","mode":"bus","arr":["J"],"angle":5.9,"extra":1}},{"type":"Feature","geometry":{"type":"Point","coordinates":[18.271434,54.602663]},"properties":{"lines":"J","color":"#0059a9","mode":"bus","arr":["J"],"angle":5.3,"extra":1}},{"type":"Feature","geometry":{"type":"Point","coordinates":[18.279911,54.602559]},"properties":{"lines":"J","color":"#0059a9","mode":"bus","arr":["J"],"angle":-1.2,"extra":1}},{"type":"Feature","geometry":{"type":"Point","coordinates":[18.288365,54.602957]},"properties":{"lines":"J","color":"#0059a9","mode":"bus","arr":["J"],"angle":-7.3,"extra":1}},{"type":"Feature","geometry":{"type":"Point","coordinates":[18.29682,54.603002]},"properties":{"lines":"J","color":"#0059a9","mode":"bus","arr":["J"],"angle":3.5,"extra":1}},{"type":"Feature","geometry":{"type":"Point","coordinates":[18.30512,54.603631]},"properties":{"lines":"J","color":"#0059a9","mode":"bus","arr":["J"],"angle":-17.8,"extra":1}},{"type":"Feature","geometry":{"type":"Point","coordinates":[18.313295,54.604822]},"properties":{"lines":"J","color":"#0059a9","mode":"bus","arr":["J"],"angle":4.1,"extra":1}},{"type":"Feature","geometry":{"type":"Point","coordinates":[18.330227,54.604277]},"properties":{"lines":"J","color":"#0059a9","mode":"bus","arr":["J"],"angle":-4.5,"extra":1}},{"type":"Feature","geometry":{"type":"Point","coordinates":[18.338589,54.605098]},"properties":{"lines":"J","color":"#0059a9","mode":"bus","arr":["J"],"angle":-11.9,"extra":1}},{"type":"Feature","geometry":{"type":"Point","coordinates":[18.346815,54.605385]},"properties":{"lines":"J","color":"#0059a9","mode":"bus","arr":["J"],"angle":34.8,"extra":1}},{"type":"Feature","geometry":{"type":"Point","coordinates":[18.350615,54.601027]},"properties":{"lines":"J","color":"#0059a9","mode":"bus","arr":["J"],"angle":67,"extra":1}},{"type":"Feature","geometry":{"type":"Point","coordinates":[18.353661,54.596411]},"properties":{"lines":"J","color":"#0059a9","mode":"bus","arr":["J"],"angle":69.8,"extra":1}},{"type":"Feature","geometry":{"type":"Point","coordinates":[18.356623,54.591777]},"properties":{"lines":"J","color":"#0059a9","mode":"bus","arr":["J"],"angle":66.9,"extra":1}},{"type":"Feature","geometry":{"type":"Point","coordinates":[18.36121,54.587646]},"properties":{"lines":"J","color":"#0059a9","mode":"bus","arr":["J"],"angle":66.1,"extra":1}},{"type":"Feature","geometry":{"type":"Point","coordinates":[18.365451,54.583437]},"properties":{"lines":"J","color":"#0059a9","mode":"bus","arr":["J"],"angle":44.1,"extra":1}},{"type":"Feature","geometry":{"type":"Point","coordinates":[18.371499,54.579967]},"properties":{"lines":"J","color":"#0059a9","mode":"bus","arr":["J"],"angle":45,"extra":1}},{"type":"Feature","geometry":{"type":"Point","coordinates":[18.463242,54.498994]},"properties":{"lines":"K","color":"#0059a9","mode":"bus","arr":["K"],"angle":84.8}},{"type":"Feature","geometry":{"type":"Point","coordinates":[18.45563,54.52841]},"properties":{"lines":"K","color":"#0059a9","mode":"bus","arr":["K"],"angle":55.3}},{"type":"Feature","geometry":{"type":"Point","coordinates":[18.457763,54.517504]},"properties":{"lines":"K","color":"#0059a9","mode":"bus","arr":["K"],"angle":-83.9,"extra":1}},{"type":"Feature","geometry":{"type":"Point","coordinates":[18.458505,54.52241]},"properties":{"lines":"K","color":"#0059a9","mode":"bus","arr":["K"],"angle":-76.3,"extra":1}},{"type":"Feature","geometry":{"type":"Point","coordinates":[18.454384,54.531543]},"properties":{"lines":"K","color":"#0059a9","mode":"bus","arr":["K"],"angle":-84.5,"extra":1}},{"type":"Feature","geometry":{"type":"Point","coordinates":[18.454971,54.536455]},"properties":{"lines":"K","color":"#0059a9","mode":"bus","arr":["K"],"angle":80.5,"extra":1}},{"type":"Feature","geometry":{"type":"Point","coordinates":[18.455083,54.541297]},"properties":{"lines":"K","color":"#0059a9","mode":"bus","arr":["K"],"angle":-72.5,"extra":1}},{"type":"Feature","geometry":{"type":"Point","coordinates":[18.460754,54.498988]},"properties":{"lines":"K","color":"#0059a9","mode":"bus","arr":["K"],"angle":83.8}},{"type":"Feature","geometry":{"type":"Point","coordinates":[18.45696,54.499084]},"properties":{"lines":"K","color":"#0059a9","mode":"bus","arr":["K"],"angle":-5.8}},{"type":"Feature","geometry":{"type":"Point","coordinates":[18.459515,54.507059]},"properties":{"lines":"K, X","color":"#0059a9","mode":"bus","arr":["K","X"],"angle":74.5}},{"type":"Feature","geometry":{"type":"Point","coordinates":[18.461816,54.501471]},"properties":{"lines":"K, X","color":"#0059a9","mode":"bus","arr":["K","X"],"angle":83.2,"extra":1}},{"type":"Feature","geometry":{"type":"Point","coordinates":[18.457614,54.511048]},"properties":{"lines":"K, X","color":"#0059a9","mode":"bus","arr":["K","X"],"angle":74.6,"extra":1}},{"type":"Feature","geometry":{"type":"Point","coordinates":[18.421071,54.562804]},"properties":{"lines":"N30, R","color":"#0059a9","mode":"bus","arr":["N30","R"],"angle":86.6}},{"type":"Feature","geometry":{"type":"Point","coordinates":[18.425182,54.558745]},"properties":{"lines":"N30, R","color":"#0059a9","mode":"bus","arr":["N30","R"],"angle":51.7}},{"type":"Feature","geometry":{"type":"Point","coordinates":[18.446303,54.552496]},"properties":{"lines":"N30, R","color":"#0059a9","mode":"bus","arr":["N30","R"],"angle":20}},{"type":"Feature","geometry":{"type":"Point","coordinates":[18.433922,54.555119]},"properties":{"lines":"N30, R","color":"#0059a9","mode":"bus","arr":["N30","R"],"angle":20,"extra":1}},{"type":"Feature","geometry":{"type":"Point","coordinates":[18.441896,54.553426]},"properties":{"lines":"N30, R","color":"#0059a9","mode":"bus","arr":["N30","R"],"angle":19.8,"extra":1}},{"type":"Feature","geometry":{"type":"Point","coordinates":[18.457595,54.549911]},"properties":{"lines":"N30, R","color":"#0059a9","mode":"bus","arr":["N30","R"],"angle":29.8,"extra":1}},{"type":"Feature","geometry":{"type":"Point","coordinates":[18.530402,54.52245]},"properties":{"lines":"N94","color":"#0059a9","mode":"bus","arr":["N94"],"angle":50.3}},{"type":"Feature","geometry":{"type":"Point","coordinates":[18.463026,54.574441]},"properties":{"lines":"N94","color":"#0059a9","mode":"bus","arr":["N94"],"angle":85.8}},{"type":"Feature","geometry":{"type":"Point","coordinates":[18.495918,54.541545]},"properties":{"lines":"R","color":"#0059a9","mode":"bus","arr":["R"],"angle":52.9}},{"type":"Feature","geometry":{"type":"Point","coordinates":[18.459938,54.549476]},"properties":{"lines":"R","color":"#0059a9","mode":"bus","arr":["R"],"angle":22.2}},{"type":"Feature","geometry":{"type":"Point","coordinates":[18.42194,54.561321]},"properties":{"lines":"R","color":"#0059a9","mode":"bus","arr":["R"],"angle":58.7}},{"type":"Feature","geometry":{"type":"Point","coordinates":[18.473549,54.476111]},"properties":{"lines":"X","color":"#0059a9","mode":"bus","arr":["X"],"angle":-81.8}},{"type":"Feature","geometry":{"type":"Point","coordinates":[18.467484,54.487145]},"properties":{"lines":"X","color":"#0059a9","mode":"bus","arr":["X"],"angle":54.4}},{"type":"Feature","geometry":{"type":"Point","coordinates":[18.473018,54.479455]},"properties":{"lines":"X","color":"#0059a9","mode":"bus","arr":["X"],"angle":88.2,"extra":1}},{"type":"Feature","geometry":{"type":"Point","coordinates":[18.471078,54.48423]},"properties":{"lines":"X","color":"#0059a9","mode":"bus","arr":["X"],"angle":62.7,"extra":1}},{"type":"Feature","geometry":{"type":"Point","coordinates":[18.462581,54.49272]},"properties":{"lines":"X","color":"#0059a9","mode":"bus","arr":["X"],"angle":76.4,"extra":1}},{"type":"Feature","geometry":{"type":"Point","coordinates":[18.462034,54.497639]},"properties":{"lines":"X","color":"#0059a9","mode":"bus","arr":["X"],"angle":-88.9,"extra":1}},{"type":"Feature","geometry":{"type":"Point","coordinates":[18.474858,54.522136]},"properties":{"lines":"X","color":"#0059a9","mode":"bus","arr":["X"],"angle":-47.2}},{"type":"Feature","geometry":{"type":"Point","coordinates":[18.45869,54.517311]},"properties":{"lines":"X","color":"#0059a9","mode":"bus","arr":["X"],"angle":-46.6,"extra":1}},{"type":"Feature","geometry":{"type":"Point","coordinates":[18.466676,54.51871]},"properties":{"lines":"X","color":"#0059a9","mode":"bus","arr":["X"],"angle":-8.3,"extra":1}},{"type":"Feature","geometry":{"type":"Point","coordinates":[18.479016,54.525088]},"properties":{"lines":"X","color":"#0059a9","mode":"bus","arr":["X"],"angle":-51.2,"extra":1}},{"type":"Feature","geometry":{"type":"Point","coordinates":[18.483047,54.529357]},"properties":{"lines":"X","color":"#0059a9","mode":"bus","arr":["X"],"angle":-63.4,"extra":1}},{"type":"Feature","geometry":{"type":"Point","coordinates":[18.473386,54.521366]},"properties":{"lines":"X","color":"#0059a9","mode":"bus","arr":["X"],"angle":-46.1}},{"type":"Feature","geometry":{"type":"Point","coordinates":[18.485261,54.531043]},"properties":{"lines":"X","color":"#0059a9","mode":"bus","arr":["X"],"angle":-41.8,"extra":1}},{"type":"Feature","geometry":{"type":"Point","coordinates":[18.48118,54.52681]},"properties":{"lines":"X","color":"#0059a9","mode":"bus","arr":["X"],"angle":-53.9,"extra":1}},{"type":"Feature","geometry":{"type":"Point","coordinates":[18.470006,54.519382]},"properties":{"lines":"X","color":"#0059a9","mode":"bus","arr":["X"],"angle":-36.7,"extra":1}},{"type":"Feature","geometry":{"type":"Point","coordinates":[18.461787,54.518302]},"properties":{"lines":"X","color":"#0059a9","mode":"bus","arr":["X"],"angle":-13.7,"extra":1}},{"type":"Feature","geometry":{"type":"Point","coordinates":[18.456499,54.515388]},"properties":{"lines":"X","color":"#0059a9","mode":"bus","arr":["X"],"angle":-89.2,"extra":1}},{"type":"Feature","geometry":{"type":"Point","coordinates":[18.358071,54.342289]},"properties":{"lines":"Z","color":"#0059a9","mode":"bus","arr":["Z"],"angle":-19.7}},{"type":"Feature","geometry":{"type":"Point","coordinates":[18.364621,54.345311]},"properties":{"lines":"Z","color":"#0059a9","mode":"bus","arr":["Z"],"angle":74.9}},{"type":"Feature","geometry":{"type":"Point","coordinates":[18.357801,54.396868]},"properties":{"lines":"Z","color":"#0059a9","mode":"bus","arr":["Z"],"angle":-76.8}},{"type":"Feature","geometry":{"type":"Point","coordinates":[18.375475,54.353758]},"properties":{"lines":"Z","color":"#0059a9","mode":"bus","arr":["Z"],"angle":-46.4,"extra":1}},{"type":"Feature","geometry":{"type":"Point","coordinates":[18.369738,54.350125]},"properties":{"lines":"Z","color":"#0059a9","mode":"bus","arr":["Z"],"angle":-58.4,"extra":1}},{"type":"Feature","geometry":{"type":"Point","coordinates":[18.365631,54.354992]},"properties":{"lines":"Z","color":"#0059a9","mode":"bus","arr":["Z"],"angle":82.6,"extra":1}},{"type":"Feature","geometry":{"type":"Point","coordinates":[18.36469,54.359907]},"properties":{"lines":"Z","color":"#0059a9","mode":"bus","arr":["Z"],"angle":83.4,"extra":1}},{"type":"Feature","geometry":{"type":"Point","coordinates":[18.364964,54.364826]},"properties":{"lines":"Z","color":"#0059a9","mode":"bus","arr":["Z"],"angle":73.3,"extra":1}},{"type":"Feature","geometry":{"type":"Point","coordinates":[18.363609,54.369628]},"properties":{"lines":"Z","color":"#0059a9","mode":"bus","arr":["Z"],"angle":73.6,"extra":1}},{"type":"Feature","geometry":{"type":"Point","coordinates":[18.362193,54.374465]},"properties":{"lines":"Z","color":"#0059a9","mode":"bus","arr":["Z"],"angle":84,"extra":1}},{"type":"Feature","geometry":{"type":"Point","coordinates":[18.361864,54.379385]},"properties":{"lines":"Z","color":"#0059a9","mode":"bus","arr":["Z"],"angle":84.4,"extra":1}},{"type":"Feature","geometry":{"type":"Point","coordinates":[18.361063,54.384309]},"properties":{"lines":"Z","color":"#0059a9","mode":"bus","arr":["Z"],"angle":84.5,"extra":1}},{"type":"Feature","geometry":{"type":"Point","coordinates":[18.359728,54.389182]},"properties":{"lines":"Z","color":"#0059a9","mode":"bus","arr":["Z"],"angle":73.4,"extra":1}},{"type":"Feature","geometry":{"type":"Point","coordinates":[18.356699,54.393784]},"properties":{"lines":"Z","color":"#0059a9","mode":"bus","arr":["Z"],"angle":90,"extra":1}},{"type":"Feature","geometry":{"type":"Point","coordinates":[18.362157,54.402962]},"properties":{"lines":"Z","color":"#0059a9","mode":"bus","arr":["Z"],"angle":-54.7,"extra":1}},{"type":"Feature","geometry":{"type":"Point","coordinates":[18.367041,54.407007]},"properties":{"lines":"Z","color":"#0059a9","mode":"bus","arr":["Z"],"angle":-54.9,"extra":1}},{"type":"Feature","geometry":{"type":"Point","coordinates":[18.371235,54.411286]},"properties":{"lines":"Z","color":"#0059a9","mode":"bus","arr":["Z"],"angle":-65.7,"extra":1}},{"type":"Feature","geometry":{"type":"Point","coordinates":[18.374871,54.415752]},"properties":{"lines":"Z","color":"#0059a9","mode":"bus","arr":["Z"],"angle":-57.8,"extra":1}},{"type":"Feature","geometry":{"type":"Point","coordinates":[18.379573,54.419869]},"properties":{"lines":"Z","color":"#0059a9","mode":"bus","arr":["Z"],"angle":-55.9,"extra":1}},{"type":"Feature","geometry":{"type":"Point","coordinates":[18.38431,54.423973]},"properties":{"lines":"Z","color":"#0059a9","mode":"bus","arr":["Z"],"angle":-56,"extra":1}},{"type":"Feature","geometry":{"type":"Point","coordinates":[18.388603,54.428227]},"properties":{"lines":"Z","color":"#0059a9","mode":"bus","arr":["Z"],"angle":-52.2,"extra":1}},{"type":"Feature","geometry":{"type":"Point","coordinates":[18.394031,54.431934]},"properties":{"lines":"Z","color":"#0059a9","mode":"bus","arr":["Z"],"angle":-28.4,"extra":1}},{"type":"Feature","geometry":{"type":"Point","coordinates":[18.401318,54.434455]},"properties":{"lines":"Z","color":"#0059a9","mode":"bus","arr":["Z"],"angle":-34.7,"extra":1}},{"type":"Feature","geometry":{"type":"Point","coordinates":[18.408287,54.437278]},"properties":{"lines":"Z","color":"#0059a9","mode":"bus","arr":["Z"],"angle":-35.1,"extra":1}},{"type":"Feature","geometry":{"type":"Point","coordinates":[18.414744,54.440428]},"properties":{"lines":"Z","color":"#0059a9","mode":"bus","arr":["Z"],"angle":-52,"extra":1}},{"type":"Feature","geometry":{"type":"Point","coordinates":[18.467058,54.465669]},"properties":{"lines":"Z","color":"#0059a9","mode":"bus","arr":["Z"],"angle":-41}},{"type":"Feature","geometry":{"type":"Point","coordinates":[18.457084,54.460584]},"properties":{"lines":"Z","color":"#0059a9","mode":"bus","arr":["Z"],"angle":-41.7,"extra":1}},{"type":"Feature","geometry":{"type":"Point","coordinates":[18.463465,54.463846]},"properties":{"lines":"Z","color":"#0059a9","mode":"bus","arr":["Z"],"angle":-41.1,"extra":1}},{"type":"Feature","geometry":{"type":"Point","coordinates":[18.476444,54.470219]},"properties":{"lines":"Z","color":"#0059a9","mode":"bus","arr":["Z"],"angle":-38.7,"extra":1}},{"type":"Feature","geometry":{"type":"Point","coordinates":[18.472984,54.469098]},"properties":{"lines":"700, Z","color":"#0059a9","mode":"bus","arr":["700","Z"],"angle":20.6}},{"type":"Feature","geometry":{"type":"Point","coordinates":[18.473194,54.476822]},"properties":{"lines":"X","color":"#0059a9","mode":"bus","arr":["X"],"angle":20.5}},{"type":"Feature","geometry":{"type":"Point","coordinates":[18.570534,54.329623]},"properties":{"lines":"2, 11","color":"#d6212b","mode":"tram","arr":["2","11"],"angle":-88}},{"type":"Feature","geometry":{"type":"Point","coordinates":[18.585706,54.331323]},"properties":{"lines":"2, 11","color":"#d6212b","mode":"tram","arr":["2","11"],"angle":-0.3}},{"type":"Feature","geometry":{"type":"Point","coordinates":[18.578636,54.331532]},"properties":{"lines":"2, 11","color":"#d6212b","mode":"tram","arr":["2","11"],"angle":17.1,"extra":1}},{"type":"Feature","geometry":{"type":"Point","coordinates":[18.595164,54.332399]},"properties":{"lines":"2, 11","color":"#d6212b","mode":"tram","arr":["2","11"],"angle":3.1,"extra":1}},{"type":"Feature","geometry":{"type":"Point","coordinates":[18.596278,54.333622]},"properties":{"lines":"2, 11","color":"#d6212b","mode":"tram","arr":["2","11","108","115","120","162","174","175","195","208","227","262","N14","N2","N4"],"busLines":"108, 115, 120, 162, 174, 175, 195, 208, 227, 262, N14, N2, N4","angle":-82.8}},{"type":"Feature","geometry":{"type":"Point","coordinates":[18.612307,54.338125]},"properties":{"lines":"2, 11","color":"#d6212b","mode":"tram","arr":["2","11","108","115","120","162","174","175","195","208","227","262","N14","N2","N4"],"busLines":"108, 115, 120, 162, 174, 175, 195, 208, 227, 262, N14, N2, N4","angle":4.3,"extra":1}},{"type":"Feature","geometry":{"type":"Point","coordinates":[18.603844,54.338447]},"properties":{"lines":"2, 11","color":"#d6212b","mode":"tram","arr":["2","11","108","115","120","162","174","175","195","208","227","262","N14","N2","N4"],"busLines":"108, 115, 120, 162, 174, 175, 195, 208, 227, 262, N14, N2, N4","angle":-7,"extra":1}},{"type":"Feature","geometry":{"type":"Point","coordinates":[18.584862,54.331357]},"properties":{"lines":"2, 11","color":"#d6212b","mode":"tram","arr":["2","11","108","115","120","162","174","175","195","208","227","262","N14","N2","N4"],"busLines":"108, 115, 120, 162, 174, 175, 195, 208, 227, 262, N14, N2, N4","angle":-0.1,"extra":1}},{"type":"Feature","geometry":{"type":"Point","coordinates":[18.57645,54.331734]},"properties":{"lines":"2, 11","color":"#d6212b","mode":"tram","arr":["2","11","108","115","120","162","174","175","195","208","227","262","N14","N2","N4"],"busLines":"108, 115, 120, 162, 174, 175, 195, 208, 227, 262, N14, N2, N4","angle":-2.1,"extra":1}},{"type":"Feature","geometry":{"type":"Point","coordinates":[18.572315,54.331528]},"properties":{"lines":"2, 11, 12, 63","color":"#d6212b","mode":"tram","arr":["2","11","12","63","115","118","120","156","174"],"busLines":"115, 118, 120, 156, 174","angle":-4.1}},{"type":"Feature","geometry":{"type":"Point","coordinates":[18.572982,54.331248]},"properties":{"lines":"12, 63","color":"#d6212b","mode":"tram","arr":["12","63","115","118","120","156","174"],"busLines":"115, 118, 120, 156, 174","angle":19.2}},{"type":"Feature","geometry":{"type":"Point","coordinates":[18.571368,54.345048]},"properties":{"lines":"12, 63","color":"#d6212b","mode":"tram","arr":["12","63","127","130","131","184","210","227","283","N2","N6"],"busLines":"127, 130, 131, 184, 210, 227, 283, N2, N6","angle":-73.6}},{"type":"Feature","geometry":{"type":"Point","coordinates":[18.570702,54.333882]},"properties":{"lines":"12, 63","color":"#d6212b","mode":"tram","arr":["12","63","127","130","131","184","210","227","283","N2","N6"],"busLines":"127, 130, 131, 184, 210, 227, 283, N2, N6","angle":-68.7,"extra":1}},{"type":"Feature","geometry":{"type":"Point","coordinates":[18.572035,54.338593]},"properties":{"lines":"12, 63","color":"#d6212b","mode":"tram","arr":["12","63","127","130","131","184","210","227","283","N2","N6"],"busLines":"127, 130, 131, 184, 210, 227, 283, N2, N6","angle":71.7,"extra":1}},{"type":"Feature","geometry":{"type":"Point","coordinates":[18.572983,54.348141]},"properties":{"lines":"12, 63","color":"#d6212b","mode":"tram","arr":["12","63","127","130","131","184","210","227","283","N2","N6"],"busLines":"127, 130, 131, 184, 210, 227, 283, N2, N6","angle":-67.3,"extra":1}},{"type":"Feature","geometry":{"type":"Point","coordinates":[18.576006,54.35275]},"properties":{"lines":"12, 63","color":"#d6212b","mode":"tram","arr":["12","63","127","130","131","184","210","227","283","N2","N6"],"busLines":"127, 130, 131, 184, 210, 227, 283, N2, N6","angle":-61.6,"extra":1}},{"type":"Feature","geometry":{"type":"Point","coordinates":[18.579635,54.357218]},"properties":{"lines":"12, 63","color":"#d6212b","mode":"tram","arr":["12","63","127","130","131","184","210","227","283","N2","N6"],"busLines":"127, 130, 131, 184, 210, 227, 283, N2, N6","angle":-63.9,"extra":1}},{"type":"Feature","geometry":{"type":"Point","coordinates":[18.578161,54.355405]},"properties":{"lines":"12, 63","color":"#d6212b","mode":"tram","arr":["12","63","127","130","N2","N6"],"busLines":"127, 130, N2, N6","angle":-64.5}},{"type":"Feature","geometry":{"type":"Point","coordinates":[18.603929,54.338425]},"properties":{"lines":"2, 3, 6, 11","color":"#d6212b","mode":"tram","arr":["2","3","6","11","108","115","162","174","195","208","227","262","N14","N4"],"busLines":"108, 115, 162, 174, 195, 208, 227, 262, N14, N4","angle":-6.1}},{"type":"Feature","geometry":{"type":"Point","coordinates":[18.597149,54.33501]},"properties":{"lines":"2, 3, 6, 11","color":"#d6212b","mode":"tram","arr":["2","3","6","11","108","115","162","174","195","208","227","262","N14","N4"],"busLines":"108, 115, 162, 174, 195, 208, 227, 262, N14, N4","angle":-62.3,"extra":1}},{"type":"Feature","geometry":{"type":"Point","coordinates":[18.61161,54.338129]},"properties":{"lines":"2, 3, 6, 11","color":"#d6212b","mode":"tram","arr":["2","3","6","11","108","115","162","174","195","208","227","262","N14","N4"],"busLines":"108, 115, 162, 174, 195, 208, 227, 262, N14, N4","angle":4.1,"extra":1}},{"type":"Feature","geometry":{"type":"Point","coordinates":[18.618335,54.339414]},"properties":{"lines":"2, 3, 6, 11","color":"#d6212b","mode":"tram","arr":["2","3","6","11","108","130","167","183","184","199","208","210","227","267","N14","N16","N3","N4","N6"],"busLines":"108, 130, 167, 183, 184, 199, 208, 210, 227, 267, N14, N16 +3","angle":82.3}},{"type":"Feature","geometry":{"type":"Point","coordinates":[18.641935,54.349379]},"properties":{"lines":"2, 3, 6, 11","color":"#d6212b","mode":"tram","arr":["2","3","6","11","108","130","167","183","184","199","208","210","227","267","N14","N16","N3","N4","N6"],"busLines":"108, 130, 167, 183, 184, 199, 208, 210, 227, 267, N14, N16 +3","angle":79.6,"extra":1}},{"type":"Feature","geometry":{"type":"Point","coordinates":[18.636265,54.348602]},"properties":{"lines":"2, 3, 6, 11","color":"#d6212b","mode":"tram","arr":["2","3","6","11","108","130","167","183","184","199","208","210","227","267","N14","N16","N3","N4","N6"],"busLines":"108, 130, 167, 183, 184, 199, 208, 210, 227, 267, N14, N16 +3","angle":-11.1,"extra":1}},{"type":"Feature","geometry":{"type":"Point","coordinates":[18.62957,54.345703]},"properties":{"lines":"2, 3, 6, 11","color":"#d6212b","mode":"tram","arr":["2","3","6","11","108","130","167","183","184","199","208","210","227","267","N14","N16","N3","N4","N6"],"busLines":"108, 130, 167, 183, 184, 199, 208, 210, 227, 267, N14, N16 +3","angle":-23.9,"extra":1}},{"type":"Feature","geometry":{"type":"Point","coordinates":[18.621154,54.345221]},"properties":{"lines":"2, 3, 6, 11","color":"#d6212b","mode":"tram","arr":["2","3","6","11","108","130","167","183","184","199","208","210","227","267","N14","N16","N3","N4","N6"],"busLines":"108, 130, 167, 183, 184, 199, 208, 210, 227, 267, N14, N16 +3","angle":-4.9,"extra":1}},{"type":"Feature","geometry":{"type":"Point","coordinates":[18.6173,54.343091]},"properties":{"lines":"2, 3, 6, 11","color":"#d6212b","mode":"tram","arr":["2","3","6","11","108","130","167","183","184","199","208","210","227","267","N14","N16","N3","N4","N6"],"busLines":"108, 130, 167, 183, 184, 199, 208, 210, 227, 267, N14, N16 +3","angle":80.8,"extra":1}},{"type":"Feature","geometry":{"type":"Point","coordinates":[18.64337,54.356699]},"properties":{"lines":"2, 3, 6, 10, 11, 12, 63","color":"#d6212b","mode":"tram","arr":["2","3","6","10","11","12","63","184"],"busLines":"184","angle":-87.8}},{"type":"Feature","geometry":{"type":"Point","coordinates":[18.633533,54.366851]},"properties":{"lines":"2, 3, 6, 9, 10, 11, 12, 63","color":"#d6212b","mode":"tram","arr":["2","3","6","9","10","11","12","63"],"angle":45.5}},{"type":"Feature","geometry":{"type":"Point","coordinates":[18.627507,54.37042]},"properties":{"lines":"2, 3, 6, 9, 10, 11, 12, 63","color":"#d6212b","mode":"tram","arr":["2","3","6","9","10","11","12","63"],"angle":45.6,"extra":1}},{"type":"Feature","geometry":{"type":"Point","coordinates":[18.639403,54.363364]},"properties":{"lines":"2, 3, 6, 9, 10, 11, 12, 63","color":"#d6212b","mode":"tram","arr":["2","3","6","9","10","11","12","63"],"angle":45.6,"extra":1}},{"type":"Feature","geometry":{"type":"Point","coordinates":[18.624578,54.374053]},"properties":{"lines":"2, 3, 5, 10, 63","color":"#d6212b","mode":"tram","arr":["2","3","5","10","63","283","N1"],"busLines":"283, N1","angle":59.4}},{"type":"Feature","geometry":{"type":"Point","coordinates":[18.626954,54.375453]},"properties":{"lines":"8, 60","color":"#d6212b","mode":"tram","arr":["8","60","283"],"busLines":"283","angle":-10.3}},{"type":"Feature","geometry":{"type":"Point","coordinates":[18.627061,54.37543]},"properties":{"lines":"10","color":"#d6212b","mode":"tram","arr":["10","283"],"busLines":"283","angle":-9.8}},{"type":"Feature","geometry":{"type":"Point","coordinates":[18.671797,54.399792]},"properties":{"lines":"10","color":"#d6212b","mode":"tram","arr":["10"],"angle":29}},{"type":"Feature","geometry":{"type":"Point","coordinates":[18.576194,54.361394]},"properties":{"lines":"10","color":"#d6212b","mode":"tram","arr":["10","130","131","184","210","227","283"],"busLines":"130, 131, 184, 210, 227, 283","angle":55.6}},{"type":"Feature","geometry":{"type":"Point","coordinates":[18.573553,54.363832]},"properties":{"lines":"10","color":"#d6212b","mode":"tram","arr":["10","130","131","184","210","227","283"],"busLines":"130, 131, 184, 210, 227, 283","angle":76.6,"extra":1}},{"type":"Feature","geometry":{"type":"Point","coordinates":[18.574063,54.36577]},"properties":{"lines":"10","color":"#d6212b","mode":"tram","arr":["10"],"angle":-75.8}},{"type":"Feature","geometry":{"type":"Point","coordinates":[18.622183,54.379677]},"properties":{"lines":"2, 3, 5, 8, 60, 63","color":"#d6212b","mode":"tram","arr":["2","3","5","8","60","63","N1"],"busLines":"N1","angle":76.5}},{"type":"Feature","geometry":{"type":"Point","coordinates":[18.621782,54.383298]},"properties":{"lines":"2, 3, 5, 8, 60, 63","color":"#d6212b","mode":"tram","arr":["2","3","5","8","60","63","N1"],"busLines":"N1","angle":68,"extra":1}},{"type":"Feature","geometry":{"type":"Point","coordinates":[18.622269,54.39981]},"properties":{"lines":"3, 5, 60, 63","color":"#d6212b","mode":"tram","arr":["3","5","60","63","122","124","148","149","N1","N2","N6"],"busLines":"122, 124, 148, 149, N1, N2, N6","angle":89.6}},{"type":"Feature","geometry":{"type":"Point","coordinates":[18.62213,54.385756]},"properties":{"lines":"3, 5, 60, 63","color":"#d6212b","mode":"tram","arr":["3","5","60","63","122","124","148","149","N1","N2","N6"],"busLines":"122, 124, 148, 149, N1, N2, N6","angle":-85.8,"extra":1}},{"type":"Feature","geometry":{"type":"Point","coordinates":[18.622354,54.390697]},"properties":{"lines":"3, 5, 60, 63","color":"#d6212b","mode":"tram","arr":["3","5","60","63","122","124","148","149","N1","N2","N6"],"busLines":"122, 124, 148, 149, N1, N2, N6","angle":89.8,"extra":1}},{"type":"Feature","geometry":{"type":"Point","coordinates":[18.62231,54.395643]},"properties":{"lines":"3, 5, 60, 63","color":"#d6212b","mode":"tram","arr":["3","5","60","63","122","124","148","149","N1","N2","N6"],"busLines":"122, 124, 148, 149, N1, N2, N6","angle":89.6,"extra":1}},{"type":"Feature","geometry":{"type":"Point","coordinates":[18.624896,54.405237]},"properties":{"lines":"3, 5, 60, 63","color":"#d6212b","mode":"tram","arr":["3","5","60","63","122","124","148","149","N1","N2","N6"],"busLines":"122, 124, 148, 149, N1, N2, N6","angle":-68.1,"extra":1}},{"type":"Feature","geometry":{"type":"Point","coordinates":[18.627934,54.409134]},"properties":{"lines":"3, 5, 60, 63","color":"#d6212b","mode":"tram","arr":["3","5","60","63","122","124","148","149","N1","N2","N6"],"busLines":"122, 124, 148, 149, N1, N2, N6","angle":13.2,"extra":1}},{"type":"Feature","geometry":{"type":"Point","coordinates":[18.636119,54.407826]},"properties":{"lines":"3, 5, 60, 63","color":"#d6212b","mode":"tram","arr":["3","5","60","63","122","124","148","149","N1","N2","N6"],"busLines":"122, 124, 148, 149, N1, N2, N6","angle":15.3,"extra":1}},{"type":"Feature","geometry":{"type":"Point","coordinates":[18.622339,54.399056]},"properties":{"lines":"3, 5, 63","color":"#d6212b","mode":"tram","arr":["3","5","63","122","124","149","N1","N2","N6"],"busLines":"122, 124, 149, N1, N2, N6","angle":89.4}},{"type":"Feature","geometry":{"type":"Point","coordinates":[18.622182,54.385703]},"properties":{"lines":"3, 5, 63","color":"#d6212b","mode":"tram","arr":["3","5","63","122","124","149","N1","N2","N6"],"busLines":"122, 124, 149, N1, N2, N6","angle":-85.5,"extra":1}},{"type":"Feature","geometry":{"type":"Point","coordinates":[18.622415,54.390644]},"properties":{"lines":"3, 5, 63","color":"#d6212b","mode":"tram","arr":["3","5","63","122","124","149","N1","N2","N6"],"busLines":"122, 124, 149, N1, N2, N6","angle":89.7,"extra":1}},{"type":"Feature","geometry":{"type":"Point","coordinates":[18.622372,54.39559]},"properties":{"lines":"3, 5, 63","color":"#d6212b","mode":"tram","arr":["3","5","63","122","124","149","N1","N2","N6"],"busLines":"122, 124, 149, N1, N2, N6","angle":89.6,"extra":1}},{"type":"Feature","geometry":{"type":"Point","coordinates":[18.627037,54.400077]},"properties":{"lines":"3, 5, 63","color":"#d6212b","mode":"tram","arr":["3","5","63","122","124","149","N1","N2","N6"],"busLines":"122, 124, 149, N1, N2, N6","angle":-4.7,"extra":1}},{"type":"Feature","geometry":{"type":"Point","coordinates":[18.63289,54.403613]},"properties":{"lines":"3, 5, 63","color":"#d6212b","mode":"tram","arr":["3","5","63","122","124","149","N1","N2","N6"],"busLines":"122, 124, 149, N1, N2, N6","angle":-47.6,"extra":1}},{"type":"Feature","geometry":{"type":"Point","coordinates":[18.608102,54.39005]},"properties":{"lines":"2, 8, 60","color":"#d6212b","mode":"tram","arr":["2","8","60","124","149","N1","N2"],"busLines":"124, 149, N1, N2","angle":60.8}},{"type":"Feature","geometry":{"type":"Point","coordinates":[18.617392,54.383236]},"properties":{"lines":"2, 8, 60","color":"#d6212b","mode":"tram","arr":["2","8","60","124","149","N1","N2"],"busLines":"124, 149, N1, N2","angle":-4.9,"extra":1}},{"type":"Feature","geometry":{"type":"Point","coordinates":[18.611608,54.386034]},"properties":{"lines":"2, 8, 60","color":"#d6212b","mode":"tram","arr":["2","8","60","124","149","N1","N2"],"busLines":"124, 149, N1, N2","angle":60.6,"extra":1}},{"type":"Feature","geometry":{"type":"Point","coordinates":[18.602263,54.394182]},"properties":{"lines":"2, 8, 60","color":"#d6212b","mode":"tram","arr":["2","8","60","124","149","N1","N2"],"busLines":"124, 149, N1, N2","angle":45.7,"extra":1}},{"type":"Feature","geometry":{"type":"Point","coordinates":[18.59631,54.397706]},"properties":{"lines":"2, 8, 60","color":"#d6212b","mode":"tram","arr":["2","8","60","124","149","N1","N2"],"busLines":"124, 149, N1, N2","angle":43.2,"extra":1}},{"type":"Feature","geometry":{"type":"Point","coordinates":[18.588587,54.409314]},"properties":{"lines":"2, 8, 12, 60","color":"#d6212b","mode":"tram","arr":["2","8","12","60","148","199","227","N1","N14","N6"],"busLines":"148, 199, 227, N1, N14, N6","angle":74.1}},{"type":"Feature","geometry":{"type":"Point","coordinates":[18.59249,54.400946]},"properties":{"lines":"2, 8, 12, 60","color":"#d6212b","mode":"tram","arr":["2","8","12","60","148","199","227","N1","N14","N6"],"busLines":"148, 199, 227, N1, N14, N6","angle":73.4,"extra":1}},{"type":"Feature","geometry":{"type":"Point","coordinates":[18.590246,54.40571]},"properties":{"lines":"2, 8, 12, 60","color":"#d6212b","mode":"tram","arr":["2","8","12","60","148","199","227","N1","N14","N6"],"busLines":"148, 199, 227, N1, N14, N6","angle":68.7,"extra":1}},{"type":"Feature","geometry":{"type":"Point","coordinates":[18.587035,54.415384]},"properties":{"lines":"2, 8, 12, 60","color":"#d6212b","mode":"tram","arr":["2","8","12","60","148","199","227","N1","N14","N6"],"busLines":"148, 199, 227, N1, N14, N6","angle":79.6,"extra":1}},{"type":"Feature","geometry":{"type":"Point","coordinates":[18.583748,54.419868]},"properties":{"lines":"2, 8, 12, 60","color":"#d6212b","mode":"tram","arr":["2","8","12","60","148","199","227","N1","N14","N6"],"busLines":"148, 199, 227, N1, N14, N6","angle":59.9,"extra":1}},{"type":"Feature","geometry":{"type":"Point","coordinates":[18.58477,54.420524]},"properties":{"lines":"2, 6, 8","color":"#d6212b","mode":"tram","arr":["2","6","8","227"],"busLines":"227","angle":-27.9}},{"type":"Feature","geometry":{"type":"Point","coordinates":[18.571567,54.415916]},"properties":{"lines":"6, 12, 60","color":"#d6212b","mode":"tram","arr":["6","12","60","117","122","148","N14","N4","N6"],"busLines":"117, 122, 148, N14, N4, N6","angle":-38.8}},{"type":"Feature","geometry":{"type":"Point","coordinates":[18.579625,54.41884]},"properties":{"lines":"6, 12, 60","color":"#d6212b","mode":"tram","arr":["6","12","60","117","122","148","N14","N4","N6"],"busLines":"117, 122, 148, N14, N4, N6","angle":-31.1,"extra":1}},{"type":"Feature","geometry":{"type":"Point","coordinates":[18.565593,54.413555]},"properties":{"lines":"6, 12, 60","color":"#d6212b","mode":"tram","arr":["6","12","60","117","122","148","N14","N4","N6"],"busLines":"117, 122, 148, N14, N4, N6","angle":-82.5,"extra":1}},{"type":"Feature","geometry":{"type":"Point","coordinates":[18.592339,54.423121]},"properties":{"lines":"6","color":"#d6212b","mode":"tram","arr":["6"],"angle":-29.5}},{"type":"Feature","geometry":{"type":"Point","coordinates":[18.592682,54.423292]},"properties":{"lines":"2","color":"#d6212b","mode":"tram","arr":["2"],"angle":-33}},{"type":"Feature","geometry":{"type":"Point","coordinates":[18.62372,54.37587]},"properties":{"lines":"2","color":"#d6212b","mode":"tram","arr":["2","N1"],"busLines":"N1","angle":86.2}},{"type":"Feature","geometry":{"type":"Point","coordinates":[18.638123,54.407289]},"properties":{"lines":"3, 63","color":"#d6212b","mode":"tram","arr":["3","63"],"angle":66.3}},{"type":"Feature","geometry":{"type":"Point","coordinates":[18.599905,54.327913]},"properties":{"lines":"3, 6","color":"#d6212b","mode":"tram","arr":["3","6","120","162","175","208","262","N14","N2","N4"],"busLines":"120, 162, 175, 208, 262, N14, N2, N4","angle":58.9}},{"type":"Feature","geometry":{"type":"Point","coordinates":[18.597445,54.330283]},"properties":{"lines":"3, 6","color":"#d6212b","mode":"tram","arr":["3","6","120","162","175","208","262","N14","N2","N4"],"busLines":"120, 162, 175, 208, 262, N14, N2, N4","angle":58.9,"extra":1}},{"type":"Feature","geometry":{"type":"Point","coordinates":[18.605737,54.322473]},"properties":{"lines":"3, 6","color":"#d6212b","mode":"tram","arr":["3","6"],"angle":-19.5}},{"type":"Feature","geometry":{"type":"Point","coordinates":[18.566048,54.409674]},"properties":{"lines":"5, 6, 12, 60","color":"#d6212b","mode":"tram","arr":["5","6","12","60"],"angle":20.1}},{"type":"Feature","geometry":{"type":"Point","coordinates":[18.56697,54.409609]},"properties":{"lines":"5, 60","color":"#d6212b","mode":"tram","arr":["5","60"],"angle":-37.3}},{"type":"Feature","geometry":{"type":"Point","coordinates":[18.658629,54.404676]},"properties":{"lines":"5, 60","color":"#d6212b","mode":"tram","arr":["5","60"],"angle":5.4}},{"type":"Feature","geometry":{"type":"Point","coordinates":[18.676093,54.401037]},"properties":{"lines":"5, 60","color":"#d6212b","mode":"tram","arr":["5","60"],"angle":69.4,"extra":1}},{"type":"Feature","geometry":{"type":"Point","coordinates":[18.668051,54.402405]},"properties":{"lines":"5, 60","color":"#d6212b","mode":"tram","arr":["5","60"],"angle":10.4,"extra":1}},{"type":"Feature","geometry":{"type":"Point","coordinates":[18.652215,54.404203]},"properties":{"lines":"5, 60","color":"#d6212b","mode":"tram","arr":["5","60"],"angle":-14.1,"extra":1}},{"type":"Feature","geometry":{"type":"Point","coordinates":[18.645135,54.405971]},"properties":{"lines":"5, 60","color":"#d6212b","mode":"tram","arr":["5","60"],"angle":25.8,"extra":1}},{"type":"Feature","geometry":{"type":"Point","coordinates":[18.567458,54.40022]},"properties":{"lines":"5, 6, 12","color":"#d6212b","mode":"tram","arr":["5","6","12","149","N14","N4"],"busLines":"149, N14, N4","angle":66.4}},{"type":"Feature","geometry":{"type":"Point","coordinates":[18.562865,54.408609]},"properties":{"lines":"5, 6, 12","color":"#d6212b","mode":"tram","arr":["5","6","12","149","N14","N4"],"busLines":"149, N14, N4","angle":87.8,"extra":1}},{"type":"Feature","geometry":{"type":"Point","coordinates":[18.564781,54.403827]},"properties":{"lines":"5, 6, 12","color":"#d6212b","mode":"tram","arr":["5","6","12","149","N14","N4"],"busLines":"149, N14, N4","angle":66.5,"extra":1}},{"type":"Feature","geometry":{"type":"Point","coordinates":[18.572384,54.395002]},"properties":{"lines":"5, 6, 12","color":"#d6212b","mode":"tram","arr":["5","6","12","149","N14","N4"],"busLines":"149, N14, N4","angle":59.4,"extra":1}},{"type":"Feature","geometry":{"type":"Point","coordinates":[18.577682,54.391144]},"properties":{"lines":"5, 6, 12","color":"#d6212b","mode":"tram","arr":["5","6","12","149","N14","N4"],"busLines":"149, N14, N4","angle":50.3,"extra":1}},{"type":"Feature","geometry":{"type":"Point","coordinates":[18.567612,54.400099]},"properties":{"lines":"5, 6, 12","color":"#d6212b","mode":"tram","arr":["5","6","12","149","N14","N4"],"busLines":"149, N14, N4","angle":66.6}},{"type":"Feature","geometry":{"type":"Point","coordinates":[18.575371,54.392824]},"properties":{"lines":"5, 6, 12","color":"#d6212b","mode":"tram","arr":["5","6","12","149","N14","N4"],"busLines":"149, N14, N4","angle":50.2,"extra":1}},{"type":"Feature","geometry":{"type":"Point","coordinates":[18.570566,54.396884]},"properties":{"lines":"5, 6, 12","color":"#d6212b","mode":"tram","arr":["5","6","12","149","N14","N4"],"busLines":"149, N14, N4","angle":59.9,"extra":1}},{"type":"Feature","geometry":{"type":"Point","coordinates":[18.563608,54.405869]},"properties":{"lines":"5, 6, 12","color":"#d6212b","mode":"tram","arr":["5","6","12","149","N14","N4"],"busLines":"149, N14, N4","angle":81.8,"extra":1}},{"type":"Feature","geometry":{"type":"Point","coordinates":[18.600046,54.381676]},"properties":{"lines":"5, 6, 9, 11, 12","color":"#d6212b","mode":"tram","arr":["5","6","9","11","12","115","127","158","162","168","199","258","262","N14","N2","N4"],"busLines":"115, 127, 158, 162, 168, 199, 258, 262, N14, N2, N4","angle":37.6}},{"type":"Feature","geometry":{"type":"Point","coordinates":[18.620848,54.374365]},"properties":{"lines":"5, 6, 9, 11, 12","color":"#d6212b","mode":"tram","arr":["5","6","9","11","12","115","127","158","162","168","199","258","262","N14","N2","N4"],"busLines":"115, 127, 158, 162, 168, 199, 258, 262, N14, N2, N4","angle":45.3,"extra":1}},{"type":"Feature","geometry":{"type":"Point","coordinates":[18.613074,54.376234]},"properties":{"lines":"5, 6, 9, 11, 12","color":"#d6212b","mode":"tram","arr":["5","6","9","11","12","115","127","158","162","168","199","258","262","N14","N2","N4"],"busLines":"115, 127, 158, 162, 168, 199, 258, 262, N14, N2, N4","angle":24.6,"extra":1}},{"type":"Feature","geometry":{"type":"Point","coordinates":[18.605722,54.378685]},"properties":{"lines":"5, 6, 9, 11, 12","color":"#d6212b","mode":"tram","arr":["5","6","9","11","12","115","127","158","162","168","199","258","262","N14","N2","N4"],"busLines":"115, 127, 158, 162, 168, 199, 258, 262, N14, N2, N4","angle":37.4,"extra":1}},{"type":"Feature","geometry":{"type":"Point","coordinates":[18.593735,54.385423]},"properties":{"lines":"5, 6, 9, 11, 12","color":"#d6212b","mode":"tram","arr":["5","6","9","11","12","115","127","158","162","168","199","258","262","N14","N2","N4"],"busLines":"115, 127, 158, 162, 168, 199, 258, 262, N14, N2, N4","angle":49.5,"extra":1}},{"type":"Feature","geometry":{"type":"Point","coordinates":[18.586494,54.386937]},"properties":{"lines":"5, 6, 9, 11, 12","color":"#d6212b","mode":"tram","arr":["5","6","9","11","12","115","127","158","162","168","199","258","262","N14","N2","N4"],"busLines":"115, 127, 158, 162, 168, 199, 258, 262, N14, N2, N4","angle":-2.5,"extra":1}},{"type":"Feature","geometry":{"type":"Point","coordinates":[18.58001,54.389517]},"properties":{"lines":"5, 6, 9, 11, 12","color":"#d6212b","mode":"tram","arr":["5","6","9","11","12","115","127","158","162","168","199","258","262","N14","N2","N4"],"busLines":"115, 127, 158, 162, 168, 199, 258, 262, N14, N2, N4","angle":50.1,"extra":1}},{"type":"Feature","geometry":{"type":"Point","coordinates":[18.655224,54.404603]},"properties":{"lines":"5","color":"#d6212b","mode":"tram","arr":["5"],"angle":-13.5}},{"type":"Feature","geometry":{"type":"Point","coordinates":[18.641928,54.406802]},"properties":{"lines":"5","color":"#d6212b","mode":"tram","arr":["5"],"angle":24.8,"extra":1}},{"type":"Feature","geometry":{"type":"Point","coordinates":[18.648762,54.404049]},"properties":{"lines":"5","color":"#d6212b","mode":"tram","arr":["5"],"angle":18.4,"extra":1}},{"type":"Feature","geometry":{"type":"Point","coordinates":[18.664586,54.40276]},"properties":{"lines":"5","color":"#d6212b","mode":"tram","arr":["5"],"angle":29.6,"extra":1}},{"type":"Feature","geometry":{"type":"Point","coordinates":[18.669037,54.399385]},"properties":{"lines":"5","color":"#d6212b","mode":"tram","arr":["5"],"angle":30.8,"extra":1}},{"type":"Feature","geometry":{"type":"Point","coordinates":[18.672298,54.398284]},"properties":{"lines":"5, 10, 60","color":"#d6212b","mode":"tram","arr":["5","10","60","148","N6"],"busLines":"148, N6","angle":30}},{"type":"Feature","geometry":{"type":"Point","coordinates":[18.578707,54.390768]},"properties":{"lines":"9, 11","color":"#d6212b","mode":"tram","arr":["9","11"],"angle":-70.5}},{"type":"Feature","geometry":{"type":"Point","coordinates":[18.624175,54.372391]},"properties":{"lines":"6, 9, 11, 12","color":"#d6212b","mode":"tram","arr":["6","9","11","12"],"angle":45.6}},{"type":"Feature","geometry":{"type":"Point","coordinates":[18.567025,54.40957]},"properties":{"lines":"6, 12","color":"#d6212b","mode":"tram","arr":["6","12"],"angle":-37.3}},{"type":"Feature","geometry":{"type":"Point","coordinates":[18.592625,54.423888]},"properties":{"lines":"6, 8","color":"#d6212b","mode":"tram","arr":["6","8"],"angle":4.7}},{"type":"Feature","geometry":{"type":"Point","coordinates":[18.592358,54.42307]},"properties":{"lines":"8","color":"#d6212b","mode":"tram","arr":["8"],"angle":-29.3}},{"type":"Feature","geometry":{"type":"Point","coordinates":[18.640953,54.365994]},"properties":{"lines":"8","color":"#d6212b","mode":"tram","arr":["8","100","106","108","111","112","123","130","132","138","154","166","167","178","183","184","186","189","199","208","210","212","267","289","600","606","M32","N1","N14","N16","N3","N4","N5","N6","N8","N89","N9","T8"],"busLines":"100, 106, 108, 111, 112, 123, 130, 132, 138, 154, 166, 167 +25","angle":53.8}},{"type":"Feature","geometry":{"type":"Point","coordinates":[18.632049,54.373402]},"properties":{"lines":"8","color":"#d6212b","mode":"tram","arr":["8","100","106","108","111","112","123","130","132","138","154","166","167","178","183","184","186","189","199","208","210","212","267","289","600","606","M32","N1","N14","N16","N3","N4","N5","N6","N8","N89","N9","T8"],"busLines":"100, 106, 108, 111, 112, 123, 130, 132, 138, 154, 166, 167 +25","angle":54.3,"extra":1}},{"type":"Feature","geometry":{"type":"Point","coordinates":[18.636977,54.369377]},"properties":{"lines":"8","color":"#d6212b","mode":"tram","arr":["8","100","106","108","111","112","123","130","132","138","154","166","167","178","183","184","186","189","199","208","210","212","267","289","600","606","M32","N1","N14","N16","N3","N4","N5","N6","N8","N89","N9","T8"],"busLines":"100, 106, 108, 111, 112, 123, 130, 132, 138, 154, 166, 167 +25","angle":55.7,"extra":1}},{"type":"Feature","geometry":{"type":"Point","coordinates":[18.646649,54.361338]},"properties":{"lines":"8","color":"#d6212b","mode":"tram","arr":["8","100","106","108","111","112","123","130","132","138","154","166","167","178","183","184","186","189","199","208","210","212","267","289","600","606","M32","N1","N14","N16","N3","N4","N5","N6","N8","N89","N9","T8"],"busLines":"100, 106, 108, 111, 112, 123, 130, 132, 138, 154, 166, 167 +25","angle":58.5,"extra":1}},{"type":"Feature","geometry":{"type":"Point","coordinates":[18.645987,54.357094]},"properties":{"lines":"8","color":"#d6212b","mode":"tram","arr":["8","100","106","108","111","112","123","130","132","138","154","166","167","178","183","184","186","189","199","208","210","212","267","289","600","606","M32","N1","N14","N16","N3","N4","N5","N6","N8","N89","N9","T8"],"busLines":"100, 106, 108, 111, 112, 123, 130, 132, 138, 154, 166, 167 +25","angle":-86.6,"extra":1}},{"type":"Feature","geometry":{"type":"Point","coordinates":[18.640391,54.366388]},"properties":{"lines":"8","color":"#d6212b","mode":"tram","arr":["8","100","106","108","111","112","123","130","138","154","167","178","184","186","189","199","208","210","212","267","289","600","606","N6"],"busLines":"100, 106, 108, 111, 112, 123, 130, 138, 154, 167, 178, 184 +11","angle":54}},{"type":"Feature","geometry":{"type":"Point","coordinates":[18.632312,54.373137]},"properties":{"lines":"8","color":"#d6212b","mode":"tram","arr":["8","100","106","108","111","112","123","130","138","154","167","178","184","186","189","199","208","210","212","267","289","600","606","N6"],"busLines":"100, 106, 108, 111, 112, 123, 130, 138, 154, 167, 178, 184 +11","angle":54.1,"extra":1}},{"type":"Feature","geometry":{"type":"Point","coordinates":[18.637223,54.369104]},"properties":{"lines":"8","color":"#d6212b","mode":"tram","arr":["8","100","106","108","111","112","123","130","138","154","167","178","184","186","189","199","208","210","212","267","289","600","606","N6"],"busLines":"100, 106, 108, 111, 112, 123, 130, 138, 154, 167, 178, 184 +11","angle":55.9,"extra":1}},{"type":"Feature","geometry":{"type":"Point","coordinates":[18.646898,54.361067]},"properties":{"lines":"8","color":"#d6212b","mode":"tram","arr":["8","100","106","108","111","112","123","130","138","154","167","178","184","186","189","199","208","210","212","267","289","600","606","N6"],"busLines":"100, 106, 108, 111, 112, 123, 130, 138, 154, 167, 178, 184 +11","angle":50.7,"extra":1}},{"type":"Feature","geometry":{"type":"Point","coordinates":[18.64935,54.387579]},"properties":{"lines":"10, 60","color":"#d6212b","mode":"tram","arr":["10","60","148","158","258","283","600","658","N6"],"busLines":"148, 158, 258, 283, 600, 658, N6","angle":-36.3}},{"type":"Feature","geometry":{"type":"Point","coordinates":[18.66581,54.398153]},"properties":{"lines":"10, 60","color":"#d6212b","mode":"tram","arr":["10","60","148","158","258","283","600","658","N6"],"busLines":"148, 158, 258, 283, 600, 658, N6","angle":-48.1,"extra":1}},{"type":"Feature","geometry":{"type":"Point","coordinates":[18.66049,54.394299]},"properties":{"lines":"10, 60","color":"#d6212b","mode":"tram","arr":["10","60","148","158","258","283","600","658","N6"],"busLines":"148, 158, 258, 283, 600, 658, N6","angle":-51.3,"extra":1}},{"type":"Feature","geometry":{"type":"Point","coordinates":[18.655187,54.390438]},"properties":{"lines":"10, 60","color":"#d6212b","mode":"tram","arr":["10","60","148","158","258","283","600","658","N6"],"busLines":"148, 158, 258, 283, 600, 658, N6","angle":-51.5,"extra":1}},{"type":"Feature","geometry":{"type":"Point","coordinates":[18.64174,54.384451]},"properties":{"lines":"10, 60","color":"#d6212b","mode":"tram","arr":["10","60","148","158","258","283","600","658","N6"],"busLines":"148, 158, 258, 283, 600, 658, N6","angle":-37.3,"extra":1}},{"type":"Feature","geometry":{"type":"Point","coordinates":[18.636082,54.380772]},"properties":{"lines":"10, 60","color":"#d6212b","mode":"tram","arr":["10","60","148","158","258","283","600","658","N6"],"busLines":"148, 158, 258, 283, 600, 658, N6","angle":-49.7,"extra":1}},{"type":"Feature","geometry":{"type":"Point","coordinates":[18.630895,54.376876]},"properties":{"lines":"10, 60","color":"#d6212b","mode":"tram","arr":["10","60","148","158","258","283","600","658","N6"],"busLines":"148, 158, 258, 283, 600, 658, N6","angle":-63.1,"extra":1}},{"type":"Feature","geometry":{"type":"Point","coordinates":[18.645725,54.355943]},"properties":{"lines":"8, 9","color":"#d6212b","mode":"tram","arr":["8","9","100","106","108","111","112","123","130","132","138","154","166","167","178","183","184","186","189","199","208","210","212","267","289","600","606","M32","N1","N14","N16","N3","N4","N5","N56","N6","N78","N8","N89","N9","T8"],"busLines":"100, 106, 108, 111, 112, 123, 130, 132, 138, 154, 166, 167 +27","angle":-82.1}},{"type":"Feature","geometry":{"type":"Point","coordinates":[18.635925,54.365473]},"properties":{"lines":"9","color":"#d6212b","mode":"tram","arr":["9"],"angle":45.4}},{"type":"Feature","geometry":{"type":"Point","coordinates":[18.64413,54.359816]},"properties":{"lines":"9","color":"#d6212b","mode":"tram","arr":["9"],"angle":58.7,"extra":1}},{"type":"Feature","geometry":{"type":"Point","coordinates":[18.627033,54.370738]},"properties":{"lines":"9","color":"#d6212b","mode":"tram","arr":["9"],"angle":45.5,"extra":1}},{"type":"Feature","geometry":{"type":"Point","coordinates":[18.645696,54.358158]},"properties":{"lines":"9","color":"#d6212b","mode":"tram","arr":["9","100","106","108","111","112","123","130","132","138","154","166","167","178","183","184","186","189","199","208","210","212","267","289","600","606","M32","N1","N14","N16","N3","N4","N5","N56","N6","N78","N8","N89","N9","T8"],"busLines":"100, 106, 108, 111, 112, 123, 130, 132, 138, 154, 166, 167 +27","angle":69.1}},{"type":"Feature","geometry":{"type":"Point","coordinates":[18.645339,54.3546]},"properties":{"lines":"9","color":"#d6212b","mode":"tram","arr":["9","100","106","108","111","112","123","130","132","138","154","166","167","178","183","184","186","189","199","208","210","212","267","289","600","606","M32","N1","N14","N16","N3","N4","N5","N56","N6","N78","N8","N89","N9","T8"],"busLines":"100, 106, 108, 111, 112, 123, 130, 132, 138, 154, 166, 167 +27","angle":-81.9,"extra":1}},{"type":"Feature","geometry":{"type":"Point","coordinates":[18.607188,54.348297]},"properties":{"lines":"10, 12, 63","color":"#d6212b","mode":"tram","arr":["10","12","63","115","127","130","131","162","167","168","174","175","183","184","195","199","210","227","262","267","283","N16","N2","N3","N6"],"busLines":"115, 127, 130, 131, 162, 167, 168, 174, 175, 183, 184, 195 +10","angle":-71.3}},{"type":"Feature","geometry":{"type":"Point","coordinates":[18.638036,54.351354]},"properties":{"lines":"10, 12, 63","color":"#d6212b","mode":"tram","arr":["10","12","63","115","127","130","131","162","167","168","174","175","183","184","195","199","210","227","262","267","283","N16","N2","N3","N6"],"busLines":"115, 127, 130, 131, 162, 167, 168, 174, 175, 183, 184, 195 +10","angle":-9.7,"extra":1}},{"type":"Feature","geometry":{"type":"Point","coordinates":[18.629914,54.349998]},"properties":{"lines":"10, 12, 63","color":"#d6212b","mode":"tram","arr":["10","12","63","115","127","130","131","162","167","168","174","175","183","184","195","199","210","227","262","267","283","N16","N2","N3","N6"],"busLines":"115, 127, 130, 131, 162, 167, 168, 174, 175, 183, 184, 195 +10","angle":-20.1,"extra":1}},{"type":"Feature","geometry":{"type":"Point","coordinates":[18.621665,54.348904]},"properties":{"lines":"10, 12, 63","color":"#d6212b","mode":"tram","arr":["10","12","63","115","127","130","131","162","167","168","174","175","183","184","195","199","210","227","262","267","283","N16","N2","N3","N6"],"busLines":"115, 127, 130, 131, 162, 167, 168, 174, 175, 183, 184, 195 +10","angle":-3.8,"extra":1}},{"type":"Feature","geometry":{"type":"Point","coordinates":[18.613206,54.348995]},"properties":{"lines":"10, 12, 63","color":"#d6212b","mode":"tram","arr":["10","12","63","115","127","130","131","162","167","168","174","175","183","184","195","199","210","227","262","267","283","N16","N2","N3","N6"],"busLines":"115, 127, 130, 131, 162, 167, 168, 174, 175, 183, 184, 195 +10","angle":5.6,"extra":1}},{"type":"Feature","geometry":{"type":"Point","coordinates":[18.599557,54.349663]},"properties":{"lines":"10, 12, 63","color":"#d6212b","mode":"tram","arr":["10","12","63","115","127","130","131","162","167","168","174","175","183","184","195","199","210","227","262","267","283","N16","N2","N3","N6"],"busLines":"115, 127, 130, 131, 162, 167, 168, 174, 175, 183, 184, 195 +10","angle":22.5,"extra":1}},{"type":"Feature","geometry":{"type":"Point","coordinates":[18.591931,54.351668]},"properties":{"lines":"10, 12, 63","color":"#d6212b","mode":"tram","arr":["10","12","63","115","127","130","131","162","167","168","174","175","183","184","195","199","210","227","262","267","283","N16","N2","N3","N6"],"busLines":"115, 127, 130, 131, 162, 167, 168, 174, 175, 183, 184, 195 +10","angle":56.1,"extra":1}},{"type":"Feature","geometry":{"type":"Point","coordinates":[18.58799,54.356048]},"properties":{"lines":"10, 12, 63","color":"#d6212b","mode":"tram","arr":["10","12","63","115","127","130","131","162","167","168","174","175","183","184","195","199","210","227","262","267","283","N16","N2","N3","N6"],"busLines":"115, 127, 130, 131, 162, 167, 168, 174, 175, 183, 184, 195 +10","angle":62.1,"extra":1}},{"type":"Feature","geometry":{"type":"Point","coordinates":[18.58094,54.35767]},"properties":{"lines":"10, 12, 63","color":"#d6212b","mode":"tram","arr":["10","12","63","115","127","130","131","162","167","168","174","175","183","184","195","199","210","227","262","267","283","N16","N2","N3","N6"],"busLines":"115, 127, 130, 131, 162, 167, 168, 174, 175, 183, 184, 195 +10","angle":7.8,"extra":1}},{"type":"Feature","geometry":{"type":"Point","coordinates":[18.589067,54.408516]},"properties":{"lines":"12","color":"#d6212b","mode":"tram","arr":["12","148","199","227","N14","N6"],"busLines":"148, 199, 227, N14, N6","angle":76.2}},{"type":"Feature","geometry":{"type":"Point","coordinates":[18.585979,54.417859]},"properties":{"lines":"12","color":"#d6212b","mode":"tram","arr":["12","148","199","227","N14","N6"],"busLines":"148, 199, 227, N14, N6","angle":66.3,"extra":1}},{"type":"Feature","geometry":{"type":"Point","coordinates":[18.587764,54.413039]},"properties":{"lines":"12","color":"#d6212b","mode":"tram","arr":["12","148","199","227","N14","N6"],"busLines":"148, 199, 227, N14, N6","angle":83.9,"extra":1}},{"type":"Feature","geometry":{"type":"Point","coordinates":[18.591519,54.40344]},"properties":{"lines":"12","color":"#d6212b","mode":"tram","arr":["12","148","199","227","N14","N6"],"busLines":"148, 199, 227, N14, N6","angle":77.2,"extra":1}},{"type":"Feature","geometry":{"type":"Point","coordinates":[18.59562,54.399842]},"properties":{"lines":"12","color":"#d6212b","mode":"tram","arr":["12","148","199","227","N14","N6"],"busLines":"148, 199, 227, N14, N6","angle":43.8,"extra":1}},{"type":"Feature","geometry":{"type":"Point","coordinates":[18.571541,54.415975]},"properties":{"lines":"12","color":"#d6212b","mode":"tram","arr":["12","117","122","148","N14","N4","N6"],"busLines":"117, 122, 148, N14, N4, N6","angle":-36.9}},{"type":"Feature","geometry":{"type":"Point","coordinates":[18.579608,54.418866]},"properties":{"lines":"12","color":"#d6212b","mode":"tram","arr":["12","117","122","148","N14","N4","N6"],"busLines":"117, 122, 148, N14, N4, N6","angle":-31.2,"extra":1}},{"type":"Feature","geometry":{"type":"Point","coordinates":[18.565555,54.413581]},"properties":{"lines":"12","color":"#d6212b","mode":"tram","arr":["12","117","122","148","N14","N4","N6"],"busLines":"117, 122, 148, N14, N4, N6","angle":-82.5,"extra":1}}]}