{"type":"FeatureCollection","features":[{"type":"Feature","properties":{"mode":"bus","n":15,"arr":["101","119","128","133","134","146","150","152","173","182","190","194","204","209","R"],"lines":"101, 119, 128, 133, 134, 146, 150, 152, 173, 182, 190, 194, 204, 209, R"},"geometry":{"type":"LineString","coordinates":[[18.530599,54.521801],[18.530525,54.521892],[18.530527,54.522048]]}},{"type":"Feature","properties":{"mode":"bus","n":10,"arr":["101","128","133","134","146","152","173","194","209","R"],"lines":"101, 128, 133, 134, 146, 152, 173, 194, 209, R"},"geometry":{"type":"LineString","coordinates":[[18.531086,54.521793],[18.530824,54.521757],[18.530599,54.521801]]}},{"type":"Feature","properties":{"mode":"bus","n":24,"arr":["23","24","32","33","101","102","128","133","134","146","152","173","190","194","204","209","282","R","Z","N10","N20","N30","N40","N94"],"lines":"23, 24, 32, 33, 101, 102, 128, 133, 134, 146, 152, 173, 190, 194, 204, 209, 282, R, Z, N10, N20, N30, N40, N94"},"geometry":{"type":"LineString","coordinates":[[18.531191,54.521972],[18.531178,54.521889],[18.531086,54.521793]]}},{"type":"Feature","properties":{"mode":"bus","n":6,"arr":["106","138","158","258","606","658"],"lines":"106, 138, 158, 258, 606, 658"},"geometry":{"type":"LineString","coordinates":[[18.679706,54.378625],[18.679804,54.378393],[18.679752,54.378241]]}},{"type":"Feature","properties":{"mode":"bus","n":6,"arr":["106","138","158","258","606","658"],"lines":"106, 138, 158, 258, 606, 658"},"geometry":{"type":"LineString","coordinates":[[18.678559,54.37866],[18.678751,54.37876],[18.679016,54.378814],[18.679342,54.378794],[18.679565,54.37872]]}},{"type":"Feature","properties":{"mode":"bus","n":6,"arr":["106","138","158","258","606","658"],"lines":"106, 138, 158, 258, 606, 658"},"geometry":{"type":"LineString","coordinates":[[18.678454,54.378242],[18.678413,54.378338]]}},{"type":"Feature","properties":{"mode":"bus","n":6,"arr":["106","138","158","258","606","658"],"lines":"106, 138, 158, 258, 606, 658"},"geometry":{"type":"LineString","coordinates":[[18.679149,54.377998],[18.67884,54.378029],[18.678616,54.378105]]}},{"type":"Feature","properties":{"mode":"bus","n":5,"arr":["106","158","258","606","658"],"lines":"106, 158, 258, 606, 658"},"geometry":{"type":"LineString","coordinates":[[18.678616,54.378105],[18.678454,54.378242]]}},{"type":"Feature","properties":{"mode":"bus","n":8,"arr":["110","116","126","136","149","157","N2","N3"],"lines":"110, 116, 126, 136, 149, 157, N2, N3"},"geometry":{"type":"LineString","coordinates":[[18.600627,54.383496],[18.60035,54.383642],[18.600333,54.383688],[18.600317,54.38371],[18.600287,54.383726],[18.600219,54.383751],[18.600105,54.383901],[18.59981,54.384026],[18.599636,54.384072],[18.599484,54.384079],[18.599294,54.384033],[18.598712,54.383603],[18.598677,54.38351],[18.59871,54.383412],[18.59879,54.383341]]}},{"type":"Feature","properties":{"mode":"bus","n":7,"arr":["110","116","126","157","210","227","N3"],"lines":"110, 116, 126, 157, 210, 227, N3"},"geometry":{"type":"LineString","coordinates":[[18.567481,54.374352],[18.56714,54.37409]]}},{"type":"Feature","properties":{"mode":"bus","n":5,"arr":["110","126","136","157","N3"],"lines":"110, 126, 136, 157, N3"},"geometry":{"type":"LineString","coordinates":[[18.567695,54.373892],[18.568045,54.374116]]}},{"type":"Feature","properties":{"mode":"bus","n":13,"arr":["110","116","126","136","149","157","158","162","199","258","262","N2","N3"],"lines":"110, 116, 126, 136, 149, 157, 158, 162, 199, 258, 262, N2, N3"},"geometry":{"type":"LineString","coordinates":[[18.603537,54.381982],[18.603206,54.382271],[18.602939,54.382433],[18.60162,54.383055],[18.600627,54.383496],[18.600285,54.383583],[18.600191,54.383567],[18.600111,54.38358]]}},{"type":"Feature","properties":{"mode":"bus","n":13,"arr":["110","116","126","136","149","157","158","162","199","258","262","N2","N3"],"lines":"110, 116, 126, 136, 149, 157, 158, 162, 199, 258, 262, N2, N3"},"geometry":{"type":"LineString","coordinates":[[18.599811,54.383478],[18.599562,54.383253],[18.599469,54.383206],[18.599104,54.383122],[18.598613,54.382888]]}},{"type":"Feature","properties":{"mode":"bus","n":5,"arr":["112","186","212","512","N9"],"lines":"112, 186, 212, 512, N9"},"geometry":{"type":"LineString","coordinates":[[18.825701,54.343681],[18.825856,54.343706],[18.826035,54.34365],[18.826171,54.343643],[18.826263,54.343662],[18.82637,54.343752],[18.826353,54.343843],[18.82632,54.343882],[18.826305,54.343894],[18.826286,54.3439],[18.826262,54.343902],[18.8259,54.343898],[18.825769,54.343944],[18.825616,54.343932],[18.825513,54.343866],[18.8255,54.343786],[18.825556,54.343723],[18.825701,54.343681]]}},{"type":"Feature","properties":{"mode":"bus","n":6,"arr":["113","154","162","195","N1","N56"],"lines":"113, 154, 162, 195, N1, N56"},"geometry":{"type":"LineString","coordinates":[[18.610247,54.327044],[18.610344,54.32704]]}},{"type":"Feature","properties":{"mode":"bus","n":6,"arr":["113","154","162","195","N1","N56"],"lines":"113, 154, 162, 195, N1, N56"},"geometry":{"type":"LineString","coordinates":[[18.610461,54.327085],[18.610493,54.32715]]}},{"type":"Feature","properties":{"mode":"bus","n":6,"arr":["113","154","162","195","N1","N56"],"lines":"113, 154, 162, 195, N1, N56"},"geometry":{"type":"LineString","coordinates":[[18.610266,54.32725],[18.61036,54.327249],[18.610441,54.327221]]}},{"type":"Feature","properties":{"mode":"bus","n":6,"arr":["113","154","162","195","N1","N56"],"lines":"113, 154, 162, 195, N1, N56"},"geometry":{"type":"LineString","coordinates":[[18.610132,54.327115],[18.610143,54.327193]]}},{"type":"Feature","properties":{"mode":"bus","n":5,"arr":["113","154","162","N1","N56"],"lines":"113, 154, 162, N1, N56"},"geometry":{"type":"LineString","coordinates":[[18.610143,54.327193],[18.610266,54.32725]]}},{"type":"Feature","properties":{"mode":"bus","n":9,"arr":["115","130","168","184","199","210","283","N6","N16"],"lines":"115, 130, 168, 184, 199, 210, 283, N6, N16"},"geometry":{"type":"LineString","coordinates":[[18.595719,54.355033],[18.595801,54.355072]]}},{"type":"Feature","properties":{"mode":"bus","n":9,"arr":["115","130","168","184","199","210","283","N6","N16"],"lines":"115, 130, 168, 184, 199, 210, 283, N6, N16"},"geometry":{"type":"LineString","coordinates":[[18.595839,54.355159],[18.59581,54.355208]]}},{"type":"Feature","properties":{"mode":"bus","n":9,"arr":["115","130","168","184","199","210","283","N6","N16"],"lines":"115, 130, 168, 184, 199, 210, 283, N6, N16"},"geometry":{"type":"LineString","coordinates":[[18.595674,54.355265],[18.595548,54.355258],[18.595451,54.35521]]}},{"type":"Feature","properties":{"mode":"bus","n":9,"arr":["115","130","168","184","199","210","283","N6","N16"],"lines":"115, 130, 168, 184, 199, 210, 283, N6, N16"},"geometry":{"type":"LineString","coordinates":[[18.595421,54.355123],[18.595534,54.355034]]}},{"type":"Feature","properties":{"mode":"bus","n":6,"arr":["115","130","184","210","N6","N16"],"lines":"115, 130, 184, 210, N6, N16"},"geometry":{"type":"LineString","coordinates":[[18.59581,54.355208],[18.595674,54.355265]]}},{"type":"Feature","properties":{"mode":"bus","n":5,"arr":["115","168","199","283","N16"],"lines":"115, 168, 199, 283, N16"},"geometry":{"type":"LineString","coordinates":[[18.595451,54.35521],[18.595421,54.355123]]}},{"type":"Feature","properties":{"mode":"bus","n":5,"arr":["116","136","184","227","283"],"lines":"116, 136, 184, 227, 283"},"geometry":{"type":"LineString","coordinates":[[18.56714,54.37409],[18.567695,54.373892]]}},{"type":"Feature","properties":{"mode":"bus","n":7,"arr":["31","117","122","143","144","177","187"],"lines":"31, 117, 122, 143, 144, 177, 187"},"geometry":{"type":"LineString","coordinates":[[18.565048,54.435383],[18.565157,54.43535],[18.565188,54.435346],[18.565219,54.435351],[18.565277,54.435369],[18.56531,54.435425]]}},{"type":"Feature","properties":{"mode":"bus","n":5,"arr":["31","117","122","143","144"],"lines":"31, 117, 122, 143, 144"},"geometry":{"type":"LineString","coordinates":[[18.56531,54.435425],[18.565279,54.435462],[18.565258,54.435478],[18.565225,54.435485],[18.565109,54.435494]]}},{"type":"Feature","properties":{"mode":"bus","n":5,"arr":["117","122","143","144","185"],"lines":"117, 122, 143, 144, 185"},"geometry":{"type":"LineString","coordinates":[[18.563782,54.440979],[18.563857,54.441008],[18.563884,54.441024],[18.563896,54.441044],[18.563905,54.441088]]}},{"type":"Feature","properties":{"mode":"bus","n":6,"arr":["117","122","143","144","185","187"],"lines":"117, 122, 143, 144, 185, 187"},"geometry":{"type":"LineString","coordinates":[[18.560061,54.441565],[18.560211,54.441599],[18.560941,54.441682],[18.561109,54.441725],[18.561245,54.441821],[18.561296,54.441924],[18.561232,54.442333],[18.561323,54.442482],[18.562066,54.442834],[18.562442,54.442917],[18.562835,54.442917],[18.563069,54.442839],[18.563209,54.442714],[18.563424,54.442207],[18.563727,54.441169],[18.563734,54.441156],[18.563749,54.441148],[18.56377,54.441144],[18.563839,54.441137],[18.563905,54.441088]]}},{"type":"Feature","properties":{"mode":"bus","n":5,"arr":["117","122","143","144","287"],"lines":"117, 122, 143, 144, 287"},"geometry":{"type":"LineString","coordinates":[[18.55667,54.441943],[18.55678,54.441933],[18.556832,54.441922],[18.556869,54.441898],[18.556924,54.441842]]}},{"type":"Feature","properties":{"mode":"bus","n":8,"arr":["117","122","143","144","177","185","187","244"],"lines":"117, 122, 143, 144, 177, 185, 187, 244"},"geometry":{"type":"LineString","coordinates":[[18.556551,54.441884],[18.55667,54.441943]]}},{"type":"Feature","properties":{"mode":"bus","n":9,"arr":["117","122","143","144","177","185","187","244","287"],"lines":"117, 122, 143, 144, 177, 185, 187, 244, 287"},"geometry":{"type":"LineString","coordinates":[[18.556551,54.441884],[18.55654,54.441798],[18.556634,54.441732],[18.556706,54.441719]]}},{"type":"Feature","properties":{"mode":"bus","n":7,"arr":["117","122","143","185","187","244","287"],"lines":"117, 122, 143, 185, 187, 244, 287"},"geometry":{"type":"LineString","coordinates":[[18.556706,54.441719],[18.556775,54.441721],[18.556888,54.441766],[18.556924,54.441842]]}},{"type":"Feature","properties":{"mode":"bus","n":5,"arr":["117","122","143","185","187"],"lines":"117, 122, 143, 185, 187"},"geometry":{"type":"LineString","coordinates":[[18.563733,54.441147],[18.563668,54.441119],[18.563642,54.441102],[18.563631,54.441079],[18.563629,54.441056],[18.563633,54.441035],[18.563653,54.441016],[18.563702,54.440985],[18.563782,54.440979]]}},{"type":"Feature","properties":{"mode":"bus","n":5,"arr":["31","117","122","143","187"],"lines":"31, 117, 122, 143, 187"},"geometry":{"type":"LineString","coordinates":[[18.565048,54.435383],[18.565042,54.435424],[18.565045,54.435445],[18.565063,54.435463],[18.565109,54.435494]]}},{"type":"Feature","properties":{"mode":"bus","n":6,"arr":["120","126","157","167","267","N3"],"lines":"120, 126, 157, 167, 267, N3"},"geometry":{"type":"LineString","coordinates":[[18.491679,54.365196],[18.49148,54.365238],[18.491375,54.365223],[18.491233,54.365131],[18.491232,54.365025],[18.491324,54.364949],[18.491502,54.364916],[18.491677,54.364957],[18.491766,54.365054]]}},{"type":"Feature","properties":{"mode":"bus","n":7,"arr":["122","143","177","185","187","244","287"],"lines":"122, 143, 177, 185, 187, 244, 287"},"geometry":{"type":"LineString","coordinates":[[18.555963,54.445663],[18.555894,54.445668],[18.555813,54.445647],[18.555776,54.445632],[18.555754,54.44561],[18.555728,54.445564],[18.555723,54.445531],[18.555746,54.445501],[18.555777,54.445476],[18.55582,54.445454],[18.555876,54.445446],[18.555947,54.445445],[18.555972,54.445442],[18.555991,54.445434],[18.556002,54.44542],[18.556025,54.445376],[18.55667,54.441943]]}},{"type":"Feature","properties":{"mode":"bus","n":5,"arr":["127","130","155","268","N6"],"lines":"127, 130, 155, 268, N6"},"geometry":{"type":"LineString","coordinates":[[18.550501,54.348922],[18.550633,54.348897],[18.550769,54.348911],[18.550891,54.348976],[18.550931,54.349058],[18.550895,54.34914],[18.550773,54.349206],[18.550591,54.349219],[18.550505,54.349198]]}},{"type":"Feature","properties":{"mode":"bus","n":5,"arr":["127","130","155","268","N6"],"lines":"127, 130, 155, 268, N6"},"geometry":{"type":"LineString","coordinates":[[18.550359,54.349134],[18.55039,54.349001]]}},{"type":"Feature","properties":{"mode":"bus","n":6,"arr":["127","162","184","262","N2","N6"],"lines":"127, 162, 184, 262, N2, N6"},"geometry":{"type":"LineString","coordinates":[[18.587606,54.358652],[18.590399,54.361084],[18.590422,54.361101],[18.590437,54.361108],[18.590455,54.361111],[18.590558,54.361114],[18.590614,54.361122],[18.59066,54.361144],[18.590739,54.361199]]}},{"type":"Feature","properties":{"mode":"bus","n":6,"arr":["127","162","184","262","N2","N6"],"lines":"127, 162, 184, 262, N2, N6"},"geometry":{"type":"LineString","coordinates":[[18.590713,54.361309],[18.590631,54.361355],[18.590521,54.361373]]}},{"type":"Feature","properties":{"mode":"bus","n":6,"arr":["127","162","184","262","N2","N6"],"lines":"127, 162, 184, 262, N2, N6"},"geometry":{"type":"LineString","coordinates":[[18.589884,54.360812],[18.587452,54.358711]]}},{"type":"Feature","properties":{"mode":"bus","n":5,"arr":["130","184","199","210","N6"],"lines":"130, 184, 199, 210, N6"},"geometry":{"type":"LineString","coordinates":[[18.595534,54.355034],[18.595719,54.355033]]}},{"type":"Feature","properties":{"mode":"bus","n":5,"arr":["154","162","195","N1","N56"],"lines":"154, 162, 195, N1, N56"},"geometry":{"type":"LineString","coordinates":[[18.610493,54.32715],[18.610441,54.327221]]}},{"type":"Feature","properties":{"mode":"bus","n":5,"arr":["167","168","267","268","N3"],"lines":"167, 168, 267, 268, N3"},"geometry":{"type":"LineString","coordinates":[[18.548591,54.341369],[18.548557,54.341447],[18.548462,54.341505],[18.54833,54.341529],[18.548195,54.341512]]}},{"type":"Feature","properties":{"mode":"bus","n":5,"arr":["167","168","267","268","N3"],"lines":"167, 168, 267, 268, N3"},"geometry":{"type":"LineString","coordinates":[[18.511098,54.349808],[18.513296,54.349676],[18.51531,54.349514],[18.517132,54.349417],[18.519462,54.349253],[18.520413,54.349164],[18.523846,54.348733],[18.528517,54.348078],[18.530954,54.347664],[18.5333,54.347159],[18.533356,54.347101],[18.538372,54.345841],[18.538398,54.345837],[18.53842,54.345839],[18.538438,54.345847],[18.538451,54.345861],[18.538721,54.34627],[18.538939,54.346526],[18.539333,54.346806],[18.539378,54.346827],[18.539434,54.346833],[18.539548,54.346831],[18.539692,54.346891],[18.539742,54.347002],[18.539712,54.347061],[18.539557,54.347139],[18.539352,54.347133],[18.539225,54.347065],[18.539202,54.347014],[18.539194,54.347002],[18.539183,54.346997],[18.539167,54.346996],[18.539148,54.347001],[18.538717,54.347155],[18.534983,54.348008],[18.532021,54.348563],[18.529736,54.348969],[18.529293,54.349027],[18.527117,54.349142],[18.526923,54.349193],[18.526737,54.349207],[18.526683,54.349217],[18.526642,54.349241],[18.526573,54.349301],[18.526368,54.349332],[18.526187,54.349272],[18.526128,54.34919],[18.526161,54.349091],[18.526289,54.349022],[18.52631,54.34886],[18.526312,54.34885],[18.526315,54.348844],[18.526319,54.348841],[18.526325,54.348843],[18.526331,54.348848],[18.526338,54.348858],[18.526419,54.348978],[18.526447,54.349004],[18.526489,54.349021],[18.526583,54.349044],[18.52664,54.349093],[18.526677,54.349113],[18.526726,54.349118],[18.52691,54.349113],[18.527117,54.349142]]}},{"type":"Feature","properties":{"mode":"bus","n":5,"arr":["167","168","267","268","N3"],"lines":"167, 168, 267, 268, N3"},"geometry":{"type":"LineString","coordinates":[[18.526315,54.348824],[18.526171,54.348198],[18.526214,54.347991],[18.52634,54.347858],[18.526579,54.347748],[18.526766,54.347693],[18.528468,54.34725],[18.528962,54.347044],[18.52968,54.346685],[18.53013,54.346511],[18.530845,54.34633],[18.536335,54.345207],[18.542967,54.344314],[18.543569,54.344197],[18.544057,54.344059],[18.544479,54.343897],[18.544945,54.343669],[18.547225,54.342409],[18.547495,54.342229],[18.547799,54.341971],[18.548172,54.341539],[18.54818,54.341522],[18.548175,54.341506],[18.548157,54.341492],[18.548086,54.341454],[18.548045,54.341371],[18.548086,54.341286],[18.5482,54.341227],[18.54835,54.341212],[18.548471,54.341238],[18.548571,54.341309],[18.548584,54.341348],[18.548592,54.34136],[18.548606,54.341368],[18.548627,54.341373],[18.54919,54.341437],[18.550888,54.34173],[18.551143,54.341792],[18.551336,54.341868],[18.551534,54.342007],[18.551767,54.342232]]}},{"type":"Feature","properties":{"mode":"bus","n":5,"arr":["167","168","267","268","N3"],"lines":"167, 168, 267, 268, N3"},"geometry":{"type":"LineString","coordinates":[[18.534846,54.348035],[18.534436,54.347468],[18.534227,54.347361],[18.534069,54.347326],[18.533809,54.3473],[18.53348,54.347305],[18.531419,54.347754],[18.52966,54.34808],[18.528268,54.348291],[18.524756,54.348751],[18.520576,54.34928],[18.519455,54.349401],[18.516432,54.349569],[18.514593,54.3497],[18.511384,54.350161]]}},{"type":"Feature","properties":{"mode":"bus","n":5,"arr":["169","171","179","210","N1"],"lines":"169, 171, 179, 210, N1"},"geometry":{"type":"LineString","coordinates":[[18.477823,54.42951],[18.477774,54.429389],[18.477646,54.42934],[18.477496,54.429357],[18.477442,54.42937],[18.477403,54.429395],[18.47737,54.429428],[18.47735,54.42946],[18.477355,54.429494],[18.477393,54.429571],[18.477526,54.429619],[18.477681,54.429611],[18.477748,54.429586],[18.477823,54.42951]]}},{"type":"Feature","properties":{"mode":"bus","n":5,"arr":["169","171","210","269","N1"],"lines":"169, 171, 210, 269, N1"},"geometry":{"type":"LineString","coordinates":[[18.466687,54.43473],[18.466765,54.434765],[18.466863,54.434774],[18.466957,54.434756],[18.467042,54.434692],[18.467038,54.434611],[18.467,54.434576],[18.466863,54.434536]]}},{"type":"Feature","properties":{"mode":"bus","n":5,"arr":["169","171","210","269","N1"],"lines":"169, 171, 210, 269, N1"},"geometry":{"type":"LineString","coordinates":[[18.471548,54.432243],[18.467143,54.434412],[18.466863,54.434536],[18.466718,54.434562],[18.466668,54.434596],[18.466643,54.434665]]}},{"type":"Feature","properties":{"mode":"bus","n":5,"arr":["169","179","210","269","N1"],"lines":"169, 179, 210, 269, N1"},"geometry":{"type":"LineString","coordinates":[[18.479635,54.416007],[18.479505,54.416026],[18.479384,54.416118]]}},{"type":"Feature","properties":{"mode":"bus","n":5,"arr":["169","179","210","269","N1"],"lines":"169, 179, 210, 269, N1"},"geometry":{"type":"LineString","coordinates":[[18.479612,54.416427],[18.479688,54.416303],[18.479816,54.416263],[18.479886,54.416188],[18.479874,54.416103],[18.479785,54.416035]]}},{"type":"Feature","properties":{"mode":"bus","n":5,"arr":["169","179","210","269","N1"],"lines":"169, 179, 210, 269, N1"},"geometry":{"type":"LineString","coordinates":[[18.479393,54.416211],[18.47952,54.416292]]}},{"type":"Feature","properties":{"mode":"bus","n":5,"arr":["169","179","210","269","N1"],"lines":"169, 179, 210, 269, N1"},"geometry":{"type":"LineString","coordinates":[[18.45293,54.420955],[18.452835,54.420965],[18.45249,54.420884],[18.45238,54.420894],[18.452344,54.420894],[18.452313,54.420886],[18.452289,54.420871],[18.452207,54.420795],[18.451819,54.420422],[18.451806,54.420402],[18.451811,54.420384],[18.451833,54.420367],[18.452082,54.420233],[18.452104,54.420225],[18.452125,54.420223],[18.452144,54.420228],[18.452161,54.42024],[18.45293,54.420955]]}},{"type":"Feature","properties":{"mode":"bus","n":5,"arr":["175","189","276","289","N2"],"lines":"175, 189, 276, 289, N2"},"geometry":{"type":"LineString","coordinates":[[18.607035,54.301237],[18.606964,54.301208],[18.606888,54.301119],[18.606892,54.301068],[18.606982,54.300984]]}},{"type":"Feature","properties":{"mode":"bus","n":5,"arr":["175","189","276","289","N2"],"lines":"175, 189, 276, 289, N2"},"geometry":{"type":"LineString","coordinates":[[18.607162,54.300951],[18.607353,54.301015],[18.607399,54.301105],[18.607382,54.301154]]}},{"type":"Feature","properties":{"mode":"bus","n":12,"arr":["22","25","26","27","28","30","34","102","197","K","S","N20"],"lines":"22, 25, 26, 27, 28, 30, 34, 102, 197, K, S, N20"},"geometry":{"type":"LineString","coordinates":[[18.479517,54.535621],[18.482556,54.53459]]}},{"type":"Feature","properties":{"mode":"bus","n":16,"arr":["24","32","33","128","133","134","146","150","152","173","182","194","209","282","R","N10"],"lines":"24, 32, 33, 128, 133, 134, 146, 150, 152, 173, 182, 194, 209, 282, R, N10"},"geometry":{"type":"LineString","coordinates":[[18.518559,54.526857],[18.51861,54.526802],[18.518863,54.526005],[18.518973,54.525872],[18.521285,54.524802],[18.521669,54.524689],[18.522267,54.524587]]}},{"type":"Feature","properties":{"mode":"bus","n":16,"arr":["24","32","33","128","133","134","146","150","152","173","182","194","209","282","R","N10"],"lines":"24, 32, 33, 128, 133, 134, 146, 150, 152, 173, 182, 194, 209, 282, R, N10"},"geometry":{"type":"LineString","coordinates":[[18.528366,54.523175],[18.528849,54.523009],[18.529184,54.522866]]}},{"type":"Feature","properties":{"mode":"bus","n":8,"arr":["25","26","27","28","197","K","S","N20"],"lines":"25, 26, 27, 28, 197, K, S, N20"},"geometry":{"type":"LineString","coordinates":[[18.479007,54.536121],[18.479595,54.536017],[18.480206,54.535825],[18.480507,54.535697],[18.481886,54.534926],[18.482584,54.534682],[18.483359,54.534454],[18.488607,54.533071]]}},{"type":"Feature","properties":{"mode":"bus","n":5,"arr":["25","26","173","197","K"],"lines":"25, 26, 173, 197, K"},"geometry":{"type":"LineString","coordinates":[[18.46072,54.541884],[18.458276,54.542606],[18.456384,54.543255],[18.455653,54.543432]]}},{"type":"Feature","properties":{"mode":"bus","n":5,"arr":["25","26","173","197","N20"],"lines":"25, 26, 173, 197, N20"},"geometry":{"type":"LineString","coordinates":[[18.433076,54.548722],[18.432397,54.548939]]}},{"type":"Feature","properties":{"mode":"bus","n":5,"arr":["25","26","173","197","N20"],"lines":"25, 26, 173, 197, N20"},"geometry":{"type":"LineString","coordinates":[[18.432229,54.548695],[18.437626,54.547081],[18.438327,54.546904],[18.439081,54.54674],[18.444027,54.545775],[18.446088,54.545345],[18.453123,54.543743],[18.454252,54.543465],[18.455548,54.543073],[18.456009,54.542964]]}},{"type":"Feature","properties":{"mode":"bus","n":6,"arr":["27","109","121","152","192","203"],"lines":"27, 109, 121, 152, 192, 203"},"geometry":{"type":"LineString","coordinates":[[18.535115,54.491651],[18.535212,54.491637],[18.535356,54.491559]]}},{"type":"Feature","properties":{"mode":"bus","n":7,"arr":["27","109","121","152","192","203","209"],"lines":"27, 109, 121, 152, 192, 203, 209"},"geometry":{"type":"LineString","coordinates":[[18.534797,54.491506],[18.534918,54.491619]]}},{"type":"Feature","properties":{"mode":"bus","n":7,"arr":["27","109","121","192","203","209","700"],"lines":"27, 109, 121, 192, 203, 209, 700"},"geometry":{"type":"LineString","coordinates":[[18.534809,54.491419],[18.53495,54.491323],[18.535165,54.491308]]}},{"type":"Feature","properties":{"mode":"bus","n":5,"arr":["27","121","192","203","700"],"lines":"27, 121, 192, 203, 700"},"geometry":{"type":"LineString","coordinates":[[18.535165,54.491308],[18.535293,54.491348]]}},{"type":"Feature","properties":{"mode":"bus","n":5,"arr":["27","121","192","203","700"],"lines":"27, 121, 192, 203, 700"},"geometry":{"type":"LineString","coordinates":[[18.535391,54.491477],[18.535906,54.491585]]}},{"type":"Feature","properties":{"mode":"bus","n":6,"arr":["27","109","121","192","203","700"],"lines":"27, 109, 121, 192, 203, 700"},"geometry":{"type":"LineString","coordinates":[[18.535293,54.491348],[18.53538,54.491429],[18.535391,54.491477]]}},{"type":"Feature","properties":{"mode":"bus","n":16,"arr":["32","723","104","128","134","146","150","173","182","194","196","282","770","R","N10","N94"],"lines":"32, 723, 104, 128, 134, 146, 150, 173, 182, 194, 196, 282, 770, R, N10, N94"},"geometry":{"type":"LineString","coordinates":[[18.51852,54.527359],[18.518828,54.527149],[18.519174,54.526805]]}},{"type":"Feature","properties":{"mode":"bus","n":9,"arr":["32","105","135","146","165","173","198","770","N10"],"lines":"32, 105, 135, 146, 165, 173, 198, 770, N10"},"geometry":{"type":"LineString","coordinates":[[18.475388,54.55861],[18.475454,54.558563],[18.475663,54.558498]]}},{"type":"Feature","properties":{"mode":"bus","n":9,"arr":["32","105","135","146","165","173","198","770","N10"],"lines":"32, 105, 135, 146, 165, 173, 198, 770, N10"},"geometry":{"type":"LineString","coordinates":[[18.477872,54.557634],[18.478502,54.55738]]}},{"type":"Feature","properties":{"mode":"bus","n":8,"arr":["32","105","135","146","165","173","198","N40"],"lines":"32, 105, 135, 146, 165, 173, 198, N40"},"geometry":{"type":"LineString","coordinates":[[18.475388,54.55861],[18.475313,54.558611],[18.475276,54.558607],[18.475246,54.558595],[18.475196,54.558562],[18.475199,54.558514],[18.475243,54.558485],[18.47527,54.558474],[18.475302,54.558472],[18.475663,54.558498]]}},{"type":"Feature","properties":{"mode":"bus","n":5,"arr":["8","18","83","84","87"],"lines":"8, 18, 83, 84, 87"},"geometry":{"type":"LineString","coordinates":[[18.366899,54.592488],[18.367035,54.592442],[18.367187,54.592264],[18.367602,54.591423],[18.367752,54.591231],[18.368046,54.590963],[18.368249,54.590817],[18.371996,54.588597],[18.372357,54.588244],[18.37248,54.587974],[18.372472,54.587884],[18.372552,54.587816],[18.372699,54.587787],[18.372784,54.587796],[18.373319,54.587674],[18.373862,54.587444],[18.376162,54.586131],[18.376464,54.585834],[18.376488,54.585765],[18.376449,54.585693],[18.376494,54.585621],[18.376432,54.585364]]}},{"type":"Feature","properties":{"mode":"bus","n":5,"arr":["8","18","83","84","87"],"lines":"8, 18, 83, 84, 87"},"geometry":{"type":"LineString","coordinates":[[18.376779,54.585604],[18.376678,54.585588],[18.376631,54.585574],[18.3766,54.585549],[18.376244,54.585093],[18.375714,54.584785]]}},{"type":"Feature","properties":{"mode":"bus","n":5,"arr":["8","18","83","84","87"],"lines":"8, 18, 83, 84, 87"},"geometry":{"type":"LineString","coordinates":[[18.374936,54.584083],[18.375577,54.58445],[18.375608,54.584529],[18.375596,54.58467],[18.375624,54.584728],[18.375682,54.584765],[18.375694,54.584775],[18.375698,54.584785],[18.375693,54.584794],[18.37568,54.584803],[18.375381,54.584963],[18.37535,54.584973],[18.37532,54.584973],[18.37529,54.584962],[18.374399,54.584468],[18.37432,54.584394],[18.37431,54.584364],[18.37431,54.584349],[18.374324,54.584336],[18.374715,54.584103],[18.374936,54.584083]]}},{"type":"Feature","properties":{"mode":"bus","n":5,"arr":["83","87","J","R","N30"],"lines":"83, 87, J, R, N30"},"geometry":{"type":"LineString","coordinates":[[18.413912,54.569769],[18.413764,54.569742],[18.413678,54.569666],[18.413673,54.569579],[18.413728,54.56953],[18.413746,54.569502],[18.413742,54.569473],[18.413467,54.568913],[18.411538,54.565461],[18.411175,54.564899],[18.410648,54.564383],[18.410195,54.563989],[18.409994,54.563951]]}},{"type":"Feature","properties":{"mode":"bus","n":5,"arr":["83","87","J","R","N30"],"lines":"83, 87, J, R, N30"},"geometry":{"type":"LineString","coordinates":[[18.409914,54.563863],[18.409954,54.56376]]}},{"type":"Feature","properties":{"mode":"bus","n":9,"arr":["19","84","85","86","173","288","J","R","N30"],"lines":"19, 84, 85, 86, 173, 288, J, R, N30"},"geometry":{"type":"LineString","coordinates":[[18.386542,54.570083],[18.386725,54.570088]]}},{"type":"Feature","properties":{"mode":"bus","n":10,"arr":["9","19","84","85","86","173","288","J","R","N30"],"lines":"9, 19, 84, 85, 86, 173, 288, J, R, N30"},"geometry":{"type":"LineString","coordinates":[[18.386725,54.570088],[18.3868,54.570139],[18.386814,54.5702],[18.387455,54.570564]]}},{"type":"Feature","properties":{"mode":"bus","n":10,"arr":["9","19","84","85","86","173","288","J","R","N30"],"lines":"9, 19, 84, 85, 86, 173, 288, J, R, N30"},"geometry":{"type":"LineString","coordinates":[[18.38751,54.569238],[18.387787,54.569099],[18.387972,54.569053],[18.388189,54.569048]]}},{"type":"Feature","properties":{"mode":"bus","n":10,"arr":["9","19","84","85","86","173","288","J","R","N30"],"lines":"9, 19, 84, 85, 86, 173, 288, J, R, N30"},"geometry":{"type":"LineString","coordinates":[[18.38666,54.569738],[18.386511,54.569955],[18.386542,54.570083]]}},{"type":"Feature","properties":{"mode":"bus","n":7,"arr":["9","19","84","86","173","288","J"],"lines":"9, 19, 84, 86, 173, 288, J"},"geometry":{"type":"LineString","coordinates":[[18.387077,54.570812],[18.386866,54.570627],[18.386655,54.570312],[18.386645,54.570302],[18.38663,54.570295],[18.38661,54.570291],[18.386548,54.570286],[18.38645,54.570231],[18.386439,54.570154],[18.386542,54.570083]]}},{"type":"Feature","properties":{"mode":"bus","n":7,"arr":["86","105","146","165","173","265","N65"],"lines":"86, 105, 146, 165, 173, 265, N65"},"geometry":{"type":"LineString","coordinates":[[18.493166,54.588512],[18.493018,54.588769],[18.492899,54.588832]]}},{"type":"Feature","properties":{"mode":"bus","n":7,"arr":["86","105","146","165","173","265","N65"],"lines":"86, 105, 146, 165, 173, 265, N65"},"geometry":{"type":"LineString","coordinates":[[18.491643,54.578407],[18.492643,54.581327],[18.493668,54.58324],[18.493924,54.583498],[18.493941,54.583557],[18.494014,54.583599]]}},{"type":"Feature","properties":{"mode":"bus","n":7,"arr":["86","105","146","165","173","265","N65"],"lines":"86, 105, 146, 165, 173, 265, N65"},"geometry":{"type":"LineString","coordinates":[[18.493988,54.583434],[18.494061,54.583415],[18.494178,54.583428],[18.494253,54.583487],[18.494257,54.583524],[18.494237,54.583559],[18.49414,54.583605],[18.494058,54.583601],[18.494039,54.583602],[18.494026,54.583606],[18.494019,54.583614],[18.494018,54.583625],[18.494082,54.584013],[18.493601,54.585772],[18.493264,54.587726],[18.49312,54.588782],[18.493183,54.588842],[18.49317,54.588889]]}},{"type":"Feature","properties":{"mode":"bus","n":7,"arr":["86","105","146","165","173","265","N65"],"lines":"86, 105, 146, 165, 173, 265, N65"},"geometry":{"type":"LineString","coordinates":[[18.492925,54.588904],[18.493068,54.588935]]}},{"type":"Feature","properties":{"mode":"bus","n":5,"arr":["86","105","173","265","N65"],"lines":"86, 105, 173, 265, N65"},"geometry":{"type":"LineString","coordinates":[[18.49317,54.588889],[18.493068,54.588935]]}},{"type":"Feature","properties":{"mode":"bus","n":7,"arr":["104","150","163","196","197","198","X"],"lines":"104, 150, 163, 196, 197, 198, X"},"geometry":{"type":"LineString","coordinates":[[18.51667,54.54848],[18.516587,54.548419],[18.516571,54.548401],[18.51657,54.548381],[18.51658,54.548342],[18.516642,54.548291],[18.516786,54.548273],[18.516824,54.548271],[18.516858,54.548278],[18.516887,54.548292],[18.516989,54.548359]]}},{"type":"Feature","properties":{"mode":"bus","n":13,"arr":["105","135","141","146","163","165","173","194","265","282","N10","N65","N94"],"lines":"105, 135, 141, 146, 163, 165, 173, 194, 265, 282, N10, N65, N94"},"geometry":{"type":"LineString","coordinates":[[18.482538,54.56414],[18.482392,54.564085],[18.482304,54.564085],[18.482196,54.564114],[18.482127,54.564171]]}},{"type":"Feature","properties":{"mode":"bus","n":12,"arr":["105","135","141","146","163","165","173","194","265","282","N65","N94"],"lines":"105, 135, 141, 146, 163, 165, 173, 194, 265, 282, N65, N94"},"geometry":{"type":"LineString","coordinates":[[18.482538,54.56414],[18.482568,54.564261]]}},{"type":"Feature","properties":{"mode":"bus","n":13,"arr":["105","135","141","146","163","165","173","194","265","282","N40","N65","N94"],"lines":"105, 135, 141, 146, 163, 165, 173, 194, 265, 282, N40, N65, N94"},"geometry":{"type":"LineString","coordinates":[[18.482568,54.564261],[18.48248,54.564317],[18.482433,54.564337],[18.482377,54.564344],[18.482263,54.564345]]}},{"type":"Feature","properties":{"mode":"bus","n":13,"arr":["105","135","141","146","163","165","173","194","265","282","N40","N65","N94"],"lines":"105, 135, 141, 146, 163, 165, 173, 194, 265, 282, N40, N65, N94"},"geometry":{"type":"LineString","coordinates":[[18.482127,54.564171],[18.482115,54.564238],[18.482159,54.5643]]}},{"type":"Feature","properties":{"mode":"bus","n":12,"arr":["105","141","146","163","165","173","194","265","282","N40","N65","N94"],"lines":"105, 141, 146, 163, 165, 173, 194, 265, 282, N40, N65, N94"},"geometry":{"type":"LineString","coordinates":[[18.482263,54.564345],[18.482159,54.5643]]}},{"type":"Feature","properties":{"mode":"bus","n":6,"arr":["109","134","182","209","282","N40"],"lines":"109, 134, 182, 209, 282, N40"},"geometry":{"type":"LineString","coordinates":[[18.521036,54.548561],[18.521605,54.548509],[18.521622,54.548505],[18.521634,54.548496],[18.52165,54.548476]]}},{"type":"Feature","properties":{"mode":"bus","n":6,"arr":["109","134","182","209","282","N40"],"lines":"109, 134, 182, 209, 282, N40"},"geometry":{"type":"LineString","coordinates":[[18.530726,54.548908],[18.530742,54.548859],[18.530694,54.548789]]}},{"type":"Feature","properties":{"mode":"bus","n":5,"arr":["109","134","182","209","282"],"lines":"109, 134, 182, 209, 282"},"geometry":{"type":"LineString","coordinates":[[18.52165,54.548476],[18.521753,54.548433],[18.521824,54.548429],[18.521892,54.54844],[18.521984,54.548502],[18.52251,54.548571]]}},{"type":"Feature","properties":{"mode":"bus","n":5,"arr":["109","134","182","209","282"],"lines":"109, 134, 182, 209, 282"},"geometry":{"type":"LineString","coordinates":[[18.529901,54.548781],[18.53039,54.548792]]}},{"type":"Feature","properties":{"mode":"bus","n":10,"arr":["109","128","134","163","182","196","197","209","282","N10"],"lines":"109, 128, 134, 163, 182, 196, 197, 209, 282, N10"},"geometry":{"type":"LineString","coordinates":[[18.53039,54.548792],[18.530488,54.548764],[18.530541,54.548756],[18.530595,54.548763],[18.530694,54.548789]]}},{"type":"Feature","properties":{"mode":"bus","n":10,"arr":["109","128","134","163","182","196","197","209","282","N10"],"lines":"109, 128, 134, 163, 182, 196, 197, 209, 282, N10"},"geometry":{"type":"LineString","coordinates":[[18.530583,54.549286],[18.530519,54.549062],[18.530445,54.548962]]}},{"type":"Feature","properties":{"mode":"bus","n":10,"arr":["109","134","152","163","182","196","197","209","282","N40"],"lines":"109, 134, 152, 163, 182, 196, 197, 209, 282, N40"},"geometry":{"type":"LineString","coordinates":[[18.53066,54.548956],[18.530726,54.548908]]}},{"type":"Feature","properties":{"mode":"bus","n":11,"arr":["109","128","134","152","163","182","196","197","209","282","N10"],"lines":"109, 128, 134, 152, 163, 182, 196, 197, 209, 282, N10"},"geometry":{"type":"LineString","coordinates":[[18.530445,54.548962],[18.530357,54.548898]]}},{"type":"Feature","properties":{"mode":"bus","n":6,"arr":["109","134","152","182","209","282"],"lines":"109, 134, 152, 182, 209, 282"},"geometry":{"type":"LineString","coordinates":[[18.521036,54.548561],[18.521641,54.548592],[18.521727,54.548638],[18.521811,54.548648],[18.521968,54.548595],[18.52251,54.548571],[18.52628,54.548613],[18.529181,54.548692],[18.529901,54.548781],[18.530357,54.548898]]}},{"type":"Feature","properties":{"mode":"bus","n":6,"arr":["121","140","147","160","K","N20"],"lines":"121, 140, 147, 160, K, N20"},"geometry":{"type":"LineString","coordinates":[[18.43842,54.49842],[18.438435,54.498463],[18.438499,54.498499],[18.438536,54.498513],[18.43858,54.498517],[18.438619,54.498517],[18.438662,54.498511],[18.438698,54.498496],[18.438764,54.498455]]}},{"type":"Feature","properties":{"mode":"bus","n":6,"arr":["121","140","147","160","K","N20"],"lines":"121, 140, 147, 160, K, N20"},"geometry":{"type":"LineString","coordinates":[[18.462776,54.474971],[18.462083,54.475229],[18.461899,54.475322],[18.46143,54.475764],[18.46106,54.476007],[18.459501,54.476696],[18.459287,54.476769],[18.458941,54.476788],[18.458316,54.476675],[18.457881,54.476671],[18.455948,54.477002],[18.455618,54.477036],[18.455352,54.477027],[18.454277,54.476882],[18.453982,54.476912],[18.453698,54.477043],[18.453452,54.477285],[18.453343,54.477356],[18.453089,54.477434],[18.452483,54.477556],[18.45124,54.478151],[18.449271,54.478977],[18.44868,54.479327],[18.446782,54.480642],[18.446513,54.48079],[18.446295,54.480843],[18.445985,54.480874],[18.443799,54.480872],[18.443301,54.480909],[18.43738,54.482047]]}},{"type":"Feature","properties":{"mode":"bus","n":7,"arr":["121","140","147","160","760","K","N20"],"lines":"121, 140, 147, 160, 760, K, N20"},"geometry":{"type":"LineString","coordinates":[[18.43842,54.49842],[18.438455,54.49836],[18.438513,54.498331],[18.438643,54.498323],[18.438711,54.498353],[18.43874,54.498372],[18.438753,54.498396],[18.438758,54.498425],[18.438767,54.498443],[18.438786,54.498455],[18.438814,54.498463],[18.446906,54.49984],[18.449974,54.5004],[18.450369,54.500443],[18.450651,54.500527],[18.451104,54.500543],[18.453941,54.500437],[18.454119,54.500415],[18.455466,54.500111],[18.456241,54.500055],[18.457526,54.500094],[18.457717,54.500078],[18.459381,54.500098],[18.460016,54.500145],[18.460033,54.500146],[18.460044,54.500146],[18.460049,54.500144],[18.460047,54.500141],[18.46004,54.500136],[18.460026,54.50013],[18.459806,54.500045],[18.45979,54.500037],[18.459784,54.500028],[18.45979,54.500019],[18.459806,54.500011],[18.459844,54.499996],[18.459873,54.499988],[18.459903,54.499988],[18.459934,54.499995],[18.460595,54.500223],[18.461298,54.500377],[18.462245,54.500495],[18.462963,54.50053]]}},{"type":"Feature","properties":{"mode":"bus","n":7,"arr":["121","140","147","160","760","K","N20"],"lines":"121, 140, 147, 160, 760, K, N20"},"geometry":{"type":"LineString","coordinates":[[18.424327,54.490329],[18.424541,54.49038],[18.424889,54.49075],[18.425531,54.492179],[18.425657,54.49235],[18.425849,54.492499],[18.426218,54.492652],[18.426586,54.49277],[18.429469,54.493479],[18.429616,54.493543],[18.429826,54.493732],[18.429939,54.49402]]}},{"type":"Feature","properties":{"mode":"bus","n":8,"arr":["121","140","147","160","760","940","K","N20"],"lines":"121, 140, 147, 160, 760, 940, K, N20"},"geometry":{"type":"LineString","coordinates":[[18.43738,54.482047],[18.437217,54.482123],[18.437091,54.482267],[18.437076,54.482789],[18.437168,54.483156],[18.437335,54.483564],[18.43771,54.483962],[18.437735,54.484052],[18.437713,54.484131],[18.437572,54.484258],[18.437382,54.484328],[18.436096,54.484674],[18.434598,54.485193],[18.430062,54.4871],[18.429179,54.48753],[18.429154,54.487547],[18.429143,54.487566],[18.429144,54.487588],[18.429159,54.487632],[18.42916,54.487656],[18.429143,54.487677],[18.429096,54.487715],[18.428998,54.487727],[18.428947,54.487727],[18.428901,54.487715],[18.428864,54.487699],[18.428834,54.487691],[18.428805,54.487691],[18.428775,54.487698],[18.427099,54.488346],[18.426642,54.488612],[18.424327,54.490329]]}},{"type":"Feature","properties":{"mode":"bus","n":6,"arr":["121","140","160","760","K","N20"],"lines":"121, 140, 160, 760, K, N20"},"geometry":{"type":"LineString","coordinates":[[18.429939,54.49402],[18.430608,54.496646],[18.431139,54.497757],[18.431506,54.49807],[18.432412,54.498608],[18.433034,54.499218],[18.433156,54.499244],[18.433196,54.49926],[18.43322,54.499284],[18.433233,54.499308],[18.433243,54.49932],[18.433256,54.499326],[18.433273,54.499326],[18.433293,54.499322],[18.433639,54.499201],[18.437719,54.498397],[18.438012,54.498369],[18.43842,54.49842]]}},{"type":"Feature","properties":{"mode":"bus","n":5,"arr":["128","163","196","197","N10"],"lines":"128, 163, 196, 197, N10"},"geometry":{"type":"LineString","coordinates":[[18.530357,54.548898],[18.53039,54.548792]]}},{"type":"Feature","properties":{"mode":"bus","n":6,"arr":["128","150","163","196","197","N10"],"lines":"128, 150, 163, 196, 197, N10"},"geometry":{"type":"LineString","coordinates":[[18.547814,54.543069],[18.548212,54.543165],[18.548432,54.543274]]}},{"type":"Feature","properties":{"mode":"bus","n":8,"arr":["128","150","163","196","197","198","X","N10"],"lines":"128, 150, 163, 196, 197, 198, X, N10"},"geometry":{"type":"LineString","coordinates":[[18.51667,54.54848],[18.51678,54.548495],[18.516897,54.548476],[18.51699,54.548404],[18.516989,54.548359]]}},{"type":"Feature","properties":{"mode":"bus","n":8,"arr":["128","150","163","196","197","198","X","N10"],"lines":"128, 150, 163, 196, 197, 198, X, N10"},"geometry":{"type":"LineString","coordinates":[[18.547185,54.542917],[18.547814,54.543069]]}},{"type":"Feature","properties":{"mode":"bus","n":6,"arr":["140","147","160","940","K","N20"],"lines":"140, 147, 160, 940, K, N20"},"geometry":{"type":"LineString","coordinates":[[18.42882,54.487681],[18.428796,54.487607],[18.428874,54.487534],[18.429009,54.487514],[18.429132,54.487553]]}},{"type":"Feature","properties":{"mode":"bus","n":5,"arr":["150","163","196","197","N40"],"lines":"150, 163, 196, 197, N40"},"geometry":{"type":"LineString","coordinates":[[18.547798,54.542818],[18.547972,54.542805],[18.5481,54.54285],[18.548163,54.542931],[18.548155,54.542962],[18.548157,54.542978],[18.548169,54.542992],[18.548265,54.54306],[18.548432,54.543274]]}},{"type":"Feature","properties":{"mode":"bus","n":8,"arr":["2","5","6","8","11","12","13","J"],"lines":"2, 5, 6, 8, 11, 12, 13, J"},"geometry":{"type":"LineString","coordinates":[[18.245126,54.609666],[18.245261,54.609706]]}},{"type":"Feature","properties":{"mode":"bus","n":8,"arr":["2","5","6","8","11","12","13","J"],"lines":"2, 5, 6, 8, 11, 12, 13, J"},"geometry":{"type":"LineString","coordinates":[[18.245298,54.609779],[18.245249,54.609842]]}},{"type":"Feature","properties":{"mode":"bus","n":8,"arr":["2","5","6","8","11","12","13","J"],"lines":"2, 5, 6, 8, 11, 12, 13, J"},"geometry":{"type":"LineString","coordinates":[[18.245135,54.609874],[18.245003,54.609851],[18.244959,54.609819]]}},{"type":"Feature","properties":{"mode":"bus","n":8,"arr":["2","5","6","8","11","12","13","J"],"lines":"2, 5, 6, 8, 11, 12, 13, J"},"geometry":{"type":"LineString","coordinates":[[18.24495,54.609734],[18.244992,54.609696]]}},{"type":"Feature","properties":{"mode":"bus","n":7,"arr":["2","5","8","11","12","13","J"],"lines":"2, 5, 8, 11, 12, 13, J"},"geometry":{"type":"LineString","coordinates":[[18.245261,54.609706],[18.245298,54.609779]]}},{"type":"Feature","properties":{"mode":"bus","n":6,"arr":["2","5","6","8","12","J"],"lines":"2, 5, 6, 8, 12, J"},"geometry":{"type":"LineString","coordinates":[[18.244959,54.609819],[18.24495,54.609734]]}},{"type":"Feature","properties":{"mode":"bus","n":5,"arr":["N10","N20","N30","N40","N94"],"lines":"N10, N20, N30, N40, N94"},"geometry":{"type":"LineString","coordinates":[[18.530527,54.522048],[18.530723,54.522132],[18.530932,54.522142],[18.531031,54.522123],[18.531149,54.522038],[18.531191,54.521972]]}},{"type":"Feature","properties":{"mode":"bus","n":6,"arr":["2","3","4","7","12","16"],"lines":"2, 3, 4, 7, 12, 16"},"geometry":{"type":"LineString","coordinates":[[18.233843,54.602624],[18.233943,54.602571],[18.234004,54.602346],[18.233763,54.601794]]}},{"type":"Feature","properties":{"mode":"bus","n":6,"arr":["2","3","4","7","12","16"],"lines":"2, 3, 4, 7, 12, 16"},"geometry":{"type":"LineString","coordinates":[[18.230634,54.602819],[18.233482,54.602666]]}},{"type":"Feature","properties":{"mode":"bus","n":5,"arr":["3","4","7","11","16"],"lines":"3, 4, 7, 11, 16"},"geometry":{"type":"LineString","coordinates":[[18.212417,54.603695],[18.212275,54.603681],[18.212158,54.603714]]}},{"type":"Feature","properties":{"mode":"bus","n":5,"arr":["3","4","7","11","16"],"lines":"3, 4, 7, 11, 16"},"geometry":{"type":"LineString","coordinates":[[18.220606,54.603451],[18.220602,54.603379],[18.22061,54.603352],[18.22064,54.603329],[18.220714,54.603293],[18.220836,54.603297],[18.220897,54.603321],[18.220947,54.603422]]}},{"type":"Feature","properties":{"mode":"bus","n":5,"arr":["3","4","7","11","16"],"lines":"3, 4, 7, 11, 16"},"geometry":{"type":"LineString","coordinates":[[18.21239,54.603879],[18.212598,54.603768],[18.212928,54.603726],[18.214917,54.603742],[18.22008,54.603441],[18.220606,54.603451],[18.220693,54.603496],[18.220797,54.603503],[18.220881,54.603481],[18.220947,54.603422],[18.221463,54.603357],[18.227832,54.602982]]}},{"type":"Feature","properties":{"mode":"bus","n":5,"arr":["3","4","7","11","16"],"lines":"3, 4, 7, 11, 16"},"geometry":{"type":"LineString","coordinates":[[18.212153,54.603835],[18.212195,54.603864]]}},{"type":"Feature","properties":{"mode":"bus","n":5,"arr":["3","4","7","12","16"],"lines":"3, 4, 7, 12, 16"},"geometry":{"type":"LineString","coordinates":[[18.233482,54.602666],[18.233842,54.602708],[18.233954,54.602765]]}},{"type":"Feature","properties":{"mode":"bus","n":35,"arr":["100","101","106","108","111","112","123","130","132","138","154","166","167","178","184","186","189","199","208","210","212","289","606","M32","N1","N3","N4","N5","N6","N8","N9","N14","N16","N78","N89"],"lines":"100, 101, 106, 108, 111, 112, 123, 130, 132, 138, 154, 166, 167, 178, 184, 186, 189, 199, 208, 210, 212, 289, 606, M32, N1, N3, N4, N5, N6, N8, N9, N14, N16, N78, N89"},"geometry":{"type":"LineString","coordinates":[[18.645662,54.357937],[18.645739,54.357585],[18.645702,54.356956],[18.645463,54.355843]]}},{"type":"Feature","properties":{"mode":"bus","n":37,"arr":["100","101","106","108","111","112","123","130","132","138","154","166","167","178","184","186","189","199","208","210","212","267","289","606","M32","N1","N3","N4","N5","N6","N8","N9","N14","N16","N56","N78","N89"],"lines":"100, 101, 106, 108, 111, 112, 123, 130, 132, 138, 154, 166, 167, 178, 184, 186, 189, 199, 208, 210, 212, 267, 289, 606, M32, N1, N3, N4, N5, N6, N8, N9, N14, N16, N56, N78, N89"},"geometry":{"type":"LineString","coordinates":[[18.645463,54.355843],[18.645034,54.35392]]}},{"type":"Feature","properties":{"mode":"bus","n":9,"arr":["100","130","167","184","199","210","267","N3","N16"],"lines":"100, 130, 167, 184, 199, 210, 267, N3, N16"},"geometry":{"type":"LineString","coordinates":[[18.645034,54.35392],[18.644811,54.353881],[18.644536,54.353877]]}},{"type":"Feature","properties":{"mode":"bus","n":10,"arr":["100","130","167","184","199","210","267","N3","N6","N16"],"lines":"100, 130, 167, 184, 199, 210, 267, N3, N6, N16"},"geometry":{"type":"LineString","coordinates":[[18.644536,54.353877],[18.6446,54.353758],[18.644592,54.353705],[18.644488,54.353592],[18.643559,54.352159],[18.643534,54.352053],[18.643553,54.351931],[18.643551,54.351915],[18.643541,54.351903],[18.643523,54.351896],[18.643496,54.351892],[18.643272,54.351882]]}},{"type":"Feature","properties":{"mode":"bus","n":10,"arr":["100","130","167","184","199","210","267","N3","N6","N16"],"lines":"100, 130, 167, 184, 199, 210, 267, N3, N6, N16"},"geometry":{"type":"LineString","coordinates":[[18.646025,54.351707],[18.646356,54.351682],[18.646692,54.351756]]}},{"type":"Feature","properties":{"mode":"bus","n":11,"arr":["100","130","167","183","184","199","210","267","N3","N6","N16"],"lines":"100, 130, 167, 183, 184, 199, 210, 267, N3, N6, N16"},"geometry":{"type":"LineString","coordinates":[[18.643642,54.351771],[18.645106,54.351788],[18.646025,54.351707]]}},{"type":"Feature","properties":{"mode":"bus","n":24,"arr":["100","106","108","111","112","123","130","132","138","154","166","167","178","184","186","189","199","208","210","212","267","289","606","N6"],"lines":"100, 106, 108, 111, 112, 123, 130, 132, 138, 154, 166, 167, 178, 184, 186, 189, 199, 208, 210, 212, 267, 289, 606, N6"},"geometry":{"type":"LineString","coordinates":[[18.648508,54.359616],[18.648368,54.359739]]}},{"type":"Feature","properties":{"mode":"bus","n":22,"arr":["100","108","111","112","123","130","132","138","154","166","167","178","184","186","189","199","208","210","212","289","606","N6"],"lines":"100, 108, 111, 112, 123, 130, 132, 138, 154, 166, 167, 178, 184, 186, 189, 199, 208, 210, 212, 289, 606, N6"},"geometry":{"type":"LineString","coordinates":[[18.647894,54.359751],[18.647659,54.359336],[18.646839,54.358197],[18.64664,54.358099],[18.646198,54.35805]]}},{"type":"Feature","properties":{"mode":"bus","n":30,"arr":["100","108","111","112","123","130","132","138","154","166","167","178","184","186","189","199","208","210","212","289","606","M32","N3","N5","N6","N8","N9","N16","N78","N89"],"lines":"100, 108, 111, 112, 123, 130, 132, 138, 154, 166, 167, 178, 184, 186, 189, 199, 208, 210, 212, 289, 606, M32, N3, N5, N6, N8, N9, N16, N78, N89"},"geometry":{"type":"LineString","coordinates":[[18.646198,54.35805],[18.645856,54.357999],[18.645662,54.357937]]}},{"type":"Feature","properties":{"mode":"bus","n":6,"arr":["101","112","138","166","186","N14"],"lines":"101, 112, 138, 166, 186, N14"},"geometry":{"type":"LineString","coordinates":[[18.64566,54.349847],[18.645524,54.349724],[18.644787,54.348672],[18.644694,54.34844],[18.644678,54.348263],[18.64472,54.347985]]}},{"type":"Feature","properties":{"mode":"bus","n":7,"arr":["101","112","138","166","186","T8","N14"],"lines":"101, 112, 138, 166, 186, T8, N14"},"geometry":{"type":"LineString","coordinates":[[18.64472,54.347985],[18.644744,54.347874]]}},{"type":"Feature","properties":{"mode":"bus","n":7,"arr":["101","112","138","166","186","T8","N14"],"lines":"101, 112, 138, 166, 186, T8, N14"},"geometry":{"type":"LineString","coordinates":[[18.644863,54.347394],[18.645415,54.347424]]}},{"type":"Feature","properties":{"mode":"bus","n":6,"arr":["101","112","138","166","186","T8"],"lines":"101, 112, 138, 166, 186, T8"},"geometry":{"type":"LineString","coordinates":[[18.644744,54.347874],[18.644684,54.347847],[18.644649,54.347837],[18.64461,54.347835],[18.64344,54.347932],[18.643403,54.347931],[18.643374,54.347922],[18.643353,54.347904],[18.643259,54.347788],[18.643289,54.347692],[18.643302,54.347672],[18.643326,54.347658],[18.643361,54.347651],[18.644639,54.347536],[18.644781,54.347492],[18.644863,54.347394]]}},{"type":"Feature","properties":{"mode":"bus","n":6,"arr":["101","112","138","166","186","T8"],"lines":"101, 112, 138, 166, 186, T8"},"geometry":{"type":"LineString","coordinates":[[18.645415,54.347424],[18.645647,54.347422]]}},{"type":"Feature","properties":{"mode":"bus","n":14,"arr":["101","106","111","112","138","166","178","186","212","606","N8","N9","N14","N78"],"lines":"101, 106, 111, 112, 138, 166, 178, 186, 212, 606, N8, N9, N14, N78"},"geometry":{"type":"LineString","coordinates":[[18.645671,54.347727],[18.645866,54.348694],[18.645917,54.349131],[18.645862,54.349306]]}},{"type":"Feature","properties":{"mode":"bus","n":28,"arr":["101","106","108","111","112","123","132","138","154","166","178","183","186","189","208","212","289","606","M32","N1","N4","N5","N8","N9","N14","N56","N78","N89"],"lines":"101, 106, 108, 111, 112, 123, 132, 138, 154, 166, 178, 183, 186, 189, 208, 212, 289, 606, M32, N1, N4, N5, N8, N9, N14, N56, N78, N89"},"geometry":{"type":"LineString","coordinates":[[18.645862,54.349306],[18.646497,54.35107],[18.646692,54.351756]]}},{"type":"Feature","properties":{"mode":"bus","n":28,"arr":["101","106","108","111","112","123","132","138","154","166","178","183","186","189","208","212","289","606","M32","N1","N4","N5","N8","N9","N14","N56","N78","N89"],"lines":"101, 106, 108, 111, 112, 123, 132, 138, 154, 166, 178, 183, 186, 189, 208, 212, 289, 606, M32, N1, N4, N5, N8, N9, N14, N56, N78, N89"},"geometry":{"type":"LineString","coordinates":[[18.646025,54.351707],[18.646069,54.351361],[18.646054,54.350969],[18.64566,54.349847]]}},{"type":"Feature","properties":{"mode":"bus","n":37,"arr":["101","106","108","111","112","123","130","132","138","154","166","167","178","183","184","186","189","199","208","210","212","267","289","606","M32","N1","N3","N4","N5","N6","N8","N9","N14","N16","N56","N78","N89"],"lines":"101, 106, 108, 111, 112, 123, 130, 132, 138, 154, 166, 167, 178, 183, 184, 186, 189, 199, 208, 210, 212, 267, 289, 606, M32, N1, N3, N4, N5, N6, N8, N9, N14, N16, N56, N78, N89"},"geometry":{"type":"LineString","coordinates":[[18.646692,54.351756],[18.646669,54.351888],[18.646545,54.352131],[18.645596,54.353178],[18.645462,54.35339],[18.645394,54.353587],[18.645384,54.353767],[18.645447,54.354088],[18.646048,54.356448]]}},{"type":"Feature","properties":{"mode":"bus","n":36,"arr":["101","106","108","111","112","123","130","132","138","154","166","167","178","183","184","186","189","199","208","210","212","267","289","606","M32","N1","N3","N4","N5","N6","N8","N9","N14","N16","N78","N89"],"lines":"101, 106, 108, 111, 112, 123, 130, 132, 138, 154, 166, 167, 178, 183, 184, 186, 189, 199, 208, 210, 212, 267, 289, 606, M32, N1, N3, N4, N5, N6, N8, N9, N14, N16, N78, N89"},"geometry":{"type":"LineString","coordinates":[[18.646048,54.356448],[18.646159,54.356797],[18.646519,54.357619]]}},{"type":"Feature","properties":{"mode":"bus","n":13,"arr":["101","183","M32","N1","N3","N4","N5","N8","N9","N14","N16","N78","N89"],"lines":"101, 183, M32, N1, N3, N4, N5, N8, N9, N14, N16, N78, N89"},"geometry":{"type":"LineString","coordinates":[[18.646519,54.357619],[18.646401,54.357841],[18.646198,54.35805]]}},{"type":"Feature","properties":{"mode":"bus","n":5,"arr":["101","183","N1","N4","N14"],"lines":"101, 183, N1, N4, N14"},"geometry":{"type":"LineString","coordinates":[[18.646198,54.35805],[18.643978,54.360094],[18.642821,54.361453]]}},{"type":"Feature","properties":{"mode":"bus","n":6,"arr":["101","183","184","N1","N4","N14"],"lines":"101, 183, 184, N1, N4, N14"},"geometry":{"type":"LineString","coordinates":[[18.642821,54.361453],[18.642477,54.361791],[18.642112,54.362052],[18.630991,54.368654]]}},{"type":"Feature","properties":{"mode":"bus","n":8,"arr":["101","115","183","184","283","N1","N4","N14"],"lines":"101, 115, 183, 184, 283, N1, N4, N14"},"geometry":{"type":"LineString","coordinates":[[18.630991,54.368654],[18.630462,54.368965]]}},{"type":"Feature","properties":{"mode":"bus","n":8,"arr":["101","115","183","184","283","N1","N4","N14"],"lines":"101, 115, 183, 184, 283, N1, N4, N14"},"geometry":{"type":"LineString","coordinates":[[18.629834,54.36863],[18.630183,54.368335]]}},{"type":"Feature","properties":{"mode":"bus","n":7,"arr":["101","115","183","283","N1","N4","N14"],"lines":"101, 115, 183, 283, N1, N4, N14"},"geometry":{"type":"LineString","coordinates":[[18.630462,54.368965],[18.624372,54.372571]]}},{"type":"Feature","properties":{"mode":"bus","n":7,"arr":["101","115","183","283","N1","N4","N14"],"lines":"101, 115, 183, 283, N1, N4, N14"},"geometry":{"type":"LineString","coordinates":[[18.629834,54.36863],[18.62509,54.371458]]}},{"type":"Feature","properties":{"mode":"bus","n":5,"arr":["101","115","183","N4","N14"],"lines":"101, 115, 183, N4, N14"},"geometry":{"type":"LineString","coordinates":[[18.624372,54.372571],[18.621376,54.374352],[18.620697,54.374682],[18.619944,54.37492],[18.617217,54.375532],[18.616036,54.375821],[18.615679,54.37589],[18.614848,54.375993]]}},{"type":"Feature","properties":{"mode":"bus","n":5,"arr":["101","115","183","N4","N14"],"lines":"101, 115, 183, N4, N14"},"geometry":{"type":"LineString","coordinates":[[18.62509,54.371458],[18.620521,54.374169],[18.62015,54.374494],[18.620079,54.374644],[18.619824,54.374739],[18.619278,54.374888],[18.616954,54.375417],[18.614777,54.375741]]}},{"type":"Feature","properties":{"mode":"bus","n":7,"arr":["101","127","162","262","N2","N4","N14"],"lines":"101, 127, 162, 262, N2, N4, N14"},"geometry":{"type":"LineString","coordinates":[[18.60893,54.377707],[18.607476,54.378112],[18.606992,54.378283],[18.604031,54.379571],[18.60208,54.380469],[18.601843,54.380664],[18.601534,54.380988]]}},{"type":"Feature","properties":{"mode":"bus","n":11,"arr":["101","124","127","158","162","199","258","262","N2","N4","N14"],"lines":"101, 124, 127, 158, 162, 199, 258, 262, N2, N4, N14"},"geometry":{"type":"LineString","coordinates":[[18.601534,54.380988],[18.60129,54.381229],[18.601084,54.381352],[18.599585,54.382013],[18.598408,54.382653]]}},{"type":"Feature","properties":{"mode":"bus","n":5,"arr":["101","199","262","N4","N14"],"lines":"101, 199, 262, N4, N14"},"geometry":{"type":"LineString","coordinates":[[18.598408,54.382653],[18.596886,54.383534],[18.59613,54.384038],[18.594914,54.384781],[18.591398,54.387201],[18.590583,54.387725],[18.581903,54.393646]]}},{"type":"Feature","properties":{"mode":"bus","n":5,"arr":["101","117","122","N1","N4"],"lines":"101, 117, 122, N1, N4"},"geometry":{"type":"LineString","coordinates":[[18.567368,54.41039],[18.567007,54.410915]]}},{"type":"Feature","properties":{"mode":"bus","n":5,"arr":["101","117","122","N1","N4"],"lines":"101, 117, 122, N1, N4"},"geometry":{"type":"LineString","coordinates":[[18.56665,54.411114],[18.566963,54.410676],[18.567169,54.410293]]}},{"type":"Feature","properties":{"mode":"bus","n":6,"arr":["181","101","117","122","177","S"],"lines":"181, 101, 117, 122, 177, S"},"geometry":{"type":"LineString","coordinates":[[18.56198,54.430924],[18.561939,54.431199],[18.561855,54.431379]]}},{"type":"Feature","properties":{"mode":"bus","n":7,"arr":["21","181","101","117","122","177","S"],"lines":"21, 181, 101, 117, 122, 177, S"},"geometry":{"type":"LineString","coordinates":[[18.561471,54.434917],[18.56159,54.434057],[18.561835,54.431646],[18.561855,54.431379],[18.561795,54.431195]]}},{"type":"Feature","properties":{"mode":"bus","n":5,"arr":["21","31","181","101","S"],"lines":"21, 31, 181, 101, S"},"geometry":{"type":"LineString","coordinates":[[18.560061,54.441565],[18.561471,54.434917]]}},{"type":"Feature","properties":{"mode":"bus","n":8,"arr":["21","31","181","101","185","187","244","S"],"lines":"21, 31, 181, 101, 185, 187, 244, S"},"geometry":{"type":"LineString","coordinates":[[18.559245,54.445546],[18.559572,54.443702],[18.559909,54.442339],[18.560061,54.441565]]}},{"type":"Feature","properties":{"mode":"bus","n":9,"arr":["21","31","181","101","185","187","244","287","S"],"lines":"21, 31, 181, 101, 185, 187, 244, 287, S"},"geometry":{"type":"LineString","coordinates":[[18.557213,54.448602],[18.558227,54.448013],[18.558635,54.447664],[18.558779,54.447477],[18.558982,54.447029],[18.559245,54.445546]]}},{"type":"Feature","properties":{"mode":"bus","n":10,"arr":["21","31","181","101","177","185","187","244","287","S"],"lines":"21, 31, 181, 101, 177, 185, 187, 244, 287, S"},"geometry":{"type":"LineString","coordinates":[[18.557213,54.448602],[18.556199,54.449171],[18.555996,54.449246],[18.555415,54.449561],[18.555136,54.44972],[18.555024,54.449816]]}},{"type":"Feature","properties":{"mode":"bus","n":8,"arr":["31","181","101","185","187","244","287","S"],"lines":"31, 181, 101, 185, 187, 244, 287, S"},"geometry":{"type":"LineString","coordinates":[[18.556199,54.449171],[18.556076,54.449309],[18.555244,54.449922]]}},{"type":"Feature","properties":{"mode":"bus","n":5,"arr":["31","101","185","244","S"],"lines":"31, 101, 185, 244, S"},"geometry":{"type":"LineString","coordinates":[[18.555244,54.449922],[18.555036,54.450093],[18.554931,54.450225],[18.554856,54.450425],[18.554868,54.450668],[18.554993,54.451241],[18.554984,54.451464]]}},{"type":"Feature","properties":{"mode":"bus","n":7,"arr":["21","31","101","177","185","244","S"],"lines":"21, 31, 101, 177, 185, 244, S"},"geometry":{"type":"LineString","coordinates":[[18.554868,54.449973],[18.554736,54.450147],[18.554682,54.450323],[18.5547,54.450605],[18.55487,54.451245],[18.554984,54.451464],[18.555425,54.453166]]}},{"type":"Feature","properties":{"mode":"bus","n":6,"arr":["21","31","101","177","244","S"],"lines":"21, 31, 101, 177, 244, S"},"geometry":{"type":"LineString","coordinates":[[18.555425,54.453166],[18.55545,54.45326]]}},{"type":"Feature","properties":{"mode":"bus","n":5,"arr":["21","31","101","177","S"],"lines":"21, 31, 101, 177, S"},"geometry":{"type":"LineString","coordinates":[[18.55545,54.45326],[18.555869,54.454815],[18.555951,54.455501],[18.555916,54.456051],[18.555814,54.456239],[18.555556,54.456922]]}},{"type":"Feature","properties":{"mode":"bus","n":5,"arr":["31","101","177","187","S"],"lines":"31, 101, 177, 187, S"},"geometry":{"type":"LineString","coordinates":[[18.555744,54.456946],[18.555274,54.458059],[18.554894,54.458801]]}},{"type":"Feature","properties":{"mode":"bus","n":5,"arr":["26","31","101","134","S"],"lines":"26, 31, 101, 134, S"},"geometry":{"type":"LineString","coordinates":[[18.55338,54.4758],[18.553186,54.476979],[18.553103,54.478266],[18.553019,54.478638],[18.552119,54.480244],[18.551474,54.481318],[18.550934,54.48189],[18.550589,54.482159],[18.550061,54.482489],[18.548957,54.483036],[18.547858,54.48363],[18.547042,54.484184],[18.546503,54.484599],[18.546009,54.485079]]}},{"type":"Feature","properties":{"mode":"bus","n":15,"arr":["26","27","29","32","710","101","134","180","203","740","R","S","Z","N10","N30"],"lines":"26, 27, 29, 32, 710, 101, 134, 180, 203, 740, R, S, Z, N10, N30"},"geometry":{"type":"LineString","coordinates":[[18.540688,54.492449],[18.544281,54.487275],[18.54527,54.48596],[18.545831,54.485277]]}},{"type":"Feature","properties":{"mode":"bus","n":14,"arr":["26","29","32","710","101","134","180","192","740","R","S","Z","N10","N30"],"lines":"26, 29, 32, 710, 101, 134, 180, 192, 740, R, S, Z, N10, N30"},"geometry":{"type":"LineString","coordinates":[[18.538321,54.497078],[18.53931,54.494537],[18.539548,54.494121],[18.540688,54.492449]]}},{"type":"Feature","properties":{"mode":"bus","n":12,"arr":["26","29","32","710","101","134","740","R","S","Z","N10","N30"],"lines":"26, 29, 32, 710, 101, 134, 740, R, S, Z, N10, N30"},"geometry":{"type":"LineString","coordinates":[[18.538293,54.497153],[18.538321,54.497078]]}},{"type":"Feature","properties":{"mode":"bus","n":13,"arr":["26","28","29","32","710","101","134","740","R","S","Z","N10","N30"],"lines":"26, 28, 29, 32, 710, 101, 134, 740, R, S, Z, N10, N30"},"geometry":{"type":"LineString","coordinates":[[18.536758,54.506555],[18.536255,54.505757],[18.53615,54.505508],[18.536109,54.505238],[18.536204,54.504402],[18.536628,54.501595],[18.536722,54.50125],[18.538293,54.497153]]}},{"type":"Feature","properties":{"mode":"bus","n":24,"arr":["22","26","28","29","32","710","101","109","134","140","147","150","160","190","740","770","R","S","Z","N10","N20","N30","N40","N94"],"lines":"22, 26, 28, 29, 32, 710, 101, 109, 134, 140, 147, 150, 160, 190, 740, 770, R, S, Z, N10, N20, N30, N40, N94"},"geometry":{"type":"LineString","coordinates":[[18.536966,54.50773],[18.536939,54.507009],[18.536845,54.506712],[18.536758,54.506555]]}},{"type":"Feature","properties":{"mode":"bus","n":10,"arr":["22","29","32","710","101","N10","N20","N30","N40","N94"],"lines":"22, 29, 32, 710, 101, N10, N20, N30, N40, N94"},"geometry":{"type":"LineString","coordinates":[[18.537199,54.507858],[18.536966,54.50773]]}},{"type":"Feature","properties":{"mode":"bus","n":16,"arr":["22","29","32","710","101","105","128","196","204","252","282","N10","N20","N30","N40","N94"],"lines":"22, 29, 32, 710, 101, 105, 128, 196, 204, 252, 282, N10, N20, N30, N40, N94"},"geometry":{"type":"LineString","coordinates":[[18.537756,54.508269],[18.53762,54.507955],[18.53747,54.507888],[18.537199,54.507858]]}},{"type":"Feature","properties":{"mode":"bus","n":18,"arr":["22","29","32","710","101","104","105","128","133","196","204","252","282","N10","N20","N30","N40","N94"],"lines":"22, 29, 32, 710, 101, 104, 105, 128, 133, 196, 204, 252, 282, N10, N20, N30, N40, N94"},"geometry":{"type":"LineString","coordinates":[[18.538244,54.509427],[18.537756,54.508269]]}},{"type":"Feature","properties":{"mode":"bus","n":14,"arr":["21","22","23","24","29","32","33","710","101","N10","N20","N30","N40","N94"],"lines":"21, 22, 23, 24, 29, 32, 33, 710, 101, N10, N20, N30, N40, N94"},"geometry":{"type":"LineString","coordinates":[[18.538244,54.509427],[18.539912,54.51349],[18.542543,54.519359]]}},{"type":"Feature","properties":{"mode":"bus","n":11,"arr":["22","23","24","25","30","32","33","34","723","101","282"],"lines":"22, 23, 24, 25, 30, 32, 33, 34, 723, 101, 282"},"geometry":{"type":"LineString","coordinates":[[18.542543,54.519359],[18.543077,54.520625],[18.543283,54.521442],[18.543301,54.521913],[18.543209,54.522497]]}},{"type":"Feature","properties":{"mode":"bus","n":13,"arr":["22","25","30","32","34","723","101","146","173","190","194","204","282"],"lines":"22, 25, 30, 32, 34, 723, 101, 146, 173, 190, 194, 204, 282"},"geometry":{"type":"LineString","coordinates":[[18.543209,54.522497],[18.543083,54.523376]]}},{"type":"Feature","properties":{"mode":"bus","n":14,"arr":["22","25","30","32","34","723","101","119","146","173","190","194","204","282"],"lines":"22, 25, 30, 32, 34, 723, 101, 119, 146, 173, 190, 194, 204, 282"},"geometry":{"type":"LineString","coordinates":[[18.538644,54.523369],[18.540611,54.523448],[18.543083,54.523376]]}},{"type":"Feature","properties":{"mode":"bus","n":28,"arr":["22","25","30","32","34","723","101","104","119","128","133","134","140","146","147","150","160","173","182","190","194","196","204","282","740","770","R","Z"],"lines":"22, 25, 30, 32, 34, 723, 101, 104, 119, 128, 133, 134, 140, 146, 147, 150, 160, 173, 182, 190, 194, 196, 204, 282, 740, 770, R, Z"},"geometry":{"type":"LineString","coordinates":[[18.538644,54.523369],[18.535181,54.523193]]}},{"type":"Feature","properties":{"mode":"bus","n":25,"arr":["22","32","723","101","104","119","128","133","134","140","146","147","150","160","173","182","190","194","196","204","282","740","770","R","Z"],"lines":"22, 32, 723, 101, 104, 119, 128, 133, 134, 140, 146, 147, 150, 160, 173, 182, 190, 194, 196, 204, 282, 740, 770, R, Z"},"geometry":{"type":"LineString","coordinates":[[18.53002,54.522889],[18.530659,54.522792],[18.53114,54.522784],[18.535181,54.523193]]}},{"type":"Feature","properties":{"mode":"bus","n":10,"arr":["101","119","133","140","147","160","190","204","740","Z"],"lines":"101, 119, 133, 140, 147, 160, 190, 204, 740, Z"},"geometry":{"type":"LineString","coordinates":[[18.53002,54.522889],[18.529873,54.52276],[18.52985,54.522704],[18.529881,54.522564]]}},{"type":"Feature","properties":{"mode":"bus","n":28,"arr":["21","22","23","24","32","33","101","119","128","133","134","140","146","147","150","152","160","173","182","190","194","204","209","282","740","R","Z","N10"],"lines":"21, 22, 23, 24, 32, 33, 101, 119, 128, 133, 134, 140, 146, 147, 150, 152, 160, 173, 182, 190, 194, 204, 209, 282, 740, R, Z, N10"},"geometry":{"type":"LineString","coordinates":[[18.529881,54.522564],[18.530415,54.522328],[18.530504,54.522253],[18.53054,54.522117]]}},{"type":"Feature","properties":{"mode":"bus","n":27,"arr":["21","23","24","32","33","101","119","128","133","134","140","146","147","150","152","160","173","182","190","194","204","209","282","740","R","Z","N10"],"lines":"21, 23, 24, 32, 33, 101, 119, 128, 133, 134, 140, 146, 147, 150, 152, 160, 173, 182, 190, 194, 204, 209, 282, 740, R, Z, N10"},"geometry":{"type":"LineString","coordinates":[[18.53054,54.522117],[18.530527,54.522048]]}},{"type":"Feature","properties":{"mode":"bus","n":23,"arr":["21","22","23","24","32","33","101","128","133","134","146","150","152","173","182","194","204","209","282","740","R","Z","N10"],"lines":"21, 22, 23, 24, 32, 33, 101, 128, 133, 134, 146, 150, 152, 173, 182, 194, 204, 209, 282, 740, R, Z, N10"},"geometry":{"type":"LineString","coordinates":[[18.529751,54.522619],[18.529881,54.522564]]}},{"type":"Feature","properties":{"mode":"bus","n":19,"arr":["23","24","32","33","101","102","128","133","134","146","152","173","190","194","204","209","282","R","Z"],"lines":"23, 24, 32, 33, 101, 102, 128, 133, 134, 146, 152, 173, 190, 194, 204, 209, 282, R, Z"},"geometry":{"type":"LineString","coordinates":[[18.535214,54.522153],[18.531453,54.521999],[18.531191,54.521972]]}},{"type":"Feature","properties":{"mode":"bus","n":20,"arr":["23","24","25","32","33","101","102","128","133","134","146","152","173","190","194","204","209","282","R","Z"],"lines":"23, 24, 25, 32, 33, 101, 102, 128, 133, 134, 146, 152, 173, 190, 194, 204, 209, 282, R, Z"},"geometry":{"type":"LineString","coordinates":[[18.535288,54.522156],[18.535214,54.522153]]}},{"type":"Feature","properties":{"mode":"bus","n":14,"arr":["23","24","25","30","32","33","34","101","102","146","173","190","194","204"],"lines":"23, 24, 25, 30, 32, 33, 34, 101, 102, 146, 173, 190, 194, 204"},"geometry":{"type":"LineString","coordinates":[[18.535288,54.522156],[18.536201,54.522186]]}},{"type":"Feature","properties":{"mode":"bus","n":12,"arr":["23","24","25","32","33","101","102","146","173","190","194","204"],"lines":"23, 24, 25, 32, 33, 101, 102, 146, 173, 190, 194, 204"},"geometry":{"type":"LineString","coordinates":[[18.536201,54.522186],[18.542059,54.522445]]}},{"type":"Feature","properties":{"mode":"bus","n":11,"arr":["23","24","25","32","33","101","146","173","190","194","204"],"lines":"23, 24, 25, 32, 33, 101, 146, 173, 190, 194, 204"},"geometry":{"type":"LineString","coordinates":[[18.542059,54.522445],[18.543209,54.522497]]}},{"type":"Feature","properties":{"mode":"bus","n":7,"arr":["101","105","128","196","204","252","282"],"lines":"101, 105, 128, 196, 204, 252, 282"},"geometry":{"type":"LineString","coordinates":[[18.537199,54.507858],[18.536847,54.507871],[18.536683,54.507926]]}},{"type":"Feature","properties":{"mode":"bus","n":21,"arr":["21","23","24","28","29","32","33","105","128","133","134","152","196","204","252","282","R","S","Z","N10","N30"],"lines":"21, 23, 24, 28, 29, 32, 33, 105, 128, 133, 134, 152, 196, 204, 252, 282, R, S, Z, N10, N30"},"geometry":{"type":"LineString","coordinates":[[18.536684,54.508103],[18.53672,54.509098],[18.536789,54.509574]]}},{"type":"Feature","properties":{"mode":"bus","n":22,"arr":["21","23","24","28","29","32","33","101","105","128","133","134","152","196","204","252","282","R","S","Z","N10","N30"],"lines":"21, 23, 24, 28, 29, 32, 33, 101, 105, 128, 133, 134, 152, 196, 204, 252, 282, R, S, Z, N10, N30"},"geometry":{"type":"LineString","coordinates":[[18.536684,54.508103],[18.536683,54.507926]]}},{"type":"Feature","properties":{"mode":"bus","n":16,"arr":["21","23","24","28","29","32","33","101","133","134","152","R","S","Z","N10","N30"],"lines":"21, 23, 24, 28, 29, 32, 33, 101, 133, 134, 152, R, S, Z, N10, N30"},"geometry":{"type":"LineString","coordinates":[[18.536683,54.507926],[18.536637,54.506729],[18.536552,54.50648],[18.536394,54.506225]]}},{"type":"Feature","properties":{"mode":"bus","n":17,"arr":["21","23","24","26","28","29","32","33","101","133","134","152","R","S","Z","N10","N30"],"lines":"21, 23, 24, 26, 28, 29, 32, 33, 101, 133, 134, 152, R, S, Z, N10, N30"},"geometry":{"type":"LineString","coordinates":[[18.536394,54.506225],[18.536148,54.505845],[18.536003,54.505539],[18.535955,54.505088],[18.536509,54.501455],[18.538143,54.497147]]}},{"type":"Feature","properties":{"mode":"bus","n":18,"arr":["21","23","24","26","28","29","32","33","101","133","134","152","192","R","S","Z","N10","N30"],"lines":"21, 23, 24, 26, 28, 29, 32, 33, 101, 133, 134, 152, 192, R, S, Z, N10, N30"},"geometry":{"type":"LineString","coordinates":[[18.538143,54.497147],[18.538174,54.497072]]}},{"type":"Feature","properties":{"mode":"bus","n":16,"arr":["21","23","24","26","29","32","33","101","134","152","192","R","S","Z","N10","N30"],"lines":"21, 23, 24, 26, 29, 32, 33, 101, 134, 152, 192, R, S, Z, N10, N30"},"geometry":{"type":"LineString","coordinates":[[18.538174,54.497072],[18.539282,54.494228],[18.540533,54.492408]]}},{"type":"Feature","properties":{"mode":"bus","n":18,"arr":["21","23","24","26","27","29","32","33","101","134","180","203","700","R","S","Z","N10","N30"],"lines":"21, 23, 24, 26, 27, 29, 32, 33, 101, 134, 180, 203, 700, R, S, Z, N10, N30"},"geometry":{"type":"LineString","coordinates":[[18.540533,54.492408],[18.541279,54.491357],[18.544005,54.487233],[18.544141,54.48707],[18.54462,54.48662],[18.545633,54.48524]]}},{"type":"Feature","properties":{"mode":"bus","n":5,"arr":["21","26","101","134","S"],"lines":"21, 26, 101, 134, S"},"geometry":{"type":"LineString","coordinates":[[18.545633,54.48524],[18.545963,54.484856]]}},{"type":"Feature","properties":{"mode":"bus","n":6,"arr":["21","26","31","101","134","S"],"lines":"21, 26, 31, 101, 134, S"},"geometry":{"type":"LineString","coordinates":[[18.553106,54.476338],[18.553,54.477185],[18.552933,54.478375],[18.552857,54.478611],[18.55176,54.480529],[18.551196,54.481377],[18.550963,54.481617],[18.550279,54.482212],[18.549994,54.482389],[18.547977,54.483416],[18.546577,54.484349],[18.545963,54.484856]]}},{"type":"Feature","properties":{"mode":"bus","n":6,"arr":["21","31","101","177","187","S"],"lines":"21, 31, 101, 177, 187, S"},"geometry":{"type":"LineString","coordinates":[[18.555556,54.456922],[18.554546,54.458741]]}},{"type":"Feature","properties":{"mode":"bus","n":8,"arr":["21","31","101","177","185","187","244","S"],"lines":"21, 31, 101, 177, 185, 187, 244, S"},"geometry":{"type":"LineString","coordinates":[[18.555024,54.449816],[18.554868,54.449973]]}},{"type":"Feature","properties":{"mode":"bus","n":9,"arr":["101","117","122","169","171","179","622","N1","N4"],"lines":"101, 117, 122, 169, 171, 179, 622, N1, N4"},"geometry":{"type":"LineString","coordinates":[[18.567169,54.410293],[18.567867,54.409518]]}},{"type":"Feature","properties":{"mode":"bus","n":6,"arr":["101","122","149","199","262","N14"],"lines":"101, 122, 149, 199, 262, N14"},"geometry":{"type":"LineString","coordinates":[[18.573977,54.400941],[18.574103,54.400727]]}},{"type":"Feature","properties":{"mode":"bus","n":5,"arr":["101","149","199","262","N14"],"lines":"101, 149, 199, 262, N14"},"geometry":{"type":"LineString","coordinates":[[18.574103,54.400727],[18.574805,54.399882],[18.575792,54.398776],[18.579488,54.395172],[18.580169,54.394638],[18.58174,54.393564]]}},{"type":"Feature","properties":{"mode":"bus","n":7,"arr":["101","158","199","258","262","N4","N14"],"lines":"101, 158, 199, 258, 262, N4, N14"},"geometry":{"type":"LineString","coordinates":[[18.591429,54.386904],[18.59499,54.38447],[18.596659,54.383404],[18.597114,54.38305],[18.597662,54.382541]]}},{"type":"Feature","properties":{"mode":"bus","n":9,"arr":["101","127","158","199","258","262","N2","N4","N14"],"lines":"101, 127, 158, 199, 258, 262, N2, N4, N14"},"geometry":{"type":"LineString","coordinates":[[18.597662,54.382541],[18.597803,54.382388]]}},{"type":"Feature","properties":{"mode":"bus","n":8,"arr":["101","127","158","199","258","N2","N4","N14"],"lines":"101, 127, 158, 199, 258, N2, N4, N14"},"geometry":{"type":"LineString","coordinates":[[18.597803,54.382388],[18.597968,54.382248]]}},{"type":"Feature","properties":{"mode":"bus","n":6,"arr":["101","127","258","N2","N4","N14"],"lines":"101, 127, 258, N2, N4, N14"},"geometry":{"type":"LineString","coordinates":[[18.598061,54.382182],[18.597968,54.382248]]}},{"type":"Feature","properties":{"mode":"bus","n":5,"arr":["101","127","N2","N4","N14"],"lines":"101, 127, N2, N4, N14"},"geometry":{"type":"LineString","coordinates":[[18.607037,54.378024],[18.603806,54.379445],[18.603171,54.379702],[18.600614,54.380865],[18.598642,54.381832],[18.598061,54.382182]]}},{"type":"Feature","properties":{"mode":"bus","n":7,"arr":["101","115","168","183","199","N4","N14"],"lines":"101, 115, 168, 183, 199, N4, N14"},"geometry":{"type":"LineString","coordinates":[[18.614777,54.375741],[18.613856,54.375924],[18.612829,54.376218],[18.609652,54.377269],[18.607037,54.378024]]}},{"type":"Feature","properties":{"mode":"bus","n":5,"arr":["101","184","N1","N4","N14"],"lines":"101, 184, N1, N4, N14"},"geometry":{"type":"LineString","coordinates":[[18.630183,54.368335],[18.630516,54.367981],[18.630677,54.367861],[18.630877,54.367753],[18.632786,54.366949],[18.637592,54.3641],[18.638288,54.363648],[18.640919,54.362083],[18.641183,54.3619],[18.641477,54.36161],[18.641763,54.361446]]}},{"type":"Feature","properties":{"mode":"bus","n":5,"arr":["101","106","N1","N4","N14"],"lines":"101, 106, N1, N4, N14"},"geometry":{"type":"LineString","coordinates":[[18.641763,54.361446],[18.64194,54.361253],[18.642111,54.361119],[18.643731,54.359957],[18.644519,54.359281],[18.645162,54.35868],[18.645404,54.358388],[18.645662,54.357937]]}},{"type":"Feature","properties":{"mode":"bus","n":27,"arr":["101","106","108","111","112","123","132","138","154","166","178","186","189","208","212","289","606","M32","N1","N4","N5","N8","N9","N14","N56","N78","N89"],"lines":"101, 106, 108, 111, 112, 123, 132, 138, 154, 166, 178, 186, 189, 208, 212, 289, 606, M32, N1, N4, N5, N8, N9, N14, N56, N78, N89"},"geometry":{"type":"LineString","coordinates":[[18.645034,54.35392],[18.645068,54.353642],[18.645186,54.353347],[18.645388,54.353054],[18.645738,54.352667],[18.645845,54.352508],[18.646025,54.351707]]}},{"type":"Feature","properties":{"mode":"bus","n":22,"arr":["106","108","111","123","132","154","178","183","189","208","212","289","606","M32","N1","N4","N5","N8","N9","N56","N78","N89"],"lines":"106, 108, 111, 123, 132, 154, 178, 183, 189, 208, 212, 289, 606, M32, N1, N4, N5, N8, N9, N56, N78, N89"},"geometry":{"type":"LineString","coordinates":[[18.64566,54.349847],[18.645631,54.349698]]}},{"type":"Feature","properties":{"mode":"bus","n":18,"arr":["106","108","111","123","132","154","183","189","208","289","M32","N1","N4","N5","N9","N56","N78","N89"],"lines":"106, 108, 111, 123, 132, 154, 183, 189, 208, 289, M32, N1, N4, N5, N9, N56, N78, N89"},"geometry":{"type":"LineString","coordinates":[[18.645631,54.349698],[18.645587,54.349486],[18.64515,54.348385],[18.645075,54.34809],[18.645058,54.347615],[18.645275,54.346441],[18.645315,54.346019],[18.645227,54.345135]]}},{"type":"Feature","properties":{"mode":"bus","n":17,"arr":["106","108","111","132","154","183","189","208","289","M32","N1","N4","N5","N9","N56","N78","N89"],"lines":"106, 108, 111, 132, 154, 183, 189, 208, 289, M32, N1, N4, N5, N9, N56, N78, N89"},"geometry":{"type":"LineString","coordinates":[[18.645227,54.345135],[18.645211,54.344966]]}},{"type":"Feature","properties":{"mode":"bus","n":6,"arr":["106","111","123","183","N9","N78"],"lines":"106, 111, 123, 183, N9, N78"},"geometry":{"type":"LineString","coordinates":[[18.645227,54.345135],[18.645713,54.345125]]}},{"type":"Feature","properties":{"mode":"bus","n":13,"arr":["106","111","112","138","166","178","186","212","606","T8","N8","N9","N78"],"lines":"106, 111, 112, 138, 166, 178, 186, 212, 606, T8, N8, N9, N78"},"geometry":{"type":"LineString","coordinates":[[18.66322,54.344378],[18.663731,54.344395],[18.664134,54.344456],[18.666964,54.345056],[18.667531,54.345223],[18.668027,54.345447],[18.668316,54.345634],[18.668561,54.345843],[18.66885,54.346203],[18.669597,54.347672],[18.669837,54.348232]]}},{"type":"Feature","properties":{"mode":"bus","n":13,"arr":["106","111","112","138","166","178","186","212","606","T8","N8","N9","N78"],"lines":"106, 111, 112, 138, 166, 178, 186, 212, 606, T8, N8, N9, N78"},"geometry":{"type":"LineString","coordinates":[[18.663345,54.344639],[18.662599,54.344644],[18.662131,54.344693],[18.659103,54.345183],[18.657417,54.345509],[18.655438,54.345781],[18.654268,54.34597],[18.653558,54.346121],[18.651268,54.346764],[18.648892,54.347363],[18.64784,54.347558],[18.645671,54.347727]]}},{"type":"Feature","properties":{"mode":"bus","n":13,"arr":["106","111","112","138","166","178","186","212","606","T8","N8","N9","N78"],"lines":"106, 111, 112, 138, 166, 178, 186, 212, 606, T8, N8, N9, N78"},"geometry":{"type":"LineString","coordinates":[[18.675533,54.349152],[18.677888,54.349193],[18.683194,54.348959]]}},{"type":"Feature","properties":{"mode":"bus","n":13,"arr":["106","111","112","138","166","178","186","212","606","T8","N8","N9","N78"],"lines":"106, 111, 112, 138, 166, 178, 186, 212, 606, T8, N8, N9, N78"},"geometry":{"type":"LineString","coordinates":[[18.683207,54.349065],[18.677981,54.349311],[18.676873,54.349335],[18.675482,54.349312]]}},{"type":"Feature","properties":{"mode":"bus","n":12,"arr":["106","111","112","138","166","178","186","212","606","N8","N9","N78"],"lines":"106, 111, 112, 138, 166, 178, 186, 212, 606, N8, N9, N78"},"geometry":{"type":"LineString","coordinates":[[18.669837,54.348232],[18.670001,54.348301],[18.67037,54.348554],[18.671077,54.348709],[18.67394,54.349069],[18.674571,54.349119],[18.675533,54.349152]]}},{"type":"Feature","properties":{"mode":"bus","n":12,"arr":["106","111","112","138","166","178","186","212","606","N8","N9","N78"],"lines":"106, 111, 112, 138, 166, 178, 186, 212, 606, N8, N9, N78"},"geometry":{"type":"LineString","coordinates":[[18.675482,54.349312],[18.674177,54.349216]]}},{"type":"Feature","properties":{"mode":"bus","n":11,"arr":["106","111","112","138","166","186","212","606","T8","N8","N9"],"lines":"106, 111, 112, 138, 166, 186, 212, 606, T8, N8, N9"},"geometry":{"type":"LineString","coordinates":[[18.683194,54.348959],[18.685716,54.348859],[18.68974,54.348842],[18.690907,54.34887],[18.693268,54.349152],[18.695526,54.349475],[18.697137,54.349727],[18.699281,54.350131]]}},{"type":"Feature","properties":{"mode":"bus","n":11,"arr":["106","111","112","138","166","186","212","606","T8","N8","N9"],"lines":"106, 111, 112, 138, 166, 186, 212, 606, T8, N8, N9"},"geometry":{"type":"LineString","coordinates":[[18.694574,54.349525],[18.692012,54.349094],[18.691406,54.349012],[18.6906,54.348944],[18.689713,54.348928],[18.686644,54.348941],[18.684563,54.349],[18.683207,54.349065]]}},{"type":"Feature","properties":{"mode":"bus","n":6,"arr":["106","111","138","606","T8","N8"],"lines":"106, 111, 138, 606, T8, N8"},"geometry":{"type":"LineString","coordinates":[[18.699281,54.350131],[18.699583,54.350065],[18.699702,54.350019],[18.6998,54.349941],[18.6999,54.349679],[18.69989,54.349579],[18.699806,54.349468],[18.699398,54.349253],[18.699221,54.349207],[18.699042,54.349209],[18.698889,54.349248],[18.698655,54.349395],[18.698465,54.350039],[18.698281,54.350372],[18.697019,54.352022],[18.696756,54.352185],[18.696289,54.352859],[18.692773,54.358732]]}},{"type":"Feature","properties":{"mode":"bus","n":6,"arr":["106","111","138","606","T8","N8"],"lines":"106, 111, 138, 606, T8, N8"},"geometry":{"type":"LineString","coordinates":[[18.691539,54.359804],[18.692402,54.358838],[18.692642,54.358707],[18.696235,54.352708],[18.696256,54.352458],[18.696862,54.351017],[18.696888,54.350855],[18.69685,54.350641],[18.69674,54.350452],[18.696573,54.350291],[18.696274,54.350116],[18.696049,54.350027],[18.694988,54.349685],[18.694574,54.349525]]}},{"type":"Feature","properties":{"mode":"bus","n":5,"arr":["106","111","138","T8","N8"],"lines":"106, 111, 138, T8, N8"},"geometry":{"type":"LineString","coordinates":[[18.692773,54.358732],[18.692813,54.358933],[18.692569,54.35968],[18.692402,54.360052],[18.692214,54.360324]]}},{"type":"Feature","properties":{"mode":"bus","n":6,"arr":["106","111","138","911","T8","N8"],"lines":"106, 111, 138, 911, T8, N8"},"geometry":{"type":"LineString","coordinates":[[18.691364,54.360085],[18.692214,54.360324]]}},{"type":"Feature","properties":{"mode":"bus","n":8,"arr":["106","111","138","158","258","911","T8","N8"],"lines":"106, 111, 138, 158, 258, 911, T8, N8"},"geometry":{"type":"LineString","coordinates":[[18.691364,54.360085],[18.689938,54.359667]]}},{"type":"Feature","properties":{"mode":"bus","n":8,"arr":["106","111","138","158","258","911","T8","N8"],"lines":"106, 111, 138, 158, 258, 911, T8, N8"},"geometry":{"type":"LineString","coordinates":[[18.690045,54.359505],[18.691539,54.359804]]}},{"type":"Feature","properties":{"mode":"bus","n":5,"arr":["106","111","138","911","N8"],"lines":"106, 111, 138, 911, N8"},"geometry":{"type":"LineString","coordinates":[[18.689938,54.359667],[18.689368,54.359495],[18.689204,54.359393]]}},{"type":"Feature","properties":{"mode":"bus","n":5,"arr":["106","111","138","911","N8"],"lines":"106, 111, 138, 911, N8"},"geometry":{"type":"LineString","coordinates":[[18.679845,54.357089],[18.680616,54.356786],[18.680727,54.356711],[18.680808,54.356593],[18.680822,54.35658],[18.680839,54.356572],[18.680861,54.356571],[18.680886,54.356576],[18.681227,54.356675],[18.681563,54.356813],[18.68255,54.357369],[18.682839,54.357458],[18.683125,54.357459],[18.684879,54.35719],[18.685015,54.357181],[18.68529,54.357207],[18.685538,54.357289],[18.687606,54.358352],[18.688594,54.359103],[18.688924,54.359284],[18.689204,54.359393],[18.689623,54.359421],[18.690045,54.359505]]}},{"type":"Feature","properties":{"mode":"bus","n":6,"arr":["106","158","258","911","T8","N8"],"lines":"106, 158, 258, 911, T8, N8"},"geometry":{"type":"LineString","coordinates":[[18.692402,54.360052],[18.691539,54.359804]]}},{"type":"Feature","properties":{"mode":"bus","n":5,"arr":["106","138","158","258","606"],"lines":"106, 138, 158, 258, 606"},"geometry":{"type":"LineString","coordinates":[[18.679752,54.378241],[18.679911,54.378095],[18.680424,54.377909],[18.681069,54.377582],[18.681951,54.377012],[18.682406,54.376648],[18.682818,54.376257],[18.683171,54.375859],[18.683548,54.375333]]}},{"type":"Feature","properties":{"mode":"bus","n":5,"arr":["106","138","158","258","606"],"lines":"106, 138, 158, 258, 606"},"geometry":{"type":"LineString","coordinates":[[18.682487,54.374774],[18.682663,54.374877],[18.682717,54.374957],[18.682732,54.375222],[18.679877,54.377132],[18.679595,54.377434],[18.679378,54.37787],[18.679149,54.377998]]}},{"type":"Feature","properties":{"mode":"bus","n":11,"arr":["106","111","112","138","166","178","186","212","N8","N9","N78"],"lines":"106, 111, 112, 138, 166, 178, 186, 212, N8, N9, N78"},"geometry":{"type":"LineString","coordinates":[[18.674177,54.349216],[18.673678,54.349221],[18.669646,54.348729]]}},{"type":"Feature","properties":{"mode":"bus","n":23,"arr":["106","108","111","112","123","130","132","138","154","166","167","178","184","186","189","199","208","210","212","267","289","606","N6"],"lines":"106, 108, 111, 112, 123, 130, 132, 138, 154, 166, 167, 178, 184, 186, 189, 199, 208, 210, 212, 267, 289, 606, N6"},"geometry":{"type":"LineString","coordinates":[[18.646519,54.357619],[18.647025,54.358062],[18.647612,54.358833],[18.647841,54.359006],[18.648219,54.359179]]}},{"type":"Feature","properties":{"mode":"bus","n":22,"arr":["106","108","111","112","123","130","132","138","154","166","167","178","184","186","189","199","210","212","267","289","606","N6"],"lines":"106, 108, 111, 112, 123, 130, 132, 138, 154, 166, 167, 178, 184, 186, 189, 199, 210, 212, 267, 289, 606, N6"},"geometry":{"type":"LineString","coordinates":[[18.648219,54.359179],[18.648332,54.359243],[18.648442,54.35935],[18.648508,54.359616]]}},{"type":"Feature","properties":{"mode":"bus","n":22,"arr":["106","108","111","112","123","130","132","138","154","166","167","178","184","186","189","199","210","212","267","289","606","N6"],"lines":"106, 108, 111, 112, 123, 130, 132, 138, 154, 166, 167, 178, 184, 186, 189, 199, 210, 212, 267, 289, 606, N6"},"geometry":{"type":"LineString","coordinates":[[18.647176,54.360755],[18.648368,54.359739]]}},{"type":"Feature","properties":{"mode":"bus","n":19,"arr":["108","111","112","123","132","138","154","166","167","178","184","186","189","199","210","212","267","289","606"],"lines":"108, 111, 112, 123, 132, 138, 154, 166, 167, 178, 184, 186, 189, 199, 210, 212, 267, 289, 606"},"geometry":{"type":"LineString","coordinates":[[18.64606,54.361402],[18.645247,54.361782],[18.645214,54.361884],[18.645236,54.361995],[18.645374,54.362061]]}},{"type":"Feature","properties":{"mode":"bus","n":18,"arr":["108","111","112","123","132","138","154","166","167","178","184","186","189","199","210","212","289","606"],"lines":"108, 111, 112, 123, 132, 138, 154, 166, 167, 178, 184, 186, 189, 199, 210, 212, 289, 606"},"geometry":{"type":"LineString","coordinates":[[18.646428,54.361409],[18.64606,54.361402]]}},{"type":"Feature","properties":{"mode":"bus","n":20,"arr":["108","111","112","123","132","138","154","166","167","178","184","186","189","199","210","212","267","289","606","N6"],"lines":"108, 111, 112, 123, 132, 138, 154, 166, 167, 178, 184, 186, 189, 199, 210, 212, 267, 289, 606, N6"},"geometry":{"type":"LineString","coordinates":[[18.645374,54.362061],[18.646041,54.361719],[18.646307,54.361519],[18.646737,54.361109],[18.647176,54.360755]]}},{"type":"Feature","properties":{"mode":"bus","n":19,"arr":["108","111","112","123","132","138","154","166","167","178","184","186","189","199","210","212","289","606","N6"],"lines":"108, 111, 112, 123, 132, 138, 154, 166, 167, 178, 184, 186, 189, 199, 210, 212, 289, 606, N6"},"geometry":{"type":"LineString","coordinates":[[18.647866,54.360144],[18.647919,54.359932],[18.647894,54.359751]]}},{"type":"Feature","properties":{"mode":"bus","n":12,"arr":["108","132","154","189","208","289","M32","N1","N4","N5","N56","N89"],"lines":"108, 132, 154, 189, 208, 289, M32, N1, N4, N5, N56, N89"},"geometry":{"type":"LineString","coordinates":[[18.645211,54.344966],[18.645167,54.344531],[18.645087,54.344217],[18.644954,54.343955],[18.644802,54.34375],[18.644576,54.343525],[18.642878,54.342196]]}},{"type":"Feature","properties":{"mode":"bus","n":12,"arr":["108","132","154","189","208","289","M32","N1","N4","N5","N56","N89"],"lines":"108, 132, 154, 189, 208, 289, M32, N1, N4, N5, N56, N89"},"geometry":{"type":"LineString","coordinates":[[18.64303,54.34215],[18.644857,54.343612],[18.645058,54.343867],[18.64522,54.344168],[18.645283,54.344357],[18.645369,54.344914]]}},{"type":"Feature","properties":{"mode":"bus","n":5,"arr":["108","208","227","N4","N14"],"lines":"108, 208, 227, N4, N14"},"geometry":{"type":"LineString","coordinates":[[18.617918,54.338273],[18.616392,54.338073]]}},{"type":"Feature","properties":{"mode":"bus","n":5,"arr":["108","208","227","N4","N14"],"lines":"108, 208, 227, N4, N14"},"geometry":{"type":"LineString","coordinates":[[18.610903,54.338282],[18.616604,54.338057],[18.616913,54.338061],[18.618232,54.338201],[18.618989,54.338179]]}},{"type":"Feature","properties":{"mode":"bus","n":13,"arr":["108","123","132","154","189","208","289","M32","N1","N4","N5","N56","N89"],"lines":"108, 123, 132, 154, 189, 208, 289, M32, N1, N4, N5, N56, N89"},"geometry":{"type":"LineString","coordinates":[[18.645369,54.344914],[18.645404,54.345132]]}},{"type":"Feature","properties":{"mode":"bus","n":14,"arr":["108","123","132","154","183","189","208","289","M32","N1","N4","N5","N56","N89"],"lines":"108, 123, 132, 154, 183, 189, 208, 289, M32, N1, N4, N5, N56, N89"},"geometry":{"type":"LineString","coordinates":[[18.645404,54.345132],[18.645497,54.346042],[18.645378,54.346677],[18.645364,54.347185],[18.645489,54.347849],[18.645862,54.349306]]}},{"type":"Feature","properties":{"mode":"bus","n":12,"arr":["110","116","126","136","149","157","158","162","258","262","N2","N3"],"lines":"110, 116, 126, 136, 149, 157, 158, 162, 258, 262, N2, N3"},"geometry":{"type":"LineString","coordinates":[[18.604293,54.381631],[18.603712,54.381941],[18.603537,54.381982]]}},{"type":"Feature","properties":{"mode":"bus","n":12,"arr":["110","115","116","126","136","149","157","162","168","183","262","N3"],"lines":"110, 115, 116, 126, 136, 149, 157, 162, 168, 183, 262, N3"},"geometry":{"type":"LineString","coordinates":[[18.604293,54.381631],[18.60371,54.381206]]}},{"type":"Feature","properties":{"mode":"bus","n":14,"arr":["110","115","116","126","136","149","157","162","168","183","199","262","N2","N3"],"lines":"110, 115, 116, 126, 136, 149, 157, 162, 168, 183, 199, 262, N2, N3"},"geometry":{"type":"LineString","coordinates":[[18.60371,54.381206],[18.603913,54.381136]]}},{"type":"Feature","properties":{"mode":"bus","n":7,"arr":["110","116","126","136","149","157","N3"],"lines":"110, 116, 126, 136, 149, 157, N3"},"geometry":{"type":"LineString","coordinates":[[18.604679,54.381464],[18.604151,54.381138],[18.604104,54.38112],[18.604049,54.381119],[18.603913,54.381136]]}},{"type":"Feature","properties":{"mode":"bus","n":14,"arr":["110","115","116","124","126","136","149","157","162","168","183","199","262","N3"],"lines":"110, 115, 116, 124, 126, 136, 149, 157, 162, 168, 183, 199, 262, N3"},"geometry":{"type":"LineString","coordinates":[[18.604679,54.381464],[18.604533,54.381527]]}},{"type":"Feature","properties":{"mode":"bus","n":13,"arr":["110","115","116","126","136","149","157","158","168","183","258","N2","N3"],"lines":"110, 115, 116, 126, 136, 149, 157, 158, 168, 183, 258, N2, N3"},"geometry":{"type":"LineString","coordinates":[[18.604293,54.381631],[18.604533,54.381527]]}},{"type":"Feature","properties":{"mode":"bus","n":10,"arr":["110","116","126","127","136","149","157","227","N2","N3"],"lines":"110, 116, 126, 127, 136, 149, 157, 227, N2, N3"},"geometry":{"type":"LineString","coordinates":[[18.59879,54.383341],[18.597662,54.382541]]}},{"type":"Feature","properties":{"mode":"bus","n":8,"arr":["110","116","126","136","149","157","227","N3"],"lines":"110, 116, 126, 136, 149, 157, 227, N3"},"geometry":{"type":"LineString","coordinates":[[18.597662,54.382541],[18.596729,54.381978],[18.596101,54.381713],[18.595155,54.381425],[18.5933,54.380993],[18.592604,54.380867],[18.591434,54.380707],[18.591153,54.380644],[18.590832,54.380546],[18.590443,54.380373],[18.588995,54.379668]]}},{"type":"Feature","properties":{"mode":"bus","n":8,"arr":["110","116","126","136","149","157","227","N3"],"lines":"110, 116, 126, 136, 149, 157, 227, N3"},"geometry":{"type":"LineString","coordinates":[[18.589122,54.379323],[18.589516,54.379515],[18.590486,54.380236],[18.590824,54.380412],[18.591149,54.380532],[18.591677,54.380651],[18.593064,54.380851],[18.595225,54.38135],[18.595448,54.381361],[18.596209,54.381548],[18.597168,54.381897],[18.597968,54.382248]]}},{"type":"Feature","properties":{"mode":"bus","n":5,"arr":["110","126","157","227","N3"],"lines":"110, 126, 157, 227, N3"},"geometry":{"type":"LineString","coordinates":[[18.588995,54.379668],[18.588046,54.379222],[18.587491,54.379033],[18.58581,54.378674],[18.58402,54.378397],[18.58289,54.378272],[18.581667,54.378182],[18.578356,54.37807],[18.577335,54.378007],[18.576463,54.37792],[18.57358,54.377549]]}},{"type":"Feature","properties":{"mode":"bus","n":5,"arr":["110","126","157","227","N3"],"lines":"110, 126, 157, 227, N3"},"geometry":{"type":"LineString","coordinates":[[18.573618,54.377442],[18.576631,54.377824],[18.577388,54.377896],[18.578164,54.377952],[18.581978,54.378092],[18.583903,54.37827],[18.585822,54.378564],[18.588666,54.379186],[18.589122,54.379323]]}},{"type":"Feature","properties":{"mode":"bus","n":7,"arr":["110","116","126","136","157","227","N3"],"lines":"110, 116, 126, 136, 157, 227, N3"},"geometry":{"type":"LineString","coordinates":[[18.57358,54.377549],[18.573141,54.377471],[18.572366,54.377278],[18.571901,54.377115],[18.571425,54.376909],[18.571009,54.37669],[18.570059,54.376049],[18.56827,54.374938],[18.567481,54.374352]]}},{"type":"Feature","properties":{"mode":"bus","n":7,"arr":["110","116","126","136","157","227","N3"],"lines":"110, 116, 126, 136, 157, 227, N3"},"geometry":{"type":"LineString","coordinates":[[18.568045,54.374116],[18.568427,54.374437],[18.569124,54.375159],[18.569325,54.37533],[18.570485,54.376158],[18.571311,54.376687],[18.571819,54.376946],[18.572182,54.377092],[18.572873,54.377298],[18.573618,54.377442]]}},{"type":"Feature","properties":{"mode":"bus","n":5,"arr":["110","126","157","210","N3"],"lines":"110, 126, 157, 210, N3"},"geometry":{"type":"LineString","coordinates":[[18.56714,54.37409],[18.565925,54.373187],[18.564285,54.372056],[18.563669,54.371725],[18.562775,54.371389],[18.55976,54.370407],[18.559131,54.370284],[18.558643,54.370254],[18.55839,54.370264],[18.557881,54.370329],[18.557568,54.370397],[18.555622,54.370954],[18.554293,54.37144],[18.5532,54.372045],[18.552685,54.372231],[18.552289,54.372314],[18.551774,54.37236],[18.551334,54.372353],[18.549819,54.372163],[18.549167,54.372123],[18.548622,54.372156],[18.547604,54.372373],[18.547229,54.372432],[18.546818,54.372448],[18.546376,54.372436],[18.544858,54.372255],[18.544331,54.372228],[18.544072,54.37223],[18.543417,54.372284],[18.542698,54.372421],[18.542108,54.372613],[18.541555,54.372878],[18.54127,54.373061],[18.539576,54.374351],[18.539135,54.374589],[18.537714,54.375078],[18.535407,54.37582],[18.53502,54.375907],[18.532719,54.376304],[18.531731,54.376369],[18.524369,54.376482],[18.522622,54.376543],[18.521021,54.376545],[18.518283,54.376503],[18.517164,54.376423],[18.514365,54.376174],[18.512878,54.376144],[18.51171,54.376224],[18.508508,54.376612]]}},{"type":"Feature","properties":{"mode":"bus","n":5,"arr":["110","126","157","210","N3"],"lines":"110, 126, 157, 210, N3"},"geometry":{"type":"LineString","coordinates":[[18.508468,54.376509],[18.511338,54.376159],[18.511971,54.376096],[18.51286,54.376045],[18.513823,54.376043],[18.514427,54.376067],[18.517751,54.376374],[18.518753,54.376429],[18.519637,54.376414],[18.520448,54.376351],[18.521836,54.376195]]}},{"type":"Feature","properties":{"mode":"bus","n":5,"arr":["110","126","157","210","N3"],"lines":"110, 126, 157, 210, N3"},"geometry":{"type":"LineString","coordinates":[[18.522361,54.376149],[18.523183,54.376138],[18.528006,54.376328],[18.528593,54.376331],[18.532026,54.37627],[18.532577,54.376229],[18.533014,54.376169],[18.535352,54.375737],[18.538901,54.374572],[18.539422,54.374314],[18.541116,54.373026],[18.541435,54.37281],[18.541988,54.372523],[18.542617,54.372308],[18.543278,54.372179],[18.543631,54.372139],[18.54425,54.372122],[18.544939,54.372167],[18.546251,54.372335],[18.546911,54.37236],[18.547312,54.372329],[18.54765,54.372272],[18.54846,54.372091],[18.54925,54.372033],[18.549926,54.372084],[18.551335,54.372263],[18.551715,54.372272],[18.55215,54.372241],[18.552447,54.372193],[18.552899,54.372067],[18.553361,54.371846],[18.554182,54.371376],[18.554605,54.371206],[18.55572,54.370819],[18.557717,54.370261],[18.558143,54.370189],[18.558588,54.370155],[18.559159,54.370181],[18.559795,54.370297],[18.56342,54.371483],[18.564089,54.371773],[18.564443,54.371974],[18.565861,54.372979],[18.567695,54.373892]]}},{"type":"Feature","properties":{"mode":"bus","n":11,"arr":["110","116","126","136","149","157","158","199","227","258","N3"],"lines":"110, 116, 126, 136, 149, 157, 158, 199, 227, 258, N3"},"geometry":{"type":"LineString","coordinates":[[18.597968,54.382248],[18.598131,54.382365]]}},{"type":"Feature","properties":{"mode":"bus","n":12,"arr":["110","116","126","136","149","157","158","199","227","258","262","N3"],"lines":"110, 116, 126, 136, 149, 157, 158, 199, 227, 258, 262, N3"},"geometry":{"type":"LineString","coordinates":[[18.598131,54.382365],[18.598408,54.382653]]}},{"type":"Feature","properties":{"mode":"bus","n":16,"arr":["110","116","124","126","127","136","149","157","158","162","199","227","258","262","N2","N3"],"lines":"110, 116, 124, 126, 127, 136, 149, 157, 158, 162, 199, 227, 258, 262, N2, N3"},"geometry":{"type":"LineString","coordinates":[[18.598613,54.382888],[18.598408,54.382653]]}},{"type":"Feature","properties":{"mode":"bus","n":11,"arr":["110","116","126","136","157","158","162","258","262","N2","N3"],"lines":"110, 116, 126, 136, 157, 158, 162, 258, 262, N2, N3"},"geometry":{"type":"LineString","coordinates":[[18.600111,54.38358],[18.599811,54.383478]]}},{"type":"Feature","properties":{"mode":"bus","n":6,"arr":["111","158","258","911","T8","N8"],"lines":"111, 158, 258, 911, T8, N8"},"geometry":{"type":"LineString","coordinates":[[18.692214,54.360324],[18.692745,54.360479],[18.6937,54.360872],[18.697305,54.362458],[18.698842,54.363161],[18.699276,54.363305],[18.699736,54.363385],[18.700099,54.363399],[18.700671,54.363357],[18.702482,54.363141],[18.70397,54.362991],[18.704564,54.362912],[18.704887,54.36284],[18.705385,54.362639],[18.705736,54.362439],[18.708683,54.360694],[18.708861,54.36054],[18.709117,54.360501],[18.709348,54.360507],[18.709499,54.360534],[18.710726,54.36091],[18.711393,54.361059],[18.715054,54.361456],[18.715214,54.361505],[18.71522,54.361506],[18.715225,54.361506],[18.71523,54.361503],[18.715244,54.361495]]}},{"type":"Feature","properties":{"mode":"bus","n":5,"arr":["112","138","166","186","T8"],"lines":"112, 138, 166, 186, T8"},"geometry":{"type":"LineString","coordinates":[[18.645647,54.347422],[18.647666,54.347313],[18.648084,54.347257],[18.649119,54.347046],[18.649348,54.347034]]}},{"type":"Feature","properties":{"mode":"bus","n":9,"arr":["112","138","166","178","186","212","606","T8","N8"],"lines":"112, 138, 166, 178, 186, 212, 606, T8, N8"},"geometry":{"type":"LineString","coordinates":[[18.649348,54.347034],[18.651871,54.34636],[18.653318,54.345997],[18.655371,54.345644],[18.656862,54.345359],[18.65904,54.345053],[18.662852,54.34441],[18.66322,54.344378]]}},{"type":"Feature","properties":{"mode":"bus","n":9,"arr":["112","138","166","178","186","212","606","T8","N8"],"lines":"112, 138, 166, 178, 186, 212, 606, T8, N8"},"geometry":{"type":"LineString","coordinates":[[18.668586,54.346297],[18.6683,54.345934],[18.668077,54.345749],[18.667699,54.345515],[18.667216,54.345308],[18.666668,54.345161],[18.665251,54.344901],[18.663501,54.344648]]}},{"type":"Feature","properties":{"mode":"bus","n":5,"arr":["112","166","186","212","N9"],"lines":"112, 166, 186, 212, N9"},"geometry":{"type":"LineString","coordinates":[[18.699281,54.350131],[18.70703,54.351975],[18.707447,54.352045],[18.707727,54.352061],[18.708135,54.352052],[18.70853,54.351996]]}},{"type":"Feature","properties":{"mode":"bus","n":5,"arr":["112","166","186","212","N9"],"lines":"112, 166, 186, 212, N9"},"geometry":{"type":"LineString","coordinates":[[18.709371,54.352326],[18.708535,54.352288],[18.708398,54.352265],[18.708174,54.35217],[18.707679,54.352175],[18.707247,54.352122],[18.700494,54.350549],[18.699684,54.350392],[18.694574,54.349525]]}},{"type":"Feature","properties":{"mode":"bus","n":8,"arr":["112","138","166","178","186","212","T8","N8"],"lines":"112, 138, 166, 178, 186, 212, T8, N8"},"geometry":{"type":"LineString","coordinates":[[18.669646,54.348729],[18.66932,54.34834],[18.66908,54.347993],[18.668624,54.346553],[18.668586,54.346297]]}},{"type":"Feature","properties":{"mode":"bus","n":10,"arr":["112","138","166","178","186","212","606","T8","N8","N9"],"lines":"112, 138, 166, 178, 186, 212, 606, T8, N8, N9"},"geometry":{"type":"LineString","coordinates":[[18.663501,54.344648],[18.663345,54.344639]]}},{"type":"Feature","properties":{"mode":"bus","n":5,"arr":["113","176","213","N4","N14"],"lines":"113, 176, 213, N4, N14"},"geometry":{"type":"LineString","coordinates":[[18.581011,54.305204],[18.581626,54.306187]]}},{"type":"Feature","properties":{"mode":"bus","n":6,"arr":["113","175","176","213","N2","N14"],"lines":"113, 175, 176, 213, N2, N14"},"geometry":{"type":"LineString","coordinates":[[18.593591,54.319788],[18.593624,54.319706],[18.59421,54.319108],[18.59456,54.318697],[18.594858,54.318256],[18.594842,54.3182],[18.594662,54.318065],[18.593885,54.317731],[18.593665,54.317596],[18.593579,54.317505],[18.593514,54.31731],[18.593591,54.316387]]}},{"type":"Feature","properties":{"mode":"bus","n":13,"arr":["113","155","175","176","213","255","256","262","295","N1","N2","N14","N56"],"lines":"113, 155, 175, 176, 213, 255, 256, 262, 295, N1, N2, N14, N56"},"geometry":{"type":"LineString","coordinates":[[18.604763,54.323137],[18.604594,54.323035],[18.604371,54.322996],[18.604228,54.322997],[18.60403,54.323041],[18.603469,54.323252],[18.603259,54.323286],[18.603202,54.323288],[18.60315,54.323274],[18.600994,54.3223],[18.598137,54.321062],[18.597283,54.32081],[18.595607,54.320433],[18.593591,54.319788]]}},{"type":"Feature","properties":{"mode":"bus","n":12,"arr":["113","155","175","176","213","255","256","262","295","N2","N14","N56"],"lines":"113, 155, 175, 176, 213, 255, 256, 262, 295, N2, N14, N56"},"geometry":{"type":"LineString","coordinates":[[18.604014,54.32366],[18.603199,54.323296]]}},{"type":"Feature","properties":{"mode":"bus","n":14,"arr":["113","120","155","162","175","176","195","208","213","255","256","262","295","N2"],"lines":"113, 120, 155, 162, 175, 176, 195, 208, 213, 255, 256, 262, 295, N2"},"geometry":{"type":"LineString","coordinates":[[18.604763,54.323137],[18.605149,54.322904],[18.605236,54.322617],[18.605339,54.322548],[18.605539,54.322533],[18.606416,54.322731],[18.60652,54.322796],[18.606527,54.322924],[18.605916,54.323545],[18.605723,54.323662],[18.605268,54.323825]]}},{"type":"Feature","properties":{"mode":"bus","n":5,"arr":["113","162","195","N1","N56"],"lines":"113, 162, 195, N1, N56"},"geometry":{"type":"LineString","coordinates":[[18.605268,54.323825],[18.605779,54.324487],[18.606215,54.324834],[18.606958,54.325221],[18.607084,54.325326],[18.609885,54.326923]]}},{"type":"Feature","properties":{"mode":"bus","n":5,"arr":["113","162","195","N1","N56"],"lines":"113, 162, 195, N1, N56"},"geometry":{"type":"LineString","coordinates":[[18.610247,54.327044],[18.609939,54.326941],[18.609923,54.326936],[18.609913,54.326934],[18.609908,54.326935],[18.609907,54.326938],[18.609912,54.326944],[18.609922,54.326952],[18.610132,54.327115]]}},{"type":"Feature","properties":{"mode":"bus","n":7,"arr":["113","132","189","289","M32","N5","N89"],"lines":"113, 132, 189, 289, M32, N5, N89"},"geometry":{"type":"LineString","coordinates":[[18.634097,54.330331],[18.634137,54.329869],[18.634101,54.329367],[18.633636,54.327951],[18.63364,54.327767]]}},{"type":"Feature","properties":{"mode":"bus","n":7,"arr":["113","132","189","289","M32","N5","N89"],"lines":"113, 132, 189, 289, M32, N5, N89"},"geometry":{"type":"LineString","coordinates":[[18.633164,54.326679],[18.633034,54.326538],[18.632467,54.325432],[18.631852,54.323952]]}},{"type":"Feature","properties":{"mode":"bus","n":7,"arr":["113","132","189","289","M32","N5","N89"],"lines":"113, 132, 189, 289, M32, N5, N89"},"geometry":{"type":"LineString","coordinates":[[18.631024,54.322353],[18.631177,54.322642],[18.631651,54.323306],[18.631982,54.323834],[18.633159,54.326518],[18.633164,54.326679],[18.63364,54.327767],[18.63377,54.327934],[18.633979,54.328425],[18.634126,54.328808],[18.634278,54.329361],[18.634313,54.329789],[18.634279,54.330305]]}},{"type":"Feature","properties":{"mode":"bus","n":13,"arr":["113","155","162","175","176","195","213","255","256","262","295","N2","N56"],"lines":"113, 155, 162, 175, 176, 195, 213, 255, 256, 262, 295, N2, N56"},"geometry":{"type":"LineString","coordinates":[[18.604014,54.32366],[18.604235,54.323783],[18.60451,54.324084]]}},{"type":"Feature","properties":{"mode":"bus","n":8,"arr":["113","120","162","175","195","208","262","N2"],"lines":"113, 120, 162, 175, 195, 208, 262, N2"},"geometry":{"type":"LineString","coordinates":[[18.604014,54.32366],[18.604763,54.323137]]}},{"type":"Feature","properties":{"mode":"bus","n":14,"arr":["113","120","155","162","175","176","208","213","255","256","262","295","N2","N14"],"lines":"113, 120, 155, 162, 175, 176, 208, 213, 255, 256, 262, 295, N2, N14"},"geometry":{"type":"LineString","coordinates":[[18.60451,54.324084],[18.605268,54.323825]]}},{"type":"Feature","properties":{"mode":"bus","n":5,"arr":["115","155","156","174","N4"],"lines":"115, 155, 156, 174, N4"},"geometry":{"type":"LineString","coordinates":[[18.548823,54.324964],[18.549853,54.325765],[18.550359,54.326296],[18.551587,54.327903],[18.551743,54.328212],[18.551827,54.328623]]}},{"type":"Feature","properties":{"mode":"bus","n":6,"arr":["115","120","155","156","174","N4"],"lines":"115, 120, 155, 156, 174, N4"},"geometry":{"type":"LineString","coordinates":[[18.551827,54.328623],[18.553308,54.32901],[18.553612,54.329162],[18.55493,54.330004],[18.556005,54.330503],[18.55723,54.330917],[18.557938,54.330987]]}},{"type":"Feature","properties":{"mode":"bus","n":5,"arr":["115","120","156","174","N4"],"lines":"115, 120, 156, 174, N4"},"geometry":{"type":"LineString","coordinates":[[18.557938,54.330987],[18.559722,54.331063],[18.560512,54.331137],[18.565721,54.332031],[18.567197,54.332142],[18.568074,54.332181],[18.56903,54.332185],[18.569663,54.332156]]}},{"type":"Feature","properties":{"mode":"bus","n":5,"arr":["115","120","156","174","N4"],"lines":"115, 120, 156, 174, N4"},"geometry":{"type":"LineString","coordinates":[[18.569643,54.332019],[18.568696,54.332061],[18.567543,54.332036],[18.567486,54.332042],[18.567439,54.332061],[18.567301,54.332148]]}},{"type":"Feature","properties":{"mode":"bus","n":5,"arr":["115","118","120","156","174"],"lines":"115, 118, 120, 156, 174"},"geometry":{"type":"LineString","coordinates":[[18.572334,54.3318],[18.571802,54.331827],[18.569868,54.332001]]}},{"type":"Feature","properties":{"mode":"bus","n":5,"arr":["115","118","120","156","174"],"lines":"115, 118, 120, 156, 174"},"geometry":{"type":"LineString","coordinates":[[18.57242,54.331397],[18.570077,54.331478],[18.569761,54.331467]]}},{"type":"Feature","properties":{"mode":"bus","n":6,"arr":["115","120","156","174","N2","N4"],"lines":"115, 120, 156, 174, N2, N4"},"geometry":{"type":"LineString","coordinates":[[18.570016,54.328893],[18.570134,54.32947],[18.570162,54.330063],[18.57004,54.33066],[18.569761,54.331467]]}},{"type":"Feature","properties":{"mode":"bus","n":6,"arr":["115","120","156","174","N2","N4"],"lines":"115, 120, 156, 174, N2, N4"},"geometry":{"type":"LineString","coordinates":[[18.569908,54.332135],[18.569868,54.332001]]}},{"type":"Feature","properties":{"mode":"bus","n":5,"arr":["115","120","174","N2","N4"],"lines":"115, 120, 174, N2, N4"},"geometry":{"type":"LineString","coordinates":[[18.581826,54.328486],[18.581421,54.328383],[18.581089,54.328347],[18.576203,54.328415],[18.574036,54.328552],[18.570016,54.328893]]}},{"type":"Feature","properties":{"mode":"bus","n":5,"arr":["115","120","174","N2","N4"],"lines":"115, 120, 174, N2, N4"},"geometry":{"type":"LineString","coordinates":[[18.591884,54.334174],[18.591766,54.334151],[18.589435,54.332774],[18.589048,54.332637],[18.588865,54.332606],[18.588581,54.332599],[18.587768,54.332689],[18.587216,54.332698],[18.585005,54.332664]]}},{"type":"Feature","properties":{"mode":"bus","n":6,"arr":["115","118","120","174","N2","N4"],"lines":"115, 118, 120, 174, N2, N4"},"geometry":{"type":"LineString","coordinates":[[18.585005,54.332664],[18.584897,54.329973],[18.584871,54.329567],[18.584807,54.329459],[18.584676,54.329346],[18.584491,54.329263],[18.581826,54.328486]]}},{"type":"Feature","properties":{"mode":"bus","n":5,"arr":["115","120","174","175","N2"],"lines":"115, 120, 174, 175, N2"},"geometry":{"type":"LineString","coordinates":[[18.5919,54.334235],[18.591884,54.334174]]}},{"type":"Feature","properties":{"mode":"bus","n":6,"arr":["115","120","174","175","N2","N4"],"lines":"115, 120, 174, 175, N2, N4"},"geometry":{"type":"LineString","coordinates":[[18.591884,54.334174],[18.592796,54.333584],[18.593757,54.332783],[18.593925,54.332581]]}},{"type":"Feature","properties":{"mode":"bus","n":6,"arr":["115","120","174","175","N2","N4"],"lines":"115, 120, 174, 175, N2, N4"},"geometry":{"type":"LineString","coordinates":[[18.595267,54.332865],[18.594181,54.332689],[18.593975,54.332602],[18.59396,54.332595],[18.593953,54.332589],[18.593955,54.332585],[18.593967,54.332583],[18.593987,54.332582],[18.594644,54.332598],[18.595211,54.332564]]}},{"type":"Feature","properties":{"mode":"bus","n":8,"arr":["115","120","162","174","175","N2","N4","N14"],"lines":"115, 120, 162, 174, 175, N2, N4, N14"},"geometry":{"type":"LineString","coordinates":[[18.596003,54.332815],[18.59601,54.332598]]}},{"type":"Feature","properties":{"mode":"bus","n":7,"arr":["115","162","174","195","227","262","N14"],"lines":"115, 162, 174, 195, 227, 262, N14"},"geometry":{"type":"LineString","coordinates":[[18.600857,54.338524],[18.600749,54.338269],[18.600348,54.337752],[18.598924,54.336685]]}},{"type":"Feature","properties":{"mode":"bus","n":7,"arr":["115","162","174","195","227","262","N14"],"lines":"115, 162, 174, 195, 227, 262, N14"},"geometry":{"type":"LineString","coordinates":[[18.600412,54.338719],[18.600045,54.338276],[18.599618,54.337599],[18.598793,54.336923]]}},{"type":"Feature","properties":{"mode":"bus","n":6,"arr":["115","162","174","195","227","262"],"lines":"115, 162, 174, 195, 227, 262"},"geometry":{"type":"LineString","coordinates":[[18.603367,54.347274],[18.603488,54.346948],[18.603514,54.346782],[18.603529,54.346146],[18.60348,54.345705],[18.603342,54.345311],[18.602003,54.342868],[18.601721,54.342229],[18.601519,54.341482],[18.60104,54.339118],[18.600943,54.338704],[18.600857,54.338524]]}},{"type":"Feature","properties":{"mode":"bus","n":6,"arr":["115","162","174","195","227","262"],"lines":"115, 162, 174, 195, 227, 262"},"geometry":{"type":"LineString","coordinates":[[18.602803,54.347116],[18.60322,54.346403],[18.60331,54.345991],[18.603297,54.345666],[18.60313,54.345205],[18.601544,54.342288],[18.601381,54.341754],[18.600988,54.339489],[18.600822,54.339206],[18.600412,54.338719]]}},{"type":"Feature","properties":{"mode":"bus","n":5,"arr":["115","162","195","227","262"],"lines":"115, 162, 195, 227, 262"},"geometry":{"type":"LineString","coordinates":[[18.603367,54.347274],[18.60306,54.347821]]}},{"type":"Feature","properties":{"mode":"bus","n":6,"arr":["115","162","168","195","227","262"],"lines":"115, 162, 168, 195, 227, 262"},"geometry":{"type":"LineString","coordinates":[[18.60306,54.347821],[18.602978,54.347944]]}},{"type":"Feature","properties":{"mode":"bus","n":5,"arr":["115","162","168","227","262"],"lines":"115, 162, 168, 227, 262"},"geometry":{"type":"LineString","coordinates":[[18.602978,54.347944],[18.602728,54.348235],[18.602124,54.348706],[18.601385,54.349095],[18.600482,54.349517],[18.600012,54.349677],[18.599626,54.349775],[18.59667,54.35036]]}},{"type":"Feature","properties":{"mode":"bus","n":5,"arr":["115","162","168","227","262"],"lines":"115, 162, 168, 227, 262"},"geometry":{"type":"LineString","coordinates":[[18.596565,54.350177],[18.599637,54.349537],[18.600181,54.349378],[18.600623,54.349199],[18.601218,54.348913],[18.601674,54.348631],[18.601983,54.348371],[18.602127,54.348198],[18.602527,54.347599]]}},{"type":"Feature","properties":{"mode":"bus","n":7,"arr":["115","130","184","199","210","N6","N16"],"lines":"115, 130, 184, 199, 210, N6, N16"},"geometry":{"type":"LineString","coordinates":[[18.595801,54.355072],[18.59607,54.355082],[18.596204,54.355123]]}},{"type":"Feature","properties":{"mode":"bus","n":7,"arr":["115","130","184","199","210","N6","N16"],"lines":"115, 130, 184, 199, 210, N6, N16"},"geometry":{"type":"LineString","coordinates":[[18.595839,54.355159],[18.596204,54.355123],[18.599594,54.355924],[18.600247,54.356025],[18.601213,54.35604],[18.606972,54.356005]]}},{"type":"Feature","properties":{"mode":"bus","n":7,"arr":["115","130","184","199","210","N6","N16"],"lines":"115, 130, 184, 199, 210, N6, N16"},"geometry":{"type":"LineString","coordinates":[[18.615351,54.355834],[18.617392,54.356149],[18.617758,54.356227],[18.618629,54.356364],[18.618909,54.35642],[18.619155,54.356509],[18.619365,54.356632],[18.61953,54.3568],[18.620057,54.35752],[18.620414,54.357948],[18.620605,54.358102],[18.620874,54.358265],[18.621224,54.358409]]}},{"type":"Feature","properties":{"mode":"bus","n":8,"arr":["115","130","183","184","199","210","N6","N16"],"lines":"115, 130, 183, 184, 199, 210, N6, N16"},"geometry":{"type":"LineString","coordinates":[[18.621361,54.358453],[18.621224,54.358409]]}},{"type":"Feature","properties":{"mode":"bus","n":6,"arr":["130","183","199","210","N6","N16"],"lines":"130, 183, 199, 210, N6, N16"},"geometry":{"type":"LineString","coordinates":[[18.637139,54.351238],[18.636921,54.351681],[18.636734,54.35188],[18.634402,54.353109],[18.630322,54.355875],[18.626363,54.358348],[18.626018,54.358483],[18.625709,54.358565],[18.625287,54.358639],[18.624887,54.358662],[18.622205,54.358585],[18.621818,54.358547],[18.621361,54.358453]]}},{"type":"Feature","properties":{"mode":"bus","n":5,"arr":["115","124","168","183","199"],"lines":"115, 124, 168, 183, 199"},"geometry":{"type":"LineString","coordinates":[[18.615416,54.377914],[18.615234,54.378044],[18.614827,54.378247],[18.612259,54.379192],[18.61198,54.379271],[18.608282,54.380554]]}},{"type":"Feature","properties":{"mode":"bus","n":6,"arr":["115","124","149","168","183","199"],"lines":"115, 124, 149, 168, 183, 199"},"geometry":{"type":"LineString","coordinates":[[18.608282,54.380554],[18.60813,54.380448],[18.607998,54.380398],[18.607771,54.380379],[18.607439,54.380475],[18.607067,54.380624],[18.606846,54.380679]]}},{"type":"Feature","properties":{"mode":"bus","n":8,"arr":["115","124","149","162","168","183","199","262"],"lines":"115, 124, 149, 162, 168, 183, 199, 262"},"geometry":{"type":"LineString","coordinates":[[18.606846,54.380679],[18.605613,54.38109],[18.605468,54.381115],[18.605282,54.381218],[18.604679,54.381464]]}},{"type":"Feature","properties":{"mode":"bus","n":11,"arr":["115","124","149","158","162","168","183","199","258","262","N2"],"lines":"115, 124, 149, 158, 162, 168, 183, 199, 258, 262, N2"},"geometry":{"type":"LineString","coordinates":[[18.604533,54.381527],[18.603913,54.381136]]}},{"type":"Feature","properties":{"mode":"bus","n":6,"arr":["115","162","168","183","199","262"],"lines":"115, 162, 168, 183, 199, 262"},"geometry":{"type":"LineString","coordinates":[[18.607037,54.378024],[18.607222,54.378197],[18.607532,54.378566],[18.607612,54.3787],[18.607632,54.378864],[18.607137,54.380536],[18.606846,54.380679]]}},{"type":"Feature","properties":{"mode":"bus","n":7,"arr":["115","162","168","174","195","227","262"],"lines":"115, 162, 168, 174, 195, 227, 262"},"geometry":{"type":"LineString","coordinates":[[18.602527,54.347599],[18.602803,54.347116]]}},{"type":"Feature","properties":{"mode":"bus","n":7,"arr":["115","118","120","156","174","N2","N4"],"lines":"115, 118, 120, 156, 174, N2, N4"},"geometry":{"type":"LineString","coordinates":[[18.569868,54.332001],[18.569811,54.331583],[18.569761,54.331467]]}},{"type":"Feature","properties":{"mode":"bus","n":6,"arr":["115","118","120","156","174","N4"],"lines":"115, 118, 120, 156, 174, N4"},"geometry":{"type":"LineString","coordinates":[[18.569663,54.332156],[18.569908,54.332135]]}},{"type":"Feature","properties":{"mode":"bus","n":5,"arr":["116","184","210","227","283"],"lines":"116, 184, 210, 227, 283"},"geometry":{"type":"LineString","coordinates":[[18.567695,54.373892],[18.568034,54.373749],[18.568233,54.373615],[18.56836,54.37349],[18.569669,54.371637],[18.57008,54.37115],[18.570901,54.370388],[18.571023,54.370223],[18.571104,54.369975],[18.57109,54.369282],[18.571537,54.367312]]}},{"type":"Feature","properties":{"mode":"bus","n":5,"arr":["116","184","210","227","283"],"lines":"116, 184, 210, 227, 283"},"geometry":{"type":"LineString","coordinates":[[18.571681,54.367594],[18.571302,54.369336],[18.571289,54.36993],[18.571181,54.370238],[18.570988,54.370503],[18.56997,54.371549],[18.568278,54.373893],[18.568045,54.374116]]}},{"type":"Feature","properties":{"mode":"bus","n":6,"arr":["116","131","184","210","227","283"],"lines":"116, 131, 184, 210, 227, 283"},"geometry":{"type":"LineString","coordinates":[[18.571537,54.367312],[18.571682,54.366808],[18.572068,54.365961],[18.572523,54.364828],[18.572737,54.364451],[18.572918,54.364194],[18.573367,54.363692],[18.574504,54.362707]]}},{"type":"Feature","properties":{"mode":"bus","n":6,"arr":["116","131","184","210","227","283"],"lines":"116, 131, 184, 210, 227, 283"},"geometry":{"type":"LineString","coordinates":[[18.574369,54.363205],[18.573743,54.363757],[18.573776,54.363867],[18.57339,54.364241],[18.573324,54.364271],[18.573161,54.364283],[18.573108,54.364294],[18.573072,54.364319],[18.572802,54.364626],[18.572666,54.364848],[18.571889,54.36678],[18.571681,54.367594]]}},{"type":"Feature","properties":{"mode":"bus","n":5,"arr":["131","184","210","227","283"],"lines":"131, 184, 210, 227, 283"},"geometry":{"type":"LineString","coordinates":[[18.574504,54.362707],[18.577768,54.359921],[18.578077,54.35962],[18.579477,54.358087],[18.57981,54.357845],[18.57983,54.357834],[18.579851,54.35783],[18.579873,54.357832],[18.579897,54.35784],[18.579945,54.357863],[18.579977,54.357873],[18.580009,54.357874],[18.580041,54.357864],[18.580183,54.357798],[18.580399,54.357744]]}},{"type":"Feature","properties":{"mode":"bus","n":5,"arr":["131","184","210","227","283"],"lines":"131, 184, 210, 227, 283"},"geometry":{"type":"LineString","coordinates":[[18.580394,54.357931],[18.580233,54.357983],[18.579879,54.358161],[18.579616,54.358356],[18.578222,54.359872],[18.577474,54.360536],[18.575524,54.36218],[18.574369,54.363205]]}},{"type":"Feature","properties":{"mode":"bus","n":5,"arr":["131","184","210","227","283"],"lines":"131, 184, 210, 227, 283"},"geometry":{"type":"LineString","coordinates":[[18.580326,54.357629],[18.580619,54.357571]]}},{"type":"Feature","properties":{"mode":"bus","n":7,"arr":["117","169","171","179","622","N1","N4"],"lines":"117, 169, 171, 179, 622, N1, N4"},"geometry":{"type":"LineString","coordinates":[[18.567169,54.410293],[18.566603,54.410313],[18.566404,54.410283],[18.561934,54.409574],[18.559734,54.409199],[18.558868,54.409016],[18.558844,54.409009],[18.558831,54.408999],[18.558828,54.408986],[18.558835,54.408971],[18.558888,54.408901],[18.559291,54.408042],[18.559299,54.408032],[18.55931,54.408026],[18.559324,54.408026],[18.559342,54.408031],[18.559415,54.408058],[18.567059,54.409231],[18.567448,54.409288],[18.567551,54.409279],[18.567585,54.409279],[18.567615,54.409286],[18.567641,54.409299],[18.567757,54.409384],[18.567867,54.409518]]}},{"type":"Feature","properties":{"mode":"bus","n":6,"arr":["117","169","171","179","622","N1"],"lines":"117, 169, 171, 179, 622, N1"},"geometry":{"type":"LineString","coordinates":[[18.55881,54.409004],[18.557906,54.408796],[18.557513,54.408733],[18.557144,54.408717],[18.556566,54.408735],[18.55599,54.408806],[18.555658,54.40888],[18.55532,54.408986],[18.554789,54.409222],[18.554683,54.409308],[18.554208,54.409869],[18.553841,54.410092]]}},{"type":"Feature","properties":{"mode":"bus","n":5,"arr":["31","117","122","144","177"],"lines":"31, 117, 122, 144, 177"},"geometry":{"type":"LineString","coordinates":[[18.561471,54.434917],[18.564786,54.435324],[18.565048,54.435383]]}},{"type":"Feature","properties":{"mode":"bus","n":5,"arr":["117","122","143","144","187"],"lines":"117, 122, 143, 144, 187"},"geometry":{"type":"LineString","coordinates":[[18.565109,54.435494],[18.565006,54.435691],[18.564804,54.43651],[18.564248,54.438874],[18.563929,54.440556],[18.563782,54.440979]]}},{"type":"Feature","properties":{"mode":"bus","n":7,"arr":["117","122","143","144","185","187","244"],"lines":"117, 122, 143, 144, 185, 187, 244"},"geometry":{"type":"LineString","coordinates":[[18.556924,54.441842],[18.557252,54.441827],[18.558586,54.441559],[18.558977,54.441501],[18.559447,54.441497],[18.559923,54.441535],[18.560061,54.441565]]}},{"type":"Feature","properties":{"mode":"bus","n":7,"arr":["120","162","175","208","262","N2","N14"],"lines":"120, 162, 175, 208, 262, N2, N14"},"geometry":{"type":"LineString","coordinates":[[18.598943,54.328556],[18.602679,54.32497],[18.60305,54.324709],[18.603467,54.32448],[18.603935,54.324281],[18.60451,54.324084]]}},{"type":"Feature","properties":{"mode":"bus","n":7,"arr":["120","162","175","208","262","N2","N14"],"lines":"120, 162, 175, 208, 262, N2, N14"},"geometry":{"type":"LineString","coordinates":[[18.598754,54.328485],[18.602821,54.324566],[18.603166,54.324254],[18.604014,54.32366]]}},{"type":"Feature","properties":{"mode":"bus","n":6,"arr":["120","162","175","N2","N4","N14"],"lines":"120, 162, 175, N2, N4, N14"},"geometry":{"type":"LineString","coordinates":[[18.59601,54.332598],[18.596032,54.332094],[18.596086,54.331826],[18.59628,54.331332],[18.596504,54.330975],[18.596905,54.330517],[18.598943,54.328556]]}},{"type":"Feature","properties":{"mode":"bus","n":6,"arr":["120","162","175","N2","N4","N14"],"lines":"120, 162, 175, N2, N4, N14"},"geometry":{"type":"LineString","coordinates":[[18.595211,54.332564],[18.595228,54.33226],[18.595323,54.331943],[18.595642,54.331488],[18.598754,54.328485]]}},{"type":"Feature","properties":{"mode":"bus","n":5,"arr":["120","167","168","267","N3"],"lines":"120, 167, 168, 267, N3"},"geometry":{"type":"LineString","coordinates":[[18.510834,54.350219],[18.511384,54.350161]]}},{"type":"Feature","properties":{"mode":"bus","n":5,"arr":["120","157","167","267","N3"],"lines":"120, 157, 167, 267, N3"},"geometry":{"type":"LineString","coordinates":[[18.490435,54.356154],[18.490468,54.356064],[18.490236,54.355303],[18.490101,54.354412]]}},{"type":"Feature","properties":{"mode":"bus","n":5,"arr":["120","157","167","267","N3"],"lines":"120, 157, 167, 267, N3"},"geometry":{"type":"LineString","coordinates":[[18.490452,54.356205],[18.490351,54.356076],[18.490222,54.355741],[18.489562,54.35449]]}},{"type":"Feature","properties":{"mode":"bus","n":5,"arr":["120","157","167","267","N3"],"lines":"120, 157, 167, 267, N3"},"geometry":{"type":"LineString","coordinates":[[18.491595,54.364927],[18.491809,54.364573],[18.491886,54.364263],[18.492264,54.361943]]}},{"type":"Feature","properties":{"mode":"bus","n":5,"arr":["120","157","167","267","N3"],"lines":"120, 157, 167, 267, N3"},"geometry":{"type":"LineString","coordinates":[[18.489493,54.354173],[18.489997,54.354108]]}},{"type":"Feature","properties":{"mode":"bus","n":6,"arr":["120","157","167","267","268","N3"],"lines":"120, 157, 167, 267, 268, N3"},"geometry":{"type":"LineString","coordinates":[[18.492264,54.361943],[18.492257,54.361597],[18.492157,54.361249],[18.490452,54.356205]]}},{"type":"Feature","properties":{"mode":"bus","n":5,"arr":["122","124","148","158","258"],"lines":"122, 124, 148, 158, 258"},"geometry":{"type":"LineString","coordinates":[[18.622237,54.401998],[18.621841,54.402363],[18.621683,54.402586],[18.621131,54.403761],[18.620287,54.404593],[18.619574,54.405179],[18.61883,54.405695],[18.617716,54.40631],[18.616552,54.406804],[18.615472,54.407164]]}},{"type":"Feature","properties":{"mode":"bus","n":6,"arr":["122","127","148","158","258","N6"],"lines":"122, 127, 148, 158, 258, N6"},"geometry":{"type":"LineString","coordinates":[[18.615332,54.407207],[18.615472,54.407164]]}},{"type":"Feature","properties":{"mode":"bus","n":5,"arr":["122","127","158","258","N6"],"lines":"122, 127, 158, 258, N6"},"geometry":{"type":"LineString","coordinates":[[18.615332,54.407207],[18.611045,54.40312],[18.61007,54.402247],[18.607328,54.399672]]}},{"type":"Feature","properties":{"mode":"bus","n":5,"arr":["122","149","199","262","N14"],"lines":"122, 149, 199, 262, N14"},"geometry":{"type":"LineString","coordinates":[[18.574458,54.400834],[18.574753,54.400995],[18.575151,54.401149],[18.576231,54.401417],[18.576887,54.401556],[18.577006,54.401601],[18.577516,54.401684]]}},{"type":"Feature","properties":{"mode":"bus","n":5,"arr":["122","149","199","262","N14"],"lines":"122, 149, 199, 262, N14"},"geometry":{"type":"LineString","coordinates":[[18.576565,54.401592],[18.57616,54.401512],[18.574295,54.401053]]}},{"type":"Feature","properties":{"mode":"bus","n":5,"arr":["122","143","177","244","287"],"lines":"122, 143, 177, 244, 287"},"geometry":{"type":"LineString","coordinates":[[18.555707,54.445565],[18.55535,54.445587],[18.555106,54.445641],[18.554545,54.445855],[18.553588,54.446275],[18.552729,54.446605],[18.552066,54.446822],[18.551355,54.44701],[18.550847,54.447123],[18.548998,54.447465],[18.546126,54.447974],[18.545221,54.448087],[18.544152,54.448133],[18.540222,54.447977]]}},{"type":"Feature","properties":{"mode":"bus","n":6,"arr":["122","124","127","158","258","N6"],"lines":"122, 124, 127, 158, 258, N6"},"geometry":{"type":"LineString","coordinates":[[18.615472,54.407164],[18.607465,54.399616]]}},{"type":"Feature","properties":{"mode":"bus","n":6,"arr":["124","149","158","199","258","N2"],"lines":"124, 149, 158, 199, 258, N2"},"geometry":{"type":"LineString","coordinates":[[18.603913,54.381136],[18.603764,54.381035]]}},{"type":"Feature","properties":{"mode":"bus","n":5,"arr":["124","158","199","258","N2"],"lines":"124, 158, 199, 258, N2"},"geometry":{"type":"LineString","coordinates":[[18.603764,54.381035],[18.601534,54.380988]]}},{"type":"Feature","properties":{"mode":"bus","n":6,"arr":["124","127","158","227","258","N2"],"lines":"124, 127, 158, 227, 258, N2"},"geometry":{"type":"LineString","coordinates":[[18.602226,54.38542],[18.601858,54.385081],[18.60146,54.384799],[18.59955,54.383672],[18.599505,54.383585],[18.598958,54.383191],[18.598613,54.382888]]}},{"type":"Feature","properties":{"mode":"bus","n":5,"arr":["127","148","199","N6","N14"],"lines":"127, 148, 199, N6, N14"},"geometry":{"type":"LineString","coordinates":[[18.58875,54.408233],[18.589034,54.408218]]}},{"type":"Feature","properties":{"mode":"bus","n":8,"arr":["127","130","162","184","210","262","N2","N6"],"lines":"127, 130, 162, 184, 210, 262, N2, N6"},"geometry":{"type":"LineString","coordinates":[[18.587452,54.358711],[18.586776,54.358132],[18.586091,54.357725]]}},{"type":"Feature","properties":{"mode":"bus","n":8,"arr":["127","130","162","184","210","262","N2","N6"],"lines":"127, 130, 162, 184, 210, 262, N2, N6"},"geometry":{"type":"LineString","coordinates":[[18.586723,54.35781],[18.586964,54.358101],[18.587606,54.358652]]}},{"type":"Feature","properties":{"mode":"bus","n":7,"arr":["127","130","131","184","210","N2","N6"],"lines":"127, 130, 131, 184, 210, N2, N6"},"geometry":{"type":"LineString","coordinates":[[18.586091,54.357725],[18.585701,54.357776],[18.585096,54.357792]]}},{"type":"Feature","properties":{"mode":"bus","n":7,"arr":["127","130","131","184","210","N2","N6"],"lines":"127, 130, 131, 184, 210, N2, N6"},"geometry":{"type":"LineString","coordinates":[[18.586456,54.357473],[18.586573,54.357584]]}},{"type":"Feature","properties":{"mode":"bus","n":6,"arr":["127","130","184","210","N2","N6"],"lines":"127, 130, 184, 210, N2, N6"},"geometry":{"type":"LineString","coordinates":[[18.585096,54.357792],[18.584911,54.357708]]}},{"type":"Feature","properties":{"mode":"bus","n":6,"arr":["127","130","184","210","N2","N6"],"lines":"127, 130, 184, 210, N2, N6"},"geometry":{"type":"LineString","coordinates":[[18.586573,54.357584],[18.586723,54.35781]]}},{"type":"Feature","properties":{"mode":"bus","n":10,"arr":["127","130","131","184","210","227","283","N2","N6","N16"],"lines":"127, 130, 131, 184, 210, 227, 283, N2, N6, N16"},"geometry":{"type":"LineString","coordinates":[[18.582051,54.35766],[18.583427,54.357666],[18.585248,54.357711],[18.585841,54.35765],[18.586234,54.357552],[18.586456,54.357473]]}},{"type":"Feature","properties":{"mode":"bus","n":8,"arr":["127","130","184","210","227","283","N2","N6"],"lines":"127, 130, 184, 210, 227, 283, N2, N6"},"geometry":{"type":"LineString","coordinates":[[18.582051,54.35766],[18.581642,54.357712],[18.581242,54.357722],[18.581086,54.357792]]}},{"type":"Feature","properties":{"mode":"bus","n":9,"arr":["127","130","131","184","210","227","283","N2","N6"],"lines":"127, 130, 131, 184, 210, 227, 283, N2, N6"},"geometry":{"type":"LineString","coordinates":[[18.581086,54.357792],[18.580806,54.357829],[18.580394,54.357931]]}},{"type":"Feature","properties":{"mode":"bus","n":9,"arr":["127","130","131","184","210","227","283","N2","N6"],"lines":"127, 130, 131, 184, 210, 227, 283, N2, N6"},"geometry":{"type":"LineString","coordinates":[[18.580399,54.357744],[18.580326,54.357629]]}},{"type":"Feature","properties":{"mode":"bus","n":9,"arr":["127","130","131","184","210","227","283","N2","N6"],"lines":"127, 130, 131, 184, 210, 227, 283, N2, N6"},"geometry":{"type":"LineString","coordinates":[[18.580619,54.357571],[18.581171,54.357546],[18.581384,54.357611],[18.581719,54.35762],[18.582051,54.35766]]}},{"type":"Feature","properties":{"mode":"bus","n":9,"arr":["130","167","184","199","210","267","N3","N6","N16"],"lines":"130, 167, 184, 199, 210, 267, N3, N6, N16"},"geometry":{"type":"LineString","coordinates":[[18.643272,54.351882],[18.642459,54.351849],[18.642019,54.35181]]}},{"type":"Feature","properties":{"mode":"bus","n":8,"arr":["130","167","199","210","267","N3","N6","N16"],"lines":"130, 167, 199, 210, 267, N3, N6, N16"},"geometry":{"type":"LineString","coordinates":[[18.642019,54.35181],[18.638425,54.351457],[18.637089,54.351355]]}},{"type":"Feature","properties":{"mode":"bus","n":5,"arr":["130","184","210","N6","N16"],"lines":"130, 184, 210, N6, N16"},"geometry":{"type":"LineString","coordinates":[[18.606972,54.356005],[18.614112,54.355804],[18.614836,54.355801],[18.615351,54.355834]]}},{"type":"Feature","properties":{"mode":"bus","n":9,"arr":["130","167","183","199","210","267","N3","N6","N16"],"lines":"130, 167, 183, 199, 210, 267, N3, N6, N16"},"geometry":{"type":"LineString","coordinates":[[18.637139,54.351238],[18.637436,54.351235],[18.638902,54.351399],[18.642,54.351696]]}},{"type":"Feature","properties":{"mode":"bus","n":10,"arr":["130","167","183","184","199","210","267","N3","N6","N16"],"lines":"130, 167, 183, 184, 199, 210, 267, N3, N6, N16"},"geometry":{"type":"LineString","coordinates":[[18.642,54.351696],[18.642665,54.351745],[18.643642,54.351771]]}},{"type":"Feature","properties":{"mode":"bus","n":9,"arr":["132","154","189","289","M32","N1","N5","N56","N89"],"lines":"132, 154, 189, 289, M32, N1, N5, N56, N89"},"geometry":{"type":"LineString","coordinates":[[18.642878,54.342196],[18.64196,54.341272],[18.641264,54.34071],[18.641197,54.340593]]}},{"type":"Feature","properties":{"mode":"bus","n":9,"arr":["132","154","189","289","M32","N1","N5","N56","N89"],"lines":"132, 154, 189, 289, M32, N1, N5, N56, N89"},"geometry":{"type":"LineString","coordinates":[[18.63433,54.332048],[18.634487,54.332377],[18.634915,54.332991],[18.635054,54.333085]]}},{"type":"Feature","properties":{"mode":"bus","n":9,"arr":["132","154","189","289","M32","N1","N5","N56","N89"],"lines":"132, 154, 189, 289, M32, N1, N5, N56, N89"},"geometry":{"type":"LineString","coordinates":[[18.634462,54.331861],[18.634663,54.332334],[18.63505,54.332956],[18.635054,54.333085],[18.635191,54.333368],[18.635455,54.334171],[18.635736,54.334871],[18.635874,54.335115],[18.637752,54.337586],[18.637971,54.337844],[18.638418,54.338264],[18.640998,54.340435],[18.641197,54.340593],[18.641395,54.340667],[18.64162,54.340815],[18.64195,54.341066],[18.64303,54.34215]]}},{"type":"Feature","properties":{"mode":"bus","n":6,"arr":["132","189","289","M32","N5","N89"],"lines":"132, 189, 289, M32, N5, N89"},"geometry":{"type":"LineString","coordinates":[[18.634277,54.331518],[18.634269,54.33185],[18.63433,54.332048]]}},{"type":"Feature","properties":{"mode":"bus","n":6,"arr":["132","189","289","M32","N5","N89"],"lines":"132, 189, 289, M32, N5, N89"},"geometry":{"type":"LineString","coordinates":[[18.634188,54.330715],[18.634102,54.330535],[18.634097,54.330331]]}},{"type":"Feature","properties":{"mode":"bus","n":6,"arr":["132","189","289","M32","N5","N89"],"lines":"132, 189, 289, M32, N5, N89"},"geometry":{"type":"LineString","coordinates":[[18.631852,54.323952],[18.631621,54.323473],[18.630975,54.32258]]}},{"type":"Feature","properties":{"mode":"bus","n":6,"arr":["132","189","289","M32","N5","N89"],"lines":"132, 189, 289, M32, N5, N89"},"geometry":{"type":"LineString","coordinates":[[18.629917,54.310726],[18.629494,54.312508],[18.629397,54.312691],[18.629312,54.313101],[18.629188,54.315101],[18.629294,54.316492],[18.629343,54.316854],[18.629457,54.317252],[18.630339,54.319707],[18.630669,54.321335],[18.630773,54.321735],[18.630887,54.321905],[18.631024,54.322353]]}},{"type":"Feature","properties":{"mode":"bus","n":6,"arr":["132","189","289","M32","N5","N89"],"lines":"132, 189, 289, M32, N5, N89"},"geometry":{"type":"LineString","coordinates":[[18.634279,54.330305],[18.634261,54.330518],[18.634188,54.330715],[18.634277,54.331518],[18.634462,54.331861]]}},{"type":"Feature","properties":{"mode":"bus","n":5,"arr":["132","189","M32","N5","N89"],"lines":"132, 189, M32, N5, N89"},"geometry":{"type":"LineString","coordinates":[[18.630975,54.32258],[18.630797,54.322109],[18.630758,54.321915],[18.630773,54.321735]]}},{"type":"Feature","properties":{"mode":"bus","n":5,"arr":["132","189","M32","N5","N89"],"lines":"132, 189, M32, N5, N89"},"geometry":{"type":"LineString","coordinates":[[18.629397,54.312691],[18.629366,54.312501],[18.629617,54.311077],[18.629757,54.310587]]}},{"type":"Feature","properties":{"mode":"bus","n":5,"arr":["143","144","177","185","187"],"lines":"143, 144, 177, 185, 187"},"geometry":{"type":"LineString","coordinates":[[18.57016,54.436972],[18.572809,54.438424]]}},{"type":"Feature","properties":{"mode":"bus","n":5,"arr":["148","199","227","N6","N14"],"lines":"148, 199, 227, N6, N14"},"geometry":{"type":"LineString","coordinates":[[18.589369,54.408755],[18.588823,54.409612],[18.588562,54.410143],[18.588424,54.410625],[18.58812,54.412083]]}},{"type":"Feature","properties":{"mode":"bus","n":5,"arr":["148","199","227","N6","N14"],"lines":"148, 199, 227, N6, N14"},"geometry":{"type":"LineString","coordinates":[[18.587641,54.412208],[18.588142,54.409843],[18.588418,54.409072]]}},{"type":"Feature","properties":{"mode":"bus","n":9,"arr":["155","176","213","255","256","262","295","N1","N56"],"lines":"155, 176, 213, 255, 256, 262, 295, N1, N56"},"geometry":{"type":"LineString","coordinates":[[18.593591,54.319788],[18.592491,54.319422],[18.591824,54.319238],[18.591291,54.319127]]}},{"type":"Feature","properties":{"mode":"bus","n":7,"arr":["155","255","256","262","295","N1","N56"],"lines":"155, 255, 256, 262, 295, N1, N56"},"geometry":{"type":"LineString","coordinates":[[18.591291,54.319127],[18.590736,54.319057],[18.588714,54.318503],[18.586479,54.317953],[18.583432,54.316764]]}},{"type":"Feature","properties":{"mode":"bus","n":6,"arr":["155","255","256","262","N1","N56"],"lines":"155, 255, 256, 262, N1, N56"},"geometry":{"type":"LineString","coordinates":[[18.583432,54.316764],[18.579745,54.31528],[18.579103,54.31513],[18.578774,54.315096],[18.578344,54.315095],[18.57543,54.315471],[18.57517,54.315468],[18.57487,54.315412],[18.574393,54.315223],[18.570546,54.313415]]}},{"type":"Feature","properties":{"mode":"bus","n":5,"arr":["155","156","262","N1","N4"],"lines":"155, 156, 262, N1, N4"},"geometry":{"type":"LineString","coordinates":[[18.570546,54.313415],[18.569726,54.314092],[18.569442,54.31439],[18.569443,54.314529],[18.56998,54.315323],[18.570001,54.315449],[18.569951,54.3156],[18.569561,54.316091],[18.568962,54.316985],[18.567942,54.317807],[18.567915,54.317931],[18.567988,54.318022]]}},{"type":"Feature","properties":{"mode":"bus","n":5,"arr":["155","167","168","267","N3"],"lines":"155, 167, 168, 267, N3"},"geometry":{"type":"LineString","coordinates":[[18.551767,54.342232],[18.552332,54.342102],[18.552803,54.342026],[18.556568,54.341535],[18.557191,54.341409],[18.557828,54.341192],[18.559607,54.340169],[18.560064,54.339948]]}},{"type":"Feature","properties":{"mode":"bus","n":5,"arr":["156","255","256","N4","N56"],"lines":"156, 255, 256, N4, N56"},"geometry":{"type":"LineString","coordinates":[[18.570546,54.313415],[18.566432,54.311461],[18.565473,54.311048]]}},{"type":"Feature","properties":{"mode":"bus","n":5,"arr":["158","258","911","T8","N8"],"lines":"158, 258, 911, T8, N8"},"geometry":{"type":"LineString","coordinates":[[18.692978,54.360285],[18.692402,54.360052]]}},{"type":"Feature","properties":{"mode":"bus","n":5,"arr":["162","227","262","283","N16"],"lines":"162, 227, 262, 283, N16"},"geometry":{"type":"LineString","coordinates":[[18.586798,54.357124],[18.587242,54.35672],[18.591444,54.351957],[18.591983,54.351494],[18.592295,54.351303],[18.592818,54.351048],[18.593522,54.350799],[18.596565,54.350177]]}},{"type":"Feature","properties":{"mode":"bus","n":5,"arr":["162","227","262","283","N16"],"lines":"162, 227, 262, 283, N16"},"geometry":{"type":"LineString","coordinates":[[18.596178,54.350464],[18.594432,54.35081],[18.593527,54.351036],[18.593063,54.351201],[18.592717,54.351366],[18.592278,54.351632],[18.592113,54.351758],[18.591717,54.352163],[18.588423,54.355897],[18.587818,54.356503],[18.587333,54.35704]]}},{"type":"Feature","properties":{"mode":"bus","n":5,"arr":["162","175","208","262","N4"],"lines":"162, 175, 208, 262, N4"},"geometry":{"type":"LineString","coordinates":[[18.598943,54.328556],[18.599119,54.328619]]}},{"type":"Feature","properties":{"mode":"bus","n":7,"arr":["167","168","174","175","195","267","N3"],"lines":"167, 168, 174, 175, 195, 267, N3"},"geometry":{"type":"LineString","coordinates":[[18.605194,54.347866],[18.605958,54.348191],[18.607078,54.348622]]}},{"type":"Feature","properties":{"mode":"bus","n":7,"arr":["167","168","174","175","195","267","N3"],"lines":"167, 168, 174, 175, 195, 267, N3"},"geometry":{"type":"LineString","coordinates":[[18.602527,54.347599],[18.602858,54.347761],[18.60306,54.347821],[18.603261,54.347851],[18.603501,54.347851],[18.604581,54.347768],[18.604833,54.347787],[18.605136,54.347853],[18.605153,54.347857],[18.605163,54.347858],[18.605168,54.347857],[18.605168,54.347854],[18.605161,54.347849],[18.605149,54.347841],[18.60502,54.347771],[18.60474,54.347669],[18.603367,54.347274]]}},{"type":"Feature","properties":{"mode":"bus","n":5,"arr":["167","168","175","267","N3"],"lines":"167, 168, 175, 267, N3"},"geometry":{"type":"LineString","coordinates":[[18.602527,54.347599],[18.602398,54.347475],[18.602335,54.347338],[18.602319,54.347321],[18.602292,54.347309],[18.602232,54.347291],[18.602078,54.347045],[18.602088,54.346996],[18.602085,54.346971],[18.602063,54.346949],[18.601939,54.346868]]}},{"type":"Feature","properties":{"mode":"bus","n":5,"arr":["167","168","175","267","N3"],"lines":"167, 168, 175, 267, N3"},"geometry":{"type":"LineString","coordinates":[[18.603367,54.347274],[18.600692,54.346518],[18.600003,54.346203],[18.599817,54.346142],[18.599594,54.346103],[18.59827,54.345983],[18.596609,54.345708],[18.59397,54.345529],[18.593173,54.345427],[18.591436,54.345094],[18.589524,54.344759],[18.589065,54.344622],[18.588505,54.344339],[18.588093,54.344243],[18.587825,54.344236],[18.587516,54.344276],[18.585269,54.344895],[18.584766,54.344961],[18.5844,54.34495],[18.582778,54.344567],[18.582288,54.344397],[18.581628,54.344024],[18.58049,54.343304]]}},{"type":"Feature","properties":{"mode":"bus","n":5,"arr":["169","171","179","622","N1"],"lines":"169, 171, 179, 622, N1"},"geometry":{"type":"LineString","coordinates":[[18.553841,54.410092],[18.55326,54.410271],[18.552509,54.410419],[18.552118,54.410453],[18.550282,54.410514],[18.549817,54.410574],[18.549244,54.410747],[18.548976,54.410867],[18.548343,54.411235],[18.548097,54.411432]]}},{"type":"Feature","properties":{"mode":"bus","n":11,"arr":["23","27","31","181","160","171","K","R","X","N10","N30"],"lines":"23, 27, 31, 181, 160, 171, K, R, X, N10, N30"},"geometry":{"type":"LineString","coordinates":[[18.450623,54.460678],[18.450555,54.460722],[18.450541,54.460734],[18.450538,54.460745],[18.450544,54.460756],[18.450559,54.460767],[18.451137,54.461062],[18.451744,54.461316]]}},{"type":"Feature","properties":{"mode":"bus","n":16,"arr":["23","27","31","181","710","121","160","171","191","193","740","K","R","X","N10","N30"],"lines":"23, 27, 31, 181, 710, 121, 160, 171, 191, 193, 740, K, R, X, N10, N30"},"geometry":{"type":"LineString","coordinates":[[18.451744,54.461316],[18.453067,54.461983],[18.453481,54.462176],[18.455102,54.462844],[18.466777,54.46836],[18.467404,54.468677],[18.46784,54.468992],[18.468003,54.469151],[18.468122,54.469326],[18.468266,54.469629],[18.468312,54.469929],[18.468292,54.470173],[18.468203,54.470442],[18.467936,54.470817],[18.467701,54.471033],[18.467286,54.471296],[18.466211,54.471777],[18.465918,54.471945],[18.465696,54.472114],[18.465417,54.472401],[18.465246,54.4727],[18.465141,54.473173],[18.465532,54.474047]]}},{"type":"Feature","properties":{"mode":"bus","n":16,"arr":["23","24","27","31","181","710","147","171","191","193","740","R","X","N10","N20","N30"],"lines":"23, 24, 27, 31, 181, 710, 147, 171, 191, 193, 740, R, X, N10, N20, N30"},"geometry":{"type":"LineString","coordinates":[[18.465532,54.474047],[18.465789,54.474006],[18.466256,54.473999],[18.466863,54.474092],[18.470327,54.475065],[18.471268,54.4754],[18.471647,54.475485],[18.472179,54.475558],[18.472574,54.475574],[18.473141,54.475543],[18.473775,54.475439]]}},{"type":"Feature","properties":{"mode":"bus","n":14,"arr":["27","31","181","710","147","171","191","193","740","R","X","N10","N20","N30"],"lines":"27, 31, 181, 710, 147, 171, 191, 193, 740, R, X, N10, N20, N30"},"geometry":{"type":"LineString","coordinates":[[18.473775,54.475439],[18.477471,54.473829]]}},{"type":"Feature","properties":{"mode":"bus","n":6,"arr":["147","171","191","193","X","N20"],"lines":"147, 171, 191, 193, X, N20"},"geometry":{"type":"LineString","coordinates":[[18.477471,54.473829],[18.477046,54.473503]]}},{"type":"Feature","properties":{"mode":"bus","n":7,"arr":["23","147","171","191","193","X","N20"],"lines":"23, 147, 171, 191, 193, X, N20"},"geometry":{"type":"LineString","coordinates":[[18.478628,54.473441],[18.478021,54.472988],[18.477994,54.472975],[18.477966,54.472973],[18.477934,54.472982],[18.476955,54.473424]]}},{"type":"Feature","properties":{"mode":"bus","n":14,"arr":["23","24","27","31","181","147","171","191","193","R","X","N10","N20","N30"],"lines":"23, 24, 27, 31, 181, 147, 171, 191, 193, R, X, N10, N20, N30"},"geometry":{"type":"LineString","coordinates":[[18.473775,54.475439],[18.474289,54.475332],[18.474569,54.47523],[18.478628,54.473441]]}},{"type":"Feature","properties":{"mode":"bus","n":5,"arr":["189","276","289","N2","N89"],"lines":"189, 276, 289, N2, N89"},"geometry":{"type":"LineString","coordinates":[[18.607708,54.301519],[18.609617,54.302903]]}},{"type":"Feature","properties":{"mode":"bus","n":17,"arr":["21","23","24","32","33","133","140","147","160","282","740","Z","N10","N20","N30","N40","N94"],"lines":"21, 23, 24, 32, 33, 133, 140, 147, 160, 282, 740, Z, N10, N20, N30, N40, N94"},"geometry":{"type":"LineString","coordinates":[[18.530137,54.521735],[18.530527,54.522048]]}},{"type":"Feature","properties":{"mode":"bus","n":16,"arr":["21","23","24","29","32","33","140","147","160","282","Z","N10","N20","N30","N40","N94"],"lines":"21, 23, 24, 29, 32, 33, 140, 147, 160, 282, Z, N10, N20, N30, N40, N94"},"geometry":{"type":"LineString","coordinates":[[18.530137,54.521735],[18.530662,54.521519],[18.530808,54.521526]]}},{"type":"Feature","properties":{"mode":"bus","n":17,"arr":["21","29","102","119","140","147","150","160","182","190","204","740","N10","N20","N30","N40","N94"],"lines":"21, 29, 102, 119, 140, 147, 150, 160, 182, 190, 204, 740, N10, N20, N30, N40, N94"},"geometry":{"type":"LineString","coordinates":[[18.530838,54.521426],[18.530885,54.52137],[18.531021,54.521305]]}},{"type":"Feature","properties":{"mode":"bus","n":17,"arr":["21","29","102","119","140","147","150","160","182","190","204","740","N10","N20","N30","N40","N94"],"lines":"21, 29, 102, 119, 140, 147, 150, 160, 182, 190, 204, 740, N10, N20, N30, N40, N94"},"geometry":{"type":"LineString","coordinates":[[18.532156,54.520707],[18.53251,54.519913]]}},{"type":"Feature","properties":{"mode":"bus","n":20,"arr":["21","24","29","33","102","119","140","147","150","160","182","190","204","740","Z","N10","N20","N30","N40","N94"],"lines":"21, 24, 29, 33, 102, 119, 140, 147, 150, 160, 182, 190, 204, 740, Z, N10, N20, N30, N40, N94"},"geometry":{"type":"LineString","coordinates":[[18.530826,54.521449],[18.530838,54.521426]]}},{"type":"Feature","properties":{"mode":"bus","n":22,"arr":["21","23","24","29","33","102","119","140","147","150","160","182","190","204","282","740","Z","N10","N20","N30","N40","N94"],"lines":"21, 23, 24, 29, 33, 102, 119, 140, 147, 150, 160, 182, 190, 204, 282, 740, Z, N10, N20, N30, N40, N94"},"geometry":{"type":"LineString","coordinates":[[18.530817,54.52147],[18.530826,54.521449]]}},{"type":"Feature","properties":{"mode":"bus","n":23,"arr":["21","23","24","29","32","33","102","119","140","147","150","160","182","190","204","282","740","Z","N10","N20","N30","N40","N94"],"lines":"21, 23, 24, 29, 32, 33, 102, 119, 140, 147, 150, 160, 182, 190, 204, 282, 740, Z, N10, N20, N30, N40, N94"},"geometry":{"type":"LineString","coordinates":[[18.530808,54.521526],[18.530817,54.52147]]}},{"type":"Feature","properties":{"mode":"bus","n":11,"arr":["21","29","102","190","204","740","N10","N20","N30","N40","N94"],"lines":"21, 29, 102, 190, 204, 740, N10, N20, N30, N40, N94"},"geometry":{"type":"LineString","coordinates":[[18.531021,54.521305],[18.532035,54.520887],[18.532095,54.520841],[18.532156,54.520707]]}},{"type":"Feature","properties":{"mode":"bus","n":16,"arr":["21","29","102","119","140","147","150","160","190","204","740","N10","N20","N30","N40","N94"],"lines":"21, 29, 102, 119, 140, 147, 150, 160, 190, 204, 740, N10, N20, N30, N40, N94"},"geometry":{"type":"LineString","coordinates":[[18.534015,54.519767],[18.533573,54.51981],[18.533214,54.51978],[18.532947,54.519836],[18.532651,54.519858],[18.53251,54.519913]]}},{"type":"Feature","properties":{"mode":"bus","n":25,"arr":["21","24","25","28","29","30","34","710","723","105","109","119","140","147","150","160","182","190","196","S","N10","N20","N30","N40","N94"],"lines":"21, 24, 25, 28, 29, 30, 34, 710, 723, 105, 109, 119, 140, 147, 150, 160, 182, 190, 196, S, N10, N20, N30, N40, N94"},"geometry":{"type":"LineString","coordinates":[[18.538803,54.519535],[18.534015,54.519767]]}},{"type":"Feature","properties":{"mode":"bus","n":23,"arr":["21","24","25","28","29","30","34","710","723","105","109","119","140","147","160","182","190","S","N10","N20","N30","N40","N94"],"lines":"21, 24, 25, 28, 29, 30, 34, 710, 723, 105, 109, 119, 140, 147, 160, 182, 190, S, N10, N20, N30, N40, N94"},"geometry":{"type":"LineString","coordinates":[[18.538944,54.519528],[18.538803,54.519535]]}},{"type":"Feature","properties":{"mode":"bus","n":15,"arr":["21","24","25","29","30","34","710","723","119","282","N10","N20","N30","N40","N94"],"lines":"21, 24, 25, 29, 30, 34, 710, 723, 119, 282, N10, N20, N30, N40, N94"},"geometry":{"type":"LineString","coordinates":[[18.542543,54.519359],[18.538944,54.519528]]}},{"type":"Feature","properties":{"mode":"bus","n":10,"arr":["21","23","24","29","32","33","252","N10","N20","N30"],"lines":"21, 23, 24, 29, 32, 33, 252, N10, N20, N30"},"geometry":{"type":"LineString","coordinates":[[18.537039,54.509563],[18.53805,54.509427],[18.538244,54.509427]]}},{"type":"Feature","properties":{"mode":"bus","n":11,"arr":["21","23","24","26","29","32","33","252","N10","N20","N30"],"lines":"21, 23, 24, 26, 29, 32, 33, 252, N10, N20, N30"},"geometry":{"type":"LineString","coordinates":[[18.536789,54.509574],[18.537039,54.509563]]}},{"type":"Feature","properties":{"mode":"bus","n":9,"arr":["22","27","28","102","114","159","173","288","N20"],"lines":"22, 27, 28, 102, 114, 159, 173, 288, N20"},"geometry":{"type":"LineString","coordinates":[[18.462586,54.544683],[18.461457,54.544969]]}},{"type":"Feature","properties":{"mode":"bus","n":11,"arr":["22","25","26","27","28","30","34","197","K","S","N20"],"lines":"22, 25, 26, 27, 28, 30, 34, 197, K, S, N20"},"geometry":{"type":"LineString","coordinates":[[18.482556,54.53459],[18.486364,54.533536],[18.487003,54.533296],[18.488274,54.532738]]}},{"type":"Feature","properties":{"mode":"bus","n":20,"arr":["22","24","25","26","27","28","30","34","723","105","109","141","196","197","740","K","S","N20","N30","N40"],"lines":"22, 24, 25, 26, 27, 28, 30, 34, 723, 105, 109, 141, 196, 197, 740, K, S, N20, N30, N40"},"geometry":{"type":"LineString","coordinates":[[18.488274,54.532738],[18.488785,54.532598]]}},{"type":"Feature","properties":{"mode":"bus","n":18,"arr":["22","24","25","26","27","28","30","34","723","105","109","141","196","740","S","N20","N30","N40"],"lines":"22, 24, 25, 26, 27, 28, 30, 34, 723, 105, 109, 141, 196, 740, S, N20, N30, N40"},"geometry":{"type":"LineString","coordinates":[[18.488785,54.532598],[18.489422,54.532514],[18.49119,54.532344],[18.491646,54.532264],[18.494081,54.531628],[18.49621,54.531035]]}},{"type":"Feature","properties":{"mode":"bus","n":18,"arr":["22","24","25","26","27","28","30","34","723","105","109","141","196","740","S","N20","N30","N40"],"lines":"22, 24, 25, 26, 27, 28, 30, 34, 723, 105, 109, 141, 196, 740, S, N20, N30, N40"},"geometry":{"type":"LineString","coordinates":[[18.509742,54.527424],[18.511389,54.526872],[18.519093,54.524029],[18.524404,54.5221],[18.526709,54.521185]]}},{"type":"Feature","properties":{"mode":"bus","n":19,"arr":["22","24","25","26","27","28","30","34","723","102","105","109","141","196","740","S","N20","N30","N40"],"lines":"22, 24, 25, 26, 27, 28, 30, 34, 723, 102, 105, 109, 141, 196, 740, S, N20, N30, N40"},"geometry":{"type":"LineString","coordinates":[[18.49621,54.531035],[18.497978,54.530593],[18.508567,54.527796],[18.509742,54.527424]]}},{"type":"Feature","properties":{"mode":"bus","n":6,"arr":["22","26","27","102","141","204"],"lines":"22, 26, 27, 102, 141, 204"},"geometry":{"type":"LineString","coordinates":[[18.5269,54.520596],[18.52705,54.520342]]}},{"type":"Feature","properties":{"mode":"bus","n":5,"arr":["22","26","27","141","204"],"lines":"22, 26, 27, 141, 204"},"geometry":{"type":"LineString","coordinates":[[18.5279,54.519661],[18.52705,54.520342]]}},{"type":"Feature","properties":{"mode":"bus","n":6,"arr":["22","26","27","141","203","204"],"lines":"22, 26, 27, 141, 203, 204"},"geometry":{"type":"LineString","coordinates":[[18.531552,54.514736],[18.531444,54.515066],[18.5311,54.51586],[18.53083,54.516327],[18.529992,54.517571],[18.529753,54.517845],[18.528075,54.519519],[18.5279,54.519661]]}},{"type":"Feature","properties":{"mode":"bus","n":5,"arr":["22","26","27","182","190"],"lines":"22, 26, 27, 182, 190"},"geometry":{"type":"LineString","coordinates":[[18.533544,54.511962],[18.533826,54.510936],[18.534343,54.509407]]}},{"type":"Feature","properties":{"mode":"bus","n":12,"arr":["22","26","27","109","140","147","150","160","182","190","209","N20"],"lines":"22, 26, 27, 109, 140, 147, 150, 160, 182, 190, 209, N20"},"geometry":{"type":"LineString","coordinates":[[18.534343,54.509407],[18.534478,54.509059],[18.534528,54.508817],[18.534506,54.508087]]}},{"type":"Feature","properties":{"mode":"bus","n":6,"arr":["22","26","27","109","190","209"],"lines":"22, 26, 27, 109, 190, 209"},"geometry":{"type":"LineString","coordinates":[[18.534506,54.508087],[18.534493,54.50792]]}},{"type":"Feature","properties":{"mode":"bus","n":14,"arr":["22","26","27","109","140","147","150","160","190","209","770","N20","N40","N94"],"lines":"22, 26, 27, 109, 140, 147, 150, 160, 190, 209, 770, N20, N40, N94"},"geometry":{"type":"LineString","coordinates":[[18.534493,54.50792],[18.534403,54.507313]]}},{"type":"Feature","properties":{"mode":"bus","n":11,"arr":["22","26","140","147","150","160","190","770","N20","N40","N94"],"lines":"22, 26, 140, 147, 150, 160, 190, 770, N20, N40, N94"},"geometry":{"type":"LineString","coordinates":[[18.534403,54.507313],[18.534352,54.507103],[18.534455,54.506746],[18.534661,54.506601],[18.535116,54.506503]]}},{"type":"Feature","properties":{"mode":"bus","n":12,"arr":["22","26","109","140","147","150","160","190","770","N20","N40","N94"],"lines":"22, 26, 109, 140, 147, 150, 160, 190, 770, N20, N40, N94"},"geometry":{"type":"LineString","coordinates":[[18.535116,54.506503],[18.535903,54.50649]]}},{"type":"Feature","properties":{"mode":"bus","n":11,"arr":["22","109","140","147","150","160","190","770","N20","N40","N94"],"lines":"22, 109, 140, 147, 150, 160, 190, 770, N20, N40, N94"},"geometry":{"type":"LineString","coordinates":[[18.536758,54.506555],[18.536552,54.50648],[18.535903,54.50649]]}},{"type":"Feature","properties":{"mode":"bus","n":18,"arr":["22","32","723","104","128","133","134","146","150","173","182","194","196","282","770","R","N10","N94"],"lines":"22, 32, 723, 104, 128, 133, 134, 146, 150, 173, 182, 194, 196, 282, 770, R, N10, N94"},"geometry":{"type":"LineString","coordinates":[[18.529311,54.523047],[18.53002,54.522889]]}},{"type":"Feature","properties":{"mode":"bus","n":17,"arr":["22","24","32","33","128","133","134","146","150","152","173","182","194","209","282","R","N10"],"lines":"22, 24, 32, 33, 128, 133, 134, 146, 150, 152, 173, 182, 194, 209, 282, R, N10"},"geometry":{"type":"LineString","coordinates":[[18.529184,54.522866],[18.529751,54.522619]]}},{"type":"Feature","properties":{"mode":"bus","n":16,"arr":["23","24","29","32","33","102","190","204","282","740","Z","N10","N20","N30","N40","N94"],"lines":"23, 24, 29, 32, 33, 102, 190, 204, 282, 740, Z, N10, N20, N30, N40, N94"},"geometry":{"type":"LineString","coordinates":[[18.531086,54.521793],[18.530808,54.521526]]}},{"type":"Feature","properties":{"mode":"bus","n":14,"arr":["23","24","27","29","32","33","180","203","252","700","R","Z","N10","N30"],"lines":"23, 24, 27, 29, 32, 33, 180, 203, 252, 700, R, Z, N10, N30"},"geometry":{"type":"LineString","coordinates":[[18.545633,54.48524],[18.545545,54.485125]]}},{"type":"Feature","properties":{"mode":"bus","n":15,"arr":["23","24","27","29","31","32","33","180","203","252","700","R","Z","N10","N30"],"lines":"23, 24, 27, 29, 31, 32, 33, 180, 203, 252, 700, R, Z, N10, N30"},"geometry":{"type":"LineString","coordinates":[[18.545545,54.485125],[18.545345,54.485022],[18.545188,54.484972],[18.544429,54.484887],[18.543713,54.484774]]}},{"type":"Feature","properties":{"mode":"bus","n":17,"arr":["23","24","27","29","31","32","33","710","180","203","252","700","740","R","Z","N10","N30"],"lines":"23, 24, 27, 29, 31, 32, 33, 710, 180, 203, 252, 700, 740, R, Z, N10, N30"},"geometry":{"type":"LineString","coordinates":[[18.543713,54.484774],[18.543137,54.484698],[18.542637,54.484591],[18.536738,54.482904]]}},{"type":"Feature","properties":{"mode":"bus","n":15,"arr":["23","24","27","29","31","32","33","710","180","700","740","R","Z","N10","N30"],"lines":"23, 24, 27, 29, 31, 32, 33, 710, 180, 700, 740, R, Z, N10, N30"},"geometry":{"type":"LineString","coordinates":[[18.536738,54.482904],[18.532345,54.48163]]}},{"type":"Feature","properties":{"mode":"bus","n":13,"arr":["23","24","27","29","31","32","33","180","700","R","Z","N10","N30"],"lines":"23, 24, 27, 29, 31, 32, 33, 180, 700, R, Z, N10, N30"},"geometry":{"type":"LineString","coordinates":[[18.50912,54.469112],[18.509605,54.469212],[18.509846,54.46929],[18.510225,54.469439],[18.510453,54.469559],[18.510699,54.469719],[18.511445,54.470347],[18.513466,54.472615],[18.51387,54.473018],[18.515185,54.47446],[18.515416,54.474903],[18.51563,54.475161],[18.515934,54.475436],[18.516385,54.47572],[18.517021,54.475999],[18.517497,54.476153],[18.517739,54.476164],[18.52808,54.47986],[18.529446,54.480288],[18.529941,54.480497],[18.530643,54.480864],[18.531371,54.481346],[18.531796,54.481509],[18.532345,54.48163]]}},{"type":"Feature","properties":{"mode":"bus","n":16,"arr":["23","24","27","29","31","32","33","181","145","153","180","700","R","Z","N10","N30"],"lines":"23, 24, 27, 29, 31, 32, 33, 181, 145, 153, 180, 700, R, Z, N10, N30"},"geometry":{"type":"LineString","coordinates":[[18.507141,54.469137],[18.508318,54.469058],[18.508959,54.469086],[18.50912,54.469112]]}},{"type":"Feature","properties":{"mode":"bus","n":15,"arr":["23","24","27","29","31","33","181","145","153","180","700","R","Z","N10","N30"],"lines":"23, 24, 27, 29, 31, 33, 181, 145, 153, 180, 700, R, Z, N10, N30"},"geometry":{"type":"LineString","coordinates":[[18.489931,54.471164],[18.491577,54.471119],[18.492419,54.471045],[18.493329,54.470886],[18.497706,54.469965],[18.498896,54.469797],[18.501272,54.469578],[18.503048,54.469379],[18.507141,54.469137]]}},{"type":"Feature","properties":{"mode":"bus","n":13,"arr":["23","24","27","29","31","181","145","153","700","R","Z","N10","N30"],"lines":"23, 24, 27, 29, 31, 181, 145, 153, 700, R, Z, N10, N30"},"geometry":{"type":"LineString","coordinates":[[18.489706,54.471166],[18.489931,54.471164]]}},{"type":"Feature","properties":{"mode":"bus","n":11,"arr":["23","24","27","31","181","145","700","R","Z","N10","N30"],"lines":"23, 24, 27, 31, 181, 145, 700, R, Z, N10, N30"},"geometry":{"type":"LineString","coordinates":[[18.48491,54.471355],[18.485269,54.471303],[18.485823,54.471258],[18.489706,54.471166]]}},{"type":"Feature","properties":{"mode":"bus","n":10,"arr":["23","24","27","31","181","700","R","Z","N10","N30"],"lines":"23, 24, 27, 31, 181, 700, R, Z, N10, N30"},"geometry":{"type":"LineString","coordinates":[[18.481537,54.472127],[18.481924,54.472094],[18.482414,54.472012],[18.484053,54.471544],[18.48491,54.471355]]}},{"type":"Feature","properties":{"mode":"bus","n":8,"arr":["23","24","27","31","181","R","N10","N30"],"lines":"23, 24, 27, 31, 181, R, N10, N30"},"geometry":{"type":"LineString","coordinates":[[18.480478,54.472443],[18.481349,54.472204],[18.481537,54.472127]]}},{"type":"Feature","properties":{"mode":"bus","n":8,"arr":["23","24","27","31","181","R","N10","N30"],"lines":"23, 24, 27, 31, 181, R, N10, N30"},"geometry":{"type":"LineString","coordinates":[[18.478628,54.473441],[18.479596,54.473002],[18.479725,54.472856]]}},{"type":"Feature","properties":{"mode":"bus","n":11,"arr":["23","24","27","31","181","710","700","740","R","N10","N30"],"lines":"23, 24, 27, 31, 181, 710, 700, 740, R, N10, N30"},"geometry":{"type":"LineString","coordinates":[[18.479725,54.472856],[18.480478,54.472443]]}},{"type":"Feature","properties":{"mode":"bus","n":11,"arr":["23","27","31","181","160","K","R","X","Z","N10","N30"],"lines":"23, 27, 31, 181, 160, K, R, X, Z, N10, N30"},"geometry":{"type":"LineString","coordinates":[[18.450977,54.46045],[18.450766,54.460557],[18.450623,54.460678]]}},{"type":"Feature","properties":{"mode":"bus","n":14,"arr":["23","27","31","181","710","121","160","740","K","R","X","Z","N10","N30"],"lines":"23, 27, 31, 181, 710, 121, 160, 740, K, R, X, Z, N10, N30"},"geometry":{"type":"LineString","coordinates":[[18.453223,54.459166],[18.45247,54.459523],[18.450977,54.46045]]}},{"type":"Feature","properties":{"mode":"bus","n":15,"arr":["23","27","31","181","710","121","160","700","740","K","R","X","Z","N10","N30"],"lines":"23, 27, 31, 181, 710, 121, 160, 700, 740, K, R, X, Z, N10, N30"},"geometry":{"type":"LineString","coordinates":[[18.454367,54.458693],[18.453223,54.459166]]}},{"type":"Feature","properties":{"mode":"bus","n":14,"arr":["23","27","31","181","710","121","160","700","740","K","R","X","N10","N30"],"lines":"23, 27, 31, 181, 710, 121, 160, 700, 740, K, R, X, N10, N30"},"geometry":{"type":"LineString","coordinates":[[18.456522,54.456034],[18.457801,54.456929],[18.457816,54.456943],[18.457819,54.456956],[18.457812,54.456968],[18.457793,54.45698],[18.455312,54.458159],[18.45494,54.458415],[18.454367,54.458693]]}},{"type":"Feature","properties":{"mode":"bus","n":11,"arr":["23","27","31","181","160","700","K","R","X","N10","N30"],"lines":"23, 27, 31, 181, 160, 700, K, R, X, N10, N30"},"geometry":{"type":"LineString","coordinates":[[18.454797,54.455198],[18.455318,54.45553],[18.456217,54.455876],[18.456522,54.456034]]}},{"type":"Feature","properties":{"mode":"bus","n":21,"arr":["24","32","33","723","104","128","133","134","146","150","152","173","182","194","196","209","282","770","R","N10","N94"],"lines":"24, 32, 33, 723, 104, 128, 133, 134, 146, 150, 152, 173, 182, 194, 196, 209, 282, 770, R, N10, N94"},"geometry":{"type":"LineString","coordinates":[[18.522267,54.524587],[18.522561,54.524495],[18.524462,54.523769],[18.525023,54.523615],[18.525482,54.52354],[18.528366,54.523175]]}},{"type":"Feature","properties":{"mode":"bus","n":7,"arr":["24","121","140","147","160","K","N20"],"lines":"24, 121, 140, 147, 160, K, N20"},"geometry":{"type":"LineString","coordinates":[[18.465532,54.474047],[18.464873,54.474227],[18.462776,54.474971]]}},{"type":"Feature","properties":{"mode":"bus","n":13,"arr":["24","25","26","27","28","723","105","109","740","S","N20","N30","N40"],"lines":"24, 25, 26, 27, 28, 723, 105, 109, 740, S, N20, N30, N40"},"geometry":{"type":"LineString","coordinates":[[18.491793,54.532331],[18.490633,54.532628],[18.489108,54.532936]]}},{"type":"Feature","properties":{"mode":"bus","n":9,"arr":["24","25","26","27","28","723","740","S","N20"],"lines":"24, 25, 26, 27, 28, 723, 740, S, N20"},"geometry":{"type":"LineString","coordinates":[[18.488607,54.533071],[18.489108,54.532936]]}},{"type":"Feature","properties":{"mode":"bus","n":10,"arr":["24","723","105","109","141","196","740","X","N30","N40"],"lines":"24, 723, 105, 109, 141, 196, 740, X, N30, N40"},"geometry":{"type":"LineString","coordinates":[[18.488607,54.533071],[18.488274,54.532738]]}},{"type":"Feature","properties":{"mode":"bus","n":14,"arr":["24","25","28","30","34","723","105","109","196","740","S","N20","N30","N40"],"lines":"24, 25, 28, 30, 34, 723, 105, 109, 196, 740, S, N20, N30, N40"},"geometry":{"type":"LineString","coordinates":[[18.526709,54.521185],[18.527309,54.520935]]}},{"type":"Feature","properties":{"mode":"bus","n":16,"arr":["24","25","28","30","34","723","102","105","109","196","204","740","S","N20","N30","N40"],"lines":"24, 25, 28, 30, 34, 723, 102, 105, 109, 196, 204, 740, S, N20, N30, N40"},"geometry":{"type":"LineString","coordinates":[[18.527309,54.520935],[18.528088,54.520608],[18.528732,54.520241],[18.529736,54.519471],[18.530142,54.519106],[18.530249,54.519048],[18.530468,54.518982],[18.530699,54.518963],[18.531101,54.519029]]}},{"type":"Feature","properties":{"mode":"bus","n":17,"arr":["24","25","28","30","34","723","102","105","109","182","196","204","740","S","N20","N30","N40"],"lines":"24, 25, 28, 30, 34, 723, 102, 105, 109, 182, 196, 204, 740, S, N20, N30, N40"},"geometry":{"type":"LineString","coordinates":[[18.531101,54.519029],[18.533108,54.51955]]}},{"type":"Feature","properties":{"mode":"bus","n":18,"arr":["24","25","28","30","34","710","723","102","105","109","182","196","204","740","S","N20","N30","N40"],"lines":"24, 25, 28, 30, 34, 710, 723, 102, 105, 109, 182, 196, 204, 740, S, N20, N30, N40"},"geometry":{"type":"LineString","coordinates":[[18.534015,54.519767],[18.533108,54.51955]]}},{"type":"Feature","properties":{"mode":"bus","n":6,"arr":["25","28","710","105","109","S"],"lines":"25, 28, 710, 105, 109, S"},"geometry":{"type":"LineString","coordinates":[[18.533108,54.51955],[18.532941,54.519573],[18.532795,54.519631]]}},{"type":"Feature","properties":{"mode":"bus","n":11,"arr":["25","28","710","105","109","182","204","S","N20","N30","N40"],"lines":"25, 28, 710, 105, 109, 182, 204, S, N20, N30, N40"},"geometry":{"type":"LineString","coordinates":[[18.532795,54.519631],[18.532504,54.51949],[18.531818,54.519294],[18.531093,54.519161]]}},{"type":"Feature","properties":{"mode":"bus","n":9,"arr":["25","28","710","105","109","S","N20","N30","N40"],"lines":"25, 28, 710, 105, 109, S, N20, N30, N40"},"geometry":{"type":"LineString","coordinates":[[18.531093,54.519161],[18.530799,54.519142],[18.530648,54.519153],[18.530447,54.519207],[18.530121,54.519426],[18.529555,54.51996],[18.528769,54.520435],[18.526573,54.521376]]}},{"type":"Feature","properties":{"mode":"bus","n":11,"arr":["25","26","27","28","710","105","109","S","N20","N30","N40"],"lines":"25, 26, 27, 28, 710, 105, 109, S, N20, N30, N40"},"geometry":{"type":"LineString","coordinates":[[18.526573,54.521376],[18.525101,54.521952],[18.517305,54.524788],[18.51184,54.526812],[18.510682,54.527243],[18.509628,54.527669],[18.507664,54.52813],[18.505057,54.528819],[18.503489,54.529324],[18.502727,54.529503],[18.501749,54.529694],[18.496645,54.531041],[18.496314,54.53113],[18.496039,54.531279],[18.494575,54.531657],[18.493722,54.531818],[18.491793,54.532331]]}},{"type":"Feature","properties":{"mode":"bus","n":5,"arr":["25","26","197","K","S"],"lines":"25, 26, 197, K, S"},"geometry":{"type":"LineString","coordinates":[[18.46072,54.541884],[18.467969,54.53973],[18.47758,54.536419],[18.478109,54.536283],[18.479007,54.536121]]}},{"type":"Feature","properties":{"mode":"bus","n":6,"arr":["25","26","173","197","K","N20"],"lines":"25, 26, 173, 197, K, N20"},"geometry":{"type":"LineString","coordinates":[[18.456009,54.542964],[18.457174,54.542764],[18.457773,54.542627],[18.460654,54.541784]]}},{"type":"Feature","properties":{"mode":"bus","n":7,"arr":["25","26","30","34","197","K","S"],"lines":"25, 26, 30, 34, 197, K, S"},"geometry":{"type":"LineString","coordinates":[[18.460654,54.541784],[18.467191,54.539854],[18.471217,54.5385]]}},{"type":"Feature","properties":{"mode":"bus","n":8,"arr":["25","26","30","34","102","197","K","S"],"lines":"25, 26, 30, 34, 102, 197, K, S"},"geometry":{"type":"LineString","coordinates":[[18.471217,54.5385],[18.479517,54.535621]]}},{"type":"Feature","properties":{"mode":"bus","n":14,"arr":["26","28","109","134","140","147","150","160","190","740","770","R","S","Z"],"lines":"26, 28, 109, 134, 140, 147, 150, 160, 190, 740, 770, R, S, Z"},"geometry":{"type":"LineString","coordinates":[[18.536971,54.508012],[18.536966,54.50773]]}},{"type":"Feature","properties":{"mode":"bus","n":21,"arr":["26","28","104","105","109","128","133","134","140","147","150","160","190","196","204","282","740","770","R","S","Z"],"lines":"26, 28, 104, 105, 109, 128, 133, 134, 140, 147, 150, 160, 190, 196, 204, 282, 740, 770, R, S, Z"},"geometry":{"type":"LineString","coordinates":[[18.537039,54.509563],[18.537,54.509244],[18.536971,54.508012]]}},{"type":"Feature","properties":{"mode":"bus","n":9,"arr":["26","109","140","147","150","160","190","209","N20"],"lines":"26, 109, 140, 147, 150, 160, 190, 209, N20"},"geometry":{"type":"LineString","coordinates":[[18.534902,54.509608],[18.536789,54.509574]]}},{"type":"Feature","properties":{"mode":"bus","n":12,"arr":["27","31","181","710","121","740","K","R","X","Z","N10","N30"],"lines":"27, 31, 181, 710, 121, 740, K, R, X, Z, N10, N30"},"geometry":{"type":"LineString","coordinates":[[18.450977,54.46045],[18.450863,54.460557],[18.450623,54.460678]]}},{"type":"Feature","properties":{"mode":"bus","n":15,"arr":["27","31","181","710","121","171","191","193","740","K","R","X","Z","N10","N30"],"lines":"27, 31, 181, 710, 121, 171, 191, 193, 740, K, R, X, Z, N10, N30"},"geometry":{"type":"LineString","coordinates":[[18.450623,54.460678],[18.451379,54.461066]]}},{"type":"Feature","properties":{"mode":"bus","n":14,"arr":["27","31","181","710","121","171","191","193","740","K","R","X","N10","N30"],"lines":"27, 31, 181, 710, 121, 171, 191, 193, 740, K, R, X, N10, N30"},"geometry":{"type":"LineString","coordinates":[[18.451379,54.461066],[18.451744,54.461316]]}},{"type":"Feature","properties":{"mode":"bus","n":8,"arr":["27","31","181","710","740","R","N10","N30"],"lines":"27, 31, 181, 710, 740, R, N10, N30"},"geometry":{"type":"LineString","coordinates":[[18.477471,54.473829],[18.479474,54.47294],[18.479725,54.472856]]}},{"type":"Feature","properties":{"mode":"bus","n":9,"arr":["27","31","181","710","700","740","R","N10","N30"],"lines":"27, 31, 181, 710, 700, 740, R, N10, N30"},"geometry":{"type":"LineString","coordinates":[[18.480478,54.472443],[18.480556,54.472313]]}},{"type":"Feature","properties":{"mode":"bus","n":10,"arr":["27","31","181","710","700","740","R","Z","N10","N30"],"lines":"27, 31, 181, 710, 700, 740, R, Z, N10, N30"},"geometry":{"type":"LineString","coordinates":[[18.480665,54.472097],[18.480556,54.472313]]}},{"type":"Feature","properties":{"mode":"bus","n":9,"arr":["27","31","181","710","740","R","Z","N10","N30"],"lines":"27, 31, 181, 710, 740, R, Z, N10, N30"},"geometry":{"type":"LineString","coordinates":[[18.489662,54.471031],[18.487304,54.471092],[18.485087,54.471186],[18.484366,54.471309],[18.483123,54.471666],[18.482475,54.471809],[18.482058,54.471862],[18.481615,54.47189],[18.480908,54.471862],[18.48087,54.471865],[18.480839,54.471874],[18.480815,54.471891],[18.480714,54.47199],[18.480665,54.472097]]}},{"type":"Feature","properties":{"mode":"bus","n":10,"arr":["27","31","181","710","180","740","R","Z","N10","N30"],"lines":"27, 31, 181, 710, 180, 740, R, Z, N10, N30"},"geometry":{"type":"LineString","coordinates":[[18.489893,54.471026],[18.489662,54.471031]]}},{"type":"Feature","properties":{"mode":"bus","n":12,"arr":["27","29","31","181","710","153","180","740","R","Z","N10","N30"],"lines":"27, 29, 31, 181, 710, 153, 180, 740, R, Z, N10, N30"},"geometry":{"type":"LineString","coordinates":[[18.507139,54.468965],[18.501025,54.469464],[18.498455,54.469695],[18.497794,54.469798],[18.493541,54.470742],[18.492742,54.470888],[18.491991,54.470966],[18.489893,54.471026]]}},{"type":"Feature","properties":{"mode":"bus","n":13,"arr":["27","29","31","32","181","710","153","180","740","R","Z","N10","N30"],"lines":"27, 29, 31, 32, 181, 710, 153, 180, 740, R, Z, N10, N30"},"geometry":{"type":"LineString","coordinates":[[18.508969,54.46871],[18.507139,54.468965]]}},{"type":"Feature","properties":{"mode":"bus","n":11,"arr":["27","29","31","32","710","180","740","R","Z","N10","N30"],"lines":"27, 29, 31, 32, 710, 180, 740, R, Z, N10, N30"},"geometry":{"type":"LineString","coordinates":[[18.532345,54.48163],[18.53168,54.481291],[18.53009,54.480414],[18.529804,54.480282],[18.527524,54.479546],[18.518526,54.476334],[18.517881,54.476],[18.517216,54.475708],[18.516478,54.47526],[18.516158,54.475027],[18.515809,54.474704],[18.514722,54.473486],[18.514097,54.472841],[18.51384,54.472584],[18.513626,54.47252],[18.51074,54.469305],[18.510463,54.469042],[18.510131,54.468858],[18.509693,54.468734],[18.509266,54.468691],[18.508969,54.46871]]}},{"type":"Feature","properties":{"mode":"bus","n":13,"arr":["27","29","31","32","710","180","203","252","740","R","Z","N10","N30"],"lines":"27, 29, 31, 32, 710, 180, 203, 252, 740, R, Z, N10, N30"},"geometry":{"type":"LineString","coordinates":[[18.545288,54.484886],[18.544941,54.48484],[18.543713,54.484774]]}},{"type":"Feature","properties":{"mode":"bus","n":12,"arr":["27","29","32","710","180","203","252","740","R","Z","N10","N30"],"lines":"27, 29, 32, 710, 180, 203, 252, 740, R, Z, N10, N30"},"geometry":{"type":"LineString","coordinates":[[18.545831,54.485277],[18.545691,54.48505],[18.545618,54.484985],[18.545288,54.484886]]}},{"type":"Feature","properties":{"mode":"bus","n":5,"arr":["27","121","180","192","203"],"lines":"27, 121, 180, 192, 203"},"geometry":{"type":"LineString","coordinates":[[18.540688,54.492449],[18.540533,54.492408]]}},{"type":"Feature","properties":{"mode":"bus","n":6,"arr":["27","121","152","192","203","700"],"lines":"27, 121, 152, 192, 203, 700"},"geometry":{"type":"LineString","coordinates":[[18.535906,54.491585],[18.539043,54.492046],[18.539853,54.492217],[18.540533,54.492408]]}},{"type":"Feature","properties":{"mode":"bus","n":5,"arr":["27","121","152","192","203"],"lines":"27, 121, 152, 192, 203"},"geometry":{"type":"LineString","coordinates":[[18.535356,54.491559],[18.535906,54.491585]]}},{"type":"Feature","properties":{"mode":"bus","n":5,"arr":["28","105","121","180","252"],"lines":"28, 105, 121, 180, 252"},"geometry":{"type":"LineString","coordinates":[[18.555862,54.489623],[18.555573,54.489656],[18.551706,54.489883]]}},{"type":"Feature","properties":{"mode":"bus","n":20,"arr":["28","104","105","109","128","133","134","140","147","150","160","190","196","204","282","740","770","R","S","Z"],"lines":"28, 104, 105, 109, 128, 133, 134, 140, 147, 150, 160, 190, 196, 204, 282, 740, 770, R, S, Z"},"geometry":{"type":"LineString","coordinates":[[18.538944,54.519528],[18.538933,54.517822],[18.538903,54.517574],[18.537723,54.511787],[18.537039,54.509563]]}},{"type":"Feature","properties":{"mode":"bus","n":6,"arr":["28","114","159","173","191","288"],"lines":"28, 114, 159, 173, 191, 288"},"geometry":{"type":"LineString","coordinates":[[18.462586,54.544683],[18.462965,54.545379]]}},{"type":"Feature","properties":{"mode":"bus","n":7,"arr":["28","102","114","159","173","191","288"],"lines":"28, 102, 114, 159, 173, 191, 288"},"geometry":{"type":"LineString","coordinates":[[18.462965,54.545379],[18.462939,54.545444],[18.46284,54.545504],[18.46225,54.545656]]}},{"type":"Feature","properties":{"mode":"bus","n":6,"arr":["28","102","114","159","173","288"],"lines":"28, 102, 114, 159, 173, 288"},"geometry":{"type":"LineString","coordinates":[[18.462965,54.545379],[18.463041,54.545385]]}},{"type":"Feature","properties":{"mode":"bus","n":6,"arr":["28","102","114","159","173","288"],"lines":"28, 102, 114, 159, 173, 288"},"geometry":{"type":"LineString","coordinates":[[18.461457,54.544969],[18.462001,54.545595],[18.462131,54.545654],[18.46225,54.545656]]}},{"type":"Feature","properties":{"mode":"bus","n":8,"arr":["28","102","114","159","173","191","288","N20"],"lines":"28, 102, 114, 159, 173, 191, 288, N20"},"geometry":{"type":"LineString","coordinates":[[18.46072,54.541884],[18.462088,54.543869],[18.462586,54.544683]]}},{"type":"Feature","properties":{"mode":"bus","n":9,"arr":["28","102","114","159","173","191","288","S","N20"],"lines":"28, 102, 114, 159, 173, 191, 288, S, N20"},"geometry":{"type":"LineString","coordinates":[[18.460654,54.541784],[18.46072,54.541884]]}},{"type":"Feature","properties":{"mode":"bus","n":10,"arr":["28","30","34","102","114","159","191","288","S","N20"],"lines":"28, 30, 34, 102, 114, 159, 191, 288, S, N20"},"geometry":{"type":"LineString","coordinates":[[18.460654,54.541784],[18.459625,54.540186],[18.458107,54.537517],[18.457952,54.537209],[18.457623,54.536099],[18.457553,54.535965],[18.457355,54.535756],[18.457109,54.535597],[18.456938,54.535515],[18.456681,54.535444]]}},{"type":"Feature","properties":{"mode":"bus","n":7,"arr":["28","30","159","191","288","S","N20"],"lines":"28, 30, 159, 191, 288, S, N20"},"geometry":{"type":"LineString","coordinates":[[18.456681,54.535444],[18.456109,54.535341],[18.4557,54.535229],[18.455428,54.535097],[18.452888,54.533627],[18.452351,54.533393],[18.450968,54.532937],[18.450471,54.532727]]}},{"type":"Feature","properties":{"mode":"bus","n":5,"arr":["28","30","159","S","N20"],"lines":"28, 30, 159, S, N20"},"geometry":{"type":"LineString","coordinates":[[18.450471,54.532727],[18.450053,54.532916],[18.449006,54.533194],[18.447224,54.53356],[18.446362,54.533772],[18.444567,54.534469],[18.439799,54.53697],[18.439581,54.537109],[18.439425,54.537341],[18.439108,54.53796],[18.438887,54.538184],[18.43862,54.538365],[18.438441,54.538453],[18.43794,54.538622],[18.436629,54.538892],[18.435608,54.539028],[18.434834,54.539058]]}},{"type":"Feature","properties":{"mode":"bus","n":5,"arr":["28","30","159","S","N20"],"lines":"28, 30, 159, S, N20"},"geometry":{"type":"LineString","coordinates":[[18.434593,54.539054],[18.434772,54.539057],[18.434793,54.539058],[18.434805,54.539062],[18.434808,54.539067],[18.434803,54.539074],[18.43479,54.539083],[18.434294,54.53937],[18.434052,54.539384],[18.433925,54.539331],[18.433877,54.539226],[18.433873,54.539192],[18.433893,54.53916],[18.433972,54.539083],[18.434149,54.539047],[18.434593,54.539054]]}},{"type":"Feature","properties":{"mode":"bus","n":10,"arr":["28","105","109","140","147","150","160","190","196","S"],"lines":"28, 105, 109, 140, 147, 150, 160, 190, 196, S"},"geometry":{"type":"LineString","coordinates":[[18.538675,54.517692],[18.538803,54.519535]]}},{"type":"Feature","properties":{"mode":"bus","n":19,"arr":["28","105","109","128","133","134","140","147","150","152","160","190","196","204","209","282","R","S","Z"],"lines":"28, 105, 109, 128, 133, 134, 140, 147, 150, 152, 160, 190, 196, 204, 209, 282, R, S, Z"},"geometry":{"type":"LineString","coordinates":[[18.536789,54.509574],[18.537467,54.511728],[18.538675,54.517692]]}},{"type":"Feature","properties":{"mode":"bus","n":17,"arr":["32","723","104","128","133","134","146","150","173","182","194","196","282","770","R","N10","N94"],"lines":"32, 723, 104, 128, 133, 134, 146, 150, 173, 182, 194, 196, 282, 770, R, N10, N94"},"geometry":{"type":"LineString","coordinates":[[18.528366,54.523175],[18.528747,54.523148],[18.529311,54.523047]]}},{"type":"Feature","properties":{"mode":"bus","n":17,"arr":["32","723","104","128","133","134","146","150","173","182","194","196","282","770","R","N10","N94"],"lines":"32, 723, 104, 128, 133, 134, 146, 150, 173, 182, 194, 196, 282, 770, R, N10, N94"},"geometry":{"type":"LineString","coordinates":[[18.519174,54.526805],[18.520298,54.525582],[18.520603,54.525326],[18.521011,54.525087],[18.52141,54.524925],[18.522005,54.524724],[18.522267,54.524587]]}},{"type":"Feature","properties":{"mode":"bus","n":15,"arr":["32","104","128","134","146","150","173","182","194","196","282","770","R","N10","N94"],"lines":"32, 104, 128, 134, 146, 150, 173, 182, 194, 196, 282, 770, R, N10, N94"},"geometry":{"type":"LineString","coordinates":[[18.497884,54.540339],[18.501702,54.538459],[18.501864,54.538353],[18.502087,54.53812],[18.502318,54.537303],[18.502491,54.537101],[18.502645,54.536975],[18.512578,54.530105],[18.513001,54.529874],[18.514443,54.529172],[18.51587,54.528673],[18.516683,54.528334],[18.518076,54.527635],[18.51852,54.527359]]}},{"type":"Feature","properties":{"mode":"bus","n":10,"arr":["32","128","146","173","182","194","282","770","N10","N94"],"lines":"32, 128, 146, 173, 182, 194, 282, 770, N10, N94"},"geometry":{"type":"LineString","coordinates":[[18.497884,54.540339],[18.49809,54.540398],[18.498776,54.54089],[18.498943,54.541037],[18.499046,54.541212],[18.499012,54.541519],[18.498721,54.542171],[18.498663,54.542441],[18.498753,54.542776],[18.499001,54.54312]]}},{"type":"Feature","properties":{"mode":"bus","n":15,"arr":["32","109","128","146","163","173","182","194","282","770","K","X","N10","N40","N94"],"lines":"32, 109, 128, 146, 163, 173, 182, 194, 282, 770, K, X, N10, N40, N94"},"geometry":{"type":"LineString","coordinates":[[18.499001,54.54312],[18.5017,54.545767],[18.505326,54.549505],[18.505928,54.549898]]}},{"type":"Feature","properties":{"mode":"bus","n":22,"arr":["32","104","105","109","128","134","135","146","150","163","173","182","194","196","197","282","770","K","X","N10","N40","N94"],"lines":"32, 104, 105, 109, 128, 134, 135, 146, 150, 163, 173, 182, 194, 196, 197, 282, 770, K, X, N10, N40, N94"},"geometry":{"type":"LineString","coordinates":[[18.505928,54.549898],[18.507063,54.550942]]}},{"type":"Feature","properties":{"mode":"bus","n":11,"arr":["32","105","128","135","146","173","194","770","K","N10","N94"],"lines":"32, 105, 128, 135, 146, 173, 194, 770, K, N10, N94"},"geometry":{"type":"LineString","coordinates":[[18.507063,54.550942],[18.507411,54.551261]]}},{"type":"Feature","properties":{"mode":"bus","n":21,"arr":["32","105","109","128","134","135","141","146","150","152","163","173","182","196","197","198","209","282","770","X","N10"],"lines":"32, 105, 109, 128, 134, 135, 141, 146, 150, 152, 163, 173, 182, 196, 197, 198, 209, 282, 770, X, N10"},"geometry":{"type":"LineString","coordinates":[[18.507411,54.551261],[18.506739,54.5515]]}},{"type":"Feature","properties":{"mode":"bus","n":8,"arr":["32","105","135","146","173","198","770","N10"],"lines":"32, 105, 135, 146, 173, 198, 770, N10"},"geometry":{"type":"LineString","coordinates":[[18.501839,54.552959],[18.502543,54.552832],[18.503655,54.55257],[18.506739,54.5515]]}},{"type":"Feature","properties":{"mode":"bus","n":9,"arr":["32","105","135","146","173","198","770","N10","N40"],"lines":"32, 105, 135, 146, 173, 198, 770, N10, N40"},"geometry":{"type":"LineString","coordinates":[[18.478502,54.55738],[18.480272,54.556673],[18.481049,54.556398],[18.482312,54.556048],[18.483262,54.555845],[18.484372,54.55567],[18.491676,54.554849],[18.493359,54.554696],[18.49418,54.554754],[18.49443,54.554743],[18.494611,54.554651],[18.494651,54.554496],[18.494708,54.554439],[18.494897,54.554354],[18.496527,54.554046],[18.501839,54.552959]]}},{"type":"Feature","properties":{"mode":"bus","n":10,"arr":["32","105","135","146","165","173","198","770","N10","N40"],"lines":"32, 105, 135, 146, 165, 173, 198, 770, N10, N40"},"geometry":{"type":"LineString","coordinates":[[18.475663,54.558498],[18.475844,54.558455],[18.477872,54.557634]]}},{"type":"Feature","properties":{"mode":"bus","n":7,"arr":["32","105","135","146","173","198","N40"],"lines":"32, 105, 135, 146, 173, 198, N40"},"geometry":{"type":"LineString","coordinates":[[18.501839,54.552959],[18.502906,54.552597],[18.505237,54.551618],[18.506446,54.551162]]}},{"type":"Feature","properties":{"mode":"bus","n":22,"arr":["32","105","109","128","134","135","141","146","150","152","163","173","182","194","196","197","209","282","K","X","N10","N40"],"lines":"32, 105, 109, 128, 134, 135, 141, 146, 150, 152, 163, 173, 182, 194, 196, 197, 209, 282, K, X, N10, N40"},"geometry":{"type":"LineString","coordinates":[[18.506446,54.551162],[18.505677,54.550324]]}},{"type":"Feature","properties":{"mode":"bus","n":18,"arr":["32","109","128","134","141","146","152","163","173","182","194","196","209","282","K","X","N10","N40"],"lines":"32, 109, 128, 134, 141, 146, 152, 163, 173, 182, 194, 196, 209, 282, K, X, N10, N40"},"geometry":{"type":"LineString","coordinates":[[18.505677,54.550324],[18.504998,54.54936],[18.502254,54.546569],[18.498927,54.543264]]}},{"type":"Feature","properties":{"mode":"bus","n":11,"arr":["32","128","134","146","152","173","182","194","209","282","N10"],"lines":"32, 128, 134, 146, 152, 173, 182, 194, 209, 282, N10"},"geometry":{"type":"LineString","coordinates":[[18.498927,54.543264],[18.498272,54.542814],[18.497974,54.54269],[18.497455,54.542579],[18.496435,54.542571],[18.496204,54.542532],[18.495937,54.54243],[18.495638,54.542166],[18.495467,54.541938],[18.495423,54.541769],[18.495444,54.541632],[18.495518,54.54149]]}},{"type":"Feature","properties":{"mode":"bus","n":12,"arr":["32","128","134","146","150","152","173","182","194","209","282","N10"],"lines":"32, 128, 134, 146, 150, 152, 173, 182, 194, 209, 282, N10"},"geometry":{"type":"LineString","coordinates":[[18.495518,54.54149],[18.497299,54.54049],[18.497767,54.540254]]}},{"type":"Feature","properties":{"mode":"bus","n":13,"arr":["32","128","134","146","150","152","173","182","194","209","282","R","N10"],"lines":"32, 128, 134, 146, 150, 152, 173, 182, 194, 209, 282, R, N10"},"geometry":{"type":"LineString","coordinates":[[18.497767,54.540254],[18.501688,54.538311],[18.501758,54.538249],[18.501836,54.538098],[18.502012,54.537335],[18.502169,54.53712],[18.502356,54.536959],[18.512382,54.530019],[18.512666,54.529851],[18.513998,54.529199],[18.514302,54.529065],[18.515299,54.528698],[18.515743,54.528505],[18.517693,54.527532],[18.51799,54.52734],[18.518559,54.526857]]}},{"type":"Feature","properties":{"mode":"bus","n":5,"arr":["19","83","84","86","173"],"lines":"19, 83, 84, 86, 173"},"geometry":{"type":"LineString","coordinates":[[18.392664,54.571651],[18.394507,54.571183],[18.396056,54.570736],[18.397437,54.570277],[18.397463,54.570271],[18.397485,54.570271],[18.397504,54.570278],[18.39752,54.570291],[18.403403,54.576668]]}},{"type":"Feature","properties":{"mode":"bus","n":6,"arr":["19","84","85","86","87","173"],"lines":"19, 84, 85, 86, 87, 173"},"geometry":{"type":"LineString","coordinates":[[18.391615,54.56963],[18.392133,54.570574],[18.392664,54.571651]]}},{"type":"Feature","properties":{"mode":"bus","n":8,"arr":["19","84","85","86","173","J","R","N30"],"lines":"19, 84, 85, 86, 173, J, R, N30"},"geometry":{"type":"LineString","coordinates":[[18.388189,54.569048],[18.388337,54.568537],[18.388427,54.56841],[18.388577,54.568277],[18.388872,54.568106],[18.3891,54.568035],[18.389483,54.56804],[18.389737,54.568109],[18.391201,54.569116],[18.391407,54.569324],[18.391615,54.56963]]}},{"type":"Feature","properties":{"mode":"bus","n":7,"arr":["19","84","85","86","173","288","J"],"lines":"19, 84, 85, 86, 173, 288, J"},"geometry":{"type":"LineString","coordinates":[[18.38751,54.569238],[18.38679,54.569636],[18.38666,54.569738]]}},{"type":"Feature","properties":{"mode":"bus","n":5,"arr":["84","85","86","173","288"],"lines":"84, 85, 86, 173, 288"},"geometry":{"type":"LineString","coordinates":[[18.387455,54.570564],[18.387815,54.570308],[18.387982,54.570146],[18.388225,54.569823],[18.388369,54.569545],[18.389335,54.566783],[18.389622,54.566164],[18.389854,54.565796],[18.390143,54.565429],[18.391033,54.564545]]}},{"type":"Feature","properties":{"mode":"bus","n":7,"arr":["104","128","133","196","204","252","282"],"lines":"104, 128, 133, 196, 204, 252, 282"},"geometry":{"type":"LineString","coordinates":[[18.549195,54.507706],[18.548769,54.507766],[18.548736,54.507774],[18.548717,54.507789],[18.548713,54.50781],[18.54872,54.507877],[18.548715,54.507898],[18.548696,54.507911],[18.548663,54.507918],[18.548437,54.507937],[18.545057,54.508432]]}},{"type":"Feature","properties":{"mode":"bus","n":8,"arr":["104","105","128","133","196","204","252","282"],"lines":"104, 105, 128, 133, 196, 204, 252, 282"},"geometry":{"type":"LineString","coordinates":[[18.538244,54.509427],[18.538567,54.509406],[18.53893,54.50933],[18.545057,54.508432]]}},{"type":"Feature","properties":{"mode":"bus","n":7,"arr":["104","105","128","133","196","204","282"],"lines":"104, 105, 128, 133, 196, 204, 282"},"geometry":{"type":"LineString","coordinates":[[18.536971,54.508012],[18.537232,54.507939],[18.537385,54.507951],[18.537562,54.508053],[18.537756,54.508269]]}},{"type":"Feature","properties":{"mode":"bus","n":15,"arr":["104","128","133","134","140","147","150","160","182","196","204","740","770","R","Z"],"lines":"104, 128, 133, 134, 140, 147, 150, 160, 182, 196, 204, 740, 770, R, Z"},"geometry":{"type":"LineString","coordinates":[[18.538777,54.5223],[18.539007,54.520319],[18.538944,54.519528]]}},{"type":"Feature","properties":{"mode":"bus","n":14,"arr":["104","128","133","134","140","147","150","160","182","196","740","770","R","Z"],"lines":"104, 128, 133, 134, 140, 147, 150, 160, 182, 196, 740, 770, R, Z"},"geometry":{"type":"LineString","coordinates":[[18.538644,54.523369],[18.538777,54.5223]]}},{"type":"Feature","properties":{"mode":"bus","n":7,"arr":["104","105","134","150","196","197","R"],"lines":"104, 105, 134, 150, 196, 197, R"},"geometry":{"type":"LineString","coordinates":[[18.497884,54.540339],[18.497211,54.540672],[18.496661,54.540978]]}},{"type":"Feature","properties":{"mode":"bus","n":6,"arr":["104","105","134","150","196","197"],"lines":"104, 105, 134, 150, 196, 197"},"geometry":{"type":"LineString","coordinates":[[18.496661,54.540978],[18.496515,54.541164],[18.496452,54.541411],[18.496487,54.541605],[18.496679,54.541917],[18.500638,54.545618]]}},{"type":"Feature","properties":{"mode":"bus","n":5,"arr":["104","105","150","196","197"],"lines":"104, 105, 150, 196, 197"},"geometry":{"type":"LineString","coordinates":[[18.500638,54.545618],[18.501486,54.546414],[18.50154,54.54649],[18.501542,54.546574],[18.501354,54.546845],[18.500632,54.547686]]}},{"type":"Feature","properties":{"mode":"bus","n":7,"arr":["104","105","134","135","150","196","197"],"lines":"104, 105, 134, 135, 150, 196, 197"},"geometry":{"type":"LineString","coordinates":[[18.500883,54.548281],[18.502263,54.547835],[18.502727,54.54761],[18.502991,54.54751],[18.503494,54.547362],[18.503761,54.547342],[18.503817,54.547345],[18.503863,54.547364],[18.50438,54.547711],[18.504833,54.548136],[18.505072,54.548499],[18.505464,54.549322],[18.505562,54.549476],[18.505928,54.549898]]}},{"type":"Feature","properties":{"mode":"bus","n":13,"arr":["104","109","134","150","163","182","196","197","198","209","282","X","N40"],"lines":"104, 109, 134, 150, 163, 182, 196, 197, 198, 209, 282, X, N40"},"geometry":{"type":"LineString","coordinates":[[18.507063,54.550942],[18.508512,54.550614],[18.509055,54.550537],[18.509111,54.550537],[18.50916,54.550552],[18.509217,54.550582],[18.509237,54.550598],[18.509245,54.550617],[18.509246,54.550657],[18.509182,54.550717]]}},{"type":"Feature","properties":{"mode":"bus","n":17,"arr":["104","109","128","134","141","150","152","163","182","196","197","198","209","282","X","N10","N40"],"lines":"104, 109, 128, 134, 141, 150, 152, 163, 182, 196, 197, 198, 209, 282, X, N10, N40"},"geometry":{"type":"LineString","coordinates":[[18.508869,54.550798],[18.511477,54.550163],[18.512886,54.549742]]}},{"type":"Feature","properties":{"mode":"bus","n":15,"arr":["109","128","134","141","150","152","163","182","196","197","198","209","282","X","N10"],"lines":"109, 128, 134, 141, 150, 152, 163, 182, 196, 197, 198, 209, 282, X, N10"},"geometry":{"type":"LineString","coordinates":[[18.507411,54.551261],[18.508869,54.550798]]}},{"type":"Feature","properties":{"mode":"bus","n":16,"arr":["104","109","128","134","150","152","163","182","196","197","198","209","282","X","N10","N40"],"lines":"104, 109, 128, 134, 150, 152, 163, 182, 196, 197, 198, 209, 282, X, N10, N40"},"geometry":{"type":"LineString","coordinates":[[18.512886,54.549742],[18.515934,54.548698],[18.516431,54.548551]]}},{"type":"Feature","properties":{"mode":"bus","n":9,"arr":["104","128","150","163","196","197","198","X","N10"],"lines":"104, 128, 150, 163, 196, 197, 198, X, N10"},"geometry":{"type":"LineString","coordinates":[[18.516431,54.548551],[18.51667,54.54848]]}},{"type":"Feature","properties":{"mode":"bus","n":9,"arr":["104","128","150","163","196","197","198","X","N10"],"lines":"104, 128, 150, 163, 196, 197, 198, X, N10"},"geometry":{"type":"LineString","coordinates":[[18.516989,54.548359],[18.517658,54.548099],[18.518005,54.547908],[18.519824,54.546767]]}},{"type":"Feature","properties":{"mode":"bus","n":10,"arr":["104","128","150","163","196","197","198","X","N10","N40"],"lines":"104, 128, 150, 163, 196, 197, 198, X, N10, N40"},"geometry":{"type":"LineString","coordinates":[[18.519824,54.546767],[18.520427,54.54642],[18.520885,54.546215],[18.527846,54.543501],[18.52832,54.543334],[18.528744,54.54323],[18.529149,54.543167],[18.537087,54.542432],[18.541922,54.54265],[18.547185,54.542917]]}},{"type":"Feature","properties":{"mode":"bus","n":8,"arr":["104","150","163","196","197","198","X","N40"],"lines":"104, 150, 163, 196, 197, 198, X, N40"},"geometry":{"type":"LineString","coordinates":[[18.547185,54.542917],[18.547798,54.542818]]}},{"type":"Feature","properties":{"mode":"bus","n":8,"arr":["105","109","197","K","X","N20","N30","N40"],"lines":"105, 109, 197, K, X, N20, N30, N40"},"geometry":{"type":"LineString","coordinates":[[18.489108,54.532936],[18.489725,54.533552]]}},{"type":"Feature","properties":{"mode":"bus","n":7,"arr":["105","109","197","K","X","N30","N40"],"lines":"105, 109, 197, K, X, N30, N40"},"geometry":{"type":"LineString","coordinates":[[18.489725,54.533552],[18.49022,54.53405],[18.490983,54.53506],[18.491728,54.535826],[18.492589,54.536485],[18.494301,54.538216]]}},{"type":"Feature","properties":{"mode":"bus","n":8,"arr":["105","109","163","197","K","R","X","N40"],"lines":"105, 109, 163, 197, K, R, X, N40"},"geometry":{"type":"LineString","coordinates":[[18.494301,54.538216],[18.495746,54.539677],[18.49621,54.540344],[18.49734,54.541477]]}},{"type":"Feature","properties":{"mode":"bus","n":8,"arr":["105","135","146","165","173","770","N10","N40"],"lines":"105, 135, 146, 165, 173, 770, N10, N40"},"geometry":{"type":"LineString","coordinates":[[18.475594,54.558958],[18.475584,54.558879],[18.475388,54.55861]]}},{"type":"Feature","properties":{"mode":"bus","n":7,"arr":["105","135","146","165","173","N10","N40"],"lines":"105, 135, 146, 165, 173, N10, N40"},"geometry":{"type":"LineString","coordinates":[[18.472751,54.560426],[18.472991,54.559797],[18.473177,54.559585],[18.473471,54.559394],[18.474016,54.559217],[18.474307,54.559181],[18.475105,54.559173],[18.475286,54.559151],[18.475418,54.559108],[18.475594,54.558958]]}},{"type":"Feature","properties":{"mode":"bus","n":8,"arr":["105","135","146","163","165","173","N10","N40"],"lines":"105, 135, 146, 163, 165, 173, N10, N40"},"geometry":{"type":"LineString","coordinates":[[18.480987,54.563051],[18.48061,54.562744],[18.480463,54.562665],[18.48024,54.562622],[18.480044,54.562634],[18.479494,54.562766],[18.47925,54.562869],[18.479138,54.562963],[18.479108,54.563069],[18.479138,54.563343],[18.479075,54.563443],[18.478852,54.563553],[18.478618,54.563603],[18.478254,54.563614],[18.477767,54.563542],[18.477466,54.563453],[18.477167,54.563431],[18.476509,54.563622],[18.476337,54.563638],[18.476088,54.563595],[18.475862,54.563459],[18.475769,54.56333],[18.475732,54.563169],[18.475711,54.563022],[18.475801,54.562185],[18.475791,54.561969],[18.475697,54.56144],[18.475584,54.561278],[18.475371,54.561129],[18.474345,54.560609],[18.47418,54.560557],[18.474033,54.560539],[18.473782,54.560571],[18.47361,54.560702],[18.473564,54.560801],[18.473575,54.561062],[18.473513,54.561214],[18.473376,54.561317],[18.473258,54.561367],[18.473134,54.561378],[18.472775,54.561338],[18.472466,54.561218],[18.472374,54.561143],[18.472338,54.56107],[18.472385,54.56092],[18.472751,54.560426]]}},{"type":"Feature","properties":{"mode":"bus","n":12,"arr":["105","135","146","163","165","173","265","282","N10","N40","N65","N94"],"lines":"105, 135, 146, 163, 165, 173, 265, 282, N10, N40, N65, N94"},"geometry":{"type":"LineString","coordinates":[[18.481077,54.563131],[18.480987,54.563051]]}},{"type":"Feature","properties":{"mode":"bus","n":14,"arr":["105","135","141","146","163","165","173","194","265","282","N10","N40","N65","N94"],"lines":"105, 135, 141, 146, 163, 165, 173, 194, 265, 282, N10, N40, N65, N94"},"geometry":{"type":"LineString","coordinates":[[18.481154,54.563198],[18.481077,54.563131]]}},{"type":"Feature","properties":{"mode":"bus","n":14,"arr":["105","135","141","146","163","165","173","194","265","282","N10","N40","N65","N94"],"lines":"105, 135, 141, 146, 163, 165, 173, 194, 265, 282, N10, N40, N65, N94"},"geometry":{"type":"LineString","coordinates":[[18.482127,54.564171],[18.482042,54.56395],[18.481657,54.563637]]}},{"type":"Feature","properties":{"mode":"bus","n":12,"arr":["105","135","146","163","165","173","194","265","282","N40","N65","N94"],"lines":"105, 135, 146, 163, 165, 173, 194, 265, 282, N40, N65, N94"},"geometry":{"type":"LineString","coordinates":[[18.481657,54.563637],[18.481154,54.563198]]}},{"type":"Feature","properties":{"mode":"bus","n":6,"arr":["105","146","165","173","265","N65"],"lines":"105, 146, 165, 173, 265, N65"},"geometry":{"type":"LineString","coordinates":[[18.482321,54.564354],[18.482482,54.56461],[18.483165,54.565344],[18.485586,54.568312]]}},{"type":"Feature","properties":{"mode":"bus","n":10,"arr":["105","109","141","163","196","197","K","R","X","N40"],"lines":"105, 109, 141, 163, 196, 197, K, R, X, N40"},"geometry":{"type":"LineString","coordinates":[[18.497301,54.54162],[18.495898,54.540213],[18.495225,54.53972],[18.493877,54.538377]]}},{"type":"Feature","properties":{"mode":"bus","n":9,"arr":["105","109","141","196","197","K","X","N30","N40"],"lines":"105, 109, 141, 196, 197, K, X, N30, N40"},"geometry":{"type":"LineString","coordinates":[[18.493877,54.538377],[18.492066,54.536554],[18.491524,54.535815],[18.490823,54.535092],[18.489488,54.533992],[18.488607,54.533071]]}},{"type":"Feature","properties":{"mode":"bus","n":5,"arr":["109","163","K","X","N40"],"lines":"109, 163, K, X, N40"},"geometry":{"type":"LineString","coordinates":[[18.49734,54.541477],[18.499001,54.54312]]}},{"type":"Feature","properties":{"mode":"bus","n":7,"arr":["109","134","152","182","209","282","N40"],"lines":"109, 134, 152, 182, 209, 282, N40"},"geometry":{"type":"LineString","coordinates":[[18.516431,54.548551],[18.517097,54.548567],[18.521036,54.548561]]}},{"type":"Feature","properties":{"mode":"bus","n":9,"arr":["109","134","163","182","196","197","209","282","N40"],"lines":"109, 134, 163, 182, 196, 197, 209, 282, N40"},"geometry":{"type":"LineString","coordinates":[[18.530583,54.549286],[18.53066,54.548956]]}},{"type":"Feature","properties":{"mode":"bus","n":11,"arr":["109","128","134","163","182","196","197","209","282","N10","N40"],"lines":"109, 128, 134, 163, 182, 196, 197, 209, 282, N10, N40"},"geometry":{"type":"LineString","coordinates":[[18.530178,54.553469],[18.530013,54.552717],[18.530007,54.552523],[18.530583,54.549286]]}},{"type":"Feature","properties":{"mode":"bus","n":16,"arr":["109","128","134","141","150","152","163","182","194","196","197","209","282","K","X","N10"],"lines":"109, 128, 134, 141, 150, 152, 163, 182, 194, 196, 197, 209, 282, K, X, N10"},"geometry":{"type":"LineString","coordinates":[[18.506739,54.5515],[18.506446,54.551162]]}},{"type":"Feature","properties":{"mode":"bus","n":7,"arr":["109","141","163","196","K","X","N40"],"lines":"109, 141, 163, 196, K, X, N40"},"geometry":{"type":"LineString","coordinates":[[18.498927,54.543264],[18.497301,54.54162]]}},{"type":"Feature","properties":{"mode":"bus","n":7,"arr":["109","140","147","150","160","209","N20"],"lines":"109, 140, 147, 150, 160, 209, N20"},"geometry":{"type":"LineString","coordinates":[[18.534902,54.509608],[18.534589,54.509578],[18.534535,54.509566],[18.534494,54.509542],[18.534343,54.509407]]}},{"type":"Feature","properties":{"mode":"bus","n":5,"arr":["119","150","182","190","204"],"lines":"119, 150, 182, 190, 204"},"geometry":{"type":"LineString","coordinates":[[18.530599,54.521801],[18.530721,54.521691],[18.530808,54.521526]]}},{"type":"Feature","properties":{"mode":"bus","n":8,"arr":["119","140","147","150","160","182","190","204"],"lines":"119, 140, 147, 150, 160, 182, 190, 204"},"geometry":{"type":"LineString","coordinates":[[18.531021,54.521305],[18.530925,54.521216],[18.530912,54.521197],[18.530918,54.52118],[18.530943,54.521165],[18.532064,54.520707],[18.532156,54.520707]]}},{"type":"Feature","properties":{"mode":"bus","n":6,"arr":["121","150","190","192","203","N20"],"lines":"121, 150, 190, 192, 203, N20"},"geometry":{"type":"LineString","coordinates":[[18.509582,54.498106],[18.509671,54.498183]]}},{"type":"Feature","properties":{"mode":"bus","n":6,"arr":["121","140","147","160","760","N20"],"lines":"121, 140, 147, 160, 760, N20"},"geometry":{"type":"LineString","coordinates":[[18.508249,54.498474],[18.50823,54.498421],[18.508229,54.498405],[18.508241,54.498392],[18.508266,54.498384],[18.509163,54.498217],[18.509582,54.498106]]}},{"type":"Feature","properties":{"mode":"bus","n":6,"arr":["121","140","147","160","760","N20"],"lines":"121, 140, 147, 160, 760, N20"},"geometry":{"type":"LineString","coordinates":[[18.462963,54.50053],[18.463745,54.500508],[18.47146,54.49986],[18.471823,54.499849],[18.473017,54.499887],[18.48069,54.499265],[18.481995,54.499129],[18.484947,54.498722],[18.486062,54.49861],[18.487868,54.498492],[18.488704,54.498481],[18.489345,54.498528],[18.490153,54.498664],[18.490687,54.498709],[18.491011,54.49868],[18.491542,54.498541],[18.491942,54.498515]]}},{"type":"Feature","properties":{"mode":"bus","n":6,"arr":["121","140","147","160","760","N20"],"lines":"121, 140, 147, 160, 760, N20"},"geometry":{"type":"LineString","coordinates":[[18.460263,54.500213],[18.460077,54.50015]]}},{"type":"Feature","properties":{"mode":"bus","n":7,"arr":["121","140","141","147","160","760","N20"],"lines":"121, 140, 141, 147, 160, 760, N20"},"geometry":{"type":"LineString","coordinates":[[18.491942,54.498515],[18.49288,54.498475],[18.493497,54.498491],[18.495864,54.498353],[18.497247,54.498314],[18.498346,54.498349],[18.499748,54.498426],[18.501854,54.498569],[18.502758,54.498652],[18.505575,54.498819],[18.506464,54.498773],[18.508249,54.498474]]}},{"type":"Feature","properties":{"mode":"bus","n":5,"arr":["121","140","147","160","N20"],"lines":"121, 140, 147, 160, N20"},"geometry":{"type":"LineString","coordinates":[[18.490153,54.498664],[18.490974,54.498893],[18.490995,54.498902],[18.491003,54.49891],[18.490998,54.49892],[18.490979,54.49893],[18.490904,54.49896],[18.490852,54.498972],[18.490797,54.498966],[18.490104,54.498779],[18.489201,54.498629],[18.488365,54.498577],[18.487548,54.4986],[18.486236,54.498685],[18.485498,54.498756],[18.482146,54.499202],[18.480596,54.499368],[18.47319,54.499963],[18.472719,54.499977],[18.471882,54.499939],[18.471233,54.499969],[18.467954,54.500243],[18.465832,54.500444],[18.463417,54.500632],[18.462619,54.500633],[18.461822,54.500569],[18.460965,54.500417],[18.460263,54.500213]]}},{"type":"Feature","properties":{"mode":"bus","n":6,"arr":["121","140","147","940","K","N20"],"lines":"121, 140, 147, 940, K, N20"},"geometry":{"type":"LineString","coordinates":[[18.436986,54.482007],[18.437129,54.482117]]}},{"type":"Feature","properties":{"mode":"bus","n":7,"arr":["121","140","147","160","940","K","N20"],"lines":"121, 140, 147, 160, 940, K, N20"},"geometry":{"type":"LineString","coordinates":[[18.437129,54.482117],[18.437178,54.482154]]}},{"type":"Feature","properties":{"mode":"bus","n":7,"arr":["121","140","147","160","203","760","N20"],"lines":"121, 140, 147, 160, 203, 760, N20"},"geometry":{"type":"LineString","coordinates":[[18.509582,54.498106],[18.509732,54.498048]]}},{"type":"Feature","properties":{"mode":"bus","n":9,"arr":["128","134","141","163","182","197","282","N10","N40"],"lines":"128, 134, 141, 163, 182, 197, 282, N10, N40"},"geometry":{"type":"LineString","coordinates":[[18.511044,54.559405],[18.511373,54.5592],[18.512251,54.558778],[18.512785,54.558569],[18.515979,54.557525],[18.524704,54.554592]]}},{"type":"Feature","properties":{"mode":"bus","n":8,"arr":["128","134","163","182","197","282","N10","N40"],"lines":"128, 134, 163, 182, 197, 282, N10, N40"},"geometry":{"type":"LineString","coordinates":[[18.524704,54.554592],[18.526365,54.554036],[18.526834,54.553893],[18.5272,54.55381],[18.527742,54.553711],[18.530178,54.553469]]}},{"type":"Feature","properties":{"mode":"bus","n":6,"arr":["128","163","196","197","N10","N40"],"lines":"128, 163, 196, 197, N10, N40"},"geometry":{"type":"LineString","coordinates":[[18.530694,54.548789],[18.531198,54.548811],[18.531544,54.548851],[18.532253,54.548976],[18.532502,54.549043]]}},{"type":"Feature","properties":{"mode":"bus","n":7,"arr":["128","152","163","196","197","N10","N40"],"lines":"128, 152, 163, 196, 197, N10, N40"},"geometry":{"type":"LineString","coordinates":[[18.532502,54.549043],[18.534864,54.549442],[18.535664,54.549512],[18.536903,54.549541]]}},{"type":"Feature","properties":{"mode":"bus","n":8,"arr":["128","150","152","163","196","197","N10","N40"],"lines":"128, 150, 152, 163, 196, 197, N10, N40"},"geometry":{"type":"LineString","coordinates":[[18.536903,54.549541],[18.540531,54.549547],[18.545591,54.549176],[18.546225,54.549151],[18.546509,54.54918],[18.546539,54.54918],[18.546564,54.549174],[18.546584,54.549161],[18.546634,54.549117],[18.546699,54.5491],[18.546837,54.54911],[18.546894,54.54915],[18.546916,54.549161],[18.546941,54.549164],[18.546969,54.54916],[18.547299,54.549071],[18.548057,54.548722]]}},{"type":"Feature","properties":{"mode":"bus","n":7,"arr":["128","150","163","196","197","N10","N40"],"lines":"128, 150, 163, 196, 197, N10, N40"},"geometry":{"type":"LineString","coordinates":[[18.548057,54.548722],[18.5484,54.548562],[18.548737,54.548474],[18.549661,54.548408],[18.551165,54.548212],[18.551758,54.54811],[18.5523,54.547944],[18.552377,54.547885],[18.552422,54.547776],[18.552381,54.547666],[18.552275,54.547568],[18.55083,54.546713],[18.550597,54.546548],[18.550398,54.546292],[18.55031,54.545978],[18.55033,54.545796],[18.550754,54.545142],[18.550852,54.544931],[18.550843,54.544754],[18.550721,54.544561],[18.550359,54.544323],[18.548432,54.543274]]}},{"type":"Feature","properties":{"mode":"bus","n":9,"arr":["128","133","134","152","204","209","282","R","Z"],"lines":"128, 133, 134, 152, 204, 209, 282, R, Z"},"geometry":{"type":"LineString","coordinates":[[18.538675,54.517692],[18.537627,54.517784],[18.535716,54.517994],[18.535682,54.518002],[18.535661,54.518016],[18.535653,54.518037],[18.535575,54.519693],[18.535288,54.522156]]}},{"type":"Feature","properties":{"mode":"bus","n":6,"arr":["128","133","196","204","252","282"],"lines":"128, 133, 196, 204, 252, 282"},"geometry":{"type":"LineString","coordinates":[[18.548724,54.507913],[18.549299,54.507934],[18.549326,54.507933],[18.549344,54.507926],[18.549353,54.507916],[18.549354,54.5079],[18.549316,54.50769]]}},{"type":"Feature","properties":{"mode":"bus","n":5,"arr":["128","196","204","252","282"],"lines":"128, 196, 204, 252, 282"},"geometry":{"type":"LineString","coordinates":[[18.549272,54.507605],[18.549316,54.50769]]}},{"type":"Feature","properties":{"mode":"bus","n":11,"arr":["134","141","163","182","194","197","282","K","N10","N40","N94"],"lines":"134, 141, 163, 182, 194, 197, 282, K, N10, N40, N94"},"geometry":{"type":"LineString","coordinates":[[18.511044,54.559405],[18.510882,54.559619],[18.510184,54.560378],[18.509795,54.56076],[18.50971,54.560923],[18.509729,54.561302]]}},{"type":"Feature","properties":{"mode":"bus","n":5,"arr":["134","182","197","265","K"],"lines":"134, 182, 197, 265, K"},"geometry":{"type":"LineString","coordinates":[[18.509729,54.561302],[18.509436,54.561283],[18.508991,54.561214],[18.508955,54.561212],[18.508925,54.561218],[18.5089,54.561233],[18.508836,54.561284],[18.50871,54.561498],[18.508654,54.561682],[18.508612,54.562197],[18.508543,54.562523],[18.508379,54.56272],[18.508284,54.562762],[18.508129,54.562788],[18.507342,54.562536],[18.507317,54.562531],[18.507295,54.562531],[18.507276,54.562538],[18.507261,54.562551],[18.507135,54.5627],[18.507165,54.562805],[18.507258,54.562865],[18.507465,54.562888],[18.508129,54.562788]]}},{"type":"Feature","properties":{"mode":"bus","n":10,"arr":["140","147","150","160","190","760","770","N20","N40","N94"],"lines":"140, 147, 150, 160, 190, 760, 770, N20, N40, N94"},"geometry":{"type":"LineString","coordinates":[[18.509732,54.498048],[18.50982,54.498126]]}},{"type":"Feature","properties":{"mode":"bus","n":11,"arr":["140","147","150","160","190","203","760","770","N20","N40","N94"],"lines":"140, 147, 150, 160, 190, 203, 760, 770, N20, N40, N94"},"geometry":{"type":"LineString","coordinates":[[18.510941,54.499097],[18.510864,54.498987],[18.510238,54.498502],[18.50982,54.498126]]}},{"type":"Feature","properties":{"mode":"bus","n":11,"arr":["140","147","150","160","190","203","760","770","N20","N40","N94"],"lines":"140, 147, 150, 160, 190, 203, 760, 770, N20, N40, N94"},"geometry":{"type":"LineString","coordinates":[[18.51467,54.50142],[18.515017,54.501609]]}},{"type":"Feature","properties":{"mode":"bus","n":12,"arr":["140","141","147","150","160","190","203","760","770","N20","N40","N94"],"lines":"140, 141, 147, 150, 160, 190, 203, 760, 770, N20, N40, N94"},"geometry":{"type":"LineString","coordinates":[[18.510941,54.499097],[18.511917,54.499884],[18.51467,54.50142]]}},{"type":"Feature","properties":{"mode":"bus","n":9,"arr":["140","147","150","160","760","770","N20","N40","N94"],"lines":"140, 147, 150, 160, 760, 770, N20, N40, N94"},"geometry":{"type":"LineString","coordinates":[[18.515017,54.501609],[18.518258,54.503396],[18.518726,54.503735],[18.519188,54.504226],[18.519251,54.504336],[18.519304,54.50455],[18.519277,54.50513],[18.519366,54.505245],[18.519491,54.505308],[18.52011,54.505485],[18.521323,54.505912],[18.522077,54.506239],[18.52238,54.506403],[18.522772,54.506661],[18.523091,54.506993],[18.523211,54.50718],[18.523438,54.507365],[18.52387,54.50762],[18.524343,54.507815],[18.524936,54.507974],[18.52522,54.508021],[18.525803,54.508069],[18.528084,54.507993],[18.529158,54.507985],[18.530113,54.508036],[18.531425,54.508167],[18.531718,54.508178],[18.532179,54.508171],[18.532331,54.50814],[18.533595,54.508081]]}},{"type":"Feature","properties":{"mode":"bus","n":10,"arr":["140","147","150","160","182","760","770","N20","N40","N94"],"lines":"140, 147, 150, 160, 182, 760, 770, N20, N40, N94"},"geometry":{"type":"LineString","coordinates":[[18.533595,54.508081],[18.533871,54.508068]]}},{"type":"Feature","properties":{"mode":"bus","n":9,"arr":["140","147","150","160","182","770","N20","N40","N94"],"lines":"140, 147, 150, 160, 182, 770, N20, N40, N94"},"geometry":{"type":"LineString","coordinates":[[18.533871,54.508068],[18.534197,54.508065]]}},{"type":"Feature","properties":{"mode":"bus","n":8,"arr":["140","147","150","160","770","N20","N40","N94"],"lines":"140, 147, 150, 160, 770, N20, N40, N94"},"geometry":{"type":"LineString","coordinates":[[18.534197,54.508065],[18.534493,54.50792]]}},{"type":"Feature","properties":{"mode":"bus","n":6,"arr":["140","147","150","160","182","N20"],"lines":"140, 147, 150, 160, 182, N20"},"geometry":{"type":"LineString","coordinates":[[18.534506,54.508087],[18.534264,54.50813],[18.533597,54.508147]]}},{"type":"Feature","properties":{"mode":"bus","n":5,"arr":["140","147","150","160","N20"],"lines":"140, 147, 150, 160, N20"},"geometry":{"type":"LineString","coordinates":[[18.533597,54.508147],[18.532179,54.508171]]}},{"type":"Feature","properties":{"mode":"bus","n":8,"arr":["140","141","147","150","160","190","203","N20"],"lines":"140, 141, 147, 150, 160, 190, 203, N20"},"geometry":{"type":"LineString","coordinates":[[18.509671,54.498183],[18.51074,54.499023],[18.510941,54.499097]]}},{"type":"Feature","properties":{"mode":"bus","n":7,"arr":["141","194","265","282","N10","N65","N94"],"lines":"141, 194, 265, 282, N10, N65, N94"},"geometry":{"type":"LineString","coordinates":[[18.481657,54.563637],[18.481717,54.563593],[18.481732,54.563576],[18.481736,54.563559],[18.481728,54.563541],[18.481537,54.563286],[18.481503,54.563259],[18.481452,54.563244],[18.481154,54.563198]]}},{"type":"Feature","properties":{"mode":"bus","n":6,"arr":["141","163","194","265","282","N10"],"lines":"141, 163, 194, 265, 282, N10"},"geometry":{"type":"LineString","coordinates":[[18.506051,54.563717],[18.506042,54.56366],[18.506033,54.563643],[18.506014,54.563633],[18.505984,54.56363],[18.505654,54.563634],[18.504656,54.563541],[18.504376,54.563486],[18.503916,54.563468],[18.499785,54.563094],[18.488665,54.562774],[18.4875,54.562762],[18.487047,54.562813],[18.48656,54.562921],[18.482538,54.56414]]}},{"type":"Feature","properties":{"mode":"bus","n":8,"arr":["141","163","194","265","282","N10","N40","N94"],"lines":"141, 163, 194, 265, 282, N10, N40, N94"},"geometry":{"type":"LineString","coordinates":[[18.509729,54.561302],[18.509758,54.561691],[18.509671,54.561991],[18.509523,54.562222],[18.509145,54.562546],[18.508485,54.562915],[18.508005,54.563139],[18.506754,54.563579],[18.506304,54.563699],[18.506051,54.563717]]}},{"type":"Feature","properties":{"mode":"bus","n":7,"arr":["150","190","192","770","N20","N40","N94"],"lines":"150, 190, 192, 770, N20, N40, N94"},"geometry":{"type":"LineString","coordinates":[[18.510244,54.491808],[18.512285,54.491425]]}},{"type":"Feature","properties":{"mode":"bus","n":7,"arr":["150","190","192","770","N20","N40","N94"],"lines":"150, 190, 192, 770, N20, N40, N94"},"geometry":{"type":"LineString","coordinates":[[18.509566,54.497869],[18.509294,54.497531],[18.509203,54.497468],[18.507659,54.493891],[18.507616,54.493602],[18.507667,54.493383],[18.507813,54.493139],[18.508654,54.492393],[18.508956,54.49218],[18.509239,54.492042],[18.509571,54.491931],[18.509802,54.491883]]}},{"type":"Feature","properties":{"mode":"bus","n":6,"arr":["150","190","770","N20","N40","N94"],"lines":"150, 190, 770, N20, N40, N94"},"geometry":{"type":"LineString","coordinates":[[18.512285,54.491425],[18.512267,54.491387],[18.512266,54.491367],[18.512283,54.491351],[18.512773,54.491056],[18.512818,54.491038],[18.512872,54.491033],[18.512981,54.491038],[18.513094,54.491107],[18.513164,54.491234],[18.513166,54.491242],[18.513164,54.491249],[18.513156,54.491254],[18.513143,54.491258],[18.513085,54.491268]]}},{"type":"Feature","properties":{"mode":"bus","n":6,"arr":["150","190","770","N20","N40","N94"],"lines":"150, 190, 770, N20, N40, N94"},"geometry":{"type":"LineString","coordinates":[[18.509732,54.498048],[18.509566,54.497869]]}},{"type":"Feature","properties":{"mode":"bus","n":6,"arr":["150","190","192","N20","N40","N94"],"lines":"150, 190, 192, N20, N40, N94"},"geometry":{"type":"LineString","coordinates":[[18.509802,54.491883],[18.510073,54.491813],[18.510244,54.491808]]}},{"type":"Feature","properties":{"mode":"bus","n":5,"arr":["163","165","198","R","N30"],"lines":"163, 165, 198, R, N30"},"geometry":{"type":"LineString","coordinates":[[18.46252,54.548767],[18.463848,54.548454],[18.464325,54.54838],[18.464653,54.548359],[18.465301,54.548375],[18.467898,54.548579]]}},{"type":"Feature","properties":{"mode":"bus","n":6,"arr":["163","194","265","282","N40","N94"],"lines":"163, 194, 265, 282, N40, N94"},"geometry":{"type":"LineString","coordinates":[[18.506051,54.563717],[18.505716,54.563721],[18.500397,54.563217],[18.499631,54.563172],[18.490654,54.562918],[18.48808,54.562868],[18.487537,54.562912],[18.487012,54.563026],[18.48462,54.563748],[18.483423,54.564064],[18.482568,54.564261]]}},{"type":"Feature","properties":{"mode":"bus","n":5,"arr":["9","19","173","288","J"],"lines":"9, 19, 173, 288, J"},"geometry":{"type":"LineString","coordinates":[[18.387809,54.570788],[18.387423,54.571097]]}},{"type":"Feature","properties":{"mode":"bus","n":5,"arr":["177","185","187","244","287"],"lines":"177, 185, 187, 244, 287"},"geometry":{"type":"LineString","coordinates":[[18.555963,54.445663],[18.556061,54.445845],[18.55689,54.44674],[18.557092,54.447101],[18.55722,54.447523],[18.557132,54.448189],[18.557213,54.448602]]}},{"type":"Feature","properties":{"mode":"bus","n":5,"arr":["182","204","N20","N30","N40"],"lines":"182, 204, N20, N30, N40"},"geometry":{"type":"LineString","coordinates":[[18.53251,54.519913],[18.532605,54.519748],[18.532795,54.519631]]}},{"type":"Feature","properties":{"mode":"bus","n":5,"arr":["9","19","J","R","N30"],"lines":"9, 19, J, R, N30"},"geometry":{"type":"LineString","coordinates":[[18.387455,54.570564],[18.387809,54.570788]]}},{"type":"Feature","properties":{"mode":"bus","n":6,"arr":["8","9","17","18","19","J"],"lines":"8, 9, 17, 18, 19, J"},"geometry":{"type":"LineString","coordinates":[[18.354797,54.594899],[18.354251,54.595746]]}},{"type":"Feature","properties":{"mode":"bus","n":6,"arr":["8","9","17","18","19","J"],"lines":"8, 9, 17, 18, 19, J"},"geometry":{"type":"LineString","coordinates":[[18.350055,54.602095],[18.34928,54.603262]]}},{"type":"Feature","properties":{"mode":"bus","n":6,"arr":["8","9","17","18","19","J"],"lines":"8, 9, 17, 18, 19, J"},"geometry":{"type":"LineString","coordinates":[[18.349919,54.602064],[18.349123,54.603226]]}},{"type":"Feature","properties":{"mode":"bus","n":5,"arr":["8","9","17","18","J"],"lines":"8, 9, 17, 18, J"},"geometry":{"type":"LineString","coordinates":[[18.354251,54.595746],[18.351302,54.600282],[18.350055,54.602095]]}},{"type":"Feature","properties":{"mode":"bus","n":5,"arr":["8","9","17","18","J"],"lines":"8, 9, 17, 18, J"},"geometry":{"type":"LineString","coordinates":[[18.354037,54.595811],[18.351244,54.60013],[18.349919,54.602064]]}},{"type":"Feature","properties":{"mode":"bus","n":6,"arr":["2","5","8","11","12","J"],"lines":"2, 5, 8, 11, 12, J"},"geometry":{"type":"LineString","coordinates":[[18.243165,54.606513],[18.243964,54.608145],[18.244151,54.608447],[18.24487,54.609431]]}},{"type":"Feature","properties":{"mode":"bus","n":6,"arr":["2","5","8","11","12","J"],"lines":"2, 5, 8, 11, 12, J"},"geometry":{"type":"LineString","coordinates":[[18.244992,54.609696],[18.244886,54.609466],[18.244882,54.609456],[18.244881,54.60945],[18.244882,54.609447],[18.244886,54.609448],[18.244893,54.609453],[18.244903,54.609461],[18.245126,54.609666]]}},{"type":"Feature","properties":{"mode":"bus","n":7,"arr":["2","5","6","8","12","13","J"],"lines":"2, 5, 6, 8, 12, 13, J"},"geometry":{"type":"LineString","coordinates":[[18.245249,54.609842],[18.245339,54.610056]]}},{"type":"Feature","properties":{"mode":"bus","n":7,"arr":["2","5","6","8","12","13","J"],"lines":"2, 5, 6, 8, 12, 13, J"},"geometry":{"type":"LineString","coordinates":[[18.249239,54.613116],[18.248586,54.613008],[18.247919,54.612834],[18.247554,54.612675],[18.247175,54.612434],[18.246838,54.612108],[18.245339,54.610056],[18.245135,54.609874]]}},{"type":"Feature","properties":{"mode":"bus","n":6,"arr":["2","5","6","8","13","J"],"lines":"2, 5, 6, 8, 13, J"},"geometry":{"type":"LineString","coordinates":[[18.244369,54.615053],[18.249224,54.615066],[18.249356,54.615038],[18.249389,54.615027],[18.249409,54.61501],[18.249418,54.614989],[18.249494,54.61428],[18.24968,54.61399],[18.249716,54.613862],[18.249681,54.613745],[18.249215,54.613231],[18.249239,54.613116]]}},{"type":"Feature","properties":{"mode":"bus","n":6,"arr":["1","2","6","8","10","11"],"lines":"1, 2, 6, 8, 10, 11"},"geometry":{"type":"LineString","coordinates":[[18.250203,54.605956],[18.251709,54.60591],[18.253412,54.60593]]}},{"type":"Feature","properties":{"mode":"bus","n":5,"arr":["1","2","8","10","11"],"lines":"1, 2, 8, 10, 11"},"geometry":{"type":"LineString","coordinates":[[18.250203,54.605956],[18.248411,54.606084]]}},{"type":"Feature","properties":{"mode":"bus","n":5,"arr":["2","5","6","8","13"],"lines":"2, 5, 6, 8, 13"},"geometry":{"type":"LineString","coordinates":[[18.245706,54.61506],[18.245706,54.614959],[18.245702,54.614943],[18.245691,54.614932],[18.245671,54.614925],[18.245644,54.614923],[18.244439,54.614926],[18.244404,54.61493],[18.244383,54.614942],[18.244375,54.614962],[18.244369,54.615053]]}},{"type":"Feature","properties":{"mode":"bus","n":5,"arr":["2","3","4","12","16"],"lines":"2, 3, 4, 12, 16"},"geometry":{"type":"LineString","coordinates":[[18.233482,54.602666],[18.233843,54.602624]]}},{"type":"Feature","properties":{"mode":"tram","n":5,"arr":["2","3","6","7","11"],"lines":"2, 3, 6, 7, 11"},"geometry":{"type":"LineString","coordinates":[[18.616494,54.337911],[18.616291,54.33785],[18.61591,54.33782],[18.615704,54.337843],[18.615259,54.337946],[18.614932,54.337982],[18.604562,54.33844],[18.604079,54.338433],[18.603542,54.338393],[18.603005,54.338311],[18.60249,54.338193],[18.600972,54.337711],[18.6006,54.337565],[18.600273,54.337401],[18.599948,54.337194],[18.597341,54.335204],[18.59707,54.334916],[18.596743,54.334492],[18.596496,54.334004],[18.596417,54.333625],[18.596423,54.332613]]}},{"type":"Feature","properties":{"mode":"tram","n":5,"arr":["2","3","6","7","11"],"lines":"2, 3, 6, 7, 11"},"geometry":{"type":"LineString","coordinates":[[18.643123,54.3478],[18.64221,54.347892],[18.640685,54.348322],[18.63959,54.348566],[18.63898,54.348663],[18.638478,54.348705],[18.637963,54.348714],[18.636167,54.348591],[18.635764,54.348524],[18.635459,54.348447],[18.634268,54.348102],[18.633504,54.347824],[18.633042,54.347609],[18.632674,54.347404],[18.631171,54.346386],[18.630683,54.346113],[18.630009,54.345832],[18.62932,54.345643],[18.628669,54.345531],[18.627912,54.345466],[18.620728,54.345195],[18.62025,54.345125],[18.619668,54.345004],[18.618772,54.344728],[18.618097,54.344436],[18.617728,54.344224],[18.617371,54.343948],[18.617234,54.343696],[18.617273,54.343412],[18.618104,54.340396],[18.618576,54.338344],[18.618494,54.33819],[18.618305,54.338103],[18.617532,54.338004],[18.617317,54.338012]]}},{"type":"Feature","properties":{"mode":"tram","n":5,"arr":["2","3","6","7","11"],"lines":"2, 3, 6, 7, 11"},"geometry":{"type":"LineString","coordinates":[[18.646289,54.352224],[18.646445,54.352011],[18.6465,54.351835],[18.646438,54.351378],[18.645883,54.349824],[18.645389,54.347978],[18.645311,54.347845]]}},{"type":"Feature","properties":{"mode":"tram","n":6,"arr":["2","3","4","6","7","11"],"lines":"2, 3, 4, 6, 7, 11"},"geometry":{"type":"LineString","coordinates":[[18.641817,54.34804],[18.64079,54.348335],[18.639697,54.348581],[18.639177,54.348674],[18.63868,54.348728],[18.638224,54.348749],[18.637682,54.34874],[18.634827,54.348527],[18.634556,54.348467],[18.634123,54.348323],[18.633489,54.348023],[18.631207,54.346461],[18.630646,54.346141],[18.629977,54.345862],[18.629301,54.345676],[18.628762,54.345578],[18.627905,54.345501],[18.620718,54.34523],[18.620223,54.345158],[18.619643,54.345036],[18.618951,54.344834],[18.618532,54.344678],[18.617983,54.344424],[18.617505,54.344125],[18.61727,54.343908],[18.617171,54.343659],[18.617213,54.343407],[18.618045,54.340391],[18.618505,54.338427],[18.618507,54.338295],[18.618421,54.338194],[18.618266,54.338132],[18.616494,54.337911]]}},{"type":"Feature","properties":{"mode":"tram","n":7,"arr":["2","3","6","7","8","9","11"],"lines":"2, 3, 6, 7, 8, 9, 11"},"geometry":{"type":"LineString","coordinates":[[18.645311,54.347845],[18.645099,54.347719],[18.644947,54.347678],[18.64475,54.347662],[18.643123,54.3478]]}},{"type":"Feature","properties":{"mode":"tram","n":9,"arr":["2","3","6","7","8","9","10","11","12"],"lines":"2, 3, 6, 7, 8, 9, 10, 11, 12"},"geometry":{"type":"LineString","coordinates":[[18.645815,54.356321],[18.645263,54.35403],[18.645248,54.353722],[18.645323,54.353447],[18.645479,54.353173],[18.646289,54.352224]]}},{"type":"Feature","properties":{"mode":"tram","n":6,"arr":["2","3","6","9","11","12"],"lines":"2, 3, 6, 9, 11, 12"},"geometry":{"type":"LineString","coordinates":[[18.625405,54.371702],[18.636574,54.365089],[18.641592,54.362089],[18.642351,54.36143],[18.642984,54.360995],[18.643298,54.360733],[18.643927,54.360018],[18.645189,54.358851],[18.64563,54.358343],[18.645896,54.357927],[18.645982,54.357618],[18.645901,54.356727],[18.645815,54.356321]]}},{"type":"Feature","properties":{"mode":"tram","n":5,"arr":["2","3","4","5","8"],"lines":"2, 3, 4, 5, 8"},"geometry":{"type":"LineString","coordinates":[[18.623622,54.376198],[18.62194,54.380294],[18.621838,54.380767],[18.621816,54.381185],[18.621853,54.383242],[18.621736,54.383323],[18.621628,54.383357]]}},{"type":"Feature","properties":{"mode":"tram","n":7,"arr":["2","4","5","6","9","11","12"],"lines":"2, 4, 5, 6, 9, 11, 12"},"geometry":{"type":"LineString","coordinates":[[18.578165,54.390805],[18.579712,54.389725]]}},{"type":"Feature","properties":{"mode":"tram","n":6,"arr":["2","5","6","9","11","12"],"lines":"2, 5, 6, 9, 11, 12"},"geometry":{"type":"LineString","coordinates":[[18.579712,54.389725],[18.580571,54.389126]]}},{"type":"Feature","properties":{"mode":"tram","n":5,"arr":["5","6","9","11","12"],"lines":"5, 6, 9, 11, 12"},"geometry":{"type":"LineString","coordinates":[[18.580571,54.389126],[18.583467,54.387156],[18.583747,54.387015],[18.584076,54.386925],[18.584502,54.386888],[18.59103,54.387051],[18.591371,54.386995],[18.591664,54.386834],[18.59474,54.384741],[18.596266,54.383786],[18.598355,54.382391],[18.599171,54.381973],[18.600001,54.381695],[18.600308,54.381549],[18.600386,54.381419],[18.600349,54.381141],[18.600459,54.381025],[18.602387,54.38016],[18.606959,54.378152],[18.607268,54.378043],[18.608823,54.377606],[18.609569,54.37737],[18.612428,54.376417],[18.614207,54.375945],[18.616422,54.375586],[18.619354,54.374951],[18.620059,54.374762],[18.620691,54.37446],[18.623787,54.372621],[18.623977,54.372544]]}},{"type":"Feature","properties":{"mode":"tram","n":7,"arr":["2","3","4","6","9","11","12"],"lines":"2, 3, 4, 6, 9, 11, 12"},"geometry":{"type":"LineString","coordinates":[[18.642302,54.361407],[18.641794,54.361868],[18.641362,54.362199],[18.624528,54.372181]]}},{"type":"Feature","properties":{"mode":"tram","n":5,"arr":["2","3","6","9","12"],"lines":"2, 3, 6, 9, 12"},"geometry":{"type":"LineString","coordinates":[[18.645921,54.357491],[18.645921,54.357671],[18.64585,54.357903],[18.645627,54.358261],[18.645369,54.358593],[18.644143,54.359735],[18.642934,54.360654],[18.642302,54.361407]]}},{"type":"Feature","properties":{"mode":"tram","n":8,"arr":["2","3","6","7","8","9","10","12"],"lines":"2, 3, 6, 7, 8, 9, 10, 12"},"geometry":{"type":"LineString","coordinates":[[18.646227,54.352219],[18.645392,54.353204],[18.645234,54.353508],[18.645178,54.353809],[18.645201,54.354038],[18.645847,54.356738],[18.645921,54.357491]]}},{"type":"Feature","properties":{"mode":"tram","n":7,"arr":["2","3","6","7","8","9","10"],"lines":"2, 3, 6, 7, 8, 9, 10"},"geometry":{"type":"LineString","coordinates":[[18.646337,54.352079],[18.646227,54.352219]]}},{"type":"Feature","properties":{"mode":"tram","n":6,"arr":["2","3","6","7","8","9"],"lines":"2, 3, 6, 7, 8, 9"},"geometry":{"type":"LineString","coordinates":[[18.645311,54.347845],[18.64574,54.34957],[18.646383,54.351386],[18.646446,54.351773],[18.646337,54.352079]]}},{"type":"Feature","properties":{"mode":"tram","n":6,"arr":["2","3","6","7","8","9"],"lines":"2, 3, 6, 7, 8, 9"},"geometry":{"type":"LineString","coordinates":[[18.643123,54.3478],[18.642758,54.347868]]}},{"type":"Feature","properties":{"mode":"tram","n":6,"arr":["4","5","6","9","11","12"],"lines":"4, 5, 6, 9, 11, 12"},"geometry":{"type":"LineString","coordinates":[[18.578078,54.39092],[18.578165,54.390805]]}}]}