{"type":"FeatureCollection","features":[{"type":"Feature","properties":{"lines":"100, 130, 167, 184, 199, 210, 267, 600, N3, N6, N16","arr":["100","130","167","184","199","210","267","600","N3","N6","N16"],"mode":"bus","angle":-69.3,"mi":1,"l0":"100, ","c0":"#126804","l1":"130, ","c1":"#ff627e","l2":"167, ","c2":"#119efc","l3":"184, ","c3":"#999f01","l4":"199, ","c4":"#c17aef","l5":"210, ","c5":"#02af5a","l6":"267, ","c6":"#7b3aa8","l7":"600, ","c7":"#cf8a11","l8":"N3, ","c8":"#b20b42","l9":"N6, ","c9":"#05617d","l10":"N16","c10":"#7c5001"},"geometry":{"type":"Point","coordinates":[18.644124,54.353033]}},{"type":"Feature","properties":{"lines":"100, 130, 167, 184, 199, 210, 267, 600, N3, N6, N16","arr":["100","130","167","184","199","210","267","600","N3","N6","N16"],"mode":"bus","angle":-7.2,"l0":"100, ","c0":"#126804","l1":"130, ","c1":"#ff627e","l2":"167, ","c2":"#119efc","l3":"184, ","c3":"#999f01","l4":"199, ","c4":"#c17aef","l5":"210, ","c5":"#02af5a","l6":"267, ","c6":"#7b3aa8","l7":"600, ","c7":"#cf8a11","l8":"N3, ","c8":"#b20b42","l9":"N6, ","c9":"#05617d","l10":"N16","c10":"#7c5001"},"geometry":{"type":"Point","coordinates":[18.646369,54.351683]}},{"type":"Feature","properties":{"lines":"100, 130, 167, 183, 184, 199, 210, 267, 600, N3, N6, N16","arr":["100","130","167","183","184","199","210","267","600","N3","N6","N16"],"mode":"bus","angle":0.7,"l0":"100, ","c0":"#126804","l1":"130, ","c1":"#ff627e","l2":"167, ","c2":"#119efc","l3":"183, ","c3":"#f57145","l4":"184, ","c4":"#999f01","l5":"199, ","c5":"#c17aef","l6":"210, ","c6":"#02af5a","l7":"267, ","c7":"#7b3aa8","l8":"600, ","c8":"#cf8a11","l9":"N3, ","c9":"#b20b42","l10":"N6, ","c10":"#05617d","l11":"N16","c11":"#7c5001"},"geometry":{"type":"Point","coordinates":[18.644839,54.351791]}},{"type":"Feature","properties":{"lines":"100, 106, 130, 208, 600","arr":["100","106","130","208","600"],"mode":"bus","angle":20.7,"l0":"100, ","c0":"#126804","l1":"106, ","c1":"#10a5d2","l2":"130, ","c2":"#ff627e","l3":"208, ","c3":"#736adf","l4":"600","c4":"#cf8a11"},"geometry":{"type":"Point","coordinates":[18.657999,54.3578]}},{"type":"Feature","properties":{"lines":"100, 106, 130, 208, 600","arr":["100","106","130","208","600"],"mode":"bus","angle":17.2,"extra":1,"ei":0,"l0":"100, ","c0":"#126804","l1":"106, ","c1":"#10a5d2","l2":"130, ","c2":"#ff627e","l3":"208, ","c3":"#736adf","l4":"600","c4":"#cf8a11"},"geometry":{"type":"Point","coordinates":[18.656007,54.358163]}},{"type":"Feature","properties":{"lines":"106, 108, 111, 112, 123, 132, 138, 154, 166, 178, 186, 189, 208, 212, 289, M32, N1, N4, N5, N8, N9, N14, N56, N78, N89, T8","arr":["106","108","111","112","123","132","138","154","166","178","186","189","208","212","289","M32","N1","N4","N5","N8","N9","N14","N56","N78","N89","T8"],"mode":"bus","angle":63,"side":-1,"l0":"106, ","c0":"#10a5d2","l1":"108, ","c1":"#ff5e9b","l2":"111, ","c2":"#ff5e9b","l3":"112, ","c3":"#0357b2","l4":"123, ","c4":"#7b7f09","l5":"132, ","c5":"#119efc","l6":"138, ","c6":"#066559","l7":"154, ","c7":"#999f01","l8":"166, ","c8":"#79a620","l9":"178, ","c9":"#119efc","l10":"186, ","c10":"#fe6761","l11":"189, ","c11":"#076734","l12":"208, ","c12":"#736adf","l13":"212, ","c13":"#446303","l14":"289, ","c14":"#e16cd6","l15":"M32, ","c15":"#02af5a","l16":"N1, ","c16":"#7c5001","l17":"N4, ","c17":"#03636c","l18":"N5, ","c18":"#f57145","l19":"N8, ","c19":"#cf8a11","l20":"N9, ","c20":"#a72d06","l21":"N14, ","c21":"#b0045c","l22":"N56, ","c22":"#4d4aba","l23":"N78, ","c23":"#992492","l24":"N89, ","c24":"#b20b42","l25":"T8","c25":"#ab0377"},"geometry":{"type":"Point","coordinates":[18.645595,54.352825]}},{"type":"Feature","properties":{"lines":"106, 108, 111, 112, 123, 132, 138, 154, 166, 178, 183, 186, 189, 208, 212, 289, M32, N1, N4, N5, N8, N9, N14, N56, N78, N89, T8","arr":["106","108","111","112","123","132","138","154","166","178","183","186","189","208","212","289","M32","N1","N4","N5","N8","N9","N14","N56","N78","N89","T8"],"mode":"bus","angle":-79.5,"l0":"106, ","c0":"#10a5d2","l1":"108, ","c1":"#ff5e9b","l2":"111, ","c2":"#ff5e9b","l3":"112, ","c3":"#0357b2","l4":"123, ","c4":"#7b7f09","l5":"132, ","c5":"#119efc","l6":"138, ","c6":"#066559","l7":"154, ","c7":"#999f01","l8":"166, ","c8":"#79a620","l9":"178, ","c9":"#119efc","l10":"183, ","c10":"#f57145","l11":"186, ","c11":"#fe6761","l12":"189, ","c12":"#076734","l13":"208, ","c13":"#736adf","l14":"212, ","c14":"#446303","l15":"289, ","c15":"#e16cd6","l16":"M32, ","c16":"#02af5a","l17":"N1, ","c17":"#7c5001","l18":"N4, ","c18":"#03636c","l19":"N5, ","c19":"#f57145","l20":"N8, ","c20":"#cf8a11","l21":"N9, ","c21":"#a72d06","l22":"N14, ","c22":"#b0045c","l23":"N56, ","c23":"#4d4aba","l24":"N78, ","c24":"#992492","l25":"N89, ","c25":"#b20b42","l26":"T8","c26":"#ab0377"},"geometry":{"type":"Point","coordinates":[18.645995,54.350769]}},{"type":"Feature","properties":{"lines":"106, 108, 111, 123, 132, 154, 183, 189, 208, 289, M32, N1, N4, N5, N56, N78, N89","arr":["106","108","111","123","132","154","183","189","208","289","M32","N1","N4","N5","N56","N78","N89"],"mode":"bus","angle":85.6,"side":-1,"l0":"106, ","c0":"#10a5d2","l1":"108, ","c1":"#ff5e9b","l2":"111, ","c2":"#ff5e9b","l3":"123, ","c3":"#7b7f09","l4":"132, ","c4":"#119efc","l5":"154, ","c5":"#999f01","l6":"183, ","c6":"#f57145","l7":"189, ","c7":"#076734","l8":"208, ","c8":"#736adf","l9":"289, ","c9":"#e16cd6","l10":"M32, ","c10":"#02af5a","l11":"N1, ","c11":"#7c5001","l12":"N4, ","c12":"#03636c","l13":"N5, ","c13":"#f57145","l14":"N56, ","c14":"#4d4aba","l15":"N78, ","c15":"#992492","l16":"N89","c16":"#b20b42"},"geometry":{"type":"Point","coordinates":[18.645087,54.34743]}},{"type":"Feature","properties":{"lines":"106, 108, 111, 123, 132, 154, 183, 189, 208, 289, M32, N1, N4, N5, N56, N78, N89","arr":["106","108","111","123","132","154","183","189","208","289","M32","N1","N4","N5","N56","N78","N89"],"mode":"bus","angle":-76.3,"side":-1,"extra":1,"ei":0,"l0":"106, ","c0":"#10a5d2","l1":"108, ","c1":"#ff5e9b","l2":"111, ","c2":"#ff5e9b","l3":"123, ","c3":"#7b7f09","l4":"132, ","c4":"#119efc","l5":"154, ","c5":"#999f01","l6":"183, ","c6":"#f57145","l7":"189, ","c7":"#076734","l8":"208, ","c8":"#736adf","l9":"289, ","c9":"#e16cd6","l10":"M32, ","c10":"#02af5a","l11":"N1, ","c11":"#7c5001","l12":"N4, ","c12":"#03636c","l13":"N5, ","c13":"#f57145","l14":"N56, ","c14":"#4d4aba","l15":"N78, ","c15":"#992492","l16":"N89","c16":"#b20b42"},"geometry":{"type":"Point","coordinates":[18.645309,54.348774]}},{"type":"Feature","properties":{"lines":"106, 111, 138, N9, N78","arr":["106","111","138","N9","N78"],"mode":"bus","angle":48.3,"mi":2,"l0":"106, ","c0":"#10a5d2","l1":"111, ","c1":"#ff5e9b","l2":"138, ","c2":"#066559","l3":"N9, ","c3":"#a72d06","l4":"N78","c4":"#992492"},"geometry":{"type":"Point","coordinates":[18.655974,54.340803]}},{"type":"Feature","properties":{"lines":"106, 111, 138, N9, N78","arr":["106","111","138","N9","N78"],"mode":"bus","angle":-38.8,"mi":1,"l0":"106, ","c0":"#10a5d2","l1":"111, ","c1":"#ff5e9b","l2":"138, ","c2":"#066559","l3":"N9, ","c3":"#a72d06","l4":"N78","c4":"#992492"},"geometry":{"type":"Point","coordinates":[18.657775,54.34052]}},{"type":"Feature","properties":{"lines":"106, 111, 138, N9, N78","arr":["106","111","138","N9","N78"],"mode":"bus","angle":-74.3,"l0":"106, ","c0":"#10a5d2","l1":"111, ","c1":"#ff5e9b","l2":"138, ","c2":"#066559","l3":"N9, ","c3":"#a72d06","l4":"N78","c4":"#992492"},"geometry":{"type":"Point","coordinates":[18.662897,54.343736]}},{"type":"Feature","properties":{"lines":"106, 111, 138, N9, N78","arr":["106","111","138","N9","N78"],"mode":"bus","angle":-39.2,"extra":1,"ei":0,"l0":"106, ","c0":"#10a5d2","l1":"111, ","c1":"#ff5e9b","l2":"138, ","c2":"#066559","l3":"N9, ","c3":"#a72d06","l4":"N78","c4":"#992492"},"geometry":{"type":"Point","coordinates":[18.659825,54.341495]}},{"type":"Feature","properties":{"lines":"106, 111, 138, N9, N78","arr":["106","111","138","N9","N78"],"mode":"bus","angle":69.7,"extra":1,"ei":1,"l0":"106, ","c0":"#10a5d2","l1":"111, ","c1":"#ff5e9b","l2":"138, ","c2":"#066559","l3":"N9, ","c3":"#a72d06","l4":"N78","c4":"#992492"},"geometry":{"type":"Point","coordinates":[18.663728,54.34631]}},{"type":"Feature","properties":{"lines":"106, 111, 138, N9, N78","arr":["106","111","138","N9","N78"],"mode":"bus","angle":-15,"side":-1,"mi":3,"l0":"106, ","c0":"#10a5d2","l1":"111, ","c1":"#ff5e9b","l2":"138, ","c2":"#066559","l3":"N9, ","c3":"#a72d06","l4":"N78","c4":"#992492"},"geometry":{"type":"Point","coordinates":[18.666458,54.34803]}},{"type":"Feature","properties":{"lines":"106, 111, 112, 138, 166, 178, 186, 212, 612, N8, N9, N78","arr":["106","111","112","138","166","178","186","212","612","N8","N9","N78"],"mode":"bus","angle":-12.4,"side":-1,"l0":"106, ","c0":"#10a5d2","l1":"111, ","c1":"#ff5e9b","l2":"112, ","c2":"#0357b2","l3":"138, ","c3":"#066559","l4":"166, ","c4":"#79a620","l5":"178, ","c5":"#119efc","l6":"186, ","c6":"#fe6761","l7":"212, ","c7":"#446303","l8":"612, ","c8":"#07ad80","l9":"N8, ","c9":"#cf8a11","l10":"N9, ","c10":"#a72d06","l11":"N78","c11":"#992492"},"geometry":{"type":"Point","coordinates":[18.672919,54.348948]}},{"type":"Feature","properties":{"lines":"106, 111, 112, 138, 166, 178, 186, 212, 612, N8, N9, N78","arr":["106","111","112","138","166","178","186","212","612","N8","N9","N78"],"mode":"bus","angle":-3.2,"side":-1,"extra":1,"ei":0,"l0":"106, ","c0":"#10a5d2","l1":"111, ","c1":"#ff5e9b","l2":"112, ","c2":"#0357b2","l3":"138, ","c3":"#066559","l4":"166, ","c4":"#79a620","l5":"178, ","c5":"#119efc","l6":"186, ","c6":"#fe6761","l7":"212, ","c7":"#446303","l8":"612, ","c8":"#07ad80","l9":"N8, ","c9":"#cf8a11","l10":"N9, ","c10":"#a72d06","l11":"N78","c11":"#992492"},"geometry":{"type":"Point","coordinates":[18.675108,54.349145]}},{"type":"Feature","properties":{"lines":"106, 111, 112, 138, 166, 178, 186, 212, 612, N8, N9, N78, T8","arr":["106","111","112","138","166","178","186","212","612","N8","N9","N78","T8"],"mode":"bus","angle":4.6,"side":-1,"l0":"106, ","c0":"#10a5d2","l1":"111, ","c1":"#ff5e9b","l2":"112, ","c2":"#0357b2","l3":"138, ","c3":"#066559","l4":"166, ","c4":"#79a620","l5":"178, ","c5":"#119efc","l6":"186, ","c6":"#fe6761","l7":"212, ","c7":"#446303","l8":"612, ","c8":"#07ad80","l9":"N8, ","c9":"#cf8a11","l10":"N9, ","c10":"#a72d06","l11":"N78, ","c11":"#992492","l12":"T8","c12":"#ab0377"},"geometry":{"type":"Point","coordinates":[18.679367,54.349138]}},{"type":"Feature","properties":{"lines":"106, 111, 112, 138, 166, 178, 186, 212, 612, N8, N9, N78, T8","arr":["106","111","112","138","166","178","186","212","612","N8","N9","N78","T8"],"mode":"bus","angle":-1.3,"side":-1,"extra":1,"ei":0,"l0":"106, ","c0":"#10a5d2","l1":"111, ","c1":"#ff5e9b","l2":"112, ","c2":"#0357b2","l3":"138, ","c3":"#066559","l4":"166, ","c4":"#79a620","l5":"178, ","c5":"#119efc","l6":"186, ","c6":"#fe6761","l7":"212, ","c7":"#446303","l8":"612, ","c8":"#07ad80","l9":"N8, ","c9":"#cf8a11","l10":"N9, ","c10":"#a72d06","l11":"N78, ","c11":"#992492","l12":"T8","c12":"#ab0377"},"geometry":{"type":"Point","coordinates":[18.677152,54.349192]}},{"type":"Feature","properties":{"lines":"106, 111, 112, 138, 166, 186, 212, 612, N8, N9, T8","arr":["106","111","112","138","166","186","212","612","N8","N9","T8"],"mode":"bus","angle":-10.3,"side":-1,"l0":"106, ","c0":"#10a5d2","l1":"111, ","c1":"#ff5e9b","l2":"112, ","c2":"#0357b2","l3":"138, ","c3":"#066559","l4":"166, ","c4":"#79a620","l5":"186, ","c5":"#fe6761","l6":"212, ","c6":"#446303","l7":"612, ","c7":"#07ad80","l8":"N8, ","c8":"#cf8a11","l9":"N9, ","c9":"#a72d06","l10":"T8","c10":"#ab0377"},"geometry":{"type":"Point","coordinates":[18.691369,54.348914]}},{"type":"Feature","properties":{"lines":"106, 111, 112, 138, 166, 186, 212, 612, N8, N9, T8","arr":["106","111","112","138","166","186","212","612","N8","N9","T8"],"mode":"bus","angle":3.5,"side":-1,"extra":1,"ei":0,"l0":"106, ","c0":"#10a5d2","l1":"111, ","c1":"#ff5e9b","l2":"112, ","c2":"#0357b2","l3":"138, ","c3":"#066559","l4":"166, ","c4":"#79a620","l5":"186, ","c5":"#fe6761","l6":"212, ","c6":"#446303","l7":"612, ","c7":"#07ad80","l8":"N8, ","c8":"#cf8a11","l9":"N9, ","c9":"#a72d06","l10":"T8","c10":"#ab0377"},"geometry":{"type":"Point","coordinates":[18.68481,54.348891]}},{"type":"Feature","properties":{"lines":"106, 111, 112, 138, 166, 186, 212, 612, N8, N9, T8","arr":["106","111","112","138","166","186","212","612","N8","N9","T8"],"mode":"bus","angle":0.5,"side":-1,"extra":1,"ei":1,"l0":"106, ","c0":"#10a5d2","l1":"111, ","c1":"#ff5e9b","l2":"112, ","c2":"#0357b2","l3":"138, ","c3":"#066559","l4":"166, ","c4":"#79a620","l5":"186, ","c5":"#fe6761","l6":"212, ","c6":"#446303","l7":"612, ","c7":"#07ad80","l8":"N8, ","c8":"#cf8a11","l9":"N9, ","c9":"#a72d06","l10":"T8","c10":"#ab0377"},"geometry":{"type":"Point","coordinates":[18.688049,54.348852]}},{"type":"Feature","properties":{"lines":"106, 111, 112, 138, 166, 186, 212, 612, N8, N9, T8","arr":["106","111","112","138","166","186","212","612","N8","N9","T8"],"mode":"bus","angle":-13.9,"side":-1,"extra":1,"ei":2,"l0":"106, ","c0":"#10a5d2","l1":"111, ","c1":"#ff5e9b","l2":"112, ","c2":"#0357b2","l3":"138, ","c3":"#066559","l4":"166, ","c4":"#79a620","l5":"186, ","c5":"#fe6761","l6":"212, ","c6":"#446303","l7":"612, ","c7":"#07ad80","l8":"N8, ","c8":"#cf8a11","l9":"N9, ","c9":"#a72d06","l10":"T8","c10":"#ab0377"},"geometry":{"type":"Point","coordinates":[18.694443,54.349322]}},{"type":"Feature","properties":{"lines":"106, 111, 112, 138, 166, 186, 212, 612, N8, N9, T8","arr":["106","111","112","138","166","186","212","612","N8","N9","T8"],"mode":"bus","angle":-17.1,"side":-1,"extra":1,"ei":3,"l0":"106, ","c0":"#10a5d2","l1":"111, ","c1":"#ff5e9b","l2":"112, ","c2":"#0357b2","l3":"138, ","c3":"#066559","l4":"166, ","c4":"#79a620","l5":"186, ","c5":"#fe6761","l6":"212, ","c6":"#446303","l7":"612, ","c7":"#07ad80","l8":"N8, ","c8":"#cf8a11","l9":"N9, ","c9":"#a72d06","l10":"T8","c10":"#ab0377"},"geometry":{"type":"Point","coordinates":[18.697575,54.349805]}},{"type":"Feature","properties":{"lines":"106, 111, 138, N8, T8","arr":["106","111","138","N8","T8"],"mode":"bus","angle":75,"mi":2,"l0":"106, ","c0":"#10a5d2","l1":"111, ","c1":"#ff5e9b","l2":"138, ","c2":"#066559","l3":"N8, ","c3":"#cf8a11","l4":"T8","c4":"#ab0377"},"geometry":{"type":"Point","coordinates":[18.698457,54.350054]}},{"type":"Feature","properties":{"lines":"106, 111, 138, N8, T8","arr":["106","111","138","N8","T8"],"mode":"bus","angle":50.4,"extra":1,"ei":0,"l0":"106, ","c0":"#10a5d2","l1":"111, ","c1":"#ff5e9b","l2":"138, ","c2":"#066559","l3":"N8, ","c3":"#cf8a11","l4":"T8","c4":"#ab0377"},"geometry":{"type":"Point","coordinates":[18.696765,54.352179]}},{"type":"Feature","properties":{"lines":"106, 111, 138, N8, T8","arr":["106","111","138","N8","T8"],"mode":"bus","angle":70.8,"l0":"106, ","c0":"#10a5d2","l1":"111, ","c1":"#ff5e9b","l2":"138, ","c2":"#066559","l3":"N8, ","c3":"#cf8a11","l4":"T8","c4":"#ab0377"},"geometry":{"type":"Point","coordinates":[18.694267,54.356226]}},{"type":"Feature","properties":{"lines":"106, 111, 138, N8, T8","arr":["106","111","138","N8","T8"],"mode":"bus","angle":62.1,"side":-1,"mi":1,"l0":"106, ","c0":"#10a5d2","l1":"111, ","c1":"#ff5e9b","l2":"138, ","c2":"#066559","l3":"N8, ","c3":"#cf8a11","l4":"T8","c4":"#ab0377"},"geometry":{"type":"Point","coordinates":[18.69204,54.359234]}},{"type":"Feature","properties":{"lines":"106, 111, 138, N8, T8","arr":["106","111","138","N8","T8"],"mode":"bus","angle":70.3,"extra":1,"ei":0,"l0":"106, ","c0":"#10a5d2","l1":"111, ","c1":"#ff5e9b","l2":"138, ","c2":"#066559","l3":"N8, ","c3":"#cf8a11","l4":"T8","c4":"#ab0377"},"geometry":{"type":"Point","coordinates":[18.696165,54.353064]}},{"type":"Feature","properties":{"lines":"106, 111, 138, N8, T8","arr":["106","111","138","N8","T8"],"mode":"bus","angle":70.8,"extra":1,"ei":1,"l0":"106, ","c0":"#10a5d2","l1":"111, ","c1":"#ff5e9b","l2":"138, ","c2":"#066559","l3":"N8, ","c3":"#cf8a11","l4":"T8","c4":"#ab0377"},"geometry":{"type":"Point","coordinates":[18.695089,54.354846]}},{"type":"Feature","properties":{"lines":"106, 111, 138, 911, N8, T8","arr":["106","111","138","911","N8","T8"],"mode":"bus","angle":-25.8,"l0":"106, ","c0":"#10a5d2","l1":"111, ","c1":"#ff5e9b","l2":"138, ","c2":"#066559","l3":"911, ","c3":"#a72d06","l4":"N8, ","c4":"#cf8a11","l5":"T8","c5":"#ab0377"},"geometry":{"type":"Point","coordinates":[18.691789,54.360204]}},{"type":"Feature","properties":{"lines":"106, 111, 138, 158, 258, 911, N8, T8","arr":["106","111","138","158","258","911","N8","T8"],"mode":"bus","angle":-26.5,"l0":"106, ","c0":"#10a5d2","l1":"111, ","c1":"#ff5e9b","l2":"138, ","c2":"#066559","l3":"158, ","c3":"#4d4aba","l4":"258, ","c4":"#02af5a","l5":"911, ","c5":"#a72d06","l6":"N8, ","c6":"#cf8a11","l7":"T8","c7":"#ab0377"},"geometry":{"type":"Point","coordinates":[18.690655,54.359872]}},{"type":"Feature","properties":{"lines":"106, 111, 138, 911, N8","arr":["106","111","138","911","N8"],"mode":"bus","angle":-16,"side":-1,"mi":3,"l0":"106, ","c0":"#10a5d2","l1":"111, ","c1":"#ff5e9b","l2":"138, ","c2":"#066559","l3":"911, ","c3":"#a72d06","l4":"N8","c4":"#cf8a11"},"geometry":{"type":"Point","coordinates":[18.689469,54.359401]}},{"type":"Feature","properties":{"lines":"106, 111, 138, 911, N8","arr":["106","111","138","911","N8"],"mode":"bus","angle":-41.4,"l0":"106, ","c0":"#10a5d2","l1":"111, ","c1":"#ff5e9b","l2":"138, ","c2":"#066559","l3":"911, ","c3":"#a72d06","l4":"N8","c4":"#cf8a11"},"geometry":{"type":"Point","coordinates":[18.686327,54.357695]}},{"type":"Feature","properties":{"lines":"106, 111, 138, 911, N8","arr":["106","111","138","911","N8"],"mode":"bus","angle":-52.1,"extra":1,"ei":0,"l0":"106, ","c0":"#10a5d2","l1":"111, ","c1":"#ff5e9b","l2":"138, ","c2":"#066559","l3":"911, ","c3":"#a72d06","l4":"N8","c4":"#cf8a11"},"geometry":{"type":"Point","coordinates":[18.6879,54.358557]}},{"type":"Feature","properties":{"lines":"106, 111, 138, 911, N8","arr":["106","111","138","911","N8"],"mode":"bus","angle":-43.5,"mi":1,"l0":"106, ","c0":"#10a5d2","l1":"111, ","c1":"#ff5e9b","l2":"138, ","c2":"#066559","l3":"911, ","c3":"#a72d06","l4":"N8","c4":"#cf8a11"},"geometry":{"type":"Point","coordinates":[18.681902,54.356995]}},{"type":"Feature","properties":{"lines":"106, 111, 138, 911, N8","arr":["106","111","138","911","N8"],"mode":"bus","angle":38.7,"mi":2,"l0":"106, ","c0":"#10a5d2","l1":"111, ","c1":"#ff5e9b","l2":"138, ","c2":"#066559","l3":"911, ","c3":"#a72d06","l4":"N8","c4":"#cf8a11"},"geometry":{"type":"Point","coordinates":[18.680418,54.356865]}},{"type":"Feature","properties":{"lines":"106, 158, 258, 911, N8, T8","arr":["106","158","258","911","N8","T8"],"mode":"bus","angle":-26.2,"l0":"106, ","c0":"#10a5d2","l1":"158, ","c1":"#4d4aba","l2":"258, ","c2":"#02af5a","l3":"911, ","c3":"#a72d06","l4":"N8, ","c4":"#cf8a11","l5":"T8","c5":"#ab0377"},"geometry":{"type":"Point","coordinates":[18.691976,54.359921]}},{"type":"Feature","properties":{"lines":"106, 138, 158, 258, 606","arr":["106","138","158","258","606"],"mode":"bus","angle":48.5,"l0":"106, ","c0":"#10a5d2","l1":"138, ","c1":"#066559","l2":"158, ","c2":"#4d4aba","l3":"258, ","c3":"#02af5a","l4":"606","c4":"#c17aef"},"geometry":{"type":"Point","coordinates":[18.680748,54.376548]}},{"type":"Feature","properties":{"lines":"106, 111, 138, 606, N8, T8","arr":["106","111","138","606","N8","T8"],"mode":"bus","angle":70.8,"side":-1,"l0":"106, ","c0":"#10a5d2","l1":"111, ","c1":"#ff5e9b","l2":"138, ","c2":"#066559","l3":"606, ","c3":"#c17aef","l4":"N8, ","c4":"#cf8a11","l5":"T8","c5":"#ab0377"},"geometry":{"type":"Point","coordinates":[18.694441,54.355708]}},{"type":"Feature","properties":{"lines":"106, 111, 138, 606, N8, T8","arr":["106","111","138","606","N8","T8"],"mode":"bus","angle":70.6,"side":-1,"extra":1,"ei":0,"l0":"106, ","c0":"#10a5d2","l1":"111, ","c1":"#ff5e9b","l2":"138, ","c2":"#066559","l3":"606, ","c3":"#c17aef","l4":"N8, ","c4":"#cf8a11","l5":"T8","c5":"#ab0377"},"geometry":{"type":"Point","coordinates":[18.693179,54.357816]}},{"type":"Feature","properties":{"lines":"106, 111, 138, 606, N8, T8","arr":["106","111","138","606","N8","T8"],"mode":"bus","angle":71,"side":-1,"extra":1,"ei":1,"l0":"106, ","c0":"#10a5d2","l1":"111, ","c1":"#ff5e9b","l2":"138, ","c2":"#066559","l3":"606, ","c3":"#c17aef","l4":"N8, ","c4":"#cf8a11","l5":"T8","c5":"#ab0377"},"geometry":{"type":"Point","coordinates":[18.695312,54.354249]}},{"type":"Feature","properties":{"lines":"106, 111, 138, 606, N8, T8","arr":["106","111","138","606","N8","T8"],"mode":"bus","angle":-87.2,"mi":1,"l0":"106, ","c0":"#10a5d2","l1":"111, ","c1":"#ff5e9b","l2":"138, ","c2":"#066559","l3":"606, ","c3":"#c17aef","l4":"N8, ","c4":"#cf8a11","l5":"T8","c5":"#ab0377"},"geometry":{"type":"Point","coordinates":[18.696884,54.350801]}},{"type":"Feature","properties":{"lines":"106, 111, 112, 138, 166, 186, 212, 606, 612, N8, N9, T8","arr":["106","111","112","138","166","186","212","606","612","N8","N9","T8"],"mode":"bus","angle":0.4,"l0":"106, ","c0":"#10a5d2","l1":"111, ","c1":"#ff5e9b","l2":"112, ","c2":"#0357b2","l3":"138, ","c3":"#066559","l4":"166, ","c4":"#79a620","l5":"186, ","c5":"#fe6761","l6":"212, ","c6":"#446303","l7":"606, ","c7":"#c17aef","l8":"612, ","c8":"#07ad80","l9":"N8, ","c9":"#cf8a11","l10":"N9, ","c10":"#a72d06","l11":"T8","c11":"#ab0377"},"geometry":{"type":"Point","coordinates":[18.688952,54.348931]}},{"type":"Feature","properties":{"lines":"106, 111, 112, 138, 166, 186, 212, 606, 612, N8, N9, T8","arr":["106","111","112","138","166","186","212","606","612","N8","N9","T8"],"mode":"bus","angle":-16.4,"extra":1,"ei":0,"l0":"106, ","c0":"#10a5d2","l1":"111, ","c1":"#ff5e9b","l2":"112, ","c2":"#0357b2","l3":"138, ","c3":"#066559","l4":"166, ","c4":"#79a620","l5":"186, ","c5":"#fe6761","l6":"212, ","c6":"#446303","l7":"606, ","c7":"#c17aef","l8":"612, ","c8":"#07ad80","l9":"N8, ","c9":"#cf8a11","l10":"N9, ","c10":"#a72d06","l11":"T8","c11":"#ab0377"},"geometry":{"type":"Point","coordinates":[18.693019,54.349259]}},{"type":"Feature","properties":{"lines":"106, 111, 112, 138, 166, 186, 212, 606, 612, N8, N9, T8","arr":["106","111","112","138","166","186","212","606","612","N8","N9","T8"],"mode":"bus","angle":1.6,"extra":1,"ei":1,"l0":"106, ","c0":"#10a5d2","l1":"111, ","c1":"#ff5e9b","l2":"112, ","c2":"#0357b2","l3":"138, ","c3":"#066559","l4":"166, ","c4":"#79a620","l5":"186, ","c5":"#fe6761","l6":"212, ","c6":"#446303","l7":"606, ","c7":"#c17aef","l8":"612, ","c8":"#07ad80","l9":"N8, ","c9":"#cf8a11","l10":"N9, ","c10":"#a72d06","l11":"T8","c11":"#ab0377"},"geometry":{"type":"Point","coordinates":[18.686603,54.348942]}},{"type":"Feature","properties":{"lines":"106, 111, 112, 138, 166, 186, 212, 606, 612, N8, N9, T8","arr":["106","111","112","138","166","186","212","606","612","N8","N9","T8"],"mode":"bus","angle":4.8,"extra":1,"ei":2,"l0":"106, ","c0":"#10a5d2","l1":"111, ","c1":"#ff5e9b","l2":"112, ","c2":"#0357b2","l3":"138, ","c3":"#066559","l4":"166, ","c4":"#79a620","l5":"186, ","c5":"#fe6761","l6":"212, ","c6":"#446303","l7":"606, ","c7":"#c17aef","l8":"612, ","c8":"#07ad80","l9":"N8, ","c9":"#cf8a11","l10":"N9, ","c10":"#a72d06","l11":"T8","c11":"#ab0377"},"geometry":{"type":"Point","coordinates":[18.683369,54.349057]}},{"type":"Feature","properties":{"lines":"106, 111, 112, 138, 166, 178, 186, 212, 606, 612, N8, N9, N78, T8","arr":["106","111","112","138","166","178","186","212","606","612","N8","N9","N78","T8"],"mode":"bus","angle":4.5,"l0":"106, ","c0":"#10a5d2","l1":"111, ","c1":"#ff5e9b","l2":"112, ","c2":"#0357b2","l3":"138, ","c3":"#066559","l4":"166, ","c4":"#79a620","l5":"178, ","c5":"#119efc","l6":"186, ","c6":"#fe6761","l7":"212, ","c7":"#446303","l8":"606, ","c8":"#c17aef","l9":"612, ","c9":"#07ad80","l10":"N8, ","c10":"#cf8a11","l11":"N9, ","c11":"#a72d06","l12":"N78, ","c12":"#992492","l13":"T8","c13":"#ab0377"},"geometry":{"type":"Point","coordinates":[18.679348,54.349251]}},{"type":"Feature","properties":{"lines":"106, 111, 112, 138, 166, 178, 186, 212, 606, 612, N8, N9, N78, T8","arr":["106","111","112","138","166","178","186","212","606","612","N8","N9","N78","T8"],"mode":"bus","angle":4.6,"extra":1,"ei":0,"l0":"106, ","c0":"#10a5d2","l1":"111, ","c1":"#ff5e9b","l2":"112, ","c2":"#0357b2","l3":"138, ","c3":"#066559","l4":"166, ","c4":"#79a620","l5":"178, ","c5":"#119efc","l6":"186, ","c6":"#fe6761","l7":"212, ","c7":"#446303","l8":"606, ","c8":"#c17aef","l9":"612, ","c9":"#07ad80","l10":"N8, ","c10":"#cf8a11","l11":"N9, ","c11":"#a72d06","l12":"N78, ","c12":"#992492","l13":"T8","c13":"#ab0377"},"geometry":{"type":"Point","coordinates":[18.681593,54.349146]}},{"type":"Feature","properties":{"lines":"106, 111, 112, 138, 166, 178, 186, 212, 606, 612, N8, N9, N78","arr":["106","111","112","138","166","178","186","212","606","612","N8","N9","N78"],"mode":"bus","angle":-11.8,"l0":"106, ","c0":"#10a5d2","l1":"111, ","c1":"#ff5e9b","l2":"112, ","c2":"#0357b2","l3":"138, ","c3":"#066559","l4":"166, ","c4":"#79a620","l5":"178, ","c5":"#119efc","l6":"186, ","c6":"#fe6761","l7":"212, ","c7":"#446303","l8":"606, ","c8":"#c17aef","l9":"612, ","c9":"#07ad80","l10":"N8, ","c10":"#cf8a11","l11":"N9, ","c11":"#a72d06","l12":"N78","c12":"#992492"},"geometry":{"type":"Point","coordinates":[18.672755,54.34911]}},{"type":"Feature","properties":{"lines":"106, 111, 112, 138, 166, 178, 186, 212, 606, 612, N8, N9, N78","arr":["106","111","112","138","166","178","186","212","606","612","N8","N9","N78"],"mode":"bus","angle":-11.7,"extra":1,"ei":0,"l0":"106, ","c0":"#10a5d2","l1":"111, ","c1":"#ff5e9b","l2":"112, ","c2":"#0357b2","l3":"138, ","c3":"#066559","l4":"166, ","c4":"#79a620","l5":"178, ","c5":"#119efc","l6":"186, ","c6":"#fe6761","l7":"212, ","c7":"#446303","l8":"606, ","c8":"#c17aef","l9":"612, ","c9":"#07ad80","l10":"N8, ","c10":"#cf8a11","l11":"N9, ","c11":"#a72d06","l12":"N78","c12":"#992492"},"geometry":{"type":"Point","coordinates":[18.670697,54.348857]}},{"type":"Feature","properties":{"lines":"106, 108, 111, 123, 132, 154, 183, 189, 208, 289, M32, N1, N4, N5, N9, N56, N78, N89","arr":["106","108","111","123","132","154","183","189","208","289","M32","N1","N4","N5","N9","N56","N78","N89"],"mode":"bus","angle":-86.5,"side":-1,"l0":"106, ","c0":"#10a5d2","l1":"108, ","c1":"#ff5e9b","l2":"111, ","c2":"#ff5e9b","l3":"123, ","c3":"#7b7f09","l4":"132, ","c4":"#119efc","l5":"154, ","c5":"#999f01","l6":"183, ","c6":"#f57145","l7":"189, ","c7":"#076734","l8":"208, ","c8":"#736adf","l9":"289, ","c9":"#e16cd6","l10":"M32, ","c10":"#02af5a","l11":"N1, ","c11":"#7c5001","l12":"N4, ","c12":"#03636c","l13":"N5, ","c13":"#f57145","l14":"N9, ","c14":"#a72d06","l15":"N56, ","c15":"#4d4aba","l16":"N78, ","c16":"#992492","l17":"N89","c17":"#b20b42"},"geometry":{"type":"Point","coordinates":[18.645369,54.347226]}},{"type":"Feature","properties":{"lines":"106, 108, 111, 112, 123, 132, 138, 154, 166, 178, 183, 186, 189, 208, 212, 289, 606, M32, N1, N4, N5, N8, N9, N14, N56, N78, N89, T8","arr":["106","108","111","112","123","132","138","154","166","178","183","186","189","208","212","289","606","M32","N1","N4","N5","N8","N9","N14","N56","N78","N89","T8"],"mode":"bus","angle":-79.3,"side":-1,"l0":"106, ","c0":"#10a5d2","l1":"108, ","c1":"#ff5e9b","l2":"111, ","c2":"#ff5e9b","l3":"112, ","c3":"#0357b2","l4":"123, ","c4":"#7b7f09","l5":"132, ","c5":"#119efc","l6":"138, ","c6":"#066559","l7":"154, ","c7":"#999f01","l8":"166, ","c8":"#79a620","l9":"178, ","c9":"#119efc","l10":"183, ","c10":"#f57145","l11":"186, ","c11":"#fe6761","l12":"189, ","c12":"#076734","l13":"208, ","c13":"#736adf","l14":"212, ","c14":"#446303","l15":"289, ","c15":"#e16cd6","l16":"606, ","c16":"#c17aef","l17":"M32, ","c17":"#02af5a","l18":"N1, ","c18":"#7c5001","l19":"N4, ","c19":"#03636c","l20":"N5, ","c20":"#f57145","l21":"N8, ","c21":"#cf8a11","l22":"N9, ","c22":"#a72d06","l23":"N14, ","c23":"#b0045c","l24":"N56, ","c24":"#4d4aba","l25":"N78, ","c25":"#992492","l26":"N89, ","c26":"#b20b42","l27":"T8","c27":"#ab0377"},"geometry":{"type":"Point","coordinates":[18.64594,54.349558]}},{"type":"Feature","properties":{"lines":"106, 108, 111, 112, 123, 132, 138, 154, 166, 178, 183, 186, 189, 208, 212, 289, 606, M32, N1, N4, N5, N8, N9, N14, N56, N78, N89, T8","arr":["106","108","111","112","123","132","138","154","166","178","183","186","189","208","212","289","606","M32","N1","N4","N5","N8","N9","N14","N56","N78","N89","T8"],"mode":"bus","angle":-78.3,"side":-1,"mi":1,"l0":"106, ","c0":"#10a5d2","l1":"108, ","c1":"#ff5e9b","l2":"111, ","c2":"#ff5e9b","l3":"112, ","c3":"#0357b2","l4":"123, ","c4":"#7b7f09","l5":"132, ","c5":"#119efc","l6":"138, ","c6":"#066559","l7":"154, ","c7":"#999f01","l8":"166, ","c8":"#79a620","l9":"178, ","c9":"#119efc","l10":"183, ","c10":"#f57145","l11":"186, ","c11":"#fe6761","l12":"189, ","c12":"#076734","l13":"208, ","c13":"#736adf","l14":"212, ","c14":"#446303","l15":"289, ","c15":"#e16cd6","l16":"606, ","c16":"#c17aef","l17":"M32, ","c17":"#02af5a","l18":"N1, ","c18":"#7c5001","l19":"N4, ","c19":"#03636c","l20":"N5, ","c20":"#f57145","l21":"N8, ","c21":"#cf8a11","l22":"N9, ","c22":"#a72d06","l23":"N14, ","c23":"#b0045c","l24":"N56, ","c24":"#4d4aba","l25":"N78, ","c25":"#992492","l26":"N89, ","c26":"#b20b42","l27":"T8","c27":"#ab0377"},"geometry":{"type":"Point","coordinates":[18.646396,54.350779]}},{"type":"Feature","properties":{"lines":"106, 108, 111, 112, 123, 130, 132, 138, 154, 166, 167, 178, 183, 184, 186, 189, 199, 208, 210, 212, 267, 289, 600, 606, M32, N1, N3, N4, N5, N6, N8, N9, N14, N16, N56, N78, N89, T8","arr":["106","108","111","112","123","130","132","138","154","166","167","178","183","184","186","189","199","208","210","212","267","289","600","606","M32","N1","N3","N4","N5","N6","N8","N9","N14","N16","N56","N78","N89","T8"],"mode":"bus","angle":62.1,"l0":"106, ","c0":"#10a5d2","l1":"108, ","c1":"#ff5e9b","l2":"111, ","c2":"#ff5e9b","l3":"112, ","c3":"#0357b2","l4":"123, ","c4":"#7b7f09","l5":"130, ","c5":"#ff627e","l6":"132, ","c6":"#119efc","l7":"138, ","c7":"#066559","l8":"154, ","c8":"#999f01","l9":"166, ","c9":"#79a620","l10":"167, ","c10":"#119efc","l11":"178, ","c11":"#119efc","l12":"183, ","c12":"#f57145","l13":"184, ","c13":"#999f01","l14":"186, ","c14":"#fe6761","l15":"189, ","c15":"#076734","l16":"199, ","c16":"#c17aef","l17":"208, ","c17":"#736adf","l18":"210, ","c18":"#02af5a","l19":"212, ","c19":"#446303","l20":"267, ","c20":"#7b3aa8","l21":"289, ","c21":"#e16cd6","l22":"600, ","c22":"#cf8a11","l23":"606, ","c23":"#c17aef","l24":"M32, ","c24":"#02af5a","l25":"N1, ","c25":"#7c5001","l26":"N3, ","c26":"#b20b42","l27":"N4, ","c27":"#03636c","l28":"N5, ","c28":"#f57145","l29":"N6, ","c29":"#05617d","l30":"N8, ","c30":"#cf8a11","l31":"N9, ","c31":"#a72d06","l32":"N14, ","c32":"#b0045c","l33":"N16, ","c33":"#7c5001","l34":"N56, ","c34":"#4d4aba","l35":"N78, ","c35":"#992492","l36":"N89, ","c36":"#b20b42","l37":"T8","c37":"#ab0377"},"geometry":{"type":"Point","coordinates":[18.645922,54.352818]}},{"type":"Feature","properties":{"lines":"106, 108, 111, 112, 123, 130, 132, 138, 154, 167, 178, 183, 184, 186, 189, 199, 208, 210, 212, 267, 289, 600, 606, M32, N1, N3, N4, N5, N6, N8, N14, N16, N78, N89, T8","arr":["106","108","111","112","123","130","132","138","154","167","178","183","184","186","189","199","208","210","212","267","289","600","606","M32","N1","N3","N4","N5","N6","N8","N14","N16","N78","N89","T8"],"mode":"bus","angle":-75.4,"side":-1,"l0":"106, ","c0":"#10a5d2","l1":"108, ","c1":"#ff5e9b","l2":"111, ","c2":"#ff5e9b","l3":"112, ","c3":"#0357b2","l4":"123, ","c4":"#7b7f09","l5":"130, ","c5":"#ff627e","l6":"132, ","c6":"#119efc","l7":"138, ","c7":"#066559","l8":"154, ","c8":"#999f01","l9":"167, ","c9":"#119efc","l10":"178, ","c10":"#119efc","l11":"183, ","c11":"#f57145","l12":"184, ","c12":"#999f01","l13":"186, ","c13":"#fe6761","l14":"189, ","c14":"#076734","l15":"199, ","c15":"#c17aef","l16":"208, ","c16":"#736adf","l17":"210, ","c17":"#02af5a","l18":"212, ","c18":"#446303","l19":"267, ","c19":"#7b3aa8","l20":"289, ","c20":"#e16cd6","l21":"600, ","c21":"#cf8a11","l22":"606, ","c22":"#c17aef","l23":"M32, ","c23":"#02af5a","l24":"N1, ","c24":"#7c5001","l25":"N3, ","c25":"#b20b42","l26":"N4, ","c26":"#03636c","l27":"N5, ","c27":"#f57145","l28":"N6, ","c28":"#05617d","l29":"N8, ","c29":"#cf8a11","l30":"N14, ","c30":"#b0045c","l31":"N16, ","c31":"#7c5001","l32":"N78, ","c32":"#992492","l33":"N89, ","c33":"#b20b42","l34":"T8","c34":"#ab0377"},"geometry":{"type":"Point","coordinates":[18.646261,54.357036]}},{"type":"Feature","properties":{"lines":"106, 108, 111, 112, 123, 130, 138, 154, 167, 178, 184, 186, 189, 199, 210, 212, 267, 289, 600, 606, N6","arr":["106","108","111","112","123","130","138","154","167","178","184","186","189","199","210","212","267","289","600","606","N6"],"mode":"bus","angle":-68.9,"l0":"106, ","c0":"#10a5d2","l1":"108, ","c1":"#ff5e9b","l2":"111, ","c2":"#ff5e9b","l3":"112, ","c3":"#0357b2","l4":"123, ","c4":"#7b7f09","l5":"130, ","c5":"#ff627e","l6":"138, ","c6":"#066559","l7":"154, ","c7":"#999f01","l8":"167, ","c8":"#119efc","l9":"178, ","c9":"#119efc","l10":"184, ","c10":"#999f01","l11":"186, ","c11":"#fe6761","l12":"189, ","c12":"#076734","l13":"199, ","c13":"#c17aef","l14":"210, ","c14":"#02af5a","l15":"212, ","c15":"#446303","l16":"267, ","c16":"#7b3aa8","l17":"289, ","c17":"#e16cd6","l18":"600, ","c18":"#cf8a11","l19":"606, ","c19":"#c17aef","l20":"N6","c20":"#05617d"},"geometry":{"type":"Point","coordinates":[18.648453,54.359375]}},{"type":"Feature","properties":{"lines":"108, 111, 112, 123, 138, 154, 167, 178, 184, 186, 189, 199, 210, 212, 267, 289, 606","arr":["108","111","112","123","138","154","167","178","184","186","189","199","210","212","267","289","606"],"mode":"bus","angle":48.4,"side":-1,"l0":"108, ","c0":"#ff5e9b","l1":"111, ","c1":"#ff5e9b","l2":"112, ","c2":"#0357b2","l3":"123, ","c3":"#7b7f09","l4":"138, ","c4":"#066559","l5":"154, ","c5":"#999f01","l6":"167, ","c6":"#119efc","l7":"178, ","c7":"#119efc","l8":"184, ","c8":"#999f01","l9":"186, ","c9":"#fe6761","l10":"189, ","c10":"#076734","l11":"199, ","c11":"#c17aef","l12":"210, ","c12":"#02af5a","l13":"212, ","c13":"#446303","l14":"267, ","c14":"#7b3aa8","l15":"289, ","c15":"#e16cd6","l16":"606","c16":"#c17aef"},"geometry":{"type":"Point","coordinates":[18.645439,54.361692]}},{"type":"Feature","properties":{"lines":"108, 111, 112, 123, 138, 154, 167, 178, 184, 186, 189, 199, 210, 212, 289, 600, N6","arr":["108","111","112","123","138","154","167","178","184","186","189","199","210","212","289","600","N6"],"mode":"bus","angle":87.6,"side":-1,"l0":"108, ","c0":"#ff5e9b","l1":"111, ","c1":"#ff5e9b","l2":"112, ","c2":"#0357b2","l3":"123, ","c3":"#7b7f09","l4":"138, ","c4":"#066559","l5":"154, ","c5":"#999f01","l6":"167, ","c6":"#119efc","l7":"178, ","c7":"#119efc","l8":"184, ","c8":"#999f01","l9":"186, ","c9":"#fe6761","l10":"189, ","c10":"#076734","l11":"199, ","c11":"#c17aef","l12":"210, ","c12":"#02af5a","l13":"212, ","c13":"#446303","l14":"289, ","c14":"#e16cd6","l15":"600, ","c15":"#cf8a11","l16":"N6","c16":"#05617d"},"geometry":{"type":"Point","coordinates":[18.647915,54.359948]}},{"type":"Feature","properties":{"lines":"108, 132, 154, 189, 208, 289, M32, N1, N4, N5, N56, N89","arr":["108","132","154","189","208","289","M32","N1","N4","N5","N56","N89"],"mode":"bus","angle":-55.4,"l0":"108, ","c0":"#ff5e9b","l1":"132, ","c1":"#119efc","l2":"154, ","c2":"#999f01","l3":"189, ","c3":"#076734","l4":"208, ","c4":"#736adf","l5":"289, ","c5":"#e16cd6","l6":"M32, ","c6":"#02af5a","l7":"N1, ","c7":"#7c5001","l8":"N4, ","c8":"#03636c","l9":"N5, ","c9":"#f57145","l10":"N56, ","c10":"#4d4aba","l11":"N89","c11":"#b20b42"},"geometry":{"type":"Point","coordinates":[18.6445,54.343466]}},{"type":"Feature","properties":{"lines":"108, 132, 154, 189, 208, 289, M32, N1, N4, N5, N56, N89","arr":["108","132","154","189","208","289","M32","N1","N4","N5","N56","N89"],"mode":"bus","angle":-53.5,"extra":1,"ei":0,"l0":"108, ","c0":"#ff5e9b","l1":"132, ","c1":"#119efc","l2":"154, ","c2":"#999f01","l3":"189, ","c3":"#076734","l4":"208, ","c4":"#736adf","l5":"289, ","c5":"#e16cd6","l6":"M32, ","c6":"#02af5a","l7":"N1, ","c7":"#7c5001","l8":"N4, ","c8":"#03636c","l9":"N5, ","c9":"#f57145","l10":"N56, ","c10":"#4d4aba","l11":"N89","c11":"#b20b42"},"geometry":{"type":"Point","coordinates":[18.643209,54.34247]}},{"type":"Feature","properties":{"lines":"108, 132, 154, 189, 208, 289, M32, N1, N4, N5, N56, N89","arr":["108","132","154","189","208","289","M32","N1","N4","N5","N56","N89"],"mode":"bus","angle":-84.5,"side":-1,"extra":1,"ei":0,"l0":"108, ","c0":"#ff5e9b","l1":"132, ","c1":"#119efc","l2":"154, ","c2":"#999f01","l3":"189, ","c3":"#076734","l4":"208, ","c4":"#736adf","l5":"289, ","c5":"#e16cd6","l6":"M32, ","c6":"#02af5a","l7":"N1, ","c7":"#7c5001","l8":"N4, ","c8":"#03636c","l9":"N5, ","c9":"#f57145","l10":"N56, ","c10":"#4d4aba","l11":"N89","c11":"#b20b42"},"geometry":{"type":"Point","coordinates":[18.645319,54.344591]}},{"type":"Feature","properties":{"lines":"108, 208, 227, N4, N14","arr":["108","208","227","N4","N14"],"mode":"bus","angle":-11.9,"l0":"108, ","c0":"#ff5e9b","l1":"208, ","c1":"#736adf","l2":"227, ","c2":"#e47e2b","l3":"N4, ","c3":"#03636c","l4":"N14","c4":"#b0045c"},"geometry":{"type":"Point","coordinates":[18.617151,54.338182]}},{"type":"Feature","properties":{"lines":"110, 116, 126, 136, 149, 157, 158, 162, 199, 258, 262, N2, N3","arr":["110","116","126","136","149","157","158","162","199","258","262","N2","N3"],"mode":"bus","angle":39,"mi":2,"l0":"110, ","c0":"#05617d","l1":"116, ","c1":"#7c5001","l2":"126, ","c2":"#076734","l3":"136, ","c3":"#7b3aa8","l4":"149, ","c4":"#ff627e","l5":"157, ","c5":"#f661b9","l6":"158, ","c6":"#4d4aba","l7":"162, ","c7":"#e16cd6","l8":"199, ","c8":"#c17aef","l9":"258, ","c9":"#02af5a","l10":"262, ","c10":"#07ad80","l11":"N2, ","c11":"#119efc","l12":"N3","c12":"#b20b42"},"geometry":{"type":"Point","coordinates":[18.60203,54.382862]}},{"type":"Feature","properties":{"lines":"110, 116, 126, 136, 149, 157, 158, 162, 199, 258, 262, N2, N3","arr":["110","116","126","136","149","157","158","162","199","258","262","N2","N3"],"mode":"bus","angle":-41.1,"side":-1,"l0":"110, ","c0":"#05617d","l1":"116, ","c1":"#7c5001","l2":"126, ","c2":"#076734","l3":"136, ","c3":"#7b3aa8","l4":"149, ","c4":"#ff627e","l5":"157, ","c5":"#f661b9","l6":"158, ","c6":"#4d4aba","l7":"162, ","c7":"#e16cd6","l8":"199, ","c8":"#c17aef","l9":"258, ","c9":"#02af5a","l10":"262, ","c10":"#07ad80","l11":"N2, ","c11":"#119efc","l12":"N3","c12":"#b20b42"},"geometry":{"type":"Point","coordinates":[18.599541,54.383243]}},{"type":"Feature","properties":{"lines":"110, 116, 126, 136, 149, 157, 158, 162, 258, 262, N2, N3","arr":["110","116","126","136","149","157","158","162","258","262","N2","N3"],"mode":"bus","angle":39.1,"l0":"110, ","c0":"#05617d","l1":"116, ","c1":"#7c5001","l2":"126, ","c2":"#076734","l3":"136, ","c3":"#7b3aa8","l4":"149, ","c4":"#ff627e","l5":"157, ","c5":"#f661b9","l6":"158, ","c6":"#4d4aba","l7":"162, ","c7":"#e16cd6","l8":"258, ","c8":"#02af5a","l9":"262, ","c9":"#07ad80","l10":"N2, ","c10":"#119efc","l11":"N3","c11":"#b20b42"},"geometry":{"type":"Point","coordinates":[18.603932,54.381824]}},{"type":"Feature","properties":{"lines":"110, 115, 116, 126, 136, 149, 157, 162, 168, 183, 262, N3","arr":["110","115","116","126","136","149","157","162","168","183","262","N3"],"mode":"bus","angle":-51.4,"l0":"110, ","c0":"#05617d","l1":"115, ","c1":"#4d4aba","l2":"116, ","c2":"#7c5001","l3":"126, ","c3":"#076734","l4":"136, ","c4":"#7b3aa8","l5":"149, ","c5":"#ff627e","l6":"157, ","c6":"#f661b9","l7":"162, ","c7":"#e16cd6","l8":"168, ","c8":"#076734","l9":"183, ","c9":"#f57145","l10":"262, ","c10":"#07ad80","l11":"N3","c11":"#b20b42"},"geometry":{"type":"Point","coordinates":[18.60401,54.381415]}},{"type":"Feature","properties":{"lines":"110, 116, 126, 136, 149, 157, N3","arr":["110","116","126","136","149","157","N3"],"mode":"bus","angle":-38.2,"side":-1,"l0":"110, ","c0":"#05617d","l1":"116, ","c1":"#7c5001","l2":"126, ","c2":"#076734","l3":"136, ","c3":"#7b3aa8","l4":"149, ","c4":"#ff627e","l5":"157, ","c5":"#f661b9","l6":"N3","c6":"#b20b42"},"geometry":{"type":"Point","coordinates":[18.604329,54.381243]}},{"type":"Feature","properties":{"lines":"110, 116, 126, 136, 149, 157, N2, N3","arr":["110","116","126","136","149","157","N2","N3"],"mode":"bus","angle":-36.5,"l0":"110, ","c0":"#05617d","l1":"116, ","c1":"#7c5001","l2":"126, ","c2":"#076734","l3":"136, ","c3":"#7b3aa8","l4":"149, ","c4":"#ff627e","l5":"157, ","c5":"#f661b9","l6":"N2, ","c6":"#119efc","l7":"N3","c7":"#b20b42"},"geometry":{"type":"Point","coordinates":[18.599219,54.383985]}},{"type":"Feature","properties":{"lines":"110, 116, 126, 127, 136, 149, 157, 227, N2, N3","arr":["110","116","126","127","136","149","157","227","N2","N3"],"mode":"bus","angle":-51.2,"l0":"110, ","c0":"#05617d","l1":"116, ","c1":"#7c5001","l2":"126, ","c2":"#076734","l3":"127, ","c3":"#126804","l4":"136, ","c4":"#7b3aa8","l5":"149, ","c5":"#ff627e","l6":"157, ","c6":"#f661b9","l7":"227, ","c7":"#e47e2b","l8":"N2, ","c8":"#119efc","l9":"N3","c9":"#b20b42"},"geometry":{"type":"Point","coordinates":[18.598376,54.383053]}},{"type":"Feature","properties":{"lines":"110, 116, 126, 136, 149, 157, 227, N3","arr":["110","116","126","136","149","157","227","N3"],"mode":"bus","angle":-38.1,"l0":"110, ","c0":"#05617d","l1":"116, ","c1":"#7c5001","l2":"126, ","c2":"#076734","l3":"136, ","c3":"#7b3aa8","l4":"149, ","c4":"#ff627e","l5":"157, ","c5":"#f661b9","l6":"227, ","c6":"#e47e2b","l7":"N3","c7":"#b20b42"},"geometry":{"type":"Point","coordinates":[18.596537,54.381884]}},{"type":"Feature","properties":{"lines":"110, 116, 126, 136, 149, 157, 227, N3","arr":["110","116","126","136","149","157","227","N3"],"mode":"bus","angle":-15.3,"side":-1,"mi":1,"l0":"110, ","c0":"#05617d","l1":"116, ","c1":"#7c5001","l2":"126, ","c2":"#076734","l3":"136, ","c3":"#7b3aa8","l4":"149, ","c4":"#ff627e","l5":"157, ","c5":"#f661b9","l6":"227, ","c6":"#e47e2b","l7":"N3","c7":"#b20b42"},"geometry":{"type":"Point","coordinates":[18.591804,54.380668]}},{"type":"Feature","properties":{"lines":"110, 126, 157, 227, N3","arr":["110","126","157","227","N3"],"mode":"bus","angle":-4.6,"l0":"110, ","c0":"#05617d","l1":"126, ","c1":"#076734","l2":"157, ","c2":"#f661b9","l3":"227, ","c3":"#e47e2b","l4":"N3","c4":"#b20b42"},"geometry":{"type":"Point","coordinates":[18.581522,54.378176]}},{"type":"Feature","properties":{"lines":"110, 126, 157, 227, N3","arr":["110","126","157","227","N3"],"mode":"bus","angle":-29.1,"extra":1,"ei":0,"l0":"110, ","c0":"#05617d","l1":"126, ","c1":"#076734","l2":"157, ","c2":"#f661b9","l3":"227, ","c3":"#e47e2b","l4":"N3","c4":"#b20b42"},"geometry":{"type":"Point","coordinates":[18.587709,54.379096]}},{"type":"Feature","properties":{"lines":"110, 126, 157, 227, N3","arr":["110","126","157","227","N3"],"mode":"bus","angle":-14.2,"extra":1,"ei":1,"l0":"110, ","c0":"#05617d","l1":"126, ","c1":"#076734","l2":"157, ","c2":"#f661b9","l3":"227, ","c3":"#e47e2b","l4":"N3","c4":"#b20b42"},"geometry":{"type":"Point","coordinates":[18.584649,54.378484]}},{"type":"Feature","properties":{"lines":"110, 126, 157, 227, N3","arr":["110","126","157","227","N3"],"mode":"bus","angle":-4.5,"extra":1,"ei":2,"l0":"110, ","c0":"#05617d","l1":"126, ","c1":"#076734","l2":"157, ","c2":"#f661b9","l3":"227, ","c3":"#e47e2b","l4":"N3","c4":"#b20b42"},"geometry":{"type":"Point","coordinates":[18.578222,54.378063]}},{"type":"Feature","properties":{"lines":"110, 126, 157, 227, N3","arr":["110","126","157","227","N3"],"mode":"bus","angle":-12.4,"extra":1,"ei":3,"l0":"110, ","c0":"#05617d","l1":"126, ","c1":"#076734","l2":"157, ","c2":"#f661b9","l3":"227, ","c3":"#e47e2b","l4":"N3","c4":"#b20b42"},"geometry":{"type":"Point","coordinates":[18.575033,54.377737]}},{"type":"Feature","properties":{"lines":"110, 116, 126, 136, 157, 227, N3","arr":["110","116","126","136","157","227","N3"],"mode":"bus","angle":-49.3,"l0":"110, ","c0":"#05617d","l1":"116, ","c1":"#7c5001","l2":"126, ","c2":"#076734","l3":"136, ","c3":"#7b3aa8","l4":"157, ","c4":"#f661b9","l5":"227, ","c5":"#e47e2b","l6":"N3","c6":"#b20b42"},"geometry":{"type":"Point","coordinates":[18.570239,54.376174]}},{"type":"Feature","properties":{"lines":"110, 116, 126, 136, 157, 227, N3","arr":["110","116","126","136","157","227","N3"],"mode":"bus","angle":-31.6,"extra":1,"ei":0,"l0":"110, ","c0":"#05617d","l1":"116, ","c1":"#7c5001","l2":"126, ","c2":"#076734","l3":"136, ","c3":"#7b3aa8","l4":"157, ","c4":"#f661b9","l5":"227, ","c5":"#e47e2b","l6":"N3","c6":"#b20b42"},"geometry":{"type":"Point","coordinates":[18.572094,54.377182]}},{"type":"Feature","properties":{"lines":"110, 116, 126, 136, 157, 227, N3","arr":["110","116","126","136","157","227","N3"],"mode":"bus","angle":-52.2,"extra":1,"ei":1,"l0":"110, ","c0":"#05617d","l1":"116, ","c1":"#7c5001","l2":"126, ","c2":"#076734","l3":"136, ","c3":"#7b3aa8","l4":"157, ","c4":"#f661b9","l5":"227, ","c5":"#e47e2b","l6":"N3","c6":"#b20b42"},"geometry":{"type":"Point","coordinates":[18.567628,54.374465]}},{"type":"Feature","properties":{"lines":"110, 126, 157, 210, N3","arr":["110","126","157","210","N3"],"mode":"bus","angle":-12.8,"side":-1,"l0":"110, ","c0":"#05617d","l1":"126, ","c1":"#076734","l2":"157, ","c2":"#f661b9","l3":"210, ","c3":"#02af5a","l4":"N3","c4":"#b20b42"},"geometry":{"type":"Point","coordinates":[18.54553,54.372244]}},{"type":"Feature","properties":{"lines":"110, 126, 157, 210, N3","arr":["110","126","157","210","N3"],"mode":"bus","angle":-8.4,"l0":"110, ","c0":"#05617d","l1":"126, ","c1":"#076734","l2":"157, ","c2":"#f661b9","l3":"210, ","c3":"#02af5a","l4":"N3","c4":"#b20b42"},"geometry":{"type":"Point","coordinates":[18.515325,54.376255]}},{"type":"Feature","properties":{"lines":"110, 126, 157, 210, N3","arr":["110","126","157","210","N3"],"mode":"bus","angle":-50.8,"extra":1,"ei":0,"l0":"110, ","c0":"#05617d","l1":"126, ","c1":"#076734","l2":"157, ","c2":"#f661b9","l3":"210, ","c3":"#02af5a","l4":"N3","c4":"#b20b42"},"geometry":{"type":"Point","coordinates":[18.566145,54.373345]}},{"type":"Feature","properties":{"lines":"110, 126, 157, 210, N3","arr":["110","126","157","210","N3"],"mode":"bus","angle":-43.6,"extra":1,"ei":1,"l0":"110, ","c0":"#05617d","l1":"126, ","c1":"#076734","l2":"157, ","c2":"#f661b9","l3":"210, ","c3":"#02af5a","l4":"N3","c4":"#b20b42"},"geometry":{"type":"Point","coordinates":[18.564035,54.371913]}},{"type":"Feature","properties":{"lines":"110, 126, 157, 210, N3","arr":["110","126","157","210","N3"],"mode":"bus","angle":-29.5,"extra":1,"ei":2,"l0":"110, ","c0":"#05617d","l1":"126, ","c1":"#076734","l2":"157, ","c2":"#f661b9","l3":"210, ","c3":"#02af5a","l4":"N3","c4":"#b20b42"},"geometry":{"type":"Point","coordinates":[18.561306,54.370905]}},{"type":"Feature","properties":{"lines":"110, 126, 157, 210, N3","arr":["110","126","157","210","N3"],"mode":"bus","angle":7.6,"extra":1,"ei":3,"l0":"110, ","c0":"#05617d","l1":"126, ","c1":"#076734","l2":"157, ","c2":"#f661b9","l3":"210, ","c3":"#02af5a","l4":"N3","c4":"#b20b42"},"geometry":{"type":"Point","coordinates":[18.558327,54.37027]}},{"type":"Feature","properties":{"lines":"110, 126, 157, 210, N3","arr":["110","126","157","210","N3"],"mode":"bus","angle":30.3,"extra":1,"ei":4,"l0":"110, ","c0":"#05617d","l1":"126, ","c1":"#076734","l2":"157, ","c2":"#f661b9","l3":"210, ","c3":"#02af5a","l4":"N3","c4":"#b20b42"},"geometry":{"type":"Point","coordinates":[18.555379,54.371036]}},{"type":"Feature","properties":{"lines":"110, 126, 157, 210, N3","arr":["110","126","157","210","N3"],"mode":"bus","angle":28.3,"extra":1,"ei":5,"l0":"110, ","c0":"#05617d","l1":"126, ","c1":"#076734","l2":"157, ","c2":"#f661b9","l3":"210, ","c3":"#02af5a","l4":"N3","c4":"#b20b42"},"geometry":{"type":"Point","coordinates":[18.552831,54.372187]}},{"type":"Feature","properties":{"lines":"110, 126, 157, 210, N3","arr":["110","126","157","210","N3"],"mode":"bus","angle":-8.7,"extra":1,"ei":6,"l0":"110, ","c0":"#05617d","l1":"126, ","c1":"#076734","l2":"157, ","c2":"#f661b9","l3":"210, ","c3":"#02af5a","l4":"N3","c4":"#b20b42"},"geometry":{"type":"Point","coordinates":[18.549679,54.372151]}},{"type":"Feature","properties":{"lines":"110, 126, 157, 210, N3","arr":["110","126","157","210","N3"],"mode":"bus","angle":13.9,"extra":1,"ei":7,"l0":"110, ","c0":"#05617d","l1":"126, ","c1":"#076734","l2":"157, ","c2":"#f661b9","l3":"210, ","c3":"#02af5a","l4":"N3","c4":"#b20b42"},"geometry":{"type":"Point","coordinates":[18.54333,54.372298]}},{"type":"Feature","properties":{"lines":"110, 126, 157, 210, N3","arr":["110","126","157","210","N3"],"mode":"bus","angle":52.7,"extra":1,"ei":8,"l0":"110, ","c0":"#05617d","l1":"126, ","c1":"#076734","l2":"157, ","c2":"#f661b9","l3":"210, ","c3":"#02af5a","l4":"N3","c4":"#b20b42"},"geometry":{"type":"Point","coordinates":[18.540809,54.373411]}},{"type":"Feature","properties":{"lines":"110, 126, 157, 210, N3","arr":["110","126","157","210","N3"],"mode":"bus","angle":30.6,"extra":1,"ei":9,"l0":"110, ","c0":"#05617d","l1":"126, ","c1":"#076734","l2":"157, ","c2":"#f661b9","l3":"210, ","c3":"#02af5a","l4":"N3","c4":"#b20b42"},"geometry":{"type":"Point","coordinates":[18.538618,54.374775]}},{"type":"Feature","properties":{"lines":"110, 126, 157, 210, N3","arr":["110","126","157","210","N3"],"mode":"bus","angle":27.5,"extra":1,"ei":10,"l0":"110, ","c0":"#05617d","l1":"126, ","c1":"#076734","l2":"157, ","c2":"#f661b9","l3":"210, ","c3":"#02af5a","l4":"N3","c4":"#b20b42"},"geometry":{"type":"Point","coordinates":[18.5358,54.375708]}},{"type":"Feature","properties":{"lines":"110, 126, 157, 210, N3","arr":["110","126","157","210","N3"],"mode":"bus","angle":12,"extra":1,"ei":11,"l0":"110, ","c0":"#05617d","l1":"126, ","c1":"#076734","l2":"157, ","c2":"#f661b9","l3":"210, ","c3":"#02af5a","l4":"N3","c4":"#b20b42"},"geometry":{"type":"Point","coordinates":[18.532731,54.376302]}},{"type":"Feature","properties":{"lines":"110, 126, 157, 210, N3","arr":["110","126","157","210","N3"],"mode":"bus","angle":1.6,"extra":1,"ei":12,"l0":"110, ","c0":"#05617d","l1":"126, ","c1":"#076734","l2":"157, ","c2":"#f661b9","l3":"210, ","c3":"#02af5a","l4":"N3","c4":"#b20b42"},"geometry":{"type":"Point","coordinates":[18.529499,54.376405]}},{"type":"Feature","properties":{"lines":"110, 126, 157, 210, N3","arr":["110","126","157","210","N3"],"mode":"bus","angle":1.5,"extra":1,"ei":13,"l0":"110, ","c0":"#05617d","l1":"126, ","c1":"#076734","l2":"157, ","c2":"#f661b9","l3":"210, ","c3":"#02af5a","l4":"N3","c4":"#b20b42"},"geometry":{"type":"Point","coordinates":[18.52626,54.376457]}},{"type":"Feature","properties":{"lines":"110, 126, 157, 210, N3","arr":["110","126","157","210","N3"],"mode":"bus","angle":3.2,"extra":1,"ei":14,"l0":"110, ","c0":"#05617d","l1":"126, ","c1":"#076734","l2":"157, ","c2":"#f661b9","l3":"210, ","c3":"#02af5a","l4":"N3","c4":"#b20b42"},"geometry":{"type":"Point","coordinates":[18.523023,54.376532]}},{"type":"Feature","properties":{"lines":"110, 126, 157, 210, N3","arr":["110","126","157","210","N3"],"mode":"bus","angle":-1,"extra":1,"ei":0,"l0":"110, ","c0":"#05617d","l1":"126, ","c1":"#076734","l2":"157, ","c2":"#f661b9","l3":"210, ","c3":"#02af5a","l4":"N3","c4":"#b20b42"},"geometry":{"type":"Point","coordinates":[18.520579,54.37654]}},{"type":"Feature","properties":{"lines":"110, 126, 157, 210, N3","arr":["110","126","157","210","N3"],"mode":"bus","angle":-8.3,"extra":1,"ei":1,"l0":"110, ","c0":"#05617d","l1":"126, ","c1":"#076734","l2":"157, ","c2":"#f661b9","l3":"210, ","c3":"#02af5a","l4":"N3","c4":"#b20b42"},"geometry":{"type":"Point","coordinates":[18.517346,54.376438]}},{"type":"Feature","properties":{"lines":"110, 126, 157, 210, N3","arr":["110","126","157","210","N3"],"mode":"bus","angle":11.1,"extra":1,"ei":2,"l0":"110, ","c0":"#05617d","l1":"126, ","c1":"#076734","l2":"157, ","c2":"#f661b9","l3":"210, ","c3":"#02af5a","l4":"N3","c4":"#b20b42"},"geometry":{"type":"Point","coordinates":[18.510926,54.376317]}},{"type":"Feature","properties":{"lines":"110, 126, 157, 210, N3","arr":["110","126","157","210","N3"],"mode":"bus","angle":0.7,"side":-1,"extra":1,"ei":0,"l0":"110, ","c0":"#05617d","l1":"126, ","c1":"#076734","l2":"157, ","c2":"#f661b9","l3":"210, ","c3":"#02af5a","l4":"N3","c4":"#b20b42"},"geometry":{"type":"Point","coordinates":[18.513253,54.376039]}},{"type":"Feature","properties":{"lines":"110, 116, 126, 136, 149, 157, 158, 162, 199, 258, 262, N2, N3","arr":["110","116","126","136","149","157","158","162","199","258","262","N2","N3"],"mode":"bus","angle":-39.3,"side":-1,"mi":1,"l0":"110, ","c0":"#05617d","l1":"116, ","c1":"#7c5001","l2":"126, ","c2":"#076734","l3":"136, ","c3":"#7b3aa8","l4":"149, ","c4":"#ff627e","l5":"157, ","c5":"#f661b9","l6":"158, ","c6":"#4d4aba","l7":"162, ","c7":"#e16cd6","l8":"199, ","c8":"#c17aef","l9":"258, ","c9":"#02af5a","l10":"262, ","c10":"#07ad80","l11":"N2, ","c11":"#119efc","l12":"N3","c12":"#b20b42"},"geometry":{"type":"Point","coordinates":[18.59886,54.383003]}},{"type":"Feature","properties":{"lines":"111, 158, 258, 911, N8, T8","arr":["111","158","258","911","N8","T8"],"mode":"bus","angle":-23.2,"mi":1,"l0":"111, ","c0":"#ff5e9b","l1":"158, ","c1":"#4d4aba","l2":"258, ","c2":"#02af5a","l3":"911, ","c3":"#a72d06","l4":"N8, ","c4":"#cf8a11","l5":"T8","c5":"#ab0377"},"geometry":{"type":"Point","coordinates":[18.709669,54.360585]}},{"type":"Feature","properties":{"lines":"111, 158, 258, 911, N8, T8","arr":["111","158","258","911","N8","T8"],"mode":"bus","angle":-10.2,"extra":1,"ei":0,"l0":"111, ","c0":"#ff5e9b","l1":"158, ","c1":"#4d4aba","l2":"258, ","c2":"#02af5a","l3":"911, ","c3":"#a72d06","l4":"N8, ","c4":"#cf8a11","l5":"T8","c5":"#ab0377"},"geometry":{"type":"Point","coordinates":[18.71368,54.36131]}},{"type":"Feature","properties":{"lines":"111, 158, 258, 911, N8, T8","arr":["111","158","258","911","N8","T8"],"mode":"bus","angle":44.8,"extra":1,"ei":1,"l0":"111, ","c0":"#ff5e9b","l1":"158, ","c1":"#4d4aba","l2":"258, ","c2":"#02af5a","l3":"911, ","c3":"#a72d06","l4":"N8, ","c4":"#cf8a11","l5":"T8","c5":"#ab0377"},"geometry":{"type":"Point","coordinates":[18.705652,54.362487]}},{"type":"Feature","properties":{"lines":"111, 158, 258, 911, N8, T8","arr":["111","158","258","911","N8","T8"],"mode":"bus","angle":-37.5,"l0":"111, ","c0":"#ff5e9b","l1":"158, ","c1":"#4d4aba","l2":"258, ","c2":"#02af5a","l3":"911, ","c3":"#a72d06","l4":"N8, ","c4":"#cf8a11","l5":"T8","c5":"#ab0377"},"geometry":{"type":"Point","coordinates":[18.698286,54.362918]}},{"type":"Feature","properties":{"lines":"111, 158, 258, 911, N8, T8","arr":["111","158","258","911","N8","T8"],"mode":"bus","angle":11.6,"extra":1,"ei":0,"l0":"111, ","c0":"#ff5e9b","l1":"158, ","c1":"#4d4aba","l2":"258, ","c2":"#02af5a","l3":"911, ","c3":"#a72d06","l4":"N8, ","c4":"#cf8a11","l5":"T8","c5":"#ab0377"},"geometry":{"type":"Point","coordinates":[18.703914,54.362998]}},{"type":"Feature","properties":{"lines":"111, 158, 258, 911, N8, T8","arr":["111","158","258","911","N8","T8"],"mode":"bus","angle":10.2,"extra":1,"ei":1,"l0":"111, ","c0":"#ff5e9b","l1":"158, ","c1":"#4d4aba","l2":"258, ","c2":"#02af5a","l3":"911, ","c3":"#a72d06","l4":"N8, ","c4":"#cf8a11","l5":"T8","c5":"#ab0377"},"geometry":{"type":"Point","coordinates":[18.700731,54.36335]}},{"type":"Feature","properties":{"lines":"111, 158, 258, 911, N8, T8","arr":["111","158","258","911","N8","T8"],"mode":"bus","angle":-37.1,"extra":1,"ei":2,"l0":"111, ","c0":"#ff5e9b","l1":"158, ","c1":"#4d4aba","l2":"258, ","c2":"#02af5a","l3":"911, ","c3":"#a72d06","l4":"N8, ","c4":"#cf8a11","l5":"T8","c5":"#ab0377"},"geometry":{"type":"Point","coordinates":[18.695274,54.361566]}},{"type":"Feature","properties":{"lines":"111, 158, 258, 911, N8, T8","arr":["111","158","258","911","N8","T8"],"mode":"bus","angle":-29.3,"extra":1,"ei":3,"l0":"111, ","c0":"#ff5e9b","l1":"158, ","c1":"#4d4aba","l2":"258, ","c2":"#02af5a","l3":"911, ","c3":"#a72d06","l4":"N8, ","c4":"#cf8a11","l5":"T8","c5":"#ab0377"},"geometry":{"type":"Point","coordinates":[18.692658,54.360453]}},{"type":"Feature","properties":{"lines":"112, 138, 166, 186, 212, N14","arr":["112","138","166","186","212","N14"],"mode":"bus","angle":-67.5,"l0":"112, ","c0":"#0357b2","l1":"138, ","c1":"#066559","l2":"166, ","c2":"#79a620","l3":"186, ","c3":"#fe6761","l4":"212, ","c4":"#446303","l5":"N14","c5":"#b0045c"},"geometry":{"type":"Point","coordinates":[18.645029,54.349027]}},{"type":"Feature","properties":{"lines":"112, 138, 166, 186, 212, 612","arr":["112","138","166","186","212","612"],"mode":"bus","angle":67.1,"l0":"112, ","c0":"#0357b2","l1":"138, ","c1":"#066559","l2":"166, ","c2":"#79a620","l3":"186, ","c3":"#fe6761","l4":"212, ","c4":"#446303","l5":"612","c5":"#07ad80"},"geometry":{"type":"Point","coordinates":[18.643281,54.347717]}},{"type":"Feature","properties":{"lines":"112, 138, 166, 186, 212, 612","arr":["112","138","166","186","212","612"],"mode":"bus","angle":9.2,"side":-1,"mi":1,"l0":"112, ","c0":"#0357b2","l1":"138, ","c1":"#066559","l2":"166, ","c2":"#79a620","l3":"186, ","c3":"#fe6761","l4":"212, ","c4":"#446303","l5":"612","c5":"#07ad80"},"geometry":{"type":"Point","coordinates":[18.647531,54.347324]}},{"type":"Feature","properties":{"lines":"112, 138, 166, 178, 186, 212, 612, N8, N9, T8","arr":["112","138","166","178","186","212","612","N8","N9","T8"],"mode":"bus","angle":18.5,"side":-1,"l0":"112, ","c0":"#0357b2","l1":"138, ","c1":"#066559","l2":"166, ","c2":"#79a620","l3":"178, ","c3":"#119efc","l4":"186, ","c4":"#fe6761","l5":"212, ","c5":"#446303","l6":"612, ","c6":"#07ad80","l7":"N8, ","c7":"#cf8a11","l8":"N9, ","c8":"#a72d06","l9":"T8","c9":"#ab0377"},"geometry":{"type":"Point","coordinates":[18.656157,54.345489]}},{"type":"Feature","properties":{"lines":"112, 138, 166, 178, 186, 212, 612, N8, N9, T8","arr":["112","138","166","178","186","212","612","N8","N9","T8"],"mode":"bus","angle":24.6,"side":-1,"extra":1,"ei":0,"l0":"112, ","c0":"#0357b2","l1":"138, ","c1":"#066559","l2":"166, ","c2":"#79a620","l3":"178, ","c3":"#119efc","l4":"186, ","c4":"#fe6761","l5":"212, ","c5":"#446303","l6":"612, ","c6":"#07ad80","l7":"N8, ","c7":"#cf8a11","l8":"N9, ","c8":"#a72d06","l9":"T8","c9":"#ab0377"},"geometry":{"type":"Point","coordinates":[18.650821,54.346641]}},{"type":"Feature","properties":{"lines":"112, 138, 166, 178, 186, 212, 612, N8, N9, T8","arr":["112","138","166","178","186","212","612","N8","N9","T8"],"mode":"bus","angle":17.1,"side":-1,"extra":1,"ei":1,"l0":"112, ","c0":"#0357b2","l1":"138, ","c1":"#066559","l2":"166, ","c2":"#79a620","l3":"178, ","c3":"#119efc","l4":"186, ","c4":"#fe6761","l5":"212, ","c5":"#446303","l6":"612, ","c6":"#07ad80","l7":"N8, ","c7":"#cf8a11","l8":"N9, ","c8":"#a72d06","l9":"T8","c9":"#ab0377"},"geometry":{"type":"Point","coordinates":[18.653804,54.345907]}},{"type":"Feature","properties":{"lines":"112, 138, 166, 178, 186, 212, 612, N8, N9, T8","arr":["112","138","166","178","186","212","612","N8","N9","T8"],"mode":"bus","angle":15.7,"side":-1,"extra":1,"ei":2,"l0":"112, ","c0":"#0357b2","l1":"138, ","c1":"#066559","l2":"166, ","c2":"#79a620","l3":"178, ","c3":"#119efc","l4":"186, ","c4":"#fe6761","l5":"212, ","c5":"#446303","l6":"612, ","c6":"#07ad80","l7":"N8, ","c7":"#cf8a11","l8":"N9, ","c8":"#a72d06","l9":"T8","c9":"#ab0377"},"geometry":{"type":"Point","coordinates":[18.660042,54.344891]}},{"type":"Feature","properties":{"lines":"112, 138, 166, 178, 186, 212, 612, N8, N9, T8","arr":["112","138","166","178","186","212","612","N8","N9","T8"],"mode":"bus","angle":10.5,"side":-1,"extra":1,"ei":3,"l0":"112, ","c0":"#0357b2","l1":"138, ","c1":"#066559","l2":"166, ","c2":"#79a620","l3":"178, ","c3":"#119efc","l4":"186, ","c4":"#fe6761","l5":"212, ","c5":"#446303","l6":"612, ","c6":"#07ad80","l7":"N8, ","c7":"#cf8a11","l8":"N9, ","c8":"#a72d06","l9":"T8","c9":"#ab0377"},"geometry":{"type":"Point","coordinates":[18.663159,54.344381]}},{"type":"Feature","properties":{"lines":"112, 166, 178, 186, 212, 612, N8, T8","arr":["112","166","178","186","212","612","N8","T8"],"mode":"bus","angle":-43.3,"side":-1,"l0":"112, ","c0":"#0357b2","l1":"166, ","c1":"#79a620","l2":"178, ","c2":"#119efc","l3":"186, ","c3":"#fe6761","l4":"212, ","c4":"#446303","l5":"612, ","c5":"#07ad80","l6":"N8, ","c6":"#cf8a11","l7":"T8","c7":"#ab0377"},"geometry":{"type":"Point","coordinates":[18.668014,54.345439]}},{"type":"Feature","properties":{"lines":"112, 166, 178, 186, 212, 612, N8, T8","arr":["112","166","178","186","212","612","N8","T8"],"mode":"bus","angle":-19.2,"side":-1,"extra":1,"ei":0,"l0":"112, ","c0":"#0357b2","l1":"166, ","c1":"#79a620","l2":"178, ","c2":"#119efc","l3":"186, ","c3":"#fe6761","l4":"212, ","c4":"#446303","l5":"612, ","c5":"#07ad80","l6":"N8, ","c6":"#cf8a11","l7":"T8","c7":"#ab0377"},"geometry":{"type":"Point","coordinates":[18.664787,54.344587]}},{"type":"Feature","properties":{"lines":"112, 166, 178, 186, 212, 612, N8, T8","arr":["112","166","178","186","212","612","N8","T8"],"mode":"bus","angle":-73.8,"side":-1,"extra":1,"ei":1,"l0":"112, ","c0":"#0357b2","l1":"166, ","c1":"#79a620","l2":"178, ","c2":"#119efc","l3":"186, ","c3":"#fe6761","l4":"212, ","c4":"#446303","l5":"612, ","c5":"#07ad80","l6":"N8, ","c6":"#cf8a11","l7":"T8","c7":"#ab0377"},"geometry":{"type":"Point","coordinates":[18.669236,54.346954]}},{"type":"Feature","properties":{"lines":"112, 166, 178, 186, 212, 612, N8","arr":["112","166","178","186","212","612","N8"],"mode":"bus","angle":-46,"side":-1,"l0":"112, ","c0":"#0357b2","l1":"166, ","c1":"#79a620","l2":"178, ","c2":"#119efc","l3":"186, ","c3":"#fe6761","l4":"212, ","c4":"#446303","l5":"612, ","c5":"#07ad80","l6":"N8","c6":"#cf8a11"},"geometry":{"type":"Point","coordinates":[18.67012,54.348383]}},{"type":"Feature","properties":{"lines":"112, 166, 186, 212, 612, N9","arr":["112","166","186","212","612","N9"],"mode":"bus","angle":-21.7,"l0":"112, ","c0":"#0357b2","l1":"166, ","c1":"#79a620","l2":"186, ","c2":"#fe6761","l3":"212, ","c3":"#446303","l4":"612, ","c4":"#07ad80","l5":"N9","c5":"#a72d06"},"geometry":{"type":"Point","coordinates":[18.701442,54.350764]}},{"type":"Feature","properties":{"lines":"112, 166, 186, 212, 612, N9","arr":["112","166","186","212","612","N9"],"mode":"bus","angle":-22.4,"side":-1,"extra":1,"ei":0,"l0":"112, ","c0":"#0357b2","l1":"166, ","c1":"#79a620","l2":"186, ","c2":"#fe6761","l3":"212, ","c3":"#446303","l4":"612, ","c4":"#07ad80","l5":"N9","c5":"#a72d06"},"geometry":{"type":"Point","coordinates":[18.703783,54.351198]}},{"type":"Feature","properties":{"lines":"112, 166, 186, 212, 612, N9","arr":["112","166","186","212","612","N9"],"mode":"bus","angle":-21.5,"side":-1,"extra":1,"ei":1,"l0":"112, ","c0":"#0357b2","l1":"166, ","c1":"#79a620","l2":"186, ","c2":"#fe6761","l3":"212, ","c3":"#446303","l4":"612, ","c4":"#07ad80","l5":"N9","c5":"#a72d06"},"geometry":{"type":"Point","coordinates":[18.706782,54.351914]}},{"type":"Feature","properties":{"lines":"112, 166, 186, 212, 612, N9","arr":["112","166","186","212","612","N9"],"mode":"bus","angle":-16.3,"extra":1,"ei":0,"l0":"112, ","c0":"#0357b2","l1":"166, ","c1":"#79a620","l2":"186, ","c2":"#fe6761","l3":"212, ","c3":"#446303","l4":"612, ","c4":"#07ad80","l5":"N9","c5":"#a72d06"},"geometry":{"type":"Point","coordinates":[18.697496,54.350021]}},{"type":"Feature","properties":{"lines":"112, 186, 212, 612, N9","arr":["112","186","212","612","N9"],"mode":"bus","angle":69.8,"l0":"112, ","c0":"#0357b2","l1":"186, ","c1":"#fe6761","l2":"212, ","c2":"#446303","l3":"612, ","c3":"#07ad80","l4":"N9","c4":"#a72d06"},"geometry":{"type":"Point","coordinates":[18.718372,54.346519]}},{"type":"Feature","properties":{"lines":"112, 186, 212, 612, N9","arr":["112","186","212","612","N9"],"mode":"bus","angle":32,"side":-1,"extra":1,"ei":0,"l0":"112, ","c0":"#0357b2","l1":"186, ","c1":"#fe6761","l2":"212, ","c2":"#446303","l3":"612, ","c3":"#07ad80","l4":"N9","c4":"#a72d06"},"geometry":{"type":"Point","coordinates":[18.70993,54.351524]}},{"type":"Feature","properties":{"lines":"112, 186, 212, 612, N9","arr":["112","186","212","612","N9"],"mode":"bus","angle":38.4,"side":-1,"extra":1,"ei":1,"l0":"112, ","c0":"#0357b2","l1":"186, ","c1":"#fe6761","l2":"212, ","c2":"#446303","l3":"612, ","c3":"#07ad80","l4":"N9","c4":"#a72d06"},"geometry":{"type":"Point","coordinates":[18.712654,54.350503]}},{"type":"Feature","properties":{"lines":"112, 186, 212, 612, N9","arr":["112","186","212","612","N9"],"mode":"bus","angle":47.8,"side":-1,"extra":1,"ei":2,"l0":"112, ","c0":"#0357b2","l1":"186, ","c1":"#fe6761","l2":"212, ","c2":"#446303","l3":"612, ","c3":"#07ad80","l4":"N9","c4":"#a72d06"},"geometry":{"type":"Point","coordinates":[18.714909,54.349149]}},{"type":"Feature","properties":{"lines":"112, 186, 212, 612, N9","arr":["112","186","212","612","N9"],"mode":"bus","angle":52.6,"side":-1,"extra":1,"ei":3,"l0":"112, ","c0":"#0357b2","l1":"186, ","c1":"#fe6761","l2":"212, ","c2":"#446303","l3":"612, ","c3":"#07ad80","l4":"N9","c4":"#a72d06"},"geometry":{"type":"Point","coordinates":[18.71705,54.347732]}},{"type":"Feature","properties":{"lines":"112, 186, 212, 612, N9","arr":["112","186","212","612","N9"],"mode":"bus","angle":35.3,"extra":1,"ei":0,"l0":"112, ","c0":"#0357b2","l1":"186, ","c1":"#fe6761","l2":"212, ","c2":"#446303","l3":"612, ","c3":"#07ad80","l4":"N9","c4":"#a72d06"},"geometry":{"type":"Point","coordinates":[18.726367,54.341888]}},{"type":"Feature","properties":{"lines":"112, 186, 212, 612, N9","arr":["112","186","212","612","N9"],"mode":"bus","angle":38.6,"extra":1,"ei":1,"l0":"112, ","c0":"#0357b2","l1":"186, ","c1":"#fe6761","l2":"212, ","c2":"#446303","l3":"612, ","c3":"#07ad80","l4":"N9","c4":"#a72d06"},"geometry":{"type":"Point","coordinates":[18.72381,54.343048]}},{"type":"Feature","properties":{"lines":"112, 186, 212, 612, N9","arr":["112","186","212","612","N9"],"mode":"bus","angle":38.5,"extra":1,"ei":2,"l0":"112, ","c0":"#0357b2","l1":"186, ","c1":"#fe6761","l2":"212, ","c2":"#446303","l3":"612, ","c3":"#07ad80","l4":"N9","c4":"#a72d06"},"geometry":{"type":"Point","coordinates":[18.721271,54.344221]}},{"type":"Feature","properties":{"lines":"112, 186, 212, 612, N9","arr":["112","186","212","612","N9"],"mode":"bus","angle":11.8,"l0":"112, ","c0":"#0357b2","l1":"186, ","c1":"#fe6761","l2":"212, ","c2":"#446303","l3":"612, ","c3":"#07ad80","l4":"N9","c4":"#a72d06"},"geometry":{"type":"Point","coordinates":[18.732824,54.340267]}},{"type":"Feature","properties":{"lines":"112, 186, 212, 612, N9","arr":["112","186","212","612","N9"],"mode":"bus","angle":30,"extra":1,"ei":0,"l0":"112, ","c0":"#0357b2","l1":"186, ","c1":"#fe6761","l2":"212, ","c2":"#446303","l3":"612, ","c3":"#07ad80","l4":"N9","c4":"#a72d06"},"geometry":{"type":"Point","coordinates":[18.729172,54.340826]}},{"type":"Feature","properties":{"lines":"112, 186, 212, 612, N9","arr":["112","186","212","612","N9"],"mode":"bus","angle":27.4,"extra":1,"ei":1,"l0":"112, ","c0":"#0357b2","l1":"186, ","c1":"#fe6761","l2":"212, ","c2":"#446303","l3":"612, ","c3":"#07ad80","l4":"N9","c4":"#a72d06"},"geometry":{"type":"Point","coordinates":[18.735297,54.339688]}},{"type":"Feature","properties":{"lines":"112, 212, 607, 612, N9","arr":["112","212","607","612","N9"],"mode":"bus","angle":-19.4,"l0":"112, ","c0":"#0357b2","l1":"212, ","c1":"#446303","l2":"607, ","c2":"#ab0377","l3":"612, ","c3":"#07ad80","l4":"N9","c4":"#a72d06"},"geometry":{"type":"Point","coordinates":[18.806528,54.331594]}},{"type":"Feature","properties":{"lines":"112, 212, 607, 612, N9","arr":["112","212","607","612","N9"],"mode":"bus","angle":0,"extra":1,"ei":0,"l0":"112, ","c0":"#0357b2","l1":"212, ","c1":"#446303","l2":"607, ","c2":"#ab0377","l3":"612, ","c3":"#07ad80","l4":"N9","c4":"#a72d06"},"geometry":{"type":"Point","coordinates":[18.789911,54.329773]}},{"type":"Feature","properties":{"lines":"112, 212, 607, 612, N9","arr":["112","212","607","612","N9"],"mode":"bus","angle":-0.2,"extra":1,"ei":1,"l0":"112, ","c0":"#0357b2","l1":"212, ","c1":"#446303","l2":"607, ","c2":"#ab0377","l3":"612, ","c3":"#07ad80","l4":"N9","c4":"#a72d06"},"geometry":{"type":"Point","coordinates":[18.793152,54.329775]}},{"type":"Feature","properties":{"lines":"112, 212, 607, 612, N9","arr":["112","212","607","612","N9"],"mode":"bus","angle":-7.3,"extra":1,"ei":2,"l0":"112, ","c0":"#0357b2","l1":"212, ","c1":"#446303","l2":"607, ","c2":"#ab0377","l3":"612, ","c3":"#07ad80","l4":"N9","c4":"#a72d06"},"geometry":{"type":"Point","coordinates":[18.796386,54.329868]}},{"type":"Feature","properties":{"lines":"112, 212, 607, 612, N9","arr":["112","212","607","612","N9"],"mode":"bus","angle":-13.9,"extra":1,"ei":3,"l0":"112, ","c0":"#0357b2","l1":"212, ","c1":"#446303","l2":"607, ","c2":"#ab0377","l3":"612, ","c3":"#07ad80","l4":"N9","c4":"#a72d06"},"geometry":{"type":"Point","coordinates":[18.799569,54.330214]}},{"type":"Feature","properties":{"lines":"112, 212, 607, 612, N9","arr":["112","212","607","612","N9"],"mode":"bus","angle":-19.5,"extra":1,"ei":4,"l0":"112, ","c0":"#0357b2","l1":"212, ","c1":"#446303","l2":"607, ","c2":"#ab0377","l3":"612, ","c3":"#07ad80","l4":"N9","c4":"#a72d06"},"geometry":{"type":"Point","coordinates":[18.802649,54.330797]}},{"type":"Feature","properties":{"lines":"112, 212, 607, 612, N9","arr":["112","212","607","612","N9"],"mode":"bus","angle":-19.2,"extra":1,"ei":5,"l0":"112, ","c0":"#0357b2","l1":"212, ","c1":"#446303","l2":"607, ","c2":"#ab0377","l3":"612, ","c3":"#07ad80","l4":"N9","c4":"#a72d06"},"geometry":{"type":"Point","coordinates":[18.808763,54.332051]}},{"type":"Feature","properties":{"lines":"112, 212, 607, 612, N9","arr":["112","212","607","612","N9"],"mode":"bus","angle":-19.1,"extra":1,"ei":6,"l0":"112, ","c0":"#0357b2","l1":"212, ","c1":"#446303","l2":"607, ","c2":"#ab0377","l3":"612, ","c3":"#07ad80","l4":"N9","c4":"#a72d06"},"geometry":{"type":"Point","coordinates":[18.811823,54.332671]}},{"type":"Feature","properties":{"lines":"112, 212, 607, 612, N9","arr":["112","212","607","612","N9"],"mode":"bus","angle":-19.2,"extra":1,"ei":7,"l0":"112, ","c0":"#0357b2","l1":"212, ","c1":"#446303","l2":"607, ","c2":"#ab0377","l3":"612, ","c3":"#07ad80","l4":"N9","c4":"#a72d06"},"geometry":{"type":"Point","coordinates":[18.814885,54.33329]}},{"type":"Feature","properties":{"lines":"112, 212, 607, 612, N9","arr":["112","212","607","612","N9"],"mode":"bus","angle":-26.7,"extra":1,"ei":8,"l0":"112, ","c0":"#0357b2","l1":"212, ","c1":"#446303","l2":"607, ","c2":"#ab0377","l3":"612, ","c3":"#07ad80","l4":"N9","c4":"#a72d06"},"geometry":{"type":"Point","coordinates":[18.817883,54.334002]}},{"type":"Feature","properties":{"lines":"112, 212, 607, 612, N9","arr":["112","212","607","612","N9"],"mode":"bus","angle":-37.1,"extra":1,"ei":9,"l0":"112, ","c0":"#0357b2","l1":"212, ","c1":"#446303","l2":"607, ","c2":"#ab0377","l3":"612, ","c3":"#07ad80","l4":"N9","c4":"#a72d06"},"geometry":{"type":"Point","coordinates":[18.820631,54.334998]}},{"type":"Feature","properties":{"lines":"112, 212, 607, 612, N9","arr":["112","212","607","612","N9"],"mode":"bus","angle":-74.9,"extra":1,"ei":10,"l0":"112, ","c0":"#0357b2","l1":"212, ","c1":"#446303","l2":"607, ","c2":"#ab0377","l3":"612, ","c3":"#07ad80","l4":"N9","c4":"#a72d06"},"geometry":{"type":"Point","coordinates":[18.822686,54.336392]}},{"type":"Feature","properties":{"lines":"112, 186, 212, 607, 612, N9","arr":["112","186","212","607","612","N9"],"mode":"bus","angle":-76.9,"mi":3,"l0":"112, ","c0":"#0357b2","l1":"186, ","c1":"#fe6761","l2":"212, ","c2":"#446303","l3":"607, ","c3":"#ab0377","l4":"612, ","c4":"#07ad80","l5":"N9","c5":"#a72d06"},"geometry":{"type":"Point","coordinates":[18.823523,54.338532]}},{"type":"Feature","properties":{"lines":"112, 186, 212, 607, 612, N9","arr":["112","186","212","607","612","N9"],"mode":"bus","angle":-78.6,"extra":1,"ei":0,"l0":"112, ","c0":"#0357b2","l1":"186, ","c1":"#fe6761","l2":"212, ","c2":"#446303","l3":"607, ","c3":"#ab0377","l4":"612, ","c4":"#07ad80","l5":"N9","c5":"#a72d06"},"geometry":{"type":"Point","coordinates":[18.823052,54.337385]}},{"type":"Feature","properties":{"lines":"112, 186, 212, 607, 612, N9","arr":["112","186","212","607","612","N9"],"mode":"bus","angle":-68.2,"l0":"112, ","c0":"#0357b2","l1":"186, ","c1":"#fe6761","l2":"212, ","c2":"#446303","l3":"607, ","c3":"#ab0377","l4":"612, ","c4":"#07ad80","l5":"N9","c5":"#a72d06"},"geometry":{"type":"Point","coordinates":[18.823978,54.341331]}},{"type":"Feature","properties":{"lines":"112, 186, 212, 607, 612, N9","arr":["112","186","212","607","612","N9"],"mode":"bus","angle":26.4,"side":-1,"mi":2,"l0":"112, ","c0":"#0357b2","l1":"186, ","c1":"#fe6761","l2":"212, ","c2":"#446303","l3":"607, ","c3":"#ab0377","l4":"612, ","c4":"#07ad80","l5":"N9","c5":"#a72d06"},"geometry":{"type":"Point","coordinates":[18.825512,54.343521]}},{"type":"Feature","properties":{"lines":"112, 186, 212, 607, 612, N9","arr":["112","186","212","607","612","N9"],"mode":"bus","angle":-67.8,"mi":1,"l0":"112, ","c0":"#0357b2","l1":"186, ","c1":"#fe6761","l2":"212, ","c2":"#446303","l3":"607, ","c3":"#ab0377","l4":"612, ","c4":"#07ad80","l5":"N9","c5":"#a72d06"},"geometry":{"type":"Point","coordinates":[18.824994,54.342779]}},{"type":"Feature","properties":{"lines":"112, 186, 212, 512, 607, 612, N9","arr":["112","186","212","512","607","612","N9"],"mode":"bus","angle":-37.2,"side":-1,"l0":"112, ","c0":"#0357b2","l1":"186, ","c1":"#fe6761","l2":"212, ","c2":"#446303","l3":"512, ","c3":"#10a5d2","l4":"607, ","c4":"#ab0377","l5":"612, ","c5":"#07ad80","l6":"N9","c6":"#a72d06"},"geometry":{"type":"Point","coordinates":[18.826272,54.343667]}},{"type":"Feature","properties":{"lines":"112, 166, 186, 212, 612, N9","arr":["112","166","186","212","612","N9"],"mode":"bus","angle":-8.8,"mi":1,"l0":"112, ","c0":"#0357b2","l1":"166, ","c1":"#79a620","l2":"186, ","c2":"#fe6761","l3":"212, ","c3":"#446303","l4":"612, ","c4":"#07ad80","l5":"N9","c5":"#a72d06"},"geometry":{"type":"Point","coordinates":[18.708744,54.352293]}},{"type":"Feature","properties":{"lines":"112, 138, 166, 178, 186, 212, 606, 612, N8, T8","arr":["112","138","166","178","186","212","606","612","N8","T8"],"mode":"bus","angle":-64,"l0":"112, ","c0":"#0357b2","l1":"138, ","c1":"#066559","l2":"166, ","c2":"#79a620","l3":"178, ","c3":"#119efc","l4":"186, ","c4":"#fe6761","l5":"212, ","c5":"#446303","l6":"606, ","c6":"#c17aef","l7":"612, ","c7":"#07ad80","l8":"N8, ","c8":"#cf8a11","l9":"T8","c9":"#ab0377"},"geometry":{"type":"Point","coordinates":[18.66948,54.348535]}},{"type":"Feature","properties":{"lines":"112, 138, 166, 178, 186, 212, 606, 612, N8, T8","arr":["112","138","166","178","186","212","606","612","N8","T8"],"mode":"bus","angle":16.4,"mi":1,"l0":"112, ","c0":"#0357b2","l1":"138, ","c1":"#066559","l2":"166, ","c2":"#79a620","l3":"178, ","c3":"#119efc","l4":"186, ","c4":"#fe6761","l5":"212, ","c5":"#446303","l6":"606, ","c6":"#c17aef","l7":"612, ","c7":"#07ad80","l8":"N8, ","c8":"#cf8a11","l9":"T8","c9":"#ab0377"},"geometry":{"type":"Point","coordinates":[18.659118,54.345181]}},{"type":"Feature","properties":{"lines":"112, 138, 166, 178, 186, 212, 606, 612, N8, T8","arr":["112","138","166","178","186","212","606","612","N8","T8"],"mode":"bus","angle":-79.9,"extra":1,"ei":0,"l0":"112, ","c0":"#0357b2","l1":"138, ","c1":"#066559","l2":"166, ","c2":"#79a620","l3":"178, ","c3":"#119efc","l4":"186, ","c4":"#fe6761","l5":"212, ","c5":"#446303","l6":"606, ","c6":"#c17aef","l7":"612, ","c7":"#07ad80","l8":"N8, ","c8":"#cf8a11","l9":"T8","c9":"#ab0377"},"geometry":{"type":"Point","coordinates":[18.668893,54.347434]}},{"type":"Feature","properties":{"lines":"112, 138, 166, 178, 186, 212, 606, 612, N8, T8","arr":["112","138","166","178","186","212","606","612","N8","T8"],"mode":"bus","angle":-48.4,"extra":1,"ei":1,"l0":"112, ","c0":"#0357b2","l1":"138, ","c1":"#066559","l2":"166, ","c2":"#79a620","l3":"178, ","c3":"#119efc","l4":"186, ","c4":"#fe6761","l5":"212, ","c5":"#446303","l6":"606, ","c6":"#c17aef","l7":"612, ","c7":"#07ad80","l8":"N8, ","c8":"#cf8a11","l9":"T8","c9":"#ab0377"},"geometry":{"type":"Point","coordinates":[18.667954,54.345664]}},{"type":"Feature","properties":{"lines":"112, 138, 166, 178, 186, 212, 606, 612, N8, T8","arr":["112","138","166","178","186","212","606","612","N8","T8"],"mode":"bus","angle":-15.6,"extra":1,"ei":2,"l0":"112, ","c0":"#0357b2","l1":"138, ","c1":"#066559","l2":"166, ","c2":"#79a620","l3":"178, ","c3":"#119efc","l4":"186, ","c4":"#fe6761","l5":"212, ","c5":"#446303","l6":"606, ","c6":"#c17aef","l7":"612, ","c7":"#07ad80","l8":"N8, ","c8":"#cf8a11","l9":"T8","c9":"#ab0377"},"geometry":{"type":"Point","coordinates":[18.66507,54.344869]}},{"type":"Feature","properties":{"lines":"112, 138, 166, 178, 186, 212, 606, 612, N8, T8","arr":["112","138","166","178","186","212","606","612","N8","T8"],"mode":"bus","angle":14.5,"extra":1,"ei":3,"l0":"112, ","c0":"#0357b2","l1":"138, ","c1":"#066559","l2":"166, ","c2":"#79a620","l3":"178, ","c3":"#119efc","l4":"186, ","c4":"#fe6761","l5":"212, ","c5":"#446303","l6":"606, ","c6":"#c17aef","l7":"612, ","c7":"#07ad80","l8":"N8, ","c8":"#cf8a11","l9":"T8","c9":"#ab0377"},"geometry":{"type":"Point","coordinates":[18.661894,54.344731]}},{"type":"Feature","properties":{"lines":"112, 138, 166, 178, 186, 212, 606, 612, N8, T8","arr":["112","138","166","178","186","212","606","612","N8","T8"],"mode":"bus","angle":13.3,"extra":1,"ei":4,"l0":"112, ","c0":"#0357b2","l1":"138, ","c1":"#066559","l2":"166, ","c2":"#79a620","l3":"178, ","c3":"#119efc","l4":"186, ","c4":"#fe6761","l5":"212, ","c5":"#446303","l6":"606, ","c6":"#c17aef","l7":"612, ","c7":"#07ad80","l8":"N8, ","c8":"#cf8a11","l9":"T8","c9":"#ab0377"},"geometry":{"type":"Point","coordinates":[18.655658,54.345752]}},{"type":"Feature","properties":{"lines":"112, 138, 166, 178, 186, 212, 606, 612, N8, T8","arr":["112","138","166","178","186","212","606","612","N8","T8"],"mode":"bus","angle":25.9,"extra":1,"ei":5,"l0":"112, ","c0":"#0357b2","l1":"138, ","c1":"#066559","l2":"166, ","c2":"#79a620","l3":"178, ","c3":"#119efc","l4":"186, ","c4":"#fe6761","l5":"212, ","c5":"#446303","l6":"606, ","c6":"#c17aef","l7":"612, ","c7":"#07ad80","l8":"N8, ","c8":"#cf8a11","l9":"T8","c9":"#ab0377"},"geometry":{"type":"Point","coordinates":[18.652617,54.346385]}},{"type":"Feature","properties":{"lines":"112, 138, 166, 178, 186, 212, 606, 612, N8, T8","arr":["112","138","166","178","186","212","606","612","N8","T8"],"mode":"bus","angle":23.4,"extra":1,"ei":6,"l0":"112, ","c0":"#0357b2","l1":"138, ","c1":"#066559","l2":"166, ","c2":"#79a620","l3":"178, ","c3":"#119efc","l4":"186, ","c4":"#fe6761","l5":"212, ","c5":"#446303","l6":"606, ","c6":"#c17aef","l7":"612, ","c7":"#07ad80","l8":"N8, ","c8":"#cf8a11","l9":"T8","c9":"#ab0377"},"geometry":{"type":"Point","coordinates":[18.649673,54.347173]}},{"type":"Feature","properties":{"lines":"112, 138, 166, 178, 186, 212, 606, 612, N8, T8","arr":["112","138","166","178","186","212","606","612","N8","T8"],"mode":"bus","angle":6.2,"extra":1,"ei":7,"l0":"112, ","c0":"#0357b2","l1":"138, ","c1":"#066559","l2":"166, ","c2":"#79a620","l3":"178, ","c3":"#119efc","l4":"186, ","c4":"#fe6761","l5":"212, ","c5":"#446303","l6":"606, ","c6":"#c17aef","l7":"612, ","c7":"#07ad80","l8":"N8, ","c8":"#cf8a11","l9":"T8","c9":"#ab0377"},"geometry":{"type":"Point","coordinates":[18.646561,54.347655]}},{"type":"Feature","properties":{"lines":"112, 138, 166, 178, 186, 212, 606, N8, N14, T8","arr":["112","138","166","178","186","212","606","N8","N14","T8"],"mode":"bus","angle":-83.9,"side":-1,"l0":"112, ","c0":"#0357b2","l1":"138, ","c1":"#066559","l2":"166, ","c2":"#79a620","l3":"178, ","c3":"#119efc","l4":"186, ","c4":"#fe6761","l5":"212, ","c5":"#446303","l6":"606, ","c6":"#c17aef","l7":"N8, ","c7":"#cf8a11","l8":"N14, ","c8":"#b0045c","l9":"T8","c9":"#ab0377"},"geometry":{"type":"Point","coordinates":[18.64583,54.348516]}},{"type":"Feature","properties":{"lines":"113, 176, 213, N4, N14","arr":["113","176","213","N4","N14"],"mode":"bus","angle":-69.8,"l0":"113, ","c0":"#19a9a8","l1":"176, ","c1":"#f57145","l2":"213, ","c2":"#e16cd6","l3":"N4, ","c3":"#03636c","l4":"N14","c4":"#b0045c"},"geometry":{"type":"Point","coordinates":[18.581315,54.305696]}},{"type":"Feature","properties":{"lines":"113, 175, 176, 213, N2, N14","arr":["113","175","176","213","N2","N14"],"mode":"bus","angle":-48.2,"l0":"113, ","c0":"#19a9a8","l1":"175, ","c1":"#79a620","l2":"176, ","c2":"#f57145","l3":"213, ","c3":"#e16cd6","l4":"N2, ","c4":"#119efc","l5":"N14","c5":"#b0045c"},"geometry":{"type":"Point","coordinates":[18.594634,54.318052]}},{"type":"Feature","properties":{"lines":"113, 155, 175, 176, 213, 255, 256, 262, 295, N1, N2, N14, N56","arr":["113","155","175","176","213","255","256","262","295","N1","N2","N14","N56"],"mode":"bus","angle":-36.9,"mi":1,"l0":"113, ","c0":"#19a9a8","l1":"155, ","c1":"#999f01","l2":"175, ","c2":"#79a620","l3":"176, ","c3":"#f57145","l4":"213, ","c4":"#e16cd6","l5":"255, ","c5":"#119efc","l6":"256, ","c6":"#126804","l7":"262, ","c7":"#07ad80","l8":"295, ","c8":"#b0045c","l9":"N1, ","c9":"#7c5001","l10":"N2, ","c10":"#119efc","l11":"N14, ","c11":"#b0045c","l12":"N56","c12":"#4d4aba"},"geometry":{"type":"Point","coordinates":[18.598657,54.321287]}},{"type":"Feature","properties":{"lines":"113, 155, 175, 176, 213, 255, 256, 262, 295, N1, N2, N14, N56","arr":["113","155","175","176","213","255","256","262","295","N1","N2","N14","N56"],"mode":"bus","angle":32.5,"l0":"113, ","c0":"#19a9a8","l1":"155, ","c1":"#999f01","l2":"175, ","c2":"#79a620","l3":"176, ","c3":"#f57145","l4":"213, ","c4":"#e16cd6","l5":"255, ","c5":"#119efc","l6":"256, ","c6":"#126804","l7":"262, ","c7":"#07ad80","l8":"295, ","c8":"#b0045c","l9":"N1, ","c9":"#7c5001","l10":"N2, ","c10":"#119efc","l11":"N14, ","c11":"#b0045c","l12":"N56","c12":"#4d4aba"},"geometry":{"type":"Point","coordinates":[18.603555,54.323224]}},{"type":"Feature","properties":{"lines":"113, 155, 175, 176, 213, 255, 256, 262, 295, N1, N2, N14, N56","arr":["113","155","175","176","213","255","256","262","295","N1","N2","N14","N56"],"mode":"bus","angle":-29.1,"extra":1,"ei":0,"l0":"113, ","c0":"#19a9a8","l1":"155, ","c1":"#999f01","l2":"175, ","c2":"#79a620","l3":"176, ","c3":"#f57145","l4":"213, ","c4":"#e16cd6","l5":"255, ","c5":"#119efc","l6":"256, ","c6":"#126804","l7":"262, ","c7":"#07ad80","l8":"295, ","c8":"#b0045c","l9":"N1, ","c9":"#7c5001","l10":"N2, ","c10":"#119efc","l11":"N14, ","c11":"#b0045c","l12":"N56","c12":"#4d4aba"},"geometry":{"type":"Point","coordinates":[18.595008,54.320245]}},{"type":"Feature","properties":{"lines":"113, 155, 175, 176, 213, 255, 256, 262, 295, N1, N2, N14, N56","arr":["113","155","175","176","213","255","256","262","295","N1","N2","N14","N56"],"mode":"bus","angle":-36.1,"extra":1,"ei":1,"l0":"113, ","c0":"#19a9a8","l1":"155, ","c1":"#999f01","l2":"175, ","c2":"#79a620","l3":"176, ","c3":"#f57145","l4":"213, ","c4":"#e16cd6","l5":"255, ","c5":"#119efc","l6":"256, ","c6":"#126804","l7":"262, ","c7":"#07ad80","l8":"295, ","c8":"#b0045c","l9":"N1, ","c9":"#7c5001","l10":"N2, ","c10":"#119efc","l11":"N14, ","c11":"#b0045c","l12":"N56","c12":"#4d4aba"},"geometry":{"type":"Point","coordinates":[18.600583,54.32212]}},{"type":"Feature","properties":{"lines":"113, 120, 155, 162, 175, 176, 195, 208, 213, 255, 256, 262, 295, N2","arr":["113","120","155","162","175","176","195","208","213","255","256","262","295","N2"],"mode":"bus","angle":-52,"l0":"113, ","c0":"#19a9a8","l1":"120, ","c1":"#e47e2b","l2":"155, ","c2":"#999f01","l3":"162, ","c3":"#e16cd6","l4":"175, ","c4":"#79a620","l5":"176, ","c5":"#f57145","l6":"195, ","c6":"#ff627e","l7":"208, ","c7":"#736adf","l8":"213, ","c8":"#e16cd6","l9":"255, ","c9":"#119efc","l10":"256, ","c10":"#126804","l11":"262, ","c11":"#07ad80","l12":"295, ","c12":"#b0045c","l13":"N2","c13":"#119efc"},"geometry":{"type":"Point","coordinates":[18.606443,54.32274]}},{"type":"Feature","properties":{"lines":"113, 162, 195, N1, N56","arr":["113","162","195","N1","N56"],"mode":"bus","angle":-44.8,"l0":"113, ","c0":"#19a9a8","l1":"162, ","c1":"#e16cd6","l2":"195, ","c2":"#ff627e","l3":"N1, ","c3":"#7c5001","l4":"N56","c4":"#4d4aba"},"geometry":{"type":"Point","coordinates":[18.607408,54.325514]}},{"type":"Feature","properties":{"lines":"113, 162, 195, N1, N56","arr":["113","162","195","N1","N56"],"mode":"bus","angle":-61.8,"mi":1,"l0":"113, ","c0":"#19a9a8","l1":"162, ","c1":"#e16cd6","l2":"195, ","c2":"#ff627e","l3":"N1, ","c3":"#7c5001","l4":"N56","c4":"#4d4aba"},"geometry":{"type":"Point","coordinates":[18.60572,54.324423]}},{"type":"Feature","properties":{"lines":"113, 162, 195, N1, N56","arr":["113","162","195","N1","N56"],"mode":"bus","angle":-45.2,"extra":1,"ei":0,"l0":"113, ","c0":"#19a9a8","l1":"162, ","c1":"#e16cd6","l2":"195, ","c2":"#ff627e","l3":"N1, ","c3":"#7c5001","l4":"N56","c4":"#4d4aba"},"geometry":{"type":"Point","coordinates":[18.609018,54.326433]}},{"type":"Feature","properties":{"lines":"113, 132, 189, 289, M32, N5, N89","arr":["113","132","189","289","M32","N5","N89"],"mode":"bus","angle":-76.6,"side":-1,"l0":"113, ","c0":"#19a9a8","l1":"132, ","c1":"#119efc","l2":"189, ","c2":"#076734","l3":"289, ","c3":"#e16cd6","l4":"M32, ","c4":"#02af5a","l5":"N5, ","c5":"#f57145","l6":"N89","c6":"#b20b42"},"geometry":{"type":"Point","coordinates":[18.633056,54.326284]}},{"type":"Feature","properties":{"lines":"113, 132, 189, 289, M32, N5, N89","arr":["113","132","189","289","M32","N5","N89"],"mode":"bus","angle":-84.1,"extra":1,"ei":0,"l0":"113, ","c0":"#19a9a8","l1":"132, ","c1":"#119efc","l2":"189, ","c2":"#076734","l3":"289, ","c3":"#e16cd6","l4":"M32, ","c4":"#02af5a","l5":"N5, ","c5":"#f57145","l6":"N89","c6":"#b20b42"},"geometry":{"type":"Point","coordinates":[18.634104,54.329388]}},{"type":"Feature","properties":{"lines":"113, 132, 189, 289, M32, N5, N89","arr":["113","132","189","289","M32","N5","N89"],"mode":"bus","angle":-76.4,"extra":1,"ei":0,"l0":"113, ","c0":"#19a9a8","l1":"132, ","c1":"#119efc","l2":"189, ","c2":"#076734","l3":"289, ","c3":"#e16cd6","l4":"M32, ","c4":"#02af5a","l5":"N5, ","c5":"#f57145","l6":"N89","c6":"#b20b42"},"geometry":{"type":"Point","coordinates":[18.632236,54.324869]}},{"type":"Feature","properties":{"lines":"113, 132, 189, 289, M32, N5, N89","arr":["113","132","189","289","M32","N5","N89"],"mode":"bus","angle":-67.5,"side":-1,"extra":1,"ei":0,"l0":"113, ","c0":"#19a9a8","l1":"132, ","c1":"#119efc","l2":"189, ","c2":"#076734","l3":"289, ","c3":"#e16cd6","l4":"M32, ","c4":"#02af5a","l5":"N5, ","c5":"#f57145","l6":"N89","c6":"#b20b42"},"geometry":{"type":"Point","coordinates":[18.631597,54.323235]}},{"type":"Feature","properties":{"lines":"113, 155, 162, 175, 176, 195, 213, 255, 256, 262, 295, N1, N2, N56","arr":["113","155","162","175","176","195","213","255","256","262","295","N1","N2","N56"],"mode":"bus","angle":-55.7,"l0":"113, ","c0":"#19a9a8","l1":"155, ","c1":"#999f01","l2":"162, ","c2":"#e16cd6","l3":"175, ","c3":"#79a620","l4":"176, ","c4":"#f57145","l5":"195, ","c5":"#ff627e","l6":"213, ","c6":"#e16cd6","l7":"255, ","c7":"#119efc","l8":"256, ","c8":"#126804","l9":"262, ","c9":"#07ad80","l10":"295, ","c10":"#b0045c","l11":"N1, ","c11":"#7c5001","l12":"N2, ","c12":"#119efc","l13":"N56","c13":"#4d4aba"},"geometry":{"type":"Point","coordinates":[18.604311,54.323852]}},{"type":"Feature","properties":{"lines":"113, 120, 155, 162, 175, 176, 208, 213, 255, 256, 262, 295, N2, N14","arr":["113","120","155","162","175","176","208","213","255","256","262","295","N2","N14"],"mode":"bus","angle":30.4,"side":-1,"l0":"113, ","c0":"#19a9a8","l1":"120, ","c1":"#e47e2b","l2":"155, ","c2":"#999f01","l3":"162, ","c3":"#e16cd6","l4":"175, ","c4":"#79a620","l5":"176, ","c5":"#f57145","l6":"208, ","c6":"#736adf","l7":"213, ","c7":"#e16cd6","l8":"255, ","c8":"#119efc","l9":"256, ","c9":"#126804","l10":"262, ","c10":"#07ad80","l11":"295, ","c11":"#b0045c","l12":"N2, ","c12":"#119efc","l13":"N14","c13":"#b0045c"},"geometry":{"type":"Point","coordinates":[18.604889,54.323955]}},{"type":"Feature","properties":{"lines":"115, 155, 156, 174, N4","arr":["115","155","156","174","N4"],"mode":"bus","angle":-65.9,"l0":"115, ","c0":"#4d4aba","l1":"155, ","c1":"#999f01","l2":"156, ","c2":"#b0045c","l3":"174, ","c3":"#7c5001","l4":"N4","c4":"#03636c"},"geometry":{"type":"Point","coordinates":[18.550669,54.326701]}},{"type":"Feature","properties":{"lines":"115, 120, 155, 156, 174, N4","arr":["115","120","155","156","174","N4"],"mode":"bus","angle":-45.8,"l0":"115, ","c0":"#4d4aba","l1":"120, ","c1":"#e47e2b","l2":"155, ","c2":"#999f01","l3":"156, ","c3":"#b0045c","l4":"174, ","c4":"#7c5001","l5":"N4","c5":"#03636c"},"geometry":{"type":"Point","coordinates":[18.554764,54.329907]}},{"type":"Feature","properties":{"lines":"115, 120, 155, 156, 174, N4","arr":["115","120","155","156","174","N4"],"mode":"bus","angle":-34,"extra":1,"ei":0,"l0":"115, ","c0":"#4d4aba","l1":"120, ","c1":"#e47e2b","l2":"155, ","c2":"#999f01","l3":"156, ","c3":"#b0045c","l4":"174, ","c4":"#7c5001","l5":"N4","c5":"#03636c"},"geometry":{"type":"Point","coordinates":[18.553303,54.329008]}},{"type":"Feature","properties":{"lines":"115, 120, 156, 174, N4","arr":["115","120","156","174","N4"],"mode":"bus","angle":-16.3,"l0":"115, ","c0":"#4d4aba","l1":"120, ","c1":"#e47e2b","l2":"156, ","c2":"#b0045c","l3":"174, ","c3":"#7c5001","l4":"N4","c4":"#03636c"},"geometry":{"type":"Point","coordinates":[18.563774,54.331697]}},{"type":"Feature","properties":{"lines":"115, 120, 156, 174, N4","arr":["115","120","156","174","N4"],"mode":"bus","angle":-5.2,"extra":1,"ei":0,"l0":"115, ","c0":"#4d4aba","l1":"120, ","c1":"#e47e2b","l2":"156, ","c2":"#b0045c","l3":"174, ","c3":"#7c5001","l4":"N4","c4":"#03636c"},"geometry":{"type":"Point","coordinates":[18.559554,54.331055]}},{"type":"Feature","properties":{"lines":"115, 120, 156, 174, N4","arr":["115","120","156","174","N4"],"mode":"bus","angle":-9.5,"extra":1,"ei":1,"l0":"115, ","c0":"#4d4aba","l1":"120, ","c1":"#e47e2b","l2":"156, ","c2":"#b0045c","l3":"174, ","c3":"#7c5001","l4":"N4","c4":"#03636c"},"geometry":{"type":"Point","coordinates":[18.5658,54.332037]}},{"type":"Feature","properties":{"lines":"115, 120, 156, 174, N4","arr":["115","120","156","174","N4"],"mode":"bus","angle":2.5,"extra":1,"ei":2,"l0":"115, ","c0":"#4d4aba","l1":"120, ","c1":"#e47e2b","l2":"156, ","c2":"#b0045c","l3":"174, ","c3":"#7c5001","l4":"N4","c4":"#03636c"},"geometry":{"type":"Point","coordinates":[18.569026,54.332185]}},{"type":"Feature","properties":{"lines":"115, 118, 120, 156, 174","arr":["115","118","120","156","174"],"mode":"bus","angle":8.9,"side":-1,"l0":"115, ","c0":"#4d4aba","l1":"118, ","c1":"#2d8c1b","l2":"120, ","c2":"#e47e2b","l3":"156, ","c3":"#b0045c","l4":"174","c4":"#7c5001"},"geometry":{"type":"Point","coordinates":[18.571099,54.331889]}},{"type":"Feature","properties":{"lines":"115, 120, 156, 174, N2, N4","arr":["115","120","156","174","N2","N4"],"mode":"bus","angle":85.1,"side":-1,"l0":"115, ","c0":"#4d4aba","l1":"120, ","c1":"#e47e2b","l2":"156, ","c2":"#b0045c","l3":"174, ","c3":"#7c5001","l4":"N2, ","c4":"#119efc","l5":"N4","c5":"#03636c"},"geometry":{"type":"Point","coordinates":[18.570143,54.330187]}},{"type":"Feature","properties":{"lines":"115, 120, 174, N2, N4","arr":["115","120","174","N2","N4"],"mode":"bus","angle":4.5,"l0":"115, ","c0":"#4d4aba","l1":"120, ","c1":"#e47e2b","l2":"174, ","c2":"#7c5001","l3":"N2, ","c3":"#119efc","l4":"N4","c4":"#03636c"},"geometry":{"type":"Point","coordinates":[18.575916,54.328428]}},{"type":"Feature","properties":{"lines":"115, 120, 174, N2, N4","arr":["115","120","174","N2","N4"],"mode":"bus","angle":8.2,"extra":1,"ei":0,"l0":"115, ","c0":"#4d4aba","l1":"120, ","c1":"#e47e2b","l2":"174, ","c2":"#7c5001","l3":"N2, ","c3":"#119efc","l4":"N4","c4":"#03636c"},"geometry":{"type":"Point","coordinates":[18.571618,54.328753]}},{"type":"Feature","properties":{"lines":"115, 120, 174, N2, N4","arr":["115","120","174","N2","N4"],"mode":"bus","angle":1.3,"extra":1,"ei":1,"l0":"115, ","c0":"#4d4aba","l1":"120, ","c1":"#e47e2b","l2":"174, ","c2":"#7c5001","l3":"N2, ","c3":"#119efc","l4":"N4","c4":"#03636c"},"geometry":{"type":"Point","coordinates":[18.578061,54.328381]}},{"type":"Feature","properties":{"lines":"115, 120, 174, N2, N4","arr":["115","120","174","N2","N4"],"mode":"bus","angle":-11.9,"extra":1,"ei":2,"l0":"115, ","c0":"#4d4aba","l1":"120, ","c1":"#e47e2b","l2":"174, ","c2":"#7c5001","l3":"N2, ","c3":"#119efc","l4":"N4","c4":"#03636c"},"geometry":{"type":"Point","coordinates":[18.581298,54.328369]}},{"type":"Feature","properties":{"lines":"115, 118, 120, 174, N2, N4","arr":["115","118","120","174","N2","N4"],"mode":"bus","angle":-88.3,"l0":"115, ","c0":"#4d4aba","l1":"118, ","c1":"#2d8c1b","l2":"120, ","c2":"#e47e2b","l3":"174, ","c3":"#7c5001","l4":"N2, ","c4":"#119efc","l5":"N4","c5":"#03636c"},"geometry":{"type":"Point","coordinates":[18.5849,54.330054]}},{"type":"Feature","properties":{"lines":"115, 118, 120, 174, N2, N4","arr":["115","118","120","174","N2","N4"],"mode":"bus","angle":-26.7,"extra":1,"ei":0,"l0":"115, ","c0":"#4d4aba","l1":"118, ","c1":"#2d8c1b","l2":"120, ","c2":"#e47e2b","l3":"174, ","c3":"#7c5001","l4":"N2, ","c4":"#119efc","l5":"N4","c5":"#03636c"},"geometry":{"type":"Point","coordinates":[18.583272,54.328912]}},{"type":"Feature","properties":{"lines":"115, 118, 120, 174, N2, N4","arr":["115","118","120","174","N2","N4"],"mode":"bus","angle":-88.8,"extra":1,"ei":1,"l0":"115, ","c0":"#4d4aba","l1":"118, ","c1":"#2d8c1b","l2":"120, ","c2":"#e47e2b","l3":"174, ","c3":"#7c5001","l4":"N2, ","c4":"#119efc","l5":"N4","c5":"#03636c"},"geometry":{"type":"Point","coordinates":[18.584986,54.332164]}},{"type":"Feature","properties":{"lines":"115, 120, 174, N2, N4","arr":["115","120","174","N2","N4"],"mode":"bus","angle":-15.8,"mi":1,"l0":"115, ","c0":"#4d4aba","l1":"120, ","c1":"#e47e2b","l2":"174, ","c2":"#7c5001","l3":"N2, ","c3":"#119efc","l4":"N4","c4":"#03636c"},"geometry":{"type":"Point","coordinates":[18.588968,54.332621]}},{"type":"Feature","properties":{"lines":"115, 120, 174, N2, N4","arr":["115","120","174","N2","N4"],"mode":"bus","angle":-2,"extra":1,"ei":0,"l0":"115, ","c0":"#4d4aba","l1":"120, ","c1":"#e47e2b","l2":"174, ","c2":"#7c5001","l3":"N2, ","c3":"#119efc","l4":"N4","c4":"#03636c"},"geometry":{"type":"Point","coordinates":[18.586625,54.332687]}},{"type":"Feature","properties":{"lines":"115, 120, 174, 175, N2, N4","arr":["115","120","174","175","N2","N4"],"mode":"bus","angle":55.2,"mi":1,"l0":"115, ","c0":"#4d4aba","l1":"120, ","c1":"#e47e2b","l2":"174, ","c2":"#7c5001","l3":"175, ","c3":"#79a620","l4":"N2, ","c4":"#119efc","l5":"N4","c5":"#03636c"},"geometry":{"type":"Point","coordinates":[18.592993,54.333416]}},{"type":"Feature","properties":{"lines":"115, 120, 174, 175, N2, N4","arr":["115","120","174","175","N2","N4"],"mode":"bus","angle":-71.2,"l0":"115, ","c0":"#4d4aba","l1":"120, ","c1":"#e47e2b","l2":"174, ","c2":"#7c5001","l3":"175, ","c3":"#79a620","l4":"N2, ","c4":"#119efc","l5":"N4","c5":"#03636c"},"geometry":{"type":"Point","coordinates":[18.593987,54.332607]}},{"type":"Feature","properties":{"lines":"115, 162, 174, 195, 227, 262, N14","arr":["115","162","174","195","227","262","N14"],"mode":"bus","angle":-54.3,"mi":2,"l0":"115, ","c0":"#4d4aba","l1":"162, ","c1":"#e16cd6","l2":"174, ","c2":"#7c5001","l3":"195, ","c3":"#ff627e","l4":"227, ","c4":"#e47e2b","l5":"262, ","c5":"#07ad80","l6":"N14","c6":"#b0045c"},"geometry":{"type":"Point","coordinates":[18.599253,54.337293]}},{"type":"Feature","properties":{"lines":"115, 162, 174, 195, 227, 262, N14","arr":["115","162","174","195","227","262","N14"],"mode":"bus","angle":-69,"mi":1,"l0":"115, ","c0":"#4d4aba","l1":"162, ","c1":"#e16cd6","l2":"174, ","c2":"#7c5001","l3":"195, ","c3":"#ff627e","l4":"227, ","c4":"#e47e2b","l5":"262, ","c5":"#07ad80","l6":"N14","c6":"#b0045c"},"geometry":{"type":"Point","coordinates":[18.600666,54.33815]}},{"type":"Feature","properties":{"lines":"115, 162, 174, 195, 227, 262, N14","arr":["115","162","174","195","227","262","N14"],"mode":"bus","angle":-69.1,"l0":"115, ","c0":"#4d4aba","l1":"162, ","c1":"#e16cd6","l2":"174, ","c2":"#7c5001","l3":"195, ","c3":"#ff627e","l4":"227, ","c4":"#e47e2b","l5":"262, ","c5":"#07ad80","l6":"N14","c6":"#b0045c"},"geometry":{"type":"Point","coordinates":[18.600006,54.338206]}},{"type":"Feature","properties":{"lines":"115, 162, 174, 195, 227, 262","arr":["115","162","174","195","227","262"],"mode":"bus","angle":-72.3,"l0":"115, ","c0":"#4d4aba","l1":"162, ","c1":"#e16cd6","l2":"174, ","c2":"#7c5001","l3":"195, ","c3":"#ff627e","l4":"227, ","c4":"#e47e2b","l5":"262","c5":"#07ad80"},"geometry":{"type":"Point","coordinates":[18.601878,54.342942]}},{"type":"Feature","properties":{"lines":"115, 162, 174, 195, 227, 262","arr":["115","162","174","195","227","262"],"mode":"bus","angle":-82.5,"side":-1,"extra":1,"ei":0,"l0":"115, ","c0":"#4d4aba","l1":"162, ","c1":"#e16cd6","l2":"174, ","c2":"#7c5001","l3":"195, ","c3":"#ff627e","l4":"227, ","c4":"#e47e2b","l5":"262","c5":"#07ad80"},"geometry":{"type":"Point","coordinates":[18.60119,54.339773]}},{"type":"Feature","properties":{"lines":"115, 162, 174, 195, 227, 262","arr":["115","162","174","195","227","262"],"mode":"bus","angle":-82.1,"side":-1,"extra":1,"ei":1,"l0":"115, ","c0":"#4d4aba","l1":"162, ","c1":"#e16cd6","l2":"174, ","c2":"#7c5001","l3":"195, ","c3":"#ff627e","l4":"227, ","c4":"#e47e2b","l5":"262","c5":"#07ad80"},"geometry":{"type":"Point","coordinates":[18.601556,54.341649]}},{"type":"Feature","properties":{"lines":"115, 162, 174, 195, 227, 262","arr":["115","162","174","195","227","262"],"mode":"bus","angle":-74.5,"side":-1,"extra":1,"ei":2,"l0":"115, ","c0":"#4d4aba","l1":"162, ","c1":"#e16cd6","l2":"174, ","c2":"#7c5001","l3":"195, ","c3":"#ff627e","l4":"227, ","c4":"#e47e2b","l5":"262","c5":"#07ad80"},"geometry":{"type":"Point","coordinates":[18.603323,54.345277]}},{"type":"Feature","properties":{"lines":"115, 162, 174, 195, 227, 262","arr":["115","162","174","195","227","262"],"mode":"bus","angle":78.9,"extra":1,"ei":3,"l0":"115, ","c0":"#4d4aba","l1":"162, ","c1":"#e16cd6","l2":"174, ","c2":"#7c5001","l3":"195, ","c3":"#ff627e","l4":"227, ","c4":"#e47e2b","l5":"262","c5":"#07ad80"},"geometry":{"type":"Point","coordinates":[18.603421,54.34715]}},{"type":"Feature","properties":{"lines":"115, 162, 195, 227, 262","arr":["115","162","195","227","262"],"mode":"bus","angle":71.8,"l0":"115, ","c0":"#4d4aba","l1":"162, ","c1":"#e16cd6","l2":"195, ","c2":"#ff627e","l3":"227, ","c3":"#e47e2b","l4":"262","c4":"#07ad80"},"geometry":{"type":"Point","coordinates":[18.603224,54.34755]}},{"type":"Feature","properties":{"lines":"115, 130, 184, 199, 210, N6, N16","arr":["115","130","184","199","210","N6","N16"],"mode":"bus","angle":0.4,"l0":"115, ","c0":"#4d4aba","l1":"130, ","c1":"#ff627e","l2":"184, ","c2":"#999f01","l3":"199, ","c3":"#c17aef","l4":"210, ","c4":"#02af5a","l5":"N6, ","c5":"#05617d","l6":"N16","c6":"#7c5001"},"geometry":{"type":"Point","coordinates":[18.601255,54.35604]}},{"type":"Feature","properties":{"lines":"115, 130, 184, 199, 210, N6, N16","arr":["115","130","184","199","210","N6","N16"],"mode":"bus","angle":-14.5,"l0":"115, ","c0":"#4d4aba","l1":"130, ","c1":"#ff627e","l2":"184, ","c2":"#999f01","l3":"199, ","c3":"#c17aef","l4":"210, ","c4":"#02af5a","l5":"N6, ","c5":"#05617d","l6":"N16","c6":"#7c5001"},"geometry":{"type":"Point","coordinates":[18.616903,54.35608]}},{"type":"Feature","properties":{"lines":"115, 130, 184, 199, 210, N6, N16","arr":["115","130","184","199","210","N6","N16"],"mode":"bus","angle":0.8,"extra":1,"ei":0,"l0":"115, ","c0":"#4d4aba","l1":"130, ","c1":"#ff627e","l2":"184, ","c2":"#999f01","l3":"199, ","c3":"#c17aef","l4":"210, ","c4":"#02af5a","l5":"N6, ","c5":"#05617d","l6":"N16","c6":"#7c5001"},"geometry":{"type":"Point","coordinates":[18.605352,54.35602]}},{"type":"Feature","properties":{"lines":"115, 130, 184, 199, 210, N6, N16","arr":["115","130","184","199","210","N6","N16"],"mode":"bus","angle":-21.6,"extra":1,"ei":1,"l0":"115, ","c0":"#4d4aba","l1":"130, ","c1":"#ff627e","l2":"184, ","c2":"#999f01","l3":"199, ","c3":"#c17aef","l4":"210, ","c4":"#02af5a","l5":"N6, ","c5":"#05617d","l6":"N16","c6":"#7c5001"},"geometry":{"type":"Point","coordinates":[18.598945,54.355774]}},{"type":"Feature","properties":{"lines":"115, 130, 184, 199, 210, N6, N16","arr":["115","130","184","199","210","N6","N16"],"mode":"bus","angle":-0.8,"extra":1,"ei":2,"l0":"115, ","c0":"#4d4aba","l1":"130, ","c1":"#ff627e","l2":"184, ","c2":"#999f01","l3":"199, ","c3":"#c17aef","l4":"210, ","c4":"#02af5a","l5":"N6, ","c5":"#05617d","l6":"N16","c6":"#7c5001"},"geometry":{"type":"Point","coordinates":[18.595927,54.355142]}},{"type":"Feature","properties":{"lines":"115, 130, 184, 199, 210, N6, N16","arr":["115","130","184","199","210","N6","N16"],"mode":"bus","angle":-67.4,"mi":1,"l0":"115, ","c0":"#4d4aba","l1":"130, ","c1":"#ff627e","l2":"184, ","c2":"#999f01","l3":"199, ","c3":"#c17aef","l4":"210, ","c4":"#02af5a","l5":"N6, ","c5":"#05617d","l6":"N16","c6":"#7c5001"},"geometry":{"type":"Point","coordinates":[18.619907,54.357308]}},{"type":"Feature","properties":{"lines":"130, 183, 199, 210, N6, N16","arr":["130","183","199","210","N6","N16"],"mode":"bus","angle":48,"l0":"130, ","c0":"#ff627e","l1":"183, ","c1":"#f57145","l2":"199, ","c2":"#c17aef","l3":"210, ","c3":"#02af5a","l4":"N6, ","c4":"#05617d","l5":"N16","c5":"#7c5001"},"geometry":{"type":"Point","coordinates":[18.630193,54.355957]}},{"type":"Feature","properties":{"lines":"130, 183, 199, 210, N6, N16","arr":["130","183","199","210","N6","N16"],"mode":"bus","angle":-2.9,"extra":1,"ei":0,"l0":"130, ","c0":"#ff627e","l1":"183, ","c1":"#f57145","l2":"199, ","c2":"#c17aef","l3":"210, ","c3":"#02af5a","l4":"N6, ","c4":"#05617d","l5":"N16","c5":"#7c5001"},"geometry":{"type":"Point","coordinates":[18.622946,54.358613]}},{"type":"Feature","properties":{"lines":"130, 183, 199, 210, N6, N16","arr":["130","183","199","210","N6","N16"],"mode":"bus","angle":31.7,"extra":1,"ei":1,"l0":"130, ","c0":"#ff627e","l1":"183, ","c1":"#f57145","l2":"199, ","c2":"#c17aef","l3":"210, ","c3":"#02af5a","l4":"N6, ","c4":"#05617d","l5":"N16","c5":"#7c5001"},"geometry":{"type":"Point","coordinates":[18.626115,54.358448]}},{"type":"Feature","properties":{"lines":"130, 183, 199, 210, N6, N16","arr":["130","183","199","210","N6","N16"],"mode":"bus","angle":47.2,"extra":1,"ei":2,"l0":"130, ","c0":"#ff627e","l1":"183, ","c1":"#f57145","l2":"199, ","c2":"#c17aef","l3":"210, ","c3":"#02af5a","l4":"N6, ","c4":"#05617d","l5":"N16","c5":"#7c5001"},"geometry":{"type":"Point","coordinates":[18.628376,54.357101]}},{"type":"Feature","properties":{"lines":"130, 183, 199, 210, N6, N16","arr":["130","183","199","210","N6","N16"],"mode":"bus","angle":49.4,"extra":1,"ei":3,"l0":"130, ","c0":"#ff627e","l1":"183, ","c1":"#f57145","l2":"199, ","c2":"#c17aef","l3":"210, ","c3":"#02af5a","l4":"N6, ","c4":"#05617d","l5":"N16","c5":"#7c5001"},"geometry":{"type":"Point","coordinates":[18.632674,54.354275]}},{"type":"Feature","properties":{"lines":"130, 183, 199, 210, N6, N16","arr":["130","183","199","210","N6","N16"],"mode":"bus","angle":42.3,"extra":1,"ei":4,"l0":"130, ","c0":"#ff627e","l1":"183, ","c1":"#f57145","l2":"199, ","c2":"#c17aef","l3":"210, ","c3":"#02af5a","l4":"N6, ","c4":"#05617d","l5":"N16","c5":"#7c5001"},"geometry":{"type":"Point","coordinates":[18.634831,54.352868]}},{"type":"Feature","properties":{"lines":"130, 183, 199, 210, N6, N16","arr":["130","183","199","210","N6","N16"],"mode":"bus","angle":72.6,"extra":1,"ei":5,"l0":"130, ","c0":"#ff627e","l1":"183, ","c1":"#f57145","l2":"199, ","c2":"#c17aef","l3":"210, ","c3":"#02af5a","l4":"N6, ","c4":"#05617d","l5":"N16","c5":"#7c5001"},"geometry":{"type":"Point","coordinates":[18.637017,54.351515]}},{"type":"Feature","properties":{"lines":"115, 183, 184, 283, N1, N4, N14","arr":["115","183","184","283","N1","N4","N14"],"mode":"bus","angle":45.2,"l0":"115, ","c0":"#4d4aba","l1":"183, ","c1":"#f57145","l2":"184, ","c2":"#999f01","l3":"283, ","c3":"#1da8b6","l4":"N1, ","c4":"#7c5001","l5":"N4, ","c5":"#03636c","l6":"N14","c6":"#b0045c"},"geometry":{"type":"Point","coordinates":[18.630727,54.36881]}},{"type":"Feature","properties":{"lines":"115, 183, 283, N1, N4, N14","arr":["115","183","283","N1","N4","N14"],"mode":"bus","angle":45.1,"mi":1,"l0":"115, ","c0":"#4d4aba","l1":"183, ","c1":"#f57145","l2":"283, ","c2":"#1da8b6","l3":"N1, ","c3":"#7c5001","l4":"N4, ","c4":"#03636c","l5":"N14","c5":"#b0045c"},"geometry":{"type":"Point","coordinates":[18.627429,54.370775]}},{"type":"Feature","properties":{"lines":"115, 183, 283, N1, N4, N14","arr":["115","183","283","N1","N4","N14"],"mode":"bus","angle":45.7,"extra":1,"ei":0,"l0":"115, ","c0":"#4d4aba","l1":"183, ","c1":"#f57145","l2":"283, ","c2":"#1da8b6","l3":"N1, ","c3":"#7c5001","l4":"N4, ","c4":"#03636c","l5":"N14","c5":"#b0045c"},"geometry":{"type":"Point","coordinates":[18.62933,54.369641]}},{"type":"Feature","properties":{"lines":"115, 183, 283, N1, N4, N14","arr":["115","183","283","N1","N4","N14"],"mode":"bus","angle":45.3,"extra":1,"ei":1,"l0":"115, ","c0":"#4d4aba","l1":"183, ","c1":"#f57145","l2":"283, ","c2":"#1da8b6","l3":"N1, ","c3":"#7c5001","l4":"N4, ","c4":"#03636c","l5":"N14","c5":"#b0045c"},"geometry":{"type":"Point","coordinates":[18.624781,54.372331]}},{"type":"Feature","properties":{"lines":"115, 124, 168, 183, 199","arr":["115","124","168","183","199"],"mode":"bus","angle":32.2,"mi":1,"l0":"115, ","c0":"#4d4aba","l1":"124, ","c1":"#999f01","l2":"168, ","c2":"#076734","l3":"183, ","c3":"#f57145","l4":"199","c4":"#c17aef"},"geometry":{"type":"Point","coordinates":[18.613892,54.378591]}},{"type":"Feature","properties":{"lines":"115, 124, 168, 183, 199","arr":["115","124","168","183","199"],"mode":"bus","angle":30.8,"l0":"115, ","c0":"#4d4aba","l1":"124, ","c1":"#999f01","l2":"168, ","c2":"#076734","l3":"183, ","c3":"#f57145","l4":"199","c4":"#c17aef"},"geometry":{"type":"Point","coordinates":[18.610263,54.379865]}},{"type":"Feature","properties":{"lines":"115, 124, 149, 168, 183, 199","arr":["115","124","149","168","183","199"],"mode":"bus","angle":20.7,"l0":"115, ","c0":"#4d4aba","l1":"124, ","c1":"#999f01","l2":"149, ","c2":"#ff627e","l3":"168, ","c3":"#076734","l4":"183, ","c4":"#f57145","l5":"199","c5":"#c17aef"},"geometry":{"type":"Point","coordinates":[18.607573,54.380434]}},{"type":"Feature","properties":{"lines":"115, 124, 149, 162, 168, 183, 199, 262","arr":["115","124","149","162","168","183","199","262"],"mode":"bus","angle":30.4,"l0":"115, ","c0":"#4d4aba","l1":"124, ","c1":"#999f01","l2":"149, ","c2":"#ff627e","l3":"162, ","c3":"#e16cd6","l4":"168, ","c4":"#076734","l5":"183, ","c5":"#f57145","l6":"199, ","c6":"#c17aef","l7":"262","c7":"#07ad80"},"geometry":{"type":"Point","coordinates":[18.605732,54.381051]}},{"type":"Feature","properties":{"lines":"115, 124, 149, 158, 162, 168, 183, 199, 258, 262, N2","arr":["115","124","149","158","162","168","183","199","258","262","N2"],"mode":"bus","angle":-47.3,"l0":"115, ","c0":"#4d4aba","l1":"124, ","c1":"#999f01","l2":"149, ","c2":"#ff627e","l3":"158, ","c3":"#4d4aba","l4":"162, ","c4":"#e16cd6","l5":"168, ","c5":"#076734","l6":"183, ","c6":"#f57145","l7":"199, ","c7":"#c17aef","l8":"258, ","c8":"#02af5a","l9":"262, ","c9":"#07ad80","l10":"N2","c10":"#119efc"},"geometry":{"type":"Point","coordinates":[18.604224,54.381331]}},{"type":"Feature","properties":{"lines":"115, 162, 168, 183, 199, 262","arr":["115","162","168","183","199","262"],"mode":"bus","angle":79.9,"l0":"115, ","c0":"#4d4aba","l1":"162, ","c1":"#e16cd6","l2":"168, ","c2":"#076734","l3":"183, ","c3":"#f57145","l4":"199, ","c4":"#c17aef","l5":"262","c5":"#07ad80"},"geometry":{"type":"Point","coordinates":[18.607463,54.379457]}},{"type":"Feature","properties":{"lines":"115, 183, 283, N1, N4, N14","arr":["115","183","283","N1","N4","N14"],"mode":"bus","angle":45.5,"side":-1,"l0":"115, ","c0":"#4d4aba","l1":"183, ","c1":"#f57145","l2":"283, ","c2":"#1da8b6","l3":"N1, ","c3":"#7c5001","l4":"N4, ","c4":"#03636c","l5":"N14","c5":"#b0045c"},"geometry":{"type":"Point","coordinates":[18.62747,54.370049]}},{"type":"Feature","properties":{"lines":"115, 162, 168, 174, 195, 227, 262","arr":["115","162","168","174","195","227","262"],"mode":"bus","angle":71.6,"l0":"115, ","c0":"#4d4aba","l1":"162, ","c1":"#e16cd6","l2":"168, ","c2":"#076734","l3":"174, ","c3":"#7c5001","l4":"195, ","c4":"#ff627e","l5":"227, ","c5":"#e47e2b","l6":"262","c6":"#07ad80"},"geometry":{"type":"Point","coordinates":[18.602665,54.347357]}},{"type":"Feature","properties":{"lines":"115, 118, 120, 156, 174, N2, N4","arr":["115","118","120","156","174","N2","N4"],"mode":"bus","angle":-83.3,"l0":"115, ","c0":"#4d4aba","l1":"118, ","c1":"#2d8c1b","l2":"120, ","c2":"#e47e2b","l3":"156, ","c3":"#b0045c","l4":"174, ","c4":"#7c5001","l5":"N2, ","c5":"#119efc","l6":"N4","c6":"#03636c"},"geometry":{"type":"Point","coordinates":[18.569828,54.331733]}},{"type":"Feature","properties":{"lines":"116, 184, 210, 227, 283","arr":["116","184","210","227","283"],"mode":"bus","angle":59.4,"l0":"116, ","c0":"#7c5001","l1":"184, ","c1":"#999f01","l2":"210, ","c2":"#02af5a","l3":"227, ","c3":"#e47e2b","l4":"283","c4":"#1da8b6"},"geometry":{"type":"Point","coordinates":[18.570533,54.370959]}},{"type":"Feature","properties":{"lines":"116, 184, 210, 227, 283","arr":["116","184","210","227","283"],"mode":"bus","angle":67.5,"side":-1,"extra":1,"ei":0,"l0":"116, ","c0":"#7c5001","l1":"184, ","c1":"#999f01","l2":"210, ","c2":"#02af5a","l3":"227, ","c3":"#e47e2b","l4":"283","c4":"#1da8b6"},"geometry":{"type":"Point","coordinates":[18.568609,54.373141]}},{"type":"Feature","properties":{"lines":"116, 184, 210, 227, 283","arr":["116","184","210","227","283"],"mode":"bus","angle":-88.4,"extra":1,"ei":1,"l0":"116, ","c0":"#7c5001","l1":"184, ","c1":"#999f01","l2":"210, ","c2":"#02af5a","l3":"227, ","c3":"#e47e2b","l4":"283","c4":"#1da8b6"},"geometry":{"type":"Point","coordinates":[18.571094,54.3697]}},{"type":"Feature","properties":{"lines":"116, 184, 210, 227, 283","arr":["116","184","210","227","283"],"mode":"bus","angle":82.5,"side":-1,"extra":1,"ei":2,"l0":"116, ","c0":"#7c5001","l1":"184, ","c1":"#999f01","l2":"210, ","c2":"#02af5a","l3":"227, ","c3":"#e47e2b","l4":"283","c4":"#1da8b6"},"geometry":{"type":"Point","coordinates":[18.571417,54.367824]}},{"type":"Feature","properties":{"lines":"116, 184, 210, 227, 283","arr":["116","184","210","227","283"],"mode":"bus","angle":67.1,"extra":1,"ei":0,"l0":"116, ","c0":"#7c5001","l1":"184, ","c1":"#999f01","l2":"210, ","c2":"#02af5a","l3":"227, ","c3":"#e47e2b","l4":"283","c4":"#1da8b6"},"geometry":{"type":"Point","coordinates":[18.569587,54.372068]}},{"type":"Feature","properties":{"lines":"116, 131, 184, 210, 227, 283","arr":["116","131","184","210","227","283"],"mode":"bus","angle":75,"side":-1,"l0":"116, ","c0":"#7c5001","l1":"131, ","c1":"#7b3aa8","l2":"184, ","c2":"#999f01","l3":"210, ","c3":"#02af5a","l4":"227, ","c4":"#e47e2b","l5":"283","c5":"#1da8b6"},"geometry":{"type":"Point","coordinates":[18.572498,54.364888]}},{"type":"Feature","properties":{"lines":"116, 131, 184, 210, 227, 283","arr":["116","131","184","210","227","283"],"mode":"bus","angle":75.2,"side":-1,"extra":1,"ei":0,"l0":"116, ","c0":"#7c5001","l1":"131, ","c1":"#7b3aa8","l2":"184, ","c2":"#999f01","l3":"210, ","c3":"#02af5a","l4":"227, ","c4":"#e47e2b","l5":"283","c5":"#1da8b6"},"geometry":{"type":"Point","coordinates":[18.571875,54.36639]}},{"type":"Feature","properties":{"lines":"116, 131, 184, 210, 227, 283","arr":["116","131","184","210","227","283"],"mode":"bus","angle":55.9,"side":-1,"extra":1,"ei":1,"l0":"116, ","c0":"#7c5001","l1":"131, ","c1":"#7b3aa8","l2":"184, ","c2":"#999f01","l3":"210, ","c3":"#02af5a","l4":"227, ","c4":"#e47e2b","l5":"283","c5":"#1da8b6"},"geometry":{"type":"Point","coordinates":[18.574256,54.36292]}},{"type":"Feature","properties":{"lines":"117, 122, 169, 171, 179, 622, N4","arr":["117","122","169","171","179","622","N4"],"mode":"bus","angle":61.9,"l0":"117, ","c0":"#52ac3c","l1":"122, ","c1":"#cf8a11","l2":"169, ","c2":"#fe6761","l3":"171, ","c3":"#4d4aba","l4":"179, ","c4":"#11a2e3","l5":"622, ","c5":"#e16cd6","l6":"N4","c6":"#03636c"},"geometry":{"type":"Point","coordinates":[18.567511,54.409904]}},{"type":"Feature","properties":{"lines":"117, 169, 171, 179, 622, N4","arr":["117","169","171","179","622","N4"],"mode":"bus","angle":-14.7,"mi":1,"l0":"117, ","c0":"#52ac3c","l1":"169, ","c1":"#fe6761","l2":"171, ","c2":"#4d4aba","l3":"179, ","c3":"#11a2e3","l4":"622, ","c4":"#e16cd6","l5":"N4","c5":"#03636c"},"geometry":{"type":"Point","coordinates":[18.563683,54.408717]}},{"type":"Feature","properties":{"lines":"117, 169, 171, 179, 622, N4","arr":["117","169","171","179","622","N4"],"mode":"bus","angle":-14.6,"extra":1,"ei":0,"l0":"117, ","c0":"#52ac3c","l1":"169, ","c1":"#fe6761","l2":"171, ","c2":"#4d4aba","l3":"179, ","c3":"#11a2e3","l4":"622, ","c4":"#e16cd6","l5":"N4","c5":"#03636c"},"geometry":{"type":"Point","coordinates":[18.566517,54.409149]}},{"type":"Feature","properties":{"lines":"117, 169, 171, 179, 622, N4","arr":["117","169","171","179","622","N4"],"mode":"bus","angle":-14.9,"extra":1,"ei":1,"l0":"117, ","c0":"#52ac3c","l1":"169, ","c1":"#fe6761","l2":"171, ","c2":"#4d4aba","l3":"179, ","c3":"#11a2e3","l4":"622, ","c4":"#e16cd6","l5":"N4","c5":"#03636c"},"geometry":{"type":"Point","coordinates":[18.560252,54.408183]}},{"type":"Feature","properties":{"lines":"117, 169, 171, 179, 622, N4","arr":["117","169","171","179","622","N4"],"mode":"bus","angle":74,"l0":"117, ","c0":"#52ac3c","l1":"169, ","c1":"#fe6761","l2":"171, ","c2":"#4d4aba","l3":"179, ","c3":"#11a2e3","l4":"622, ","c4":"#e16cd6","l5":"N4","c5":"#03636c"},"geometry":{"type":"Point","coordinates":[18.559074,54.408513]}},{"type":"Feature","properties":{"lines":"117, 169, 171, 179, 622, N1","arr":["117","169","171","179","622","N1"],"mode":"bus","angle":4.2,"l0":"117, ","c0":"#52ac3c","l1":"169, ","c1":"#fe6761","l2":"171, ","c2":"#4d4aba","l3":"179, ","c3":"#11a2e3","l4":"622, ","c4":"#e16cd6","l5":"N1","c5":"#7c5001"},"geometry":{"type":"Point","coordinates":[18.556772,54.408726]}},{"type":"Feature","properties":{"lines":"117, 169, 171, 179, 622, N1","arr":["117","169","171","179","622","N1"],"mode":"bus","angle":62.4,"mi":1,"l0":"117, ","c0":"#52ac3c","l1":"169, ","c1":"#fe6761","l2":"171, ","c2":"#4d4aba","l3":"179, ","c3":"#11a2e3","l4":"622, ","c4":"#e16cd6","l5":"N1","c5":"#7c5001"},"geometry":{"type":"Point","coordinates":[18.554406,54.409664]}},{"type":"Feature","properties":{"lines":"117, 169, 171, 179, 622, N1, N4","arr":["117","169","171","179","622","N1","N4"],"mode":"bus","angle":-15.2,"l0":"117, ","c0":"#52ac3c","l1":"169, ","c1":"#fe6761","l2":"171, ","c2":"#4d4aba","l3":"179, ","c3":"#11a2e3","l4":"622, ","c4":"#e16cd6","l5":"N1, ","c5":"#7c5001","l6":"N4","c6":"#03636c"},"geometry":{"type":"Point","coordinates":[18.562961,54.40974]}},{"type":"Feature","properties":{"lines":"117, 169, 171, 179, 622, N1, N4","arr":["117","169","171","179","622","N1","N4"],"mode":"bus","angle":-16.3,"extra":1,"ei":0,"l0":"117, ","c0":"#52ac3c","l1":"169, ","c1":"#fe6761","l2":"171, ","c2":"#4d4aba","l3":"179, ","c3":"#11a2e3","l4":"622, ","c4":"#e16cd6","l5":"N1, ","c5":"#7c5001","l6":"N4","c6":"#03636c"},"geometry":{"type":"Point","coordinates":[18.560346,54.409303]}},{"type":"Feature","properties":{"lines":"117, 169, 171, 179, 622, N1, N4","arr":["117","169","171","179","622","N1","N4"],"mode":"bus","angle":-4.8,"extra":1,"ei":1,"l0":"117, ","c0":"#52ac3c","l1":"169, ","c1":"#fe6761","l2":"171, ","c2":"#4d4aba","l3":"179, ","c3":"#11a2e3","l4":"622, ","c4":"#e16cd6","l5":"N1, ","c5":"#7c5001","l6":"N4","c6":"#03636c"},"geometry":{"type":"Point","coordinates":[18.566591,54.410311]}},{"type":"Feature","properties":{"lines":"120, 162, 175, 208, 262, N2, N14","arr":["120","162","175","208","262","N2","N14"],"mode":"bus","angle":59,"side":-1,"l0":"120, ","c0":"#e47e2b","l1":"162, ","c1":"#e16cd6","l2":"175, ","c2":"#79a620","l3":"208, ","c3":"#736adf","l4":"262, ","c4":"#07ad80","l5":"N2, ","c5":"#119efc","l6":"N14","c6":"#b0045c"},"geometry":{"type":"Point","coordinates":[18.601293,54.326035]}},{"type":"Feature","properties":{"lines":"120, 162, 175, 208, 262, N2, N14","arr":["120","162","175","208","262","N2","N14"],"mode":"bus","angle":58.9,"side":-1,"extra":1,"ei":0,"l0":"120, ","c0":"#e47e2b","l1":"162, ","c1":"#e16cd6","l2":"175, ","c2":"#79a620","l3":"208, ","c3":"#736adf","l4":"262, ","c4":"#07ad80","l5":"N2, ","c5":"#119efc","l6":"N14","c6":"#b0045c"},"geometry":{"type":"Point","coordinates":[18.599592,54.327677]}},{"type":"Feature","properties":{"lines":"120, 162, 175, 208, 262, N2, N14","arr":["120","162","175","208","262","N2","N14"],"mode":"bus","angle":57,"side":-1,"extra":1,"ei":1,"l0":"120, ","c0":"#e47e2b","l1":"162, ","c1":"#e16cd6","l2":"175, ","c2":"#79a620","l3":"208, ","c3":"#736adf","l4":"262, ","c4":"#07ad80","l5":"N2, ","c5":"#119efc","l6":"N14","c6":"#b0045c"},"geometry":{"type":"Point","coordinates":[18.602952,54.324447]}},{"type":"Feature","properties":{"lines":"120, 162, 175, N2, N4, N14","arr":["120","162","175","N2","N4","N14"],"mode":"bus","angle":58.9,"side":-1,"l0":"120, ","c0":"#e47e2b","l1":"162, ","c1":"#e16cd6","l2":"175, ","c2":"#79a620","l3":"N2, ","c3":"#119efc","l4":"N4, ","c4":"#03636c","l5":"N14","c5":"#b0045c"},"geometry":{"type":"Point","coordinates":[18.596701,54.330465]}},{"type":"Feature","properties":{"lines":"120, 162, 175, N2, N4, N14","arr":["120","162","175","N2","N4","N14"],"mode":"bus","angle":65.9,"extra":1,"ei":0,"l0":"120, ","c0":"#e47e2b","l1":"162, ","c1":"#e16cd6","l2":"175, ","c2":"#79a620","l3":"N2, ","c3":"#119efc","l4":"N4, ","c4":"#03636c","l5":"N14","c5":"#b0045c"},"geometry":{"type":"Point","coordinates":[18.59551,54.331644]}},{"type":"Feature","properties":{"lines":"120, 157, 167, 267, N3","arr":["120","157","167","267","N3"],"mode":"bus","angle":84.3,"l0":"120, ","c0":"#e47e2b","l1":"157, ","c1":"#f661b9","l2":"167, ","c2":"#119efc","l3":"267, ","c3":"#7b3aa8","l4":"N3","c4":"#b20b42"},"geometry":{"type":"Point","coordinates":[18.492023,54.363446]}},{"type":"Feature","properties":{"lines":"120, 157, 167, 267, N3","arr":["120","157","167","267","N3"],"mode":"bus","angle":-73.2,"mi":1,"l0":"120, ","c0":"#e47e2b","l1":"157, ","c1":"#f661b9","l2":"167, ","c2":"#119efc","l3":"267, ","c3":"#7b3aa8","l4":"N3","c4":"#b20b42"},"geometry":{"type":"Point","coordinates":[18.490013,54.355349]}},{"type":"Feature","properties":{"lines":"120, 157, 167, 267, N3","arr":["120","157","167","267","N3"],"mode":"bus","angle":72.6,"extra":1,"ei":0,"l0":"120, ","c0":"#e47e2b","l1":"157, ","c1":"#f661b9","l2":"167, ","c2":"#119efc","l3":"267, ","c3":"#7b3aa8","l4":"N3","c4":"#b20b42"},"geometry":{"type":"Point","coordinates":[18.491716,54.364754]}},{"type":"Feature","properties":{"lines":"120, 157, 167, 267, 268, N3","arr":["120","157","167","267","268","N3"],"mode":"bus","angle":-78.5,"l0":"120, ","c0":"#e47e2b","l1":"157, ","c1":"#f661b9","l2":"167, ","c2":"#119efc","l3":"267, ","c3":"#7b3aa8","l4":"268, ","c4":"#19a9a8","l5":"N3","c5":"#b20b42"},"geometry":{"type":"Point","coordinates":[18.491424,54.359069]}},{"type":"Feature","properties":{"lines":"120, 157, 167, 267, 268, N3","arr":["120","157","167","267","268","N3"],"mode":"bus","angle":-78.6,"extra":1,"ei":0,"l0":"120, ","c0":"#e47e2b","l1":"157, ","c1":"#f661b9","l2":"167, ","c2":"#119efc","l3":"267, ","c3":"#7b3aa8","l4":"268, ","c4":"#19a9a8","l5":"N3","c5":"#b20b42"},"geometry":{"type":"Point","coordinates":[18.490752,54.357133]}},{"type":"Feature","properties":{"lines":"120, 157, 167, 267, 268, N3","arr":["120","157","167","267","268","N3"],"mode":"bus","angle":-79.1,"extra":1,"ei":1,"l0":"120, ","c0":"#e47e2b","l1":"157, ","c1":"#f661b9","l2":"167, ","c2":"#119efc","l3":"267, ","c3":"#7b3aa8","l4":"268, ","c4":"#19a9a8","l5":"N3","c5":"#b20b42"},"geometry":{"type":"Point","coordinates":[18.49202,54.360837]}},{"type":"Feature","properties":{"lines":"122, 124, 148, 158, 258","arr":["122","124","148","158","258"],"mode":"bus","angle":53.9,"l0":"122, ","c0":"#cf8a11","l1":"124, ","c1":"#999f01","l2":"148, ","c2":"#119efc","l3":"158, ","c3":"#4d4aba","l4":"258","c4":"#02af5a"},"geometry":{"type":"Point","coordinates":[18.619803,54.405001]}},{"type":"Feature","properties":{"lines":"122, 124, 148, 158, 258","arr":["122","124","148","158","258"],"mode":"bus","angle":34.4,"extra":1,"ei":0,"l0":"122, ","c0":"#cf8a11","l1":"124, ","c1":"#999f01","l2":"148, ","c2":"#119efc","l3":"158, ","c3":"#4d4aba","l4":"258","c4":"#02af5a"},"geometry":{"type":"Point","coordinates":[18.616865,54.406683]}},{"type":"Feature","properties":{"lines":"122, 124, 148, 158, 258","arr":["122","124","148","158","258"],"mode":"bus","angle":65,"side":-1,"extra":1,"ei":1,"l0":"122, ","c0":"#cf8a11","l1":"124, ","c1":"#999f01","l2":"148, ","c2":"#119efc","l3":"158, ","c3":"#4d4aba","l4":"258","c4":"#02af5a"},"geometry":{"type":"Point","coordinates":[18.621047,54.403846]}},{"type":"Feature","properties":{"lines":"122, 124, 148, 158, 258","arr":["122","124","148","158","258"],"mode":"bus","angle":57.1,"side":-1,"extra":1,"ei":2,"l0":"122, ","c0":"#cf8a11","l1":"124, ","c1":"#999f01","l2":"148, ","c2":"#119efc","l3":"158, ","c3":"#4d4aba","l4":"258","c4":"#02af5a"},"geometry":{"type":"Point","coordinates":[18.622133,54.402081]}},{"type":"Feature","properties":{"lines":"122, 127, 158, 258, N6","arr":["122","127","158","258","N6"],"mode":"bus","angle":-58.6,"l0":"122, ","c0":"#cf8a11","l1":"127, ","c1":"#126804","l2":"158, ","c2":"#4d4aba","l3":"258, ","c3":"#02af5a","l4":"N6","c4":"#05617d"},"geometry":{"type":"Point","coordinates":[18.611365,54.403427]}},{"type":"Feature","properties":{"lines":"122, 127, 158, 258, N6","arr":["122","127","158","258","N6"],"mode":"bus","angle":-58.5,"extra":1,"ei":0,"l0":"122, ","c0":"#cf8a11","l1":"127, ","c1":"#126804","l2":"158, ","c2":"#4d4aba","l3":"258, ","c3":"#02af5a","l4":"N6","c4":"#05617d"},"geometry":{"type":"Point","coordinates":[18.614494,54.406399]}},{"type":"Feature","properties":{"lines":"122, 127, 158, 258, N6","arr":["122","127","158","258","N6"],"mode":"bus","angle":-58.4,"extra":1,"ei":1,"l0":"122, ","c0":"#cf8a11","l1":"127, ","c1":"#126804","l2":"158, ","c2":"#4d4aba","l3":"258, ","c3":"#02af5a","l4":"N6","c4":"#05617d"},"geometry":{"type":"Point","coordinates":[18.612801,54.404788]}},{"type":"Feature","properties":{"lines":"122, 127, 158, 258, N6","arr":["122","127","158","258","N6"],"mode":"bus","angle":-58.2,"extra":1,"ei":2,"l0":"122, ","c0":"#cf8a11","l1":"127, ","c1":"#126804","l2":"158, ","c2":"#4d4aba","l3":"258, ","c3":"#02af5a","l4":"N6","c4":"#05617d"},"geometry":{"type":"Point","coordinates":[18.609366,54.401586]}},{"type":"Feature","properties":{"lines":"122, 127, 158, 258, N6","arr":["122","127","158","258","N6"],"mode":"bus","angle":-58.1,"extra":1,"ei":3,"l0":"122, ","c0":"#cf8a11","l1":"127, ","c1":"#126804","l2":"158, ","c2":"#4d4aba","l3":"258, ","c3":"#02af5a","l4":"N6","c4":"#05617d"},"geometry":{"type":"Point","coordinates":[18.607659,54.399981]}},{"type":"Feature","properties":{"lines":"122, 149, 199, 262, N14","arr":["122","149","199","262","N14"],"mode":"bus","angle":-22.2,"side":-1,"l0":"122, ","c0":"#cf8a11","l1":"149, ","c1":"#ff627e","l2":"199, ","c2":"#c17aef","l3":"262, ","c3":"#07ad80","l4":"N14","c4":"#b0045c"},"geometry":{"type":"Point","coordinates":[18.575915,54.401339]}},{"type":"Feature","properties":{"lines":"122, 124, 127, 158, 258, N6","arr":["122","124","127","158","258","N6"],"mode":"bus","angle":-58.3,"side":-1,"l0":"122, ","c0":"#cf8a11","l1":"124, ","c1":"#999f01","l2":"127, ","c2":"#126804","l3":"158, ","c3":"#4d4aba","l4":"258, ","c4":"#02af5a","l5":"N6","c5":"#05617d"},"geometry":{"type":"Point","coordinates":[18.611484,54.403384]}},{"type":"Feature","properties":{"lines":"122, 124, 127, 158, 258, N6","arr":["122","124","127","158","258","N6"],"mode":"bus","angle":-58.3,"side":-1,"extra":1,"ei":0,"l0":"122, ","c0":"#cf8a11","l1":"124, ","c1":"#999f01","l2":"127, ","c2":"#126804","l3":"158, ","c3":"#4d4aba","l4":"258, ","c4":"#02af5a","l5":"N6","c5":"#05617d"},"geometry":{"type":"Point","coordinates":[18.608313,54.400421]}},{"type":"Feature","properties":{"lines":"122, 124, 127, 158, 258, N6","arr":["122","124","127","158","258","N6"],"mode":"bus","angle":-57.7,"side":-1,"extra":1,"ei":1,"l0":"122, ","c0":"#cf8a11","l1":"124, ","c1":"#999f01","l2":"127, ","c2":"#126804","l3":"158, ","c3":"#4d4aba","l4":"258, ","c4":"#02af5a","l5":"N6","c5":"#05617d"},"geometry":{"type":"Point","coordinates":[18.610019,54.402026]}},{"type":"Feature","properties":{"lines":"122, 124, 127, 158, 258, N6","arr":["122","124","127","158","258","N6"],"mode":"bus","angle":-58.4,"side":-1,"extra":1,"ei":2,"l0":"122, ","c0":"#cf8a11","l1":"124, ","c1":"#999f01","l2":"127, ","c2":"#126804","l3":"158, ","c3":"#4d4aba","l4":"258, ","c4":"#02af5a","l5":"N6","c5":"#05617d"},"geometry":{"type":"Point","coordinates":[18.613437,54.405235]}},{"type":"Feature","properties":{"lines":"122, 124, 127, 158, 258, N6","arr":["122","124","127","158","258","N6"],"mode":"bus","angle":-58.4,"side":-1,"extra":1,"ei":3,"l0":"122, ","c0":"#cf8a11","l1":"124, ","c1":"#999f01","l2":"127, ","c2":"#126804","l3":"158, ","c3":"#4d4aba","l4":"258, ","c4":"#02af5a","l5":"N6","c5":"#05617d"},"geometry":{"type":"Point","coordinates":[18.615135,54.406844]}},{"type":"Feature","properties":{"lines":"124, 158, 199, 258, N2","arr":["124","158","199","258","N2"],"mode":"bus","angle":-1.4,"l0":"124, ","c0":"#999f01","l1":"158, ","c1":"#4d4aba","l2":"199, ","c2":"#c17aef","l3":"258, ","c3":"#02af5a","l4":"N2","c4":"#119efc"},"geometry":{"type":"Point","coordinates":[18.602648,54.381018]}},{"type":"Feature","properties":{"lines":"124, 127, 158, 162, 199, 258, 262, N2, N4, N14","arr":["124","127","158","162","199","258","262","N2","N4","N14"],"mode":"bus","angle":37,"l0":"124, ","c0":"#999f01","l1":"127, ","c1":"#126804","l2":"158, ","c2":"#4d4aba","l3":"162, ","c3":"#e16cd6","l4":"199, ","c4":"#c17aef","l5":"258, ","c5":"#02af5a","l6":"262, ","c6":"#07ad80","l7":"N2, ","c7":"#119efc","l8":"N4, ","c8":"#03636c","l9":"N14","c9":"#b0045c"},"geometry":{"type":"Point","coordinates":[18.600002,54.381829]}},{"type":"Feature","properties":{"lines":"124, 127, 158, 227, 258, N2","arr":["124","127","158","227","258","N2"],"mode":"bus","angle":-51.9,"side":-1,"l0":"124, ","c0":"#999f01","l1":"127, ","c1":"#126804","l2":"158, ","c2":"#4d4aba","l3":"227, ","c3":"#e47e2b","l4":"258, ","c4":"#02af5a","l5":"N2","c5":"#119efc"},"geometry":{"type":"Point","coordinates":[18.59908,54.383283]}},{"type":"Feature","properties":{"lines":"124, 127, 158, 227, 258, N2","arr":["124","127","158","227","258","N2"],"mode":"bus","angle":-45.1,"side":-1,"mi":1,"l0":"124, ","c0":"#999f01","l1":"127, ","c1":"#126804","l2":"158, ","c2":"#4d4aba","l3":"227, ","c3":"#e47e2b","l4":"258, ","c4":"#02af5a","l5":"N2","c5":"#119efc"},"geometry":{"type":"Point","coordinates":[18.600971,54.384506]}},{"type":"Feature","properties":{"lines":"127, 162, 184, 262, N2, N6","arr":["127","162","184","262","N2","N6"],"mode":"bus","angle":-55.9,"l0":"127, ","c0":"#126804","l1":"162, ","c1":"#e16cd6","l2":"184, ","c2":"#999f01","l3":"262, ","c3":"#07ad80","l4":"N2, ","c4":"#119efc","l5":"N6","c5":"#05617d"},"geometry":{"type":"Point","coordinates":[18.588668,54.359762]}},{"type":"Feature","properties":{"lines":"127, 130, 162, 184, 210, 262, N2, N6","arr":["127","130","162","184","210","262","N2","N6"],"mode":"bus","angle":-53.2,"l0":"127, ","c0":"#126804","l1":"130, ","c1":"#ff627e","l2":"162, ","c2":"#e16cd6","l3":"184, ","c3":"#999f01","l4":"210, ","c4":"#02af5a","l5":"262, ","c5":"#07ad80","l6":"N2, ","c6":"#119efc","l7":"N6","c7":"#05617d"},"geometry":{"type":"Point","coordinates":[18.586838,54.358186]}},{"type":"Feature","properties":{"lines":"127, 130, 131, 184, 210, 227, 283, N2, N6","arr":["127","130","131","184","210","227","283","N2","N6"],"mode":"bus","angle":19,"l0":"127, ","c0":"#126804","l1":"130, ","c1":"#ff627e","l2":"131, ","c2":"#7b3aa8","l3":"184, ","c3":"#999f01","l4":"210, ","c4":"#02af5a","l5":"227, ","c5":"#e47e2b","l6":"283, ","c6":"#1da8b6","l7":"N2, ","c7":"#119efc","l8":"N6","c8":"#05617d"},"geometry":{"type":"Point","coordinates":[18.580732,54.357847]}},{"type":"Feature","properties":{"lines":"127, 162, 184, 262, N2","arr":["127","162","184","262","N2"],"mode":"bus","angle":-56,"side":-1,"l0":"127, ","c0":"#126804","l1":"162, ","c1":"#e16cd6","l2":"184, ","c2":"#999f01","l3":"262, ","c3":"#07ad80","l4":"N2","c4":"#119efc"},"geometry":{"type":"Point","coordinates":[18.587992,54.358987]}},{"type":"Feature","properties":{"lines":"130, 167, 184, 199, 210, 267, N3, N6, N16","arr":["130","167","184","199","210","267","N3","N6","N16"],"mode":"bus","angle":-5.4,"l0":"130, ","c0":"#ff627e","l1":"167, ","c1":"#119efc","l2":"184, ","c2":"#999f01","l3":"199, ","c3":"#c17aef","l4":"210, ","c4":"#02af5a","l5":"267, ","c5":"#7b3aa8","l6":"N3, ","c6":"#b20b42","l7":"N6, ","c7":"#05617d","l8":"N16","c8":"#7c5001"},"geometry":{"type":"Point","coordinates":[18.642644,54.351856]}},{"type":"Feature","properties":{"lines":"130, 184, 210, N6, N16","arr":["130","184","210","N6","N16"],"mode":"bus","angle":3,"l0":"130, ","c0":"#ff627e","l1":"184, ","c1":"#999f01","l2":"210, ","c2":"#02af5a","l3":"N6, ","c3":"#05617d","l4":"N16","c4":"#7c5001"},"geometry":{"type":"Point","coordinates":[18.611163,54.355894]}},{"type":"Feature","properties":{"lines":"130, 184, 210, N6, N16","arr":["130","184","210","N6","N16"],"mode":"bus","angle":2.8,"extra":1,"ei":0,"l0":"130, ","c0":"#ff627e","l1":"184, ","c1":"#999f01","l2":"210, ","c2":"#02af5a","l3":"N6, ","c3":"#05617d","l4":"N16","c4":"#7c5001"},"geometry":{"type":"Point","coordinates":[18.613735,54.355815]}},{"type":"Feature","properties":{"lines":"130, 184, 210, N6, N16","arr":["130","184","210","N6","N16"],"mode":"bus","angle":1.8,"extra":1,"ei":1,"l0":"130, ","c0":"#ff627e","l1":"184, ","c1":"#999f01","l2":"210, ","c2":"#02af5a","l3":"N6, ","c3":"#05617d","l4":"N16","c4":"#7c5001"},"geometry":{"type":"Point","coordinates":[18.607262,54.356002]}},{"type":"Feature","properties":{"lines":"130, 167, 183, 184, 199, 210, 267, N3, N6, N16","arr":["130","167","183","184","199","210","267","N3","N6","N16"],"mode":"bus","angle":-3.9,"side":-1,"l0":"130, ","c0":"#ff627e","l1":"167, ","c1":"#119efc","l2":"183, ","c2":"#f57145","l3":"184, ","c3":"#999f01","l4":"199, ","c4":"#c17aef","l5":"210, ","c5":"#02af5a","l6":"267, ","c6":"#7b3aa8","l7":"N3, ","c7":"#b20b42","l8":"N6, ","c8":"#05617d","l9":"N16","c9":"#7c5001"},"geometry":{"type":"Point","coordinates":[18.642819,54.351749]}},{"type":"Feature","properties":{"lines":"132, 183, M32, N1, N3, N4, N5, N8, N14, N16, N78, N89, T8","arr":["132","183","M32","N1","N3","N4","N5","N8","N14","N16","N78","N89","T8"],"mode":"bus","angle":66.5,"l0":"132, ","c0":"#119efc","l1":"183, ","c1":"#f57145","l2":"M32, ","c2":"#02af5a","l3":"N1, ","c3":"#7c5001","l4":"N3, ","c4":"#b20b42","l5":"N4, ","c5":"#03636c","l6":"N5, ","c6":"#f57145","l7":"N8, ","c7":"#cf8a11","l8":"N14, ","c8":"#b0045c","l9":"N16, ","c9":"#7c5001","l10":"N78, ","c10":"#992492","l11":"N89, ","c11":"#b20b42","l12":"T8","c12":"#ab0377"},"geometry":{"type":"Point","coordinates":[18.646398,54.357845]}},{"type":"Feature","properties":{"lines":"132, 154, 189, 289, M32, N1, N5, N56, N89","arr":["132","154","189","289","M32","N1","N5","N56","N89"],"mode":"bus","angle":-65.8,"l0":"132, ","c0":"#119efc","l1":"154, ","c1":"#999f01","l2":"189, ","c2":"#076734","l3":"289, ","c3":"#e16cd6","l4":"M32, ","c4":"#02af5a","l5":"N1, ","c5":"#7c5001","l6":"N5, ","c6":"#f57145","l7":"N56, ","c7":"#4d4aba","l8":"N89","c8":"#b20b42"},"geometry":{"type":"Point","coordinates":[18.63756,54.337338]}},{"type":"Feature","properties":{"lines":"132, 154, 189, 289, M32, N1, N5, N56, N89","arr":["132","154","189","289","M32","N1","N5","N56","N89"],"mode":"bus","angle":-59.1,"extra":1,"ei":0,"l0":"132, ","c0":"#119efc","l1":"154, ","c1":"#999f01","l2":"189, ","c2":"#076734","l3":"289, ","c3":"#e16cd6","l4":"M32, ","c4":"#02af5a","l5":"N1, ","c5":"#7c5001","l6":"N5, ","c6":"#f57145","l7":"N56, ","c7":"#4d4aba","l8":"N89","c8":"#b20b42"},"geometry":{"type":"Point","coordinates":[18.642067,54.341379]}},{"type":"Feature","properties":{"lines":"132, 154, 189, 289, M32, N1, N5, N56, N89","arr":["132","154","189","289","M32","N1","N5","N56","N89"],"mode":"bus","angle":-62.8,"extra":1,"ei":0,"l0":"132, ","c0":"#119efc","l1":"154, ","c1":"#999f01","l2":"189, ","c2":"#076734","l3":"289, ","c3":"#e16cd6","l4":"M32, ","c4":"#02af5a","l5":"N1, ","c5":"#7c5001","l6":"N5, ","c6":"#f57145","l7":"N56, ","c7":"#4d4aba","l8":"N89","c8":"#b20b42"},"geometry":{"type":"Point","coordinates":[18.634876,54.332935]}},{"type":"Feature","properties":{"lines":"132, 154, 189, 289, M32, N1, N5, N56, N89","arr":["132","154","189","289","M32","N1","N5","N56","N89"],"mode":"bus","angle":-76.8,"extra":1,"ei":0,"l0":"132, ","c0":"#119efc","l1":"154, ","c1":"#999f01","l2":"189, ","c2":"#076734","l3":"289, ","c3":"#e16cd6","l4":"M32, ","c4":"#02af5a","l5":"N1, ","c5":"#7c5001","l6":"N5, ","c6":"#f57145","l7":"N56, ","c7":"#4d4aba","l8":"N89","c8":"#b20b42"},"geometry":{"type":"Point","coordinates":[18.635627,54.334602]}},{"type":"Feature","properties":{"lines":"132, 154, 189, 289, M32, N1, N5, N56, N89","arr":["132","154","189","289","M32","N1","N5","N56","N89"],"mode":"bus","angle":-55.1,"extra":1,"ei":1,"l0":"132, ","c0":"#119efc","l1":"154, ","c1":"#999f01","l2":"189, ","c2":"#076734","l3":"289, ","c3":"#e16cd6","l4":"M32, ","c4":"#02af5a","l5":"N1, ","c5":"#7c5001","l6":"N5, ","c6":"#f57145","l7":"N56, ","c7":"#4d4aba","l8":"N89","c8":"#b20b42"},"geometry":{"type":"Point","coordinates":[18.640026,54.339619]}},{"type":"Feature","properties":{"lines":"132, 189, 289, M32, N5, N89","arr":["132","189","289","M32","N5","N89"],"mode":"bus","angle":-86.2,"mi":1,"l0":"132, ","c0":"#119efc","l1":"189, ","c1":"#076734","l2":"289, ","c2":"#e16cd6","l3":"M32, ","c3":"#02af5a","l4":"N5, ","c4":"#f57145","l5":"N89","c5":"#b20b42"},"geometry":{"type":"Point","coordinates":[18.629305,54.316571]}},{"type":"Feature","properties":{"lines":"132, 189, 289, M32, N5, N89","arr":["132","189","289","M32","N5","N89"],"mode":"bus","angle":-86.3,"side":-1,"mi":2,"l0":"132, ","c0":"#119efc","l1":"189, ","c1":"#076734","l2":"289, ","c2":"#e16cd6","l3":"M32, ","c3":"#02af5a","l4":"N5, ","c4":"#f57145","l5":"N89","c5":"#b20b42"},"geometry":{"type":"Point","coordinates":[18.634229,54.331089]}},{"type":"Feature","properties":{"lines":"132, 189, 289, M32, N5, N89","arr":["132","189","289","M32","N5","N89"],"mode":"bus","angle":-66.7,"l0":"132, ","c0":"#119efc","l1":"189, ","c1":"#076734","l2":"289, ","c2":"#e16cd6","l3":"M32, ","c3":"#02af5a","l4":"N5, ","c4":"#f57145","l5":"N89","c5":"#b20b42"},"geometry":{"type":"Point","coordinates":[18.631464,54.323256]}},{"type":"Feature","properties":{"lines":"132, 189, 289, M32, N5, N89","arr":["132","189","289","M32","N5","N89"],"mode":"bus","angle":81.5,"extra":1,"ei":0,"l0":"132, ","c0":"#119efc","l1":"189, ","c1":"#076734","l2":"289, ","c2":"#e16cd6","l3":"M32, ","c3":"#02af5a","l4":"N5, ","c4":"#f57145","l5":"N89","c5":"#b20b42"},"geometry":{"type":"Point","coordinates":[18.629698,54.311661]}},{"type":"Feature","properties":{"lines":"132, 189, 289, M32, N5, N89","arr":["132","189","289","M32","N5","N89"],"mode":"bus","angle":87.9,"extra":1,"ei":1,"l0":"132, ","c0":"#119efc","l1":"189, ","c1":"#076734","l2":"289, ","c2":"#e16cd6","l3":"M32, ","c3":"#02af5a","l4":"N5, ","c4":"#f57145","l5":"N89","c5":"#b20b42"},"geometry":{"type":"Point","coordinates":[18.629285,54.31353]}},{"type":"Feature","properties":{"lines":"132, 189, 289, M32, N5, N89","arr":["132","189","289","M32","N5","N89"],"mode":"bus","angle":-78.4,"extra":1,"ei":2,"l0":"132, ","c0":"#119efc","l1":"189, ","c1":"#076734","l2":"289, ","c2":"#e16cd6","l3":"M32, ","c3":"#02af5a","l4":"N5, ","c4":"#f57145","l5":"N89","c5":"#b20b42"},"geometry":{"type":"Point","coordinates":[18.630143,54.319145]}},{"type":"Feature","properties":{"lines":"132, 189, 289, M32, N5, N89","arr":["132","189","289","M32","N5","N89"],"mode":"bus","angle":-83.3,"extra":1,"ei":3,"l0":"132, ","c0":"#119efc","l1":"189, ","c1":"#076734","l2":"289, ","c2":"#e16cd6","l3":"M32, ","c3":"#02af5a","l4":"N5, ","c4":"#f57145","l5":"N89","c5":"#b20b42"},"geometry":{"type":"Point","coordinates":[18.630598,54.321013]}},{"type":"Feature","properties":{"lines":"132, 189, M32, N5, N89","arr":["132","189","M32","N5","N89"],"mode":"bus","angle":84.5,"side":-1,"l0":"132, ","c0":"#119efc","l1":"189, ","c1":"#076734","l2":"M32, ","c2":"#02af5a","l3":"N5, ","c3":"#f57145","l4":"N89","c4":"#b20b42"},"geometry":{"type":"Point","coordinates":[18.629525,54.311637]}},{"type":"Feature","properties":{"lines":"132, 189, M32, N5, N89","arr":["132","189","M32","N5","N89"],"mode":"bus","angle":-81.3,"l0":"132, ","c0":"#119efc","l1":"189, ","c1":"#076734","l2":"M32, ","c2":"#02af5a","l3":"N5, ","c3":"#f57145","l4":"N89","c4":"#b20b42"},"geometry":{"type":"Point","coordinates":[18.630812,54.322162]}},{"type":"Feature","properties":{"lines":"148, 199, 227, N6, N14","arr":["148","199","227","N6","N14"],"mode":"bus","angle":80.5,"l0":"148, ","c0":"#119efc","l1":"199, ","c1":"#c17aef","l2":"227, ","c2":"#e47e2b","l3":"N6, ","c3":"#05617d","l4":"N14","c4":"#b0045c"},"geometry":{"type":"Point","coordinates":[18.588485,54.410384]}},{"type":"Feature","properties":{"lines":"155, 176, 213, 255, 256, 262, 295, N1, N56","arr":["155","176","213","255","256","262","295","N1","N56"],"mode":"bus","angle":-27.6,"l0":"155, ","c0":"#999f01","l1":"176, ","c1":"#f57145","l2":"213, ","c2":"#e16cd6","l3":"255, ","c3":"#119efc","l4":"256, ","c4":"#126804","l5":"262, ","c5":"#07ad80","l6":"295, ","c6":"#b0045c","l7":"N1, ","c7":"#7c5001","l8":"N56","c8":"#4d4aba"},"geometry":{"type":"Point","coordinates":[18.592474,54.319417]}},{"type":"Feature","properties":{"lines":"155, 255, 256, 262, 295, N1, N56","arr":["155","255","256","262","295","N1","N56"],"mode":"bus","angle":-23.5,"l0":"155, ","c0":"#999f01","l1":"255, ","c1":"#119efc","l2":"256, ","c2":"#126804","l3":"262, ","c3":"#07ad80","l4":"295, ","c4":"#b0045c","l5":"N1, ","c5":"#7c5001","l6":"N56","c6":"#4d4aba"},"geometry":{"type":"Point","coordinates":[18.587191,54.318139]}},{"type":"Feature","properties":{"lines":"155, 255, 256, 262, 295, N1, N56","arr":["155","255","256","262","295","N1","N56"],"mode":"bus","angle":-26,"extra":1,"ei":0,"l0":"155, ","c0":"#999f01","l1":"255, ","c1":"#119efc","l2":"256, ","c2":"#126804","l3":"262, ","c3":"#07ad80","l4":"295, ","c4":"#b0045c","l5":"N1, ","c5":"#7c5001","l6":"N56","c6":"#4d4aba"},"geometry":{"type":"Point","coordinates":[18.589785,54.318795]}},{"type":"Feature","properties":{"lines":"155, 255, 256, 262, 295, N1, N56","arr":["155","255","256","262","295","N1","N56"],"mode":"bus","angle":-33.9,"extra":1,"ei":1,"l0":"155, ","c0":"#999f01","l1":"255, ","c1":"#119efc","l2":"256, ","c2":"#126804","l3":"262, ","c3":"#07ad80","l4":"295, ","c4":"#b0045c","l5":"N1, ","c5":"#7c5001","l6":"N56","c6":"#4d4aba"},"geometry":{"type":"Point","coordinates":[18.5841,54.317015]}},{"type":"Feature","properties":{"lines":"155, 255, 256, 262, N1, N56","arr":["155","255","256","262","N1","N56"],"mode":"bus","angle":13.3,"l0":"155, ","c0":"#999f01","l1":"255, ","c1":"#119efc","l2":"256, ","c2":"#126804","l3":"262, ","c3":"#07ad80","l4":"N1, ","c4":"#7c5001","l5":"N56","c5":"#4d4aba"},"geometry":{"type":"Point","coordinates":[18.576818,54.315298]}},{"type":"Feature","properties":{"lines":"155, 255, 256, 262, N1, N56","arr":["155","255","256","262","N1","N56"],"mode":"bus","angle":-34.5,"extra":1,"ei":0,"l0":"155, ","c0":"#999f01","l1":"255, ","c1":"#119efc","l2":"256, ","c2":"#126804","l3":"262, ","c3":"#07ad80","l4":"N1, ","c4":"#7c5001","l5":"N56","c5":"#4d4aba"},"geometry":{"type":"Point","coordinates":[18.58211,54.316218]}},{"type":"Feature","properties":{"lines":"155, 255, 256, 262, N1, N56","arr":["155","255","256","262","N1","N56"],"mode":"bus","angle":-21.3,"extra":1,"ei":1,"l0":"155, ","c0":"#999f01","l1":"255, ","c1":"#119efc","l2":"256, ","c2":"#126804","l3":"262, ","c3":"#07ad80","l4":"N1, ","c4":"#7c5001","l5":"N56","c5":"#4d4aba"},"geometry":{"type":"Point","coordinates":[18.579402,54.315186]}},{"type":"Feature","properties":{"lines":"155, 255, 256, 262, N1, N56","arr":["155","255","256","262","N1","N56"],"mode":"bus","angle":-39.1,"extra":1,"ei":2,"l0":"155, ","c0":"#999f01","l1":"255, ","c1":"#119efc","l2":"256, ","c2":"#126804","l3":"262, ","c3":"#07ad80","l4":"N1, ","c4":"#7c5001","l5":"N56","c5":"#4d4aba"},"geometry":{"type":"Point","coordinates":[18.573414,54.314759]}},{"type":"Feature","properties":{"lines":"155, 255, 256, 262, N1, N56","arr":["155","255","256","262","N1","N56"],"mode":"bus","angle":-38.1,"extra":1,"ei":3,"l0":"155, ","c0":"#999f01","l1":"255, ","c1":"#119efc","l2":"256, ","c2":"#126804","l3":"262, ","c3":"#07ad80","l4":"N1, ","c4":"#7c5001","l5":"N56","c5":"#4d4aba"},"geometry":{"type":"Point","coordinates":[18.570887,54.313577]}},{"type":"Feature","properties":{"lines":"155, 156, 262, N1, N4","arr":["155","156","262","N1","N4"],"mode":"bus","angle":67.5,"l0":"155, ","c0":"#999f01","l1":"156, ","c1":"#b0045c","l2":"262, ","c2":"#07ad80","l3":"N1, ","c3":"#7c5001","l4":"N4","c4":"#03636c"},"geometry":{"type":"Point","coordinates":[18.569846,54.315738]}},{"type":"Feature","properties":{"lines":"155, 156, 262, N1, N4","arr":["155","156","262","N1","N4"],"mode":"bus","angle":61.2,"extra":1,"ei":0,"l0":"155, ","c0":"#999f01","l1":"156, ","c1":"#b0045c","l2":"262, ","c2":"#07ad80","l3":"N1, ","c3":"#7c5001","l4":"N4","c4":"#03636c"},"geometry":{"type":"Point","coordinates":[18.569619,54.314194]}},{"type":"Feature","properties":{"lines":"155, 156, 262, N1, N4","arr":["155","156","262","N1","N4"],"mode":"bus","angle":54.6,"extra":1,"ei":1,"l0":"155, ","c0":"#999f01","l1":"156, ","c1":"#b0045c","l2":"262, ","c2":"#07ad80","l3":"N1, ","c3":"#7c5001","l4":"N4","c4":"#03636c"},"geometry":{"type":"Point","coordinates":[18.568176,54.317614]}},{"type":"Feature","properties":{"lines":"155, 167, 168, 267, N3","arr":["155","167","168","267","N3"],"mode":"bus","angle":14,"l0":"155, ","c0":"#999f01","l1":"167, ","c1":"#119efc","l2":"168, ","c2":"#076734","l3":"267, ","c3":"#7b3aa8","l4":"N3","c4":"#b20b42"},"geometry":{"type":"Point","coordinates":[18.556344,54.341565]}},{"type":"Feature","properties":{"lines":"155, 167, 168, 267, N3","arr":["155","167","168","267","N3"],"mode":"bus","angle":45.2,"extra":1,"ei":0,"l0":"155, ","c0":"#999f01","l1":"167, ","c1":"#119efc","l2":"168, ","c2":"#076734","l3":"267, ","c3":"#7b3aa8","l4":"N3","c4":"#b20b42"},"geometry":{"type":"Point","coordinates":[18.558885,54.340593]}},{"type":"Feature","properties":{"lines":"155, 167, 168, 267, N3","arr":["155","167","168","267","N3"],"mode":"bus","angle":13.1,"extra":1,"ei":1,"l0":"155, ","c0":"#999f01","l1":"167, ","c1":"#119efc","l2":"168, ","c2":"#076734","l3":"267, ","c3":"#7b3aa8","l4":"N3","c4":"#b20b42"},"geometry":{"type":"Point","coordinates":[18.553047,54.341992]}},{"type":"Feature","properties":{"lines":"156, 255, 256, N4, N56","arr":["156","255","256","N4","N56"],"mode":"bus","angle":-39.8,"l0":"156, ","c0":"#b0045c","l1":"255, ","c1":"#119efc","l2":"256, ","c2":"#126804","l3":"N4, ","c3":"#03636c","l4":"N56","c4":"#4d4aba"},"geometry":{"type":"Point","coordinates":[18.56793,54.312176]}},{"type":"Feature","properties":{"lines":"158, 258, 600, 658, N6","arr":["158","258","600","658","N6"],"mode":"bus","angle":-35.7,"side":-1,"l0":"158, ","c0":"#4d4aba","l1":"258, ","c1":"#02af5a","l2":"600, ","c2":"#cf8a11","l3":"658, ","c3":"#b0045c","l4":"N6","c4":"#05617d"},"geometry":{"type":"Point","coordinates":[18.648724,54.387104]}},{"type":"Feature","properties":{"lines":"158, 258, 911, N8, T8","arr":["158","258","911","N8","T8"],"mode":"bus","angle":-34.8,"side":-1,"l0":"158, ","c0":"#4d4aba","l1":"258, ","c1":"#02af5a","l2":"911, ","c2":"#a72d06","l3":"N8, ","c3":"#cf8a11","l4":"T8","c4":"#ab0377"},"geometry":{"type":"Point","coordinates":[18.69269,54.360169]}},{"type":"Feature","properties":{"lines":"167, 168, 174, 175, 195, 267, N3","arr":["167","168","174","175","195","267","N3"],"mode":"bus","angle":-6.6,"l0":"167, ","c0":"#119efc","l1":"168, ","c1":"#076734","l2":"174, ","c2":"#7c5001","l3":"175, ","c3":"#79a620","l4":"195, ","c4":"#ff627e","l5":"267, ","c5":"#7b3aa8","l6":"N3","c6":"#b20b42"},"geometry":{"type":"Point","coordinates":[18.604849,54.34779]}},{"type":"Feature","properties":{"lines":"167, 168, 175, 267, N3","arr":["167","168","175","267","N3"],"mode":"bus","angle":-17.2,"l0":"167, ","c0":"#119efc","l1":"168, ","c1":"#076734","l2":"175, ","c2":"#79a620","l3":"267, ","c3":"#7b3aa8","l4":"N3","c4":"#b20b42"},"geometry":{"type":"Point","coordinates":[18.591479,54.345102]}},{"type":"Feature","properties":{"lines":"167, 168, 175, 267, N3","arr":["167","168","175","267","N3"],"mode":"bus","angle":-46,"extra":1,"ei":0,"l0":"167, ","c0":"#119efc","l1":"168, ","c1":"#076734","l2":"175, ","c2":"#79a620","l3":"267, ","c3":"#7b3aa8","l4":"N3","c4":"#b20b42"},"geometry":{"type":"Point","coordinates":[18.581587,54.343999]}},{"type":"Feature","properties":{"lines":"167, 168, 175, 267, N3","arr":["167","168","175","267","N3"],"mode":"bus","angle":-12.9,"extra":1,"ei":1,"l0":"167, ","c0":"#119efc","l1":"168, ","c1":"#076734","l2":"175, ","c2":"#79a620","l3":"267, ","c3":"#7b3aa8","l4":"N3","c4":"#b20b42"},"geometry":{"type":"Point","coordinates":[18.584343,54.344938]}},{"type":"Feature","properties":{"lines":"167, 168, 175, 267, N3","arr":["167","168","175","267","N3"],"mode":"bus","angle":21.5,"extra":1,"ei":2,"l0":"167, ","c0":"#119efc","l1":"168, ","c1":"#076734","l2":"175, ","c2":"#79a620","l3":"267, ","c3":"#7b3aa8","l4":"N3","c4":"#b20b42"},"geometry":{"type":"Point","coordinates":[18.587341,54.34432]}},{"type":"Feature","properties":{"lines":"167, 168, 175, 267, N3","arr":["167","168","175","267","N3"],"mode":"bus","angle":-9.8,"extra":1,"ei":3,"l0":"167, ","c0":"#119efc","l1":"168, ","c1":"#076734","l2":"175, ","c2":"#79a620","l3":"267, ","c3":"#7b3aa8","l4":"N3","c4":"#b20b42"},"geometry":{"type":"Point","coordinates":[18.596548,54.345703]}},{"type":"Feature","properties":{"lines":"167, 168, 175, 267, N3","arr":["167","168","175","267","N3"],"mode":"bus","angle":-19.6,"extra":1,"ei":4,"l0":"167, ","c0":"#119efc","l1":"168, ","c1":"#076734","l2":"175, ","c2":"#79a620","l3":"267, ","c3":"#7b3aa8","l4":"N3","c4":"#b20b42"},"geometry":{"type":"Point","coordinates":[18.599701,54.346122]}},{"type":"Feature","properties":{"lines":"167, 168, 175, 267, N3","arr":["167","168","175","267","N3"],"mode":"bus","angle":-27,"side":-1,"extra":1,"ei":5,"l0":"167, ","c0":"#119efc","l1":"168, ","c1":"#076734","l2":"175, ","c2":"#79a620","l3":"267, ","c3":"#7b3aa8","l4":"N3","c4":"#b20b42"},"geometry":{"type":"Point","coordinates":[18.602513,54.347036]}},{"type":"Feature","properties":{"lines":"167, 168, 175, 267, N3","arr":["167","168","175","267","N3"],"mode":"bus","angle":-67.6,"mi":1,"l0":"167, ","c0":"#119efc","l1":"168, ","c1":"#076734","l2":"175, ","c2":"#79a620","l3":"267, ","c3":"#7b3aa8","l4":"N3","c4":"#b20b42"},"geometry":{"type":"Point","coordinates":[18.602153,54.347164]}},{"type":"Feature","properties":{"lines":"167, 168, 267, 268, N3","arr":["167","168","267","268","N3"],"mode":"bus","angle":-16.4,"mi":6,"l0":"167, ","c0":"#119efc","l1":"168, ","c1":"#076734","l2":"267, ","c2":"#7b3aa8","l3":"268, ","c3":"#19a9a8","l4":"N3","c4":"#b20b42"},"geometry":{"type":"Point","coordinates":[18.550355,54.341639]}},{"type":"Feature","properties":{"lines":"167, 168, 267, 268, N3","arr":["167","168","267","268","N3"],"mode":"bus","angle":13,"mi":3,"l0":"167, ","c0":"#119efc","l1":"168, ","c1":"#076734","l2":"267, ","c2":"#7b3aa8","l3":"268, ","c3":"#19a9a8","l4":"N3","c4":"#b20b42"},"geometry":{"type":"Point","coordinates":[18.536963,54.345118]}},{"type":"Feature","properties":{"lines":"167, 168, 267, 268, N3","arr":["167","168","267","268","N3"],"mode":"bus","angle":17.3,"mi":2,"l0":"167, ","c0":"#119efc","l1":"168, ","c1":"#076734","l2":"267, ","c2":"#7b3aa8","l3":"268, ","c3":"#19a9a8","l4":"N3","c4":"#b20b42"},"geometry":{"type":"Point","coordinates":[18.533065,54.348374]}},{"type":"Feature","properties":{"lines":"167, 168, 267, 268, N3","arr":["167","168","267","268","N3"],"mode":"bus","angle":6.9,"side":-1,"mi":7,"l0":"167, ","c0":"#119efc","l1":"168, ","c1":"#076734","l2":"267, ","c2":"#7b3aa8","l3":"268, ","c3":"#19a9a8","l4":"N3","c4":"#b20b42"},"geometry":{"type":"Point","coordinates":[18.513208,54.349682]}},{"type":"Feature","properties":{"lines":"167, 168, 267, 268, N3","arr":["167","168","267","268","N3"],"mode":"bus","angle":-63.5,"mi":4,"l0":"167, ","c0":"#119efc","l1":"168, ","c1":"#076734","l2":"267, ","c2":"#7b3aa8","l3":"268, ","c3":"#19a9a8","l4":"N3","c4":"#b20b42"},"geometry":{"type":"Point","coordinates":[18.538796,54.346365]}},{"type":"Feature","properties":{"lines":"167, 168, 267, 268, N3","arr":["167","168","267","268","N3"],"mode":"bus","angle":48.7,"extra":1,"ei":0,"l0":"167, ","c0":"#119efc","l1":"168, ","c1":"#076734","l2":"267, ","c2":"#7b3aa8","l3":"268, ","c3":"#19a9a8","l4":"N3","c4":"#b20b42"},"geometry":{"type":"Point","coordinates":[18.547363,54.342317]}},{"type":"Feature","properties":{"lines":"167, 168, 267, 268, N3","arr":["167","168","267","268","N3"],"mode":"bus","angle":42.7,"extra":1,"ei":1,"l0":"167, ","c0":"#119efc","l1":"168, ","c1":"#076734","l2":"267, ","c2":"#7b3aa8","l3":"268, ","c3":"#19a9a8","l4":"N3","c4":"#b20b42"},"geometry":{"type":"Point","coordinates":[18.545026,54.343625]}},{"type":"Feature","properties":{"lines":"167, 168, 267, 268, N3","arr":["167","168","267","268","N3"],"mode":"bus","angle":12.7,"extra":1,"ei":2,"l0":"167, ","c0":"#119efc","l1":"168, ","c1":"#076734","l2":"267, ","c2":"#7b3aa8","l3":"268, ","c3":"#19a9a8","l4":"N3","c4":"#b20b42"},"geometry":{"type":"Point","coordinates":[18.542152,54.344425]}},{"type":"Feature","properties":{"lines":"167, 168, 267, 268, N3","arr":["167","168","267","268","N3"],"mode":"bus","angle":13.2,"extra":1,"ei":3,"l0":"167, ","c0":"#119efc","l1":"168, ","c1":"#076734","l2":"267, ","c2":"#7b3aa8","l3":"268, ","c3":"#19a9a8","l4":"N3","c4":"#b20b42"},"geometry":{"type":"Point","coordinates":[18.538992,54.344845]}},{"type":"Feature","properties":{"lines":"167, 168, 267, 268, N3","arr":["167","168","267","268","N3"],"mode":"bus","angle":19.9,"extra":1,"ei":4,"l0":"167, ","c0":"#119efc","l1":"168, ","c1":"#076734","l2":"267, ","c2":"#7b3aa8","l3":"268, ","c3":"#19a9a8","l4":"N3","c4":"#b20b42"},"geometry":{"type":"Point","coordinates":[18.532794,54.345929]}},{"type":"Feature","properties":{"lines":"167, 168, 267, 268, N3","arr":["167","168","267","268","N3"],"mode":"bus","angle":35.2,"extra":1,"ei":5,"l0":"167, ","c0":"#119efc","l1":"168, ","c1":"#076734","l2":"267, ","c2":"#7b3aa8","l3":"268, ","c3":"#19a9a8","l4":"N3","c4":"#b20b42"},"geometry":{"type":"Point","coordinates":[18.529798,54.346634]}},{"type":"Feature","properties":{"lines":"167, 168, 267, 268, N3","arr":["167","168","267","268","N3"],"mode":"bus","angle":23.6,"extra":1,"ei":6,"l0":"167, ","c0":"#119efc","l1":"168, ","c1":"#076734","l2":"267, ","c2":"#7b3aa8","l3":"268, ","c3":"#19a9a8","l4":"N3","c4":"#b20b42"},"geometry":{"type":"Point","coordinates":[18.527065,54.347619]}},{"type":"Feature","properties":{"lines":"167, 168, 267, 268, N3","arr":["167","168","267","268","N3"],"mode":"bus","angle":21.5,"extra":1,"ei":0,"l0":"167, ","c0":"#119efc","l1":"168, ","c1":"#076734","l2":"267, ","c2":"#7b3aa8","l3":"268, ","c3":"#19a9a8","l4":"N3","c4":"#b20b42"},"geometry":{"type":"Point","coordinates":[18.537726,54.347383]}},{"type":"Feature","properties":{"lines":"167, 168, 267, 268, N3","arr":["167","168","267","268","N3"],"mode":"bus","angle":4.3,"extra":1,"ei":1,"l0":"167, ","c0":"#119efc","l1":"168, ","c1":"#076734","l2":"267, ","c2":"#7b3aa8","l3":"268, ","c3":"#19a9a8","l4":"N3","c4":"#b20b42"},"geometry":{"type":"Point","coordinates":[18.528475,54.349072]}},{"type":"Feature","properties":{"lines":"167, 168, 267, 268, N3","arr":["167","168","267","268","N3"],"mode":"bus","angle":-49.6,"l0":"167, ","c0":"#119efc","l1":"168, ","c1":"#076734","l2":"267, ","c2":"#7b3aa8","l3":"268, ","c3":"#19a9a8","l4":"N3","c4":"#b20b42"},"geometry":{"type":"Point","coordinates":[18.53444,54.347472]}},{"type":"Feature","properties":{"lines":"167, 168, 267, 268, N3","arr":["167","168","267","268","N3"],"mode":"bus","angle":23,"mi":1,"l0":"167, ","c0":"#119efc","l1":"168, ","c1":"#076734","l2":"267, ","c2":"#7b3aa8","l3":"268, ","c3":"#19a9a8","l4":"N3","c4":"#b20b42"},"geometry":{"type":"Point","coordinates":[18.535838,54.346474]}},{"type":"Feature","properties":{"lines":"167, 168, 267, 268, N3","arr":["167","168","267","268","N3"],"mode":"bus","angle":23.3,"extra":1,"ei":0,"l0":"167, ","c0":"#119efc","l1":"168, ","c1":"#076734","l2":"267, ","c2":"#7b3aa8","l3":"268, ","c3":"#19a9a8","l4":"N3","c4":"#b20b42"},"geometry":{"type":"Point","coordinates":[18.537709,54.345999]}},{"type":"Feature","properties":{"lines":"167, 168, 267, 268, N3","arr":["167","168","267","268","N3"],"mode":"bus","angle":13.4,"side":-1,"mi":5,"l0":"167, ","c0":"#119efc","l1":"168, ","c1":"#076734","l2":"267, ","c2":"#7b3aa8","l3":"268, ","c3":"#19a9a8","l4":"N3","c4":"#b20b42"},"geometry":{"type":"Point","coordinates":[18.524426,54.348653]}},{"type":"Feature","properties":{"lines":"167, 168, 267, 268, N3","arr":["167","168","267","268","N3"],"mode":"bus","angle":20.2,"extra":1,"ei":0,"l0":"167, ","c0":"#119efc","l1":"168, ","c1":"#076734","l2":"267, ","c2":"#7b3aa8","l3":"268, ","c3":"#19a9a8","l4":"N3","c4":"#b20b42"},"geometry":{"type":"Point","coordinates":[18.531966,54.347641]}},{"type":"Feature","properties":{"lines":"167, 168, 267, 268, N3","arr":["167","168","267","268","N3"],"mode":"bus","angle":14.5,"extra":1,"ei":1,"l0":"167, ","c0":"#119efc","l1":"168, ","c1":"#076734","l2":"267, ","c2":"#7b3aa8","l3":"268, ","c3":"#19a9a8","l4":"N3","c4":"#b20b42"},"geometry":{"type":"Point","coordinates":[18.528873,54.348203]}},{"type":"Feature","properties":{"lines":"167, 168, 267, 268, N3","arr":["167","168","267","268","N3"],"mode":"bus","angle":8.2,"extra":1,"ei":2,"l0":"167, ","c0":"#119efc","l1":"168, ","c1":"#076734","l2":"267, ","c2":"#7b3aa8","l3":"268, ","c3":"#19a9a8","l4":"N3","c4":"#b20b42"},"geometry":{"type":"Point","coordinates":[18.519376,54.349407]}},{"type":"Feature","properties":{"lines":"167, 168, 267, 268, N3","arr":["167","168","267","268","N3"],"mode":"bus","angle":6,"extra":1,"ei":3,"l0":"167, ","c0":"#119efc","l1":"168, ","c1":"#076734","l2":"267, ","c2":"#7b3aa8","l3":"268, ","c3":"#19a9a8","l4":"N3","c4":"#b20b42"},"geometry":{"type":"Point","coordinates":[18.51615,54.349587]}},{"type":"Feature","properties":{"lines":"167, 168, 267, 268, N3","arr":["167","168","267","268","N3"],"mode":"bus","angle":13.8,"side":-1,"extra":1,"ei":0,"l0":"167, ","c0":"#119efc","l1":"168, ","c1":"#076734","l2":"267, ","c2":"#7b3aa8","l3":"268, ","c3":"#19a9a8","l4":"N3","c4":"#b20b42"},"geometry":{"type":"Point","coordinates":[18.526461,54.348365]}},{"type":"Feature","properties":{"lines":"169, 171, 179, 622, N1","arr":["169","171","179","622","N1"],"mode":"bus","angle":3.1,"l0":"169, ","c0":"#fe6761","l1":"171, ","c1":"#4d4aba","l2":"179, ","c2":"#11a2e3","l3":"622, ","c3":"#e16cd6","l4":"N1","c4":"#7c5001"},"geometry":{"type":"Point","coordinates":[18.550737,54.4105]}},{"type":"Feature","properties":{"lines":"169, 179, 210, 269, N1","arr":["169","179","210","269","N1"],"mode":"bus","angle":-56.2,"l0":"169, ","c0":"#fe6761","l1":"179, ","c1":"#11a2e3","l2":"210, ","c2":"#02af5a","l3":"269, ","c3":"#066559","l4":"N1","c4":"#7c5001"},"geometry":{"type":"Point","coordinates":[18.452098,54.42069]}},{"type":"Feature","properties":{"lines":"169, 179, 210, 269, N1","arr":["169","179","210","269","N1"],"mode":"bus","angle":-58,"side":-1,"mi":1,"l0":"169, ","c0":"#fe6761","l1":"179, ","c1":"#11a2e3","l2":"210, ","c2":"#02af5a","l3":"269, ","c3":"#066559","l4":"N1","c4":"#7c5001"},"geometry":{"type":"Point","coordinates":[18.452531,54.420581]}},{"type":"Feature","properties":{"lines":"183, 184, N1, N4, N14","arr":["183","184","N1","N4","N14"],"mode":"bus","angle":59.3,"l0":"183, ","c0":"#f57145","l1":"184, ","c1":"#999f01","l2":"N1, ","c2":"#7c5001","l3":"N4, ","c3":"#03636c","l4":"N14","c4":"#b0045c"},"geometry":{"type":"Point","coordinates":[18.642657,54.361625]}},{"type":"Feature","properties":{"lines":"183, 184, N1, N4, N14","arr":["183","184","N1","N4","N14"],"mode":"bus","angle":45.5,"mi":1,"l0":"183, ","c0":"#f57145","l1":"184, ","c1":"#999f01","l2":"N1, ","c2":"#7c5001","l3":"N4, ","c3":"#03636c","l4":"N14","c4":"#b0045c"},"geometry":{"type":"Point","coordinates":[18.636754,54.365233]}},{"type":"Feature","properties":{"lines":"183, 184, N1, N4, N14","arr":["183","184","N1","N4","N14"],"mode":"bus","angle":45.5,"extra":1,"ei":0,"l0":"183, ","c0":"#f57145","l1":"184, ","c1":"#999f01","l2":"N1, ","c2":"#7c5001","l3":"N4, ","c3":"#03636c","l4":"N14","c4":"#b0045c"},"geometry":{"type":"Point","coordinates":[18.641386,54.362488]}},{"type":"Feature","properties":{"lines":"183, 184, N1, N4, N14","arr":["183","184","N1","N4","N14"],"mode":"bus","angle":45.3,"extra":1,"ei":1,"l0":"183, ","c0":"#f57145","l1":"184, ","c1":"#999f01","l2":"N1, ","c2":"#7c5001","l3":"N4, ","c3":"#03636c","l4":"N14","c4":"#b0045c"},"geometry":{"type":"Point","coordinates":[18.639112,54.363833]}},{"type":"Feature","properties":{"lines":"183, 184, N1, N4, N14","arr":["183","184","N1","N4","N14"],"mode":"bus","angle":45.5,"extra":1,"ei":2,"l0":"183, ","c0":"#f57145","l1":"184, ","c1":"#999f01","l2":"N1, ","c2":"#7c5001","l3":"N4, ","c3":"#03636c","l4":"N14","c4":"#b0045c"},"geometry":{"type":"Point","coordinates":[18.634572,54.366529]}},{"type":"Feature","properties":{"lines":"183, 184, N1, N4, N14","arr":["183","184","N1","N4","N14"],"mode":"bus","angle":45.4,"extra":1,"ei":3,"l0":"183, ","c0":"#f57145","l1":"184, ","c1":"#999f01","l2":"N1, ","c2":"#7c5001","l3":"N4, ","c3":"#03636c","l4":"N14","c4":"#b0045c"},"geometry":{"type":"Point","coordinates":[18.632303,54.367877]}},{"type":"Feature","properties":{"lines":"21, 177, 181, G, S","arr":["21","177","181","G","S"],"mode":"bus","angle":86.6,"l0":"21, ","c0":"#095d97","l1":"177, ","c1":"#ff5e9b","l2":"181, ","c2":"#1da8b6","l3":"G, ","c3":"#0a8a66","l4":"S","c4":"#b59607"},"geometry":{"type":"Point","coordinates":[18.561692,54.433055]}},{"type":"Feature","properties":{"lines":"21, 31, 181, G, S","arr":["21","31","181","G","S"],"mode":"bus","angle":84,"l0":"21, ","c0":"#095d97","l1":"31, ","c1":"#992492","l2":"181, ","c2":"#1da8b6","l3":"G, ","c3":"#0a8a66","l4":"S","c4":"#b59607"},"geometry":{"type":"Point","coordinates":[18.560751,54.43824]}},{"type":"Feature","properties":{"lines":"21, 31, 181, G, S","arr":["21","31","181","G","S"],"mode":"bus","angle":82.8,"extra":1,"ei":0,"l0":"21, ","c0":"#095d97","l1":"31, ","c1":"#992492","l2":"181, ","c2":"#1da8b6","l3":"G, ","c3":"#0a8a66","l4":"S","c4":"#b59607"},"geometry":{"type":"Point","coordinates":[18.561272,54.435854]}},{"type":"Feature","properties":{"lines":"21, 31, 181, G, S","arr":["21","31","181","G","S"],"mode":"bus","angle":83.1,"extra":1,"ei":1,"l0":"21, ","c0":"#095d97","l1":"31, ","c1":"#992492","l2":"181, ","c2":"#1da8b6","l3":"G, ","c3":"#0a8a66","l4":"S","c4":"#b59607"},"geometry":{"type":"Point","coordinates":[18.560491,54.439603]}},{"type":"Feature","properties":{"lines":"21, 31, 181, G, S","arr":["21","31","181","G","S"],"mode":"bus","angle":83.9,"extra":1,"ei":2,"l0":"21, ","c0":"#095d97","l1":"31, ","c1":"#992492","l2":"181, ","c2":"#1da8b6","l3":"G, ","c3":"#0a8a66","l4":"S","c4":"#b59607"},"geometry":{"type":"Point","coordinates":[18.560074,54.441476]}},{"type":"Feature","properties":{"lines":"21, 31, 181, 185, 187, G, S","arr":["21","31","181","185","187","G","S"],"mode":"bus","angle":82.6,"l0":"21, ","c0":"#095d97","l1":"31, ","c1":"#992492","l2":"181, ","c2":"#1da8b6","l3":"185, ","c3":"#5a5d02","l4":"187, ","c4":"#b11526","l5":"G, ","c5":"#0a8a66","l6":"S","c6":"#b59607"},"geometry":{"type":"Point","coordinates":[18.559606,54.443552]}},{"type":"Feature","properties":{"lines":"21, 31, 181, 185, 187, 287, G, S","arr":["21","31","181","185","187","287","G","S"],"mode":"bus","angle":75.7,"mi":1,"l0":"21, ","c0":"#095d97","l1":"31, ","c1":"#992492","l2":"181, ","c2":"#1da8b6","l3":"185, ","c3":"#5a5d02","l4":"187, ","c4":"#b11526","l5":"287, ","c5":"#9789ff","l6":"G, ","c6":"#0a8a66","l7":"S","c7":"#b59607"},"geometry":{"type":"Point","coordinates":[18.558905,54.447242]}},{"type":"Feature","properties":{"lines":"21, 31, 181, 185, 187, 287, G, S","arr":["21","31","181","185","187","287","G","S"],"mode":"bus","angle":50.7,"l0":"21, ","c0":"#095d97","l1":"31, ","c1":"#992492","l2":"181, ","c2":"#1da8b6","l3":"185, ","c3":"#5a5d02","l4":"187, ","c4":"#b11526","l5":"287, ","c5":"#9789ff","l6":"G, ","c6":"#0a8a66","l7":"S","c7":"#b59607"},"geometry":{"type":"Point","coordinates":[18.555732,54.44955]}},{"type":"Feature","properties":{"lines":"21, 31, 177, 181, 185, 187, 287, G, S","arr":["21","31","177","181","185","187","287","G","S"],"mode":"bus","angle":40.7,"l0":"21, ","c0":"#095d97","l1":"31, ","c1":"#992492","l2":"177, ","c2":"#ff5e9b","l3":"181, ","c3":"#1da8b6","l4":"185, ","c4":"#5a5d02","l5":"187, ","c5":"#b11526","l6":"287, ","c6":"#9789ff","l7":"G, ","c7":"#0a8a66","l8":"S","c8":"#b59607"},"geometry":{"type":"Point","coordinates":[18.556108,54.449205]}},{"type":"Feature","properties":{"lines":"21, 31, 185, 287, G, S","arr":["21","31","185","287","G","S"],"mode":"bus","angle":-86,"side":-1,"l0":"21, ","c0":"#095d97","l1":"31, ","c1":"#992492","l2":"185, ","c2":"#5a5d02","l3":"287, ","c3":"#9789ff","l4":"G, ","c4":"#0a8a66","l5":"S","c5":"#b59607"},"geometry":{"type":"Point","coordinates":[18.554868,54.450666]}},{"type":"Feature","properties":{"lines":"21, 31, 177, 185, 287, G, S","arr":["21","31","177","185","287","G","S"],"mode":"bus","angle":-79,"l0":"21, ","c0":"#095d97","l1":"31, ","c1":"#992492","l2":"177, ","c2":"#ff5e9b","l3":"185, ","c3":"#5a5d02","l4":"287, ","c4":"#9789ff","l5":"G, ","c5":"#0a8a66","l6":"S","c6":"#b59607"},"geometry":{"type":"Point","coordinates":[18.555007,54.45156]}},{"type":"Feature","properties":{"lines":"21, 31, 177, 185, 287, G, S","arr":["21","31","177","185","287","G","S"],"mode":"bus","angle":86.8,"side":-1,"extra":1,"ei":0,"l0":"21, ","c0":"#095d97","l1":"31, ","c1":"#992492","l2":"177, ","c2":"#ff5e9b","l3":"185, ","c3":"#5a5d02","l4":"287, ","c4":"#9789ff","l5":"G, ","c5":"#0a8a66","l6":"S","c6":"#b59607"},"geometry":{"type":"Point","coordinates":[18.554679,54.450371]}},{"type":"Feature","properties":{"lines":"21, 31, 177, G, S","arr":["21","31","177","G","S"],"mode":"bus","angle":-84.9,"l0":"21, ","c0":"#095d97","l1":"31, ","c1":"#992492","l2":"177, ","c2":"#ff5e9b","l3":"G, ","c3":"#0a8a66","l4":"S","c4":"#b59607"},"geometry":{"type":"Point","coordinates":[18.555911,54.455047]}},{"type":"Feature","properties":{"lines":"21, 31, 177, 187, G, S","arr":["21","31","177","187","G","S"],"mode":"bus","angle":75.9,"l0":"21, ","c0":"#095d97","l1":"31, ","c1":"#992492","l2":"177, ","c2":"#ff5e9b","l3":"187, ","c3":"#b11526","l4":"G, ","c4":"#0a8a66","l5":"S","c5":"#b59607"},"geometry":{"type":"Point","coordinates":[18.55535,54.457879]}},{"type":"Feature","properties":{"lines":"21, 26, 31, 326, G, S","arr":["21","26","31","326","G","S"],"mode":"bus","angle":70.7,"l0":"21, ","c0":"#095d97","l1":"26, ","c1":"#ff627e","l2":"31, ","c2":"#992492","l3":"326, ","c3":"#b0045c","l4":"G, ","c4":"#0a8a66","l5":"S","c5":"#b59607"},"geometry":{"type":"Point","coordinates":[18.551686,54.480987]}},{"type":"Feature","properties":{"lines":"21, 26, 31, 326, G, S","arr":["21","26","31","326","G","S"],"mode":"bus","angle":84.7,"extra":1,"ei":0,"l0":"21, ","c0":"#095d97","l1":"26, ","c1":"#ff627e","l2":"31, ","c2":"#992492","l3":"326, ","c3":"#b0045c","l4":"G, ","c4":"#0a8a66","l5":"S","c5":"#b59607"},"geometry":{"type":"Point","coordinates":[18.553224,54.47674]}},{"type":"Feature","properties":{"lines":"21, 26, 31, 326, G, S","arr":["21","26","31","326","G","S"],"mode":"bus","angle":78,"extra":1,"ei":1,"l0":"21, ","c0":"#095d97","l1":"26, ","c1":"#ff627e","l2":"31, ","c2":"#992492","l3":"326, ","c3":"#b0045c","l4":"G, ","c4":"#0a8a66","l5":"S","c5":"#b59607"},"geometry":{"type":"Point","coordinates":[18.553023,54.478623]}},{"type":"Feature","properties":{"lines":"21, 26, 31, 326, G, S","arr":["21","26","31","326","G","S"],"mode":"bus","angle":51.4,"extra":1,"ei":2,"l0":"21, ","c0":"#095d97","l1":"26, ","c1":"#ff627e","l2":"31, ","c2":"#992492","l3":"326, ","c3":"#b0045c","l4":"G, ","c4":"#0a8a66","l5":"S","c5":"#b59607"},"geometry":{"type":"Point","coordinates":[18.550646,54.482115]}},{"type":"Feature","properties":{"lines":"21, 26, 31, 326, G, S","arr":["21","26","31","326","G","S"],"mode":"bus","angle":42.9,"extra":1,"ei":3,"l0":"21, ","c0":"#095d97","l1":"26, ","c1":"#ff627e","l2":"31, ","c2":"#992492","l3":"326, ","c3":"#b0045c","l4":"G, ","c4":"#0a8a66","l5":"S","c5":"#b59607"},"geometry":{"type":"Point","coordinates":[18.548272,54.483395]}},{"type":"Feature","properties":{"lines":"21, 26, 31, 326, G, S","arr":["21","26","31","326","G","S"],"mode":"bus","angle":59.2,"extra":1,"ei":4,"l0":"21, ","c0":"#095d97","l1":"26, ","c1":"#ff627e","l2":"31, ","c2":"#992492","l3":"326, ","c3":"#b0045c","l4":"G, ","c4":"#0a8a66","l5":"S","c5":"#b59607"},"geometry":{"type":"Point","coordinates":[18.54623,54.484854]}},{"type":"Feature","properties":{"lines":"21, 24, 26, 27, 29, 32, 180, 203, 326, 740, G, N30, R, S, Z","arr":["21","24","26","27","29","32","180","203","326","740","G","N30","R","S","Z"],"mode":"bus","angle":68.1,"l0":"21, ","c0":"#095d97","l1":"24, ","c1":"#ff5e9b","l2":"26, ","c2":"#ff627e","l3":"27, ","c3":"#02af5a","l4":"29, ","c4":"#8e4604","l5":"32, ","c5":"#4d4aba","l6":"180, ","c6":"#05617d","l7":"203, ","c7":"#fe6761","l8":"326, ","c8":"#b0045c","l9":"740, ","c9":"#c17aef","l10":"G, ","c10":"#0a8a66","l11":"N30, ","c11":"#119efc","l12":"R, ","c12":"#b59607","l13":"S, ","c13":"#b59607","l14":"Z","c14":"#076734"},"geometry":{"type":"Point","coordinates":[18.543175,54.488842]}},{"type":"Feature","properties":{"lines":"21, 24, 26, 27, 29, 32, 180, 203, 326, 740, G, N30, R, S, Z","arr":["21","24","26","27","29","32","180","203","326","740","G","N30","R","S","Z"],"mode":"bus","angle":66,"extra":1,"ei":0,"l0":"21, ","c0":"#095d97","l1":"24, ","c1":"#ff5e9b","l2":"26, ","c2":"#ff627e","l3":"27, ","c3":"#02af5a","l4":"29, ","c4":"#8e4604","l5":"32, ","c5":"#4d4aba","l6":"180, ","c6":"#05617d","l7":"203, ","c7":"#fe6761","l8":"326, ","c8":"#b0045c","l9":"740, ","c9":"#c17aef","l10":"G, ","c10":"#0a8a66","l11":"N30, ","c11":"#119efc","l12":"R, ","c12":"#b59607","l13":"S, ","c13":"#b59607","l14":"Z","c14":"#076734"},"geometry":{"type":"Point","coordinates":[18.545141,54.486131]}},{"type":"Feature","properties":{"lines":"21, 24, 26, 27, 29, 32, 180, 203, 326, 740, G, N30, R, S, Z","arr":["21","24","26","27","29","32","180","203","326","740","G","N30","R","S","Z"],"mode":"bus","angle":68,"extra":1,"ei":1,"l0":"21, ","c0":"#095d97","l1":"24, ","c1":"#ff5e9b","l2":"26, ","c2":"#ff627e","l3":"27, ","c3":"#02af5a","l4":"29, ","c4":"#8e4604","l5":"32, ","c5":"#4d4aba","l6":"180, ","c6":"#05617d","l7":"203, ","c7":"#fe6761","l8":"326, ","c8":"#b0045c","l9":"740, ","c9":"#c17aef","l10":"G, ","c10":"#0a8a66","l11":"N30, ","c11":"#119efc","l12":"R, ","c12":"#b59607","l13":"S, ","c13":"#b59607","l14":"Z","c14":"#076734"},"geometry":{"type":"Point","coordinates":[18.541438,54.491369]}},{"type":"Feature","properties":{"lines":"21, 24, 26, 29, 32, 152, 180, 192, 326, 740, G, N30, R, S, Z","arr":["21","24","26","29","32","152","180","192","326","740","G","N30","R","S","Z"],"mode":"bus","angle":76.2,"l0":"21, ","c0":"#095d97","l1":"24, ","c1":"#ff5e9b","l2":"26, ","c2":"#ff627e","l3":"29, ","c3":"#8e4604","l4":"32, ","c4":"#4d4aba","l5":"152, ","c5":"#9789ff","l6":"180, ","c6":"#05617d","l7":"192, ","c7":"#992492","l8":"326, ","c8":"#b0045c","l9":"740, ","c9":"#c17aef","l10":"G, ","c10":"#0a8a66","l11":"N30, ","c11":"#119efc","l12":"R, ","c12":"#b59607","l13":"S, ","c13":"#b59607","l14":"Z","c14":"#076734"},"geometry":{"type":"Point","coordinates":[18.539238,54.494716]}},{"type":"Feature","properties":{"lines":"21, 24, 26, 29, 32, 152, 180, 192, 326, 740, G, N30, R, S, Z","arr":["21","24","26","29","32","152","180","192","326","740","G","N30","R","S","Z"],"mode":"bus","angle":68.2,"extra":1,"ei":0,"l0":"21, ","c0":"#095d97","l1":"24, ","c1":"#ff5e9b","l2":"26, ","c2":"#ff627e","l3":"29, ","c3":"#8e4604","l4":"32, ","c4":"#4d4aba","l5":"152, ","c5":"#9789ff","l6":"180, ","c6":"#05617d","l7":"192, ","c7":"#992492","l8":"326, ","c8":"#b0045c","l9":"740, ","c9":"#c17aef","l10":"G, ","c10":"#0a8a66","l11":"N30, ","c11":"#119efc","l12":"R, ","c12":"#b59607","l13":"S, ","c13":"#b59607","l14":"Z","c14":"#076734"},"geometry":{"type":"Point","coordinates":[18.54009,54.493327]}},{"type":"Feature","properties":{"lines":"21, 24, 26, 29, 32, 152, 180, 192, 326, 740, G, N30, R, S, Z","arr":["21","24","26","29","32","152","180","192","326","740","G","N30","R","S","Z"],"mode":"bus","angle":77.2,"extra":1,"ei":1,"l0":"21, ","c0":"#095d97","l1":"24, ","c1":"#ff5e9b","l2":"26, ","c2":"#ff627e","l3":"29, ","c3":"#8e4604","l4":"32, ","c4":"#4d4aba","l5":"152, ","c5":"#9789ff","l6":"180, ","c6":"#05617d","l7":"192, ","c7":"#992492","l8":"326, ","c8":"#b0045c","l9":"740, ","c9":"#c17aef","l10":"G, ","c10":"#0a8a66","l11":"N30, ","c11":"#119efc","l12":"R, ","c12":"#b59607","l13":"S, ","c13":"#b59607","l14":"Z","c14":"#076734"},"geometry":{"type":"Point","coordinates":[18.538369,54.496959]}},{"type":"Feature","properties":{"lines":"21, 24, 26, 29, 32, 105, 125, 152, 326, 740, G, N30, R, S, W, Z","arr":["21","24","26","29","32","105","125","152","326","740","G","N30","R","S","W","Z"],"mode":"bus","angle":84.9,"l0":"21, ","c0":"#095d97","l1":"24, ","c1":"#ff5e9b","l2":"26, ","c2":"#ff627e","l3":"29, ","c3":"#8e4604","l4":"32, ","c4":"#4d4aba","l5":"105, ","c5":"#ff627e","l6":"125, ","c6":"#9789ff","l7":"152, ","c7":"#9789ff","l8":"326, ","c8":"#b0045c","l9":"740, ","c9":"#c17aef","l10":"G, ","c10":"#0a8a66","l11":"N30, ","c11":"#119efc","l12":"R, ","c12":"#b59607","l13":"S, ","c13":"#b59607","l14":"W, ","c14":"#126804","l15":"Z","c15":"#076734"},"geometry":{"type":"Point","coordinates":[18.536592,54.501837]}},{"type":"Feature","properties":{"lines":"21, 24, 26, 29, 32, 105, 125, 152, 326, 740, G, N30, R, S, W, Z","arr":["21","24","26","29","32","105","125","152","326","740","G","N30","R","S","W","Z"],"mode":"bus","angle":77.4,"extra":1,"ei":0,"l0":"21, ","c0":"#095d97","l1":"24, ","c1":"#ff5e9b","l2":"26, ","c2":"#ff627e","l3":"29, ","c3":"#8e4604","l4":"32, ","c4":"#4d4aba","l5":"105, ","c5":"#ff627e","l6":"125, ","c6":"#9789ff","l7":"152, ","c7":"#9789ff","l8":"326, ","c8":"#b0045c","l9":"740, ","c9":"#c17aef","l10":"G, ","c10":"#0a8a66","l11":"N30, ","c11":"#119efc","l12":"R, ","c12":"#b59607","l13":"S, ","c13":"#b59607","l14":"W, ","c14":"#126804","l15":"Z","c15":"#076734"},"geometry":{"type":"Point","coordinates":[18.537942,54.498075]}},{"type":"Feature","properties":{"lines":"21, 24, 26, 29, 32, 105, 125, 152, 326, 740, G, N30, R, S, W, Z","arr":["21","24","26","29","32","105","125","152","326","740","G","N30","R","S","W","Z"],"mode":"bus","angle":77.4,"extra":1,"ei":1,"l0":"21, ","c0":"#095d97","l1":"24, ","c1":"#ff5e9b","l2":"26, ","c2":"#ff627e","l3":"29, ","c3":"#8e4604","l4":"32, ","c4":"#4d4aba","l5":"105, ","c5":"#ff627e","l6":"125, ","c6":"#9789ff","l7":"152, ","c7":"#9789ff","l8":"326, ","c8":"#b0045c","l9":"740, ","c9":"#c17aef","l10":"G, ","c10":"#0a8a66","l11":"N30, ","c11":"#119efc","l12":"R, ","c12":"#b59607","l13":"S, ","c13":"#b59607","l14":"W, ","c14":"#126804","l15":"Z","c15":"#076734"},"geometry":{"type":"Point","coordinates":[18.537233,54.499918]}},{"type":"Feature","properties":{"lines":"21, 24, 26, 29, 32, 105, 125, 152, 326, 740, G, N30, R, S, W, Z","arr":["21","24","26","29","32","105","125","152","326","740","G","N30","R","S","W","Z"],"mode":"bus","angle":85,"extra":1,"ei":2,"l0":"21, ","c0":"#095d97","l1":"24, ","c1":"#ff5e9b","l2":"26, ","c2":"#ff627e","l3":"29, ","c3":"#8e4604","l4":"32, ","c4":"#4d4aba","l5":"105, ","c5":"#ff627e","l6":"125, ","c6":"#9789ff","l7":"152, ","c7":"#9789ff","l8":"326, ","c8":"#b0045c","l9":"740, ","c9":"#c17aef","l10":"G, ","c10":"#0a8a66","l11":"N30, ","c11":"#119efc","l12":"R, ","c12":"#b59607","l13":"S, ","c13":"#b59607","l14":"W, ","c14":"#126804","l15":"Z","c15":"#076734"},"geometry":{"type":"Point","coordinates":[18.536317,54.503649]}},{"type":"Feature","properties":{"lines":"21, 24, 26, 29, 32, 105, 125, 152, 326, 740, G, N30, R, S, W, Z","arr":["21","24","26","29","32","105","125","152","326","740","G","N30","R","S","W","Z"],"mode":"bus","angle":-79.7,"side":-1,"extra":1,"ei":3,"l0":"21, ","c0":"#095d97","l1":"24, ","c1":"#ff5e9b","l2":"26, ","c2":"#ff627e","l3":"29, ","c3":"#8e4604","l4":"32, ","c4":"#4d4aba","l5":"105, ","c5":"#ff627e","l6":"125, ","c6":"#9789ff","l7":"152, ","c7":"#9789ff","l8":"326, ","c8":"#b0045c","l9":"740, ","c9":"#c17aef","l10":"G, ","c10":"#0a8a66","l11":"N30, ","c11":"#119efc","l12":"R, ","c12":"#b59607","l13":"S, ","c13":"#b59607","l14":"W, ","c14":"#126804","l15":"Z","c15":"#076734"},"geometry":{"type":"Point","coordinates":[18.536158,54.505531]}},{"type":"Feature","properties":{"lines":"21, 22, 24, 26, 29, 30, 32, 34, 105, 109, 125, 140, 147, 150, 152, 160, 190, 326, 740, G, N20, N30, N94, R, S, W, Z","arr":["21","22","24","26","29","30","32","34","105","109","125","140","147","150","152","160","190","326","740","G","N20","N30","N94","R","S","W","Z"],"mode":"bus","angle":-86.3,"side":-1,"l0":"21, ","c0":"#095d97","l1":"22, ","c1":"#446303","l2":"24, ","c2":"#ff5e9b","l3":"26, ","c3":"#ff627e","l4":"29, ","c4":"#8e4604","l5":"30, ","c5":"#7b3aa8","l6":"32, ","c6":"#4d4aba","l7":"34, ","c7":"#8e4604","l8":"105, ","c8":"#ff627e","l9":"109, ","c9":"#11a2e3","l10":"125, ","c10":"#9789ff","l11":"140, ","c11":"#1777eb","l12":"147, ","c12":"#1cab97","l13":"150, ","c13":"#b20b42","l14":"152, ","c14":"#9789ff","l15":"160, ","c15":"#e47e2b","l16":"190, ","c16":"#b59607","l17":"326, ","c17":"#b0045c","l18":"740, ","c18":"#c17aef","l19":"G, ","c19":"#0a8a66","l20":"N20, ","c20":"#e16cd6","l21":"N30, ","c21":"#119efc","l22":"N94, ","c22":"#126804","l23":"R, ","c23":"#b59607","l24":"S, ","c24":"#b59607","l25":"W, ","c25":"#126804","l26":"Z","c26":"#076734"},"geometry":{"type":"Point","coordinates":[18.53695,54.507136]}},{"type":"Feature","properties":{"lines":"21, 22, 24, 29, 30, 32, 128, 196, 204, 252, 282, 326, N20, N30, N94","arr":["21","22","24","29","30","32","128","196","204","252","282","326","N20","N30","N94"],"mode":"bus","angle":-52.7,"side":-1,"l0":"21, ","c0":"#095d97","l1":"22, ","c1":"#446303","l2":"24, ","c2":"#ff5e9b","l3":"29, ","c3":"#8e4604","l4":"30, ","c4":"#7b3aa8","l5":"32, ","c5":"#4d4aba","l6":"128, ","c6":"#095d97","l7":"196, ","c7":"#992492","l8":"204, ","c8":"#e16cd6","l9":"252, ","c9":"#79a620","l10":"282, ","c10":"#cf8a11","l11":"326, ","c11":"#b0045c","l12":"N20, ","c12":"#e16cd6","l13":"N30, ","c13":"#119efc","l14":"N94","c14":"#126804"},"geometry":{"type":"Point","coordinates":[18.537642,54.507978]}},{"type":"Feature","properties":{"lines":"21, 22, 24, 29, 30, 32, 104, 119, 128, 133, 196, 204, 252, 282, 326, N20, N30, N94","arr":["21","22","24","29","30","32","104","119","128","133","196","204","252","282","326","N20","N30","N94"],"mode":"bus","angle":-76.5,"l0":"21, ","c0":"#095d97","l1":"22, ","c1":"#446303","l2":"24, ","c2":"#ff5e9b","l3":"29, ","c3":"#8e4604","l4":"30, ","c4":"#7b3aa8","l5":"32, ","c5":"#4d4aba","l6":"104, ","c6":"#119efc","l7":"119, ","c7":"#a72d06","l8":"128, ","c8":"#095d97","l9":"133, ","c9":"#19a9a8","l10":"196, ","c10":"#992492","l11":"204, ","c11":"#e16cd6","l12":"252, ","c12":"#79a620","l13":"282, ","c13":"#cf8a11","l14":"326, ","c14":"#b0045c","l15":"N20, ","c15":"#e16cd6","l16":"N30, ","c16":"#119efc","l17":"N94","c17":"#126804"},"geometry":{"type":"Point","coordinates":[18.537996,54.508849]}},{"type":"Feature","properties":{"lines":"21, 22, 23, 24, 29, 30, 32, 33, 326, N10, N20, N30, N40, N94","arr":["21","22","23","24","29","30","32","33","326","N10","N20","N30","N40","N94"],"mode":"bus","angle":-76,"l0":"21, ","c0":"#095d97","l1":"22, ","c1":"#446303","l2":"23, ","c2":"#05617d","l3":"24, ","c3":"#ff5e9b","l4":"29, ","c4":"#8e4604","l5":"30, ","c5":"#7b3aa8","l6":"32, ","c6":"#4d4aba","l7":"33, ","c7":"#b0045c","l8":"326, ","c8":"#b0045c","l9":"N10, ","c9":"#f57145","l10":"N20, ","c10":"#e16cd6","l11":"N30, ","c11":"#119efc","l12":"N40, ","c12":"#79a620","l13":"N94","c13":"#126804"},"geometry":{"type":"Point","coordinates":[18.54033,54.514402]}},{"type":"Feature","properties":{"lines":"21, 22, 23, 24, 29, 30, 32, 33, 326, N10, N20, N30, N40, N94","arr":["21","22","23","24","29","30","32","33","326","N10","N20","N30","N40","N94"],"mode":"bus","angle":-76.7,"extra":1,"ei":0,"l0":"21, ","c0":"#095d97","l1":"22, ","c1":"#446303","l2":"23, ","c2":"#05617d","l3":"24, ","c3":"#ff5e9b","l4":"29, ","c4":"#8e4604","l5":"30, ","c5":"#7b3aa8","l6":"32, ","c6":"#4d4aba","l7":"33, ","c7":"#b0045c","l8":"326, ","c8":"#b0045c","l9":"N10, ","c9":"#f57145","l10":"N20, ","c10":"#e16cd6","l11":"N30, ","c11":"#119efc","l12":"N40, ","c12":"#79a620","l13":"N94","c13":"#126804"},"geometry":{"type":"Point","coordinates":[18.538639,54.510343]}},{"type":"Feature","properties":{"lines":"21, 22, 23, 24, 29, 30, 32, 33, 326, N10, N20, N30, N40, N94","arr":["21","22","23","24","29","30","32","33","326","N10","N20","N30","N40","N94"],"mode":"bus","angle":-76.3,"extra":1,"ei":1,"l0":"21, ","c0":"#095d97","l1":"22, ","c1":"#446303","l2":"23, ","c2":"#05617d","l3":"24, ","c3":"#ff5e9b","l4":"29, ","c4":"#8e4604","l5":"30, ","c5":"#7b3aa8","l6":"32, ","c6":"#4d4aba","l7":"33, ","c7":"#b0045c","l8":"326, ","c8":"#b0045c","l9":"N10, ","c9":"#f57145","l10":"N20, ","c10":"#e16cd6","l11":"N30, ","c11":"#119efc","l12":"N40, ","c12":"#79a620","l13":"N94","c13":"#126804"},"geometry":{"type":"Point","coordinates":[18.539386,54.51218]}},{"type":"Feature","properties":{"lines":"21, 22, 23, 24, 29, 30, 32, 33, 326, N10, N20, N30, N40, N94","arr":["21","22","23","24","29","30","32","33","326","N10","N20","N30","N40","N94"],"mode":"bus","angle":-75.7,"extra":1,"ei":2,"l0":"21, ","c0":"#095d97","l1":"22, ","c1":"#446303","l2":"23, ","c2":"#05617d","l3":"24, ","c3":"#ff5e9b","l4":"29, ","c4":"#8e4604","l5":"30, ","c5":"#7b3aa8","l6":"32, ","c6":"#4d4aba","l7":"33, ","c7":"#b0045c","l8":"326, ","c8":"#b0045c","l9":"N10, ","c9":"#f57145","l10":"N20, ","c10":"#e16cd6","l11":"N30, ","c11":"#119efc","l12":"N40, ","c12":"#79a620","l13":"N94","c13":"#126804"},"geometry":{"type":"Point","coordinates":[18.540975,54.515841]}},{"type":"Feature","properties":{"lines":"21, 22, 23, 24, 29, 30, 32, 33, 326, N10, N20, N30, N40, N94","arr":["21","22","23","24","29","30","32","33","326","N10","N20","N30","N40","N94"],"mode":"bus","angle":-75.6,"extra":1,"ei":3,"l0":"21, ","c0":"#095d97","l1":"22, ","c1":"#446303","l2":"23, ","c2":"#05617d","l3":"24, ","c3":"#ff5e9b","l4":"29, ","c4":"#8e4604","l5":"30, ","c5":"#7b3aa8","l6":"32, ","c6":"#4d4aba","l7":"33, ","c7":"#b0045c","l8":"326, ","c8":"#b0045c","l9":"N10, ","c9":"#f57145","l10":"N20, ","c10":"#e16cd6","l11":"N30, ","c11":"#119efc","l12":"N40, ","c12":"#79a620","l13":"N94","c13":"#126804"},"geometry":{"type":"Point","coordinates":[18.541781,54.51767]}},{"type":"Feature","properties":{"lines":"21, 25, 28, 29, 282, 326, 723, N10, N20, N30, N40, N94","arr":["21","25","28","29","282","326","723","N10","N20","N30","N40","N94"],"mode":"bus","angle":4.6,"l0":"21, ","c0":"#095d97","l1":"25, ","c1":"#095d97","l2":"28, ","c2":"#1cab97","l3":"29, ","c3":"#8e4604","l4":"282, ","c4":"#cf8a11","l5":"326, ","c5":"#b0045c","l6":"723, ","c6":"#126804","l7":"N10, ","c7":"#f57145","l8":"N20, ","c8":"#e16cd6","l9":"N30, ","c9":"#119efc","l10":"N40, ","c10":"#79a620","l11":"N94","c11":"#126804"},"geometry":{"type":"Point","coordinates":[18.540743,54.519443]}},{"type":"Feature","properties":{"lines":"21, 25, 28, 29, 34, 105, 109, 125, 140, 147, 150, 160, 182, 190, 196, 326, 723, G, N10, N20, N30, N40, N94, S, W","arr":["21","25","28","29","34","105","109","125","140","147","150","160","182","190","196","326","723","G","N10","N20","N30","N40","N94","S","W"],"mode":"bus","angle":4.5,"l0":"21, ","c0":"#095d97","l1":"25, ","c1":"#095d97","l2":"28, ","c2":"#1cab97","l3":"29, ","c3":"#8e4604","l4":"34, ","c4":"#8e4604","l5":"105, ","c5":"#ff627e","l6":"109, ","c6":"#11a2e3","l7":"125, ","c7":"#9789ff","l8":"140, ","c8":"#1777eb","l9":"147, ","c9":"#1cab97","l10":"150, ","c10":"#b20b42","l11":"160, ","c11":"#e47e2b","l12":"182, ","c12":"#fe6761","l13":"190, ","c13":"#b59607","l14":"196, ","c14":"#992492","l15":"326, ","c15":"#b0045c","l16":"723, ","c16":"#126804","l17":"G, ","c17":"#0a8a66","l18":"N10, ","c18":"#f57145","l19":"N20, ","c19":"#e16cd6","l20":"N30, ","c20":"#119efc","l21":"N40, ","c21":"#79a620","l22":"N94, ","c22":"#126804","l23":"S, ","c23":"#b59607","l24":"W","c24":"#126804"},"geometry":{"type":"Point","coordinates":[18.536409,54.519654]}},{"type":"Feature","properties":{"lines":"21, 29, 102, 140, 147, 150, 160, 190, 204, 740, N10, N20, N30, N40, N94","arr":["21","29","102","140","147","150","160","190","204","740","N10","N20","N30","N40","N94"],"mode":"bus","angle":4,"l0":"21, ","c0":"#095d97","l1":"29, ","c1":"#8e4604","l2":"102, ","c2":"#119efc","l3":"140, ","c3":"#1777eb","l4":"147, ","c4":"#1cab97","l5":"150, ","c5":"#b20b42","l6":"160, ","c6":"#e47e2b","l7":"190, ","c7":"#b59607","l8":"204, ","c8":"#e16cd6","l9":"740, ","c9":"#c17aef","l10":"N10, ","c10":"#f57145","l11":"N20, ","c11":"#e16cd6","l12":"N30, ","c12":"#119efc","l13":"N40, ","c13":"#79a620","l14":"N94","c14":"#126804"},"geometry":{"type":"Point","coordinates":[18.533243,54.519784]}},{"type":"Feature","properties":{"lines":"21, 29, 102, 140, 147, 150, 160, 182, 190, 204, 740, N10, N20, N30, N40, N94","arr":["21","29","102","140","147","150","160","182","190","204","740","N10","N20","N30","N40","N94"],"mode":"bus","angle":75.5,"l0":"21, ","c0":"#095d97","l1":"29, ","c1":"#8e4604","l2":"102, ","c2":"#119efc","l3":"140, ","c3":"#1777eb","l4":"147, ","c4":"#1cab97","l5":"150, ","c5":"#b20b42","l6":"160, ","c6":"#e47e2b","l7":"182, ","c7":"#fe6761","l8":"190, ","c8":"#b59607","l9":"204, ","c9":"#e16cd6","l10":"740, ","c10":"#c17aef","l11":"N10, ","c11":"#f57145","l12":"N20, ","c12":"#e16cd6","l13":"N30, ","c13":"#119efc","l14":"N40, ","c14":"#79a620","l15":"N94","c15":"#126804"},"geometry":{"type":"Point","coordinates":[18.532334,54.52031]}},{"type":"Feature","properties":{"lines":"21, 29, 102, 190, 204, 740, N10, N20, N30, N40, N94","arr":["21","29","102","190","204","740","N10","N20","N30","N40","N94"],"mode":"bus","angle":48.5,"mi":1,"l0":"21, ","c0":"#095d97","l1":"29, ","c1":"#8e4604","l2":"102, ","c2":"#119efc","l3":"190, ","c3":"#b59607","l4":"204, ","c4":"#e16cd6","l5":"740, ","c5":"#c17aef","l6":"N10, ","c6":"#f57145","l7":"N20, ","c7":"#e16cd6","l8":"N30, ","c8":"#119efc","l9":"N40, ","c9":"#79a620","l10":"N94","c10":"#126804"},"geometry":{"type":"Point","coordinates":[18.53197,54.520914]}},{"type":"Feature","properties":{"lines":"21, 29, 102, 190, 204, 740, N10, N20, N30, N40, N94","arr":["21","29","102","190","204","740","N10","N20","N30","N40","N94"],"mode":"bus","angle":35.2,"l0":"21, ","c0":"#095d97","l1":"29, ","c1":"#8e4604","l2":"102, ","c2":"#119efc","l3":"190, ","c3":"#b59607","l4":"204, ","c4":"#e16cd6","l5":"740, ","c5":"#c17aef","l6":"N10, ","c6":"#f57145","l7":"N20, ","c7":"#e16cd6","l8":"N30, ","c8":"#119efc","l9":"N40, ","c9":"#79a620","l10":"N94","c10":"#126804"},"geometry":{"type":"Point","coordinates":[18.531325,54.52118]}},{"type":"Feature","properties":{"lines":"21, 22, 23, 30, 32, 33, 102, 119, 128, 133, 134, 140, 147, 150, 152, 160, 173, 182, 190, 194, 204, 209, 282, 740, R, Z","arr":["21","22","23","30","32","33","102","119","128","133","134","140","147","150","152","160","173","182","190","194","204","209","282","740","R","Z"],"mode":"bus","angle":50.9,"side":-1,"l0":"21, ","c0":"#095d97","l1":"22, ","c1":"#446303","l2":"23, ","c2":"#05617d","l3":"30, ","c3":"#7b3aa8","l4":"32, ","c4":"#4d4aba","l5":"33, ","c5":"#b0045c","l6":"102, ","c6":"#119efc","l7":"119, ","c7":"#a72d06","l8":"128, ","c8":"#095d97","l9":"133, ","c9":"#19a9a8","l10":"134, ","c10":"#02af5a","l11":"140, ","c11":"#1777eb","l12":"147, ","c12":"#1cab97","l13":"150, ","c13":"#b20b42","l14":"152, ","c14":"#9789ff","l15":"160, ","c15":"#e47e2b","l16":"173, ","c16":"#8e4604","l17":"182, ","c17":"#fe6761","l18":"190, ","c18":"#b59607","l19":"194, ","c19":"#11a2e3","l20":"204, ","c20":"#e16cd6","l21":"209, ","c21":"#04664a","l22":"282, ","c22":"#cf8a11","l23":"740, ","c23":"#c17aef","l24":"R, ","c24":"#b59607","l25":"Z","c25":"#076734"},"geometry":{"type":"Point","coordinates":[18.530357,54.52236]}},{"type":"Feature","properties":{"lines":"21, 22, 23, 32, 33, 133, 140, 147, 160, 282, 740, N20, N30, N40, N94, Z","arr":["21","22","23","32","33","133","140","147","160","282","740","N20","N30","N40","N94","Z"],"mode":"bus","angle":-54.2,"l0":"21, ","c0":"#095d97","l1":"22, ","c1":"#446303","l2":"23, ","c2":"#05617d","l3":"32, ","c3":"#4d4aba","l4":"33, ","c4":"#b0045c","l5":"133, ","c5":"#19a9a8","l6":"140, ","c6":"#1777eb","l7":"147, ","c7":"#1cab97","l8":"160, ","c8":"#e47e2b","l9":"282, ","c9":"#cf8a11","l10":"740, ","c10":"#c17aef","l11":"N20, ","c11":"#e16cd6","l12":"N30, ","c12":"#119efc","l13":"N40, ","c13":"#79a620","l14":"N94, ","c14":"#126804","l15":"Z","c15":"#076734"},"geometry":{"type":"Point","coordinates":[18.530319,54.521897]}},{"type":"Feature","properties":{"lines":"21, 22, 23, 29, 32, 33, 133, 140, 147, 160, 282, N10, N20, N30, N40, N94, Z","arr":["21","22","23","29","32","33","133","140","147","160","282","N10","N20","N30","N40","N94","Z"],"mode":"bus","angle":27.9,"side":-1,"l0":"21, ","c0":"#095d97","l1":"22, ","c1":"#446303","l2":"23, ","c2":"#05617d","l3":"29, ","c3":"#8e4604","l4":"32, ","c4":"#4d4aba","l5":"33, ","c5":"#b0045c","l6":"133, ","c6":"#19a9a8","l7":"140, ","c7":"#1777eb","l8":"147, ","c8":"#1cab97","l9":"160, ","c9":"#e47e2b","l10":"282, ","c10":"#cf8a11","l11":"N10, ","c11":"#f57145","l12":"N20, ","c12":"#e16cd6","l13":"N30, ","c13":"#119efc","l14":"N40, ","c14":"#79a620","l15":"N94, ","c15":"#126804","l16":"Z","c16":"#076734"},"geometry":{"type":"Point","coordinates":[18.53046,54.521602]}},{"type":"Feature","properties":{"lines":"21, 23, 29, 32, 33, 252, 326, N10, N20, N30, N40","arr":["21","23","29","32","33","252","326","N10","N20","N30","N40"],"mode":"bus","angle":12.6,"l0":"21, ","c0":"#095d97","l1":"23, ","c1":"#05617d","l2":"29, ","c2":"#8e4604","l3":"32, ","c3":"#4d4aba","l4":"33, ","c4":"#b0045c","l5":"252, ","c5":"#79a620","l6":"326, ","c6":"#b0045c","l7":"N10, ","c7":"#f57145","l8":"N20, ","c8":"#e16cd6","l9":"N30, ","c9":"#119efc","l10":"N40","c10":"#79a620"},"geometry":{"type":"Point","coordinates":[18.53764,54.509485]}},{"type":"Feature","properties":{"lines":"21, 23, 29, 32, 33, 105, 119, 125, 128, 133, 134, 152, 196, 204, 252, 282, 326, G, N10, N30, R, S, W, Z","arr":["21","23","29","32","33","105","119","125","128","133","134","152","196","204","252","282","326","G","N10","N30","R","S","W","Z"],"mode":"bus","angle":-88.5,"l0":"21, ","c0":"#095d97","l1":"23, ","c1":"#05617d","l2":"29, ","c2":"#8e4604","l3":"32, ","c3":"#4d4aba","l4":"33, ","c4":"#b0045c","l5":"105, ","c5":"#ff627e","l6":"119, ","c6":"#a72d06","l7":"125, ","c7":"#9789ff","l8":"128, ","c8":"#095d97","l9":"133, ","c9":"#19a9a8","l10":"134, ","c10":"#02af5a","l11":"152, ","c11":"#9789ff","l12":"196, ","c12":"#992492","l13":"204, ","c13":"#e16cd6","l14":"252, ","c14":"#79a620","l15":"282, ","c15":"#cf8a11","l16":"326, ","c16":"#b0045c","l17":"G, ","c17":"#0a8a66","l18":"N10, ","c18":"#f57145","l19":"N30, ","c19":"#119efc","l20":"R, ","c20":"#b59607","l21":"S, ","c21":"#b59607","l22":"W, ","c22":"#126804","l23":"Z","c23":"#076734"},"geometry":{"type":"Point","coordinates":[18.536704,54.508751]}},{"type":"Feature","properties":{"lines":"21, 23, 29, 32, 33, 105, 119, 125, 133, 134, 152, 326, G, N10, N30, R, S, W, Z","arr":["21","23","29","32","33","105","119","125","133","134","152","326","G","N10","N30","R","S","W","Z"],"mode":"bus","angle":-89.5,"l0":"21, ","c0":"#095d97","l1":"23, ","c1":"#05617d","l2":"29, ","c2":"#8e4604","l3":"32, ","c3":"#4d4aba","l4":"33, ","c4":"#b0045c","l5":"105, ","c5":"#ff627e","l6":"119, ","c6":"#a72d06","l7":"125, ","c7":"#9789ff","l8":"133, ","c8":"#19a9a8","l9":"134, ","c9":"#02af5a","l10":"152, ","c10":"#9789ff","l11":"326, ","c11":"#b0045c","l12":"G, ","c12":"#0a8a66","l13":"N10, ","c13":"#f57145","l14":"N30, ","c14":"#119efc","l15":"R, ","c15":"#b59607","l16":"S, ","c16":"#b59607","l17":"W, ","c17":"#126804","l18":"Z","c18":"#076734"},"geometry":{"type":"Point","coordinates":[18.53667,54.5072]}},{"type":"Feature","properties":{"lines":"21, 23, 26, 29, 32, 33, 105, 119, 125, 133, 134, 152, 326, G, N10, N30, R, S, W, Z","arr":["21","23","26","29","32","33","105","119","125","133","134","152","326","G","N10","N30","R","S","W","Z"],"mode":"bus","angle":83.9,"side":-1,"l0":"21, ","c0":"#095d97","l1":"23, ","c1":"#05617d","l2":"26, ","c2":"#ff627e","l3":"29, ","c3":"#8e4604","l4":"32, ","c4":"#4d4aba","l5":"33, ","c5":"#b0045c","l6":"105, ","c6":"#ff627e","l7":"119, ","c7":"#a72d06","l8":"125, ","c8":"#9789ff","l9":"133, ","c9":"#19a9a8","l10":"134, ","c10":"#02af5a","l11":"152, ","c11":"#9789ff","l12":"326, ","c12":"#b0045c","l13":"G, ","c13":"#0a8a66","l14":"N10, ","c14":"#f57145","l15":"N30, ","c15":"#119efc","l16":"R, ","c16":"#b59607","l17":"S, ","c17":"#b59607","l18":"W, ","c18":"#126804","l19":"Z","c19":"#076734"},"geometry":{"type":"Point","coordinates":[18.53647,54.50166]}},{"type":"Feature","properties":{"lines":"21, 23, 26, 29, 32, 33, 105, 119, 125, 133, 134, 152, 326, G, N10, N30, R, S, W, Z","arr":["21","23","26","29","32","33","105","119","125","133","134","152","326","G","N10","N30","R","S","W","Z"],"mode":"bus","angle":-86.1,"extra":1,"ei":0,"l0":"21, ","c0":"#095d97","l1":"23, ","c1":"#05617d","l2":"26, ","c2":"#ff627e","l3":"29, ","c3":"#8e4604","l4":"32, ","c4":"#4d4aba","l5":"33, ","c5":"#b0045c","l6":"105, ","c6":"#ff627e","l7":"119, ","c7":"#a72d06","l8":"125, ","c8":"#9789ff","l9":"133, ","c9":"#19a9a8","l10":"134, ","c10":"#02af5a","l11":"152, ","c11":"#9789ff","l12":"326, ","c12":"#b0045c","l13":"G, ","c13":"#0a8a66","l14":"N10, ","c14":"#f57145","l15":"N30, ","c15":"#119efc","l16":"R, ","c16":"#b59607","l17":"S, ","c17":"#b59607","l18":"W, ","c18":"#126804","l19":"Z","c19":"#076734"},"geometry":{"type":"Point","coordinates":[18.535958,54.50532]}},{"type":"Feature","properties":{"lines":"21, 23, 26, 29, 32, 33, 105, 119, 125, 133, 134, 152, 326, G, N10, N30, R, S, W, Z","arr":["21","23","26","29","32","33","105","119","125","133","134","152","326","G","N10","N30","R","S","W","Z"],"mode":"bus","angle":85.1,"side":-1,"extra":1,"ei":1,"l0":"21, ","c0":"#095d97","l1":"23, ","c1":"#05617d","l2":"26, ","c2":"#ff627e","l3":"29, ","c3":"#8e4604","l4":"32, ","c4":"#4d4aba","l5":"33, ","c5":"#b0045c","l6":"105, ","c6":"#ff627e","l7":"119, ","c7":"#a72d06","l8":"125, ","c8":"#9789ff","l9":"133, ","c9":"#19a9a8","l10":"134, ","c10":"#02af5a","l11":"152, ","c11":"#9789ff","l12":"326, ","c12":"#b0045c","l13":"G, ","c13":"#0a8a66","l14":"N10, ","c14":"#f57145","l15":"N30, ","c15":"#119efc","l16":"R, ","c16":"#b59607","l17":"S, ","c17":"#b59607","l18":"W, ","c18":"#126804","l19":"Z","c19":"#076734"},"geometry":{"type":"Point","coordinates":[18.536201,54.503438]}},{"type":"Feature","properties":{"lines":"21, 23, 26, 29, 32, 33, 105, 119, 125, 133, 134, 152, 326, G, N10, N30, R, S, W, Z","arr":["21","23","26","29","32","33","105","119","125","133","134","152","326","G","N10","N30","R","S","W","Z"],"mode":"bus","angle":77.5,"side":-1,"extra":1,"ei":2,"l0":"21, ","c0":"#095d97","l1":"23, ","c1":"#05617d","l2":"26, ","c2":"#ff627e","l3":"29, ","c3":"#8e4604","l4":"32, ","c4":"#4d4aba","l5":"33, ","c5":"#b0045c","l6":"105, ","c6":"#ff627e","l7":"119, ","c7":"#a72d06","l8":"125, ","c8":"#9789ff","l9":"133, ","c9":"#19a9a8","l10":"134, ","c10":"#02af5a","l11":"152, ","c11":"#9789ff","l12":"326, ","c12":"#b0045c","l13":"G, ","c13":"#0a8a66","l14":"N10, ","c14":"#f57145","l15":"N30, ","c15":"#119efc","l16":"R, ","c16":"#b59607","l17":"S, ","c17":"#b59607","l18":"W, ","c18":"#126804","l19":"Z","c19":"#076734"},"geometry":{"type":"Point","coordinates":[18.537165,54.499711]}},{"type":"Feature","properties":{"lines":"21, 23, 26, 29, 32, 33, 105, 119, 125, 133, 134, 152, 326, G, N10, N30, R, S, W, Z","arr":["21","23","26","29","32","33","105","119","125","133","134","152","326","G","N10","N30","R","S","W","Z"],"mode":"bus","angle":77.9,"side":-1,"extra":1,"ei":3,"l0":"21, ","c0":"#095d97","l1":"23, ","c1":"#05617d","l2":"26, ","c2":"#ff627e","l3":"29, ","c3":"#8e4604","l4":"32, ","c4":"#4d4aba","l5":"33, ","c5":"#b0045c","l6":"105, ","c6":"#ff627e","l7":"119, ","c7":"#a72d06","l8":"125, ","c8":"#9789ff","l9":"133, ","c9":"#19a9a8","l10":"134, ","c10":"#02af5a","l11":"152, ","c11":"#9789ff","l12":"326, ","c12":"#b0045c","l13":"G, ","c13":"#0a8a66","l14":"N10, ","c14":"#f57145","l15":"N30, ","c15":"#119efc","l16":"R, ","c16":"#b59607","l17":"S, ","c17":"#b59607","l18":"W, ","c18":"#126804","l19":"Z","c19":"#076734"},"geometry":{"type":"Point","coordinates":[18.537864,54.497866]}},{"type":"Feature","properties":{"lines":"21, 23, 26, 29, 32, 33, 134, 152, 192, 326, G, N10, N30, R, S, Z","arr":["21","23","26","29","32","33","134","152","192","326","G","N10","N30","R","S","Z"],"mode":"bus","angle":77.2,"side":-1,"l0":"21, ","c0":"#095d97","l1":"23, ","c1":"#05617d","l2":"26, ","c2":"#ff627e","l3":"29, ","c3":"#8e4604","l4":"32, ","c4":"#4d4aba","l5":"33, ","c5":"#b0045c","l6":"134, ","c6":"#02af5a","l7":"152, ","c7":"#9789ff","l8":"192, ","c8":"#992492","l9":"326, ","c9":"#b0045c","l10":"G, ","c10":"#0a8a66","l11":"N10, ","c11":"#f57145","l12":"N30, ","c12":"#119efc","l13":"R, ","c13":"#b59607","l14":"S, ","c14":"#b59607","l15":"Z","c15":"#076734"},"geometry":{"type":"Point","coordinates":[18.539092,54.494693]}},{"type":"Feature","properties":{"lines":"21, 23, 26, 29, 32, 33, 134, 152, 192, 326, G, N10, N30, R, S, Z","arr":["21","23","26","29","32","33","134","152","192","326","G","N10","N30","R","S","Z"],"mode":"bus","angle":77.2,"side":-1,"extra":1,"ei":0,"l0":"21, ","c0":"#095d97","l1":"23, ","c1":"#05617d","l2":"26, ","c2":"#ff627e","l3":"29, ","c3":"#8e4604","l4":"32, ","c4":"#4d4aba","l5":"33, ","c5":"#b0045c","l6":"134, ","c6":"#02af5a","l7":"152, ","c7":"#9789ff","l8":"192, ","c8":"#992492","l9":"326, ","c9":"#b0045c","l10":"G, ","c10":"#0a8a66","l11":"N10, ","c11":"#f57145","l12":"N30, ","c12":"#119efc","l13":"R, ","c13":"#b59607","l14":"S, ","c14":"#b59607","l15":"Z","c15":"#076734"},"geometry":{"type":"Point","coordinates":[18.538525,54.49615]}},{"type":"Feature","properties":{"lines":"21, 23, 26, 29, 32, 33, 134, 152, 192, 326, G, N10, N30, R, S, Z","arr":["21","23","26","29","32","33","134","152","192","326","G","N10","N30","R","S","Z"],"mode":"bus","angle":68.3,"side":-1,"extra":1,"ei":1,"l0":"21, ","c0":"#095d97","l1":"23, ","c1":"#05617d","l2":"26, ","c2":"#ff627e","l3":"29, ","c3":"#8e4604","l4":"32, ","c4":"#4d4aba","l5":"33, ","c5":"#b0045c","l6":"134, ","c6":"#02af5a","l7":"152, ","c7":"#9789ff","l8":"192, ","c8":"#992492","l9":"326, ","c9":"#b0045c","l10":"G, ","c10":"#0a8a66","l11":"N10, ","c11":"#f57145","l12":"N30, ","c12":"#119efc","l13":"R, ","c13":"#b59607","l14":"S, ","c14":"#b59607","l15":"Z","c15":"#076734"},"geometry":{"type":"Point","coordinates":[18.540436,54.492553]}},{"type":"Feature","properties":{"lines":"21, 23, 26, 27, 29, 32, 33, 134, 180, 203, 326, 700, G, N10, N30, R, S, Z","arr":["21","23","26","27","29","32","33","134","180","203","326","700","G","N10","N30","R","S","Z"],"mode":"bus","angle":68.9,"side":-1,"l0":"21, ","c0":"#095d97","l1":"23, ","c1":"#05617d","l2":"26, ","c2":"#ff627e","l3":"27, ","c3":"#02af5a","l4":"29, ","c4":"#8e4604","l5":"32, ","c5":"#4d4aba","l6":"33, ","c6":"#b0045c","l7":"134, ","c7":"#02af5a","l8":"180, ","c8":"#05617d","l9":"203, ","c9":"#fe6761","l10":"326, ","c10":"#b0045c","l11":"700, ","c11":"#4d4aba","l12":"G, ","c12":"#0a8a66","l13":"N10, ","c13":"#f57145","l14":"N30, ","c14":"#119efc","l15":"R, ","c15":"#b59607","l16":"S, ","c16":"#b59607","l17":"Z","c17":"#076734"},"geometry":{"type":"Point","coordinates":[18.542976,54.488794]}},{"type":"Feature","properties":{"lines":"21, 23, 26, 27, 29, 32, 33, 134, 180, 203, 326, 700, G, N10, N30, R, S, Z","arr":["21","23","26","27","29","32","33","134","180","203","326","700","G","N10","N30","R","S","Z"],"mode":"bus","angle":67.8,"side":-1,"extra":1,"ei":0,"l0":"21, ","c0":"#095d97","l1":"23, ","c1":"#05617d","l2":"26, ","c2":"#ff627e","l3":"27, ","c3":"#02af5a","l4":"29, ","c4":"#8e4604","l5":"32, ","c5":"#4d4aba","l6":"33, ","c6":"#b0045c","l7":"134, ","c7":"#02af5a","l8":"180, ","c8":"#05617d","l9":"203, ","c9":"#fe6761","l10":"326, ","c10":"#b0045c","l11":"700, ","c11":"#4d4aba","l12":"G, ","c12":"#0a8a66","l13":"N10, ","c13":"#f57145","l14":"N30, ","c14":"#119efc","l15":"R, ","c15":"#b59607","l16":"S, ","c16":"#b59607","l17":"Z","c17":"#076734"},"geometry":{"type":"Point","coordinates":[18.541153,54.491536]}},{"type":"Feature","properties":{"lines":"21, 23, 26, 27, 29, 32, 33, 134, 180, 203, 326, 700, G, N10, N30, R, S, Z","arr":["21","23","26","27","29","32","33","134","180","203","326","700","G","N10","N30","R","S","Z"],"mode":"bus","angle":66.6,"side":-1,"extra":1,"ei":1,"l0":"21, ","c0":"#095d97","l1":"23, ","c1":"#05617d","l2":"26, ","c2":"#ff627e","l3":"27, ","c3":"#02af5a","l4":"29, ","c4":"#8e4604","l5":"32, ","c5":"#4d4aba","l6":"33, ","c6":"#b0045c","l7":"134, ","c7":"#02af5a","l8":"180, ","c8":"#05617d","l9":"203, ","c9":"#fe6761","l10":"326, ","c10":"#b0045c","l11":"700, ","c11":"#4d4aba","l12":"G, ","c12":"#0a8a66","l13":"N10, ","c13":"#f57145","l14":"N30, ","c14":"#119efc","l15":"R, ","c15":"#b59607","l16":"S, ","c16":"#b59607","l17":"Z","c17":"#076734"},"geometry":{"type":"Point","coordinates":[18.544853,54.486306]}},{"type":"Feature","properties":{"lines":"21, 26, 134, 326, G, S","arr":["21","26","134","326","G","S"],"mode":"bus","angle":63.4,"l0":"21, ","c0":"#095d97","l1":"26, ","c1":"#ff627e","l2":"134, ","c2":"#02af5a","l3":"326, ","c3":"#b0045c","l4":"G, ","c4":"#0a8a66","l5":"S","c5":"#b59607"},"geometry":{"type":"Point","coordinates":[18.545793,54.485046]}},{"type":"Feature","properties":{"lines":"21, 26, 31, 134, 326, G, S","arr":["21","26","31","134","326","G","S"],"mode":"bus","angle":68.5,"side":-1,"l0":"21, ","c0":"#095d97","l1":"26, ","c1":"#ff627e","l2":"31, ","c2":"#992492","l3":"134, ","c3":"#02af5a","l4":"326, ","c4":"#b0045c","l5":"G, ","c5":"#0a8a66","l6":"S","c6":"#b59607"},"geometry":{"type":"Point","coordinates":[18.551376,54.48112]}},{"type":"Feature","properties":{"lines":"21, 26, 31, 134, 326, G, S","arr":["21","26","31","134","326","G","S"],"mode":"bus","angle":49.6,"side":-1,"extra":1,"ei":0,"l0":"21, ","c0":"#095d97","l1":"26, ","c1":"#ff627e","l2":"31, ","c2":"#992492","l3":"134, ","c3":"#02af5a","l4":"326, ","c4":"#b0045c","l5":"G, ","c5":"#0a8a66","l6":"S","c6":"#b59607"},"geometry":{"type":"Point","coordinates":[18.546937,54.484103]}},{"type":"Feature","properties":{"lines":"21, 26, 31, 134, 326, G, S","arr":["21","26","31","134","326","G","S"],"mode":"bus","angle":40.7,"side":-1,"extra":1,"ei":1,"l0":"21, ","c0":"#095d97","l1":"26, ","c1":"#ff627e","l2":"31, ","c2":"#992492","l3":"134, ","c3":"#02af5a","l4":"326, ","c4":"#b0045c","l5":"G, ","c5":"#0a8a66","l6":"S","c6":"#b59607"},"geometry":{"type":"Point","coordinates":[18.549231,54.482775]}},{"type":"Feature","properties":{"lines":"21, 26, 31, 134, 326, G, S","arr":["21","26","31","134","326","G","S"],"mode":"bus","angle":71.4,"side":-1,"extra":1,"ei":2,"l0":"21, ","c0":"#095d97","l1":"26, ","c1":"#ff627e","l2":"31, ","c2":"#992492","l3":"134, ","c3":"#02af5a","l4":"326, ","c4":"#b0045c","l5":"G, ","c5":"#0a8a66","l6":"S","c6":"#b59607"},"geometry":{"type":"Point","coordinates":[18.552315,54.479537]}},{"type":"Feature","properties":{"lines":"21, 26, 31, 134, 326, G, S","arr":["21","26","31","134","326","G","S"],"mode":"bus","angle":88.5,"side":-1,"extra":1,"ei":3,"l0":"21, ","c0":"#095d97","l1":"26, ","c1":"#ff627e","l2":"31, ","c2":"#992492","l3":"134, ","c3":"#02af5a","l4":"326, ","c4":"#b0045c","l5":"G, ","c5":"#0a8a66","l6":"S","c6":"#b59607"},"geometry":{"type":"Point","coordinates":[18.552971,54.477705]}},{"type":"Feature","properties":{"lines":"22, 23, 32, 33, 102, 119, 128, 133, 134, 152, 173, 190, 194, 204, 209, 282, R, Z","arr":["22","23","32","33","102","119","128","133","134","152","173","190","194","204","209","282","R","Z"],"mode":"bus","angle":-4,"l0":"22, ","c0":"#446303","l1":"23, ","c1":"#05617d","l2":"32, ","c2":"#4d4aba","l3":"33, ","c3":"#b0045c","l4":"102, ","c4":"#119efc","l5":"119, ","c5":"#a72d06","l6":"128, ","c6":"#095d97","l7":"133, ","c7":"#19a9a8","l8":"134, ","c8":"#02af5a","l9":"152, ","c9":"#9789ff","l10":"173, ","c10":"#8e4604","l11":"190, ","c11":"#b59607","l12":"194, ","c12":"#11a2e3","l13":"204, ","c13":"#e16cd6","l14":"209, ","c14":"#04664a","l15":"282, ","c15":"#cf8a11","l16":"R, ","c16":"#b59607","l17":"Z","c17":"#076734"},"geometry":{"type":"Point","coordinates":[18.533194,54.52207]}},{"type":"Feature","properties":{"lines":"22, 23, 25, 28, 32, 33, 102, 173, 190, 194, 204","arr":["22","23","25","28","32","33","102","173","190","194","204"],"mode":"bus","angle":-3.3,"l0":"22, ","c0":"#446303","l1":"23, ","c1":"#05617d","l2":"25, ","c2":"#095d97","l3":"28, ","c3":"#1cab97","l4":"32, ","c4":"#4d4aba","l5":"33, ","c5":"#b0045c","l6":"102, ","c6":"#119efc","l7":"173, ","c7":"#8e4604","l8":"190, ","c8":"#b59607","l9":"194, ","c9":"#11a2e3","l10":"204","c10":"#e16cd6"},"geometry":{"type":"Point","coordinates":[18.535752,54.52217]}},{"type":"Feature","properties":{"lines":"22, 23, 25, 32, 33, 102, 173, 190, 194, 204","arr":["22","23","25","32","33","102","173","190","194","204"],"mode":"bus","angle":-4.6,"l0":"22, ","c0":"#446303","l1":"23, ","c1":"#05617d","l2":"25, ","c2":"#095d97","l3":"32, ","c3":"#4d4aba","l4":"33, ","c4":"#b0045c","l5":"102, ","c5":"#119efc","l6":"173, ","c6":"#8e4604","l7":"190, ","c7":"#b59607","l8":"194, ","c8":"#11a2e3","l9":"204","c9":"#e16cd6"},"geometry":{"type":"Point","coordinates":[18.537489,54.522243]}},{"type":"Feature","properties":{"lines":"22, 23, 25, 32, 33, 102, 119, 173, 190, 194, 204","arr":["22","23","25","32","33","102","119","173","190","194","204"],"mode":"bus","angle":-3.9,"l0":"22, ","c0":"#446303","l1":"23, ","c1":"#05617d","l2":"25, ","c2":"#095d97","l3":"32, ","c3":"#4d4aba","l4":"33, ","c4":"#b0045c","l5":"102, ","c5":"#119efc","l6":"119, ","c6":"#a72d06","l7":"173, ","c7":"#8e4604","l8":"190, ","c8":"#b59607","l9":"194, ","c9":"#11a2e3","l10":"204","c10":"#e16cd6"},"geometry":{"type":"Point","coordinates":[18.539128,54.522314]}},{"type":"Feature","properties":{"lines":"22, 23, 25, 32, 33, 102, 119, 146, 173, 190, 194, 204, N40","arr":["22","23","25","32","33","102","119","146","173","190","194","204","N40"],"mode":"bus","angle":-4.9,"l0":"22, ","c0":"#446303","l1":"23, ","c1":"#05617d","l2":"25, ","c2":"#095d97","l3":"32, ","c3":"#4d4aba","l4":"33, ","c4":"#b0045c","l5":"102, ","c5":"#119efc","l6":"119, ","c6":"#a72d06","l7":"146, ","c7":"#05617d","l8":"173, ","c8":"#8e4604","l9":"190, ","c9":"#b59607","l10":"194, ","c10":"#11a2e3","l11":"204, ","c11":"#e16cd6","l12":"N40","c12":"#79a620"},"geometry":{"type":"Point","coordinates":[18.541344,54.522412]}},{"type":"Feature","properties":{"lines":"22, 23, 24, 25, 28, 30, 32, 33, 282, 723, N40","arr":["22","23","24","25","28","30","32","33","282","723","N40"],"mode":"bus","angle":85.1,"mi":1,"l0":"22, ","c0":"#446303","l1":"23, ","c1":"#05617d","l2":"24, ","c2":"#ff5e9b","l3":"25, ","c3":"#095d97","l4":"28, ","c4":"#1cab97","l5":"30, ","c5":"#7b3aa8","l6":"32, ","c6":"#4d4aba","l7":"33, ","c7":"#b0045c","l8":"282, ","c8":"#cf8a11","l9":"723, ","c9":"#126804","l10":"N40","c10":"#79a620"},"geometry":{"type":"Point","coordinates":[18.543268,54.522114]}},{"type":"Feature","properties":{"lines":"22, 23, 24, 25, 28, 30, 32, 33, 282, 723, N40","arr":["22","23","24","25","28","30","32","33","282","723","N40"],"mode":"bus","angle":-78,"l0":"22, ","c0":"#446303","l1":"23, ","c1":"#05617d","l2":"24, ","c2":"#ff5e9b","l3":"25, ","c3":"#095d97","l4":"28, ","c4":"#1cab97","l5":"30, ","c5":"#7b3aa8","l6":"32, ","c6":"#4d4aba","l7":"33, ","c7":"#b0045c","l8":"282, ","c8":"#cf8a11","l9":"723, ","c9":"#126804","l10":"N40","c10":"#79a620"},"geometry":{"type":"Point","coordinates":[18.543041,54.520533]}},{"type":"Feature","properties":{"lines":"22, 104, 119, 128, 133, 196, 204, 282","arr":["22","104","119","128","133","196","204","282"],"mode":"bus","angle":-31.5,"l0":"22, ","c0":"#446303","l1":"104, ","c1":"#119efc","l2":"119, ","c2":"#a72d06","l3":"128, ","c3":"#095d97","l4":"133, ","c4":"#19a9a8","l5":"196, ","c5":"#992492","l6":"204, ","c6":"#e16cd6","l7":"282","c7":"#cf8a11"},"geometry":{"type":"Point","coordinates":[18.537475,54.507989]}},{"type":"Feature","properties":{"lines":"22, 26, 34, 104, 105, 109, 119, 125, 128, 133, 140, 147, 150, 152, 160, 190, 196, 204, 282, 740, G, R, S, W, Z","arr":["22","26","34","104","105","109","119","125","128","133","140","147","150","152","160","190","196","204","282","740","G","R","S","W","Z"],"mode":"bus","angle":-89,"side":-1,"l0":"22, ","c0":"#446303","l1":"26, ","c1":"#ff627e","l2":"34, ","c2":"#8e4604","l3":"104, ","c3":"#119efc","l4":"105, ","c4":"#ff627e","l5":"109, ","c5":"#11a2e3","l6":"119, ","c6":"#a72d06","l7":"125, ","c7":"#9789ff","l8":"128, ","c8":"#095d97","l9":"133, ","c9":"#19a9a8","l10":"140, ","c10":"#1777eb","l11":"147, ","c11":"#1cab97","l12":"150, ","c12":"#b20b42","l13":"152, ","c13":"#9789ff","l14":"160, ","c14":"#e47e2b","l15":"190, ","c15":"#b59607","l16":"196, ","c16":"#992492","l17":"204, ","c17":"#e16cd6","l18":"282, ","c18":"#cf8a11","l19":"740, ","c19":"#c17aef","l20":"G, ","c20":"#0a8a66","l21":"R, ","c21":"#b59607","l22":"S, ","c22":"#b59607","l23":"W, ","c23":"#126804","l24":"Z","c24":"#076734"},"geometry":{"type":"Point","coordinates":[18.536985,54.508788]}},{"type":"Feature","properties":{"lines":"22, 26, 34, 109, 140, 147, 150, 160, 190, 209, N20, N40","arr":["22","26","34","109","140","147","150","160","190","209","N20","N40"],"mode":"bus","angle":1.6,"l0":"22, ","c0":"#446303","l1":"26, ","c1":"#ff627e","l2":"34, ","c2":"#8e4604","l3":"109, ","c3":"#11a2e3","l4":"140, ","c4":"#1777eb","l5":"147, ","c5":"#1cab97","l6":"150, ","c6":"#b20b42","l7":"160, ","c7":"#e47e2b","l8":"190, ","c8":"#b59607","l9":"209, ","c9":"#04664a","l10":"N20, ","c10":"#e16cd6","l11":"N40","c11":"#79a620"},"geometry":{"type":"Point","coordinates":[18.535845,54.509587]}},{"type":"Feature","properties":{"lines":"22, 26, 27, 30, 141","arr":["22","26","27","30","141"],"mode":"bus","angle":82,"l0":"22, ","c0":"#446303","l1":"26, ","c1":"#ff627e","l2":"27, ","c2":"#02af5a","l3":"30, ","c3":"#7b3aa8","l4":"141","c4":"#05617d"},"geometry":{"type":"Point","coordinates":[18.531846,54.513325]}},{"type":"Feature","properties":{"lines":"22, 26, 27, 30, 141","arr":["22","26","27","30","141"],"mode":"bus","angle":48,"side":-1,"extra":1,"ei":0,"l0":"22, ","c0":"#446303","l1":"26, ","c1":"#ff627e","l2":"27, ","c2":"#02af5a","l3":"30, ","c3":"#7b3aa8","l4":"141","c4":"#05617d"},"geometry":{"type":"Point","coordinates":[18.532595,54.512026]}},{"type":"Feature","properties":{"lines":"22, 26, 27, 30, 141, 203, 204","arr":["22","26","27","30","141","203","204"],"mode":"bus","angle":69.7,"l0":"22, ","c0":"#446303","l1":"26, ","c1":"#ff627e","l2":"27, ","c2":"#02af5a","l3":"30, ","c3":"#7b3aa8","l4":"141, ","c4":"#05617d","l5":"203, ","c5":"#fe6761","l6":"204","c6":"#e16cd6"},"geometry":{"type":"Point","coordinates":[18.530165,54.517308]}},{"type":"Feature","properties":{"lines":"22, 26, 27, 30, 141, 203, 204","arr":["22","26","27","30","141","203","204"],"mode":"bus","angle":74.9,"extra":1,"ei":0,"l0":"22, ","c0":"#446303","l1":"26, ","c1":"#ff627e","l2":"27, ","c2":"#02af5a","l3":"30, ","c3":"#7b3aa8","l4":"141, ","c4":"#05617d","l5":"203, ","c5":"#fe6761","l6":"204","c6":"#e16cd6"},"geometry":{"type":"Point","coordinates":[18.531199,54.515657]}},{"type":"Feature","properties":{"lines":"22, 26, 27, 30, 141, 203, 204","arr":["22","26","27","30","141","203","204"],"mode":"bus","angle":60.2,"extra":1,"ei":1,"l0":"22, ","c0":"#446303","l1":"26, ","c1":"#ff627e","l2":"27, ","c2":"#02af5a","l3":"30, ","c3":"#7b3aa8","l4":"141, ","c4":"#05617d","l5":"203, ","c5":"#fe6761","l6":"204","c6":"#e16cd6"},"geometry":{"type":"Point","coordinates":[18.528513,54.519078]}},{"type":"Feature","properties":{"lines":"22, 26, 27, 30, 141, 204","arr":["22","26","27","30","141","204"],"mode":"bus","angle":53,"l0":"22, ","c0":"#446303","l1":"26, ","c1":"#ff627e","l2":"27, ","c2":"#02af5a","l3":"30, ","c3":"#7b3aa8","l4":"141, ","c4":"#05617d","l5":"204","c5":"#e16cd6"},"geometry":{"type":"Point","coordinates":[18.52741,54.520046]}},{"type":"Feature","properties":{"lines":"22, 26, 27, 30, 102, 141","arr":["22","26","27","30","102","141"],"mode":"bus","angle":84,"side":-1,"l0":"22, ","c0":"#446303","l1":"26, ","c1":"#ff627e","l2":"27, ","c2":"#02af5a","l3":"30, ","c3":"#7b3aa8","l4":"102, ","c4":"#119efc","l5":"141","c5":"#05617d"},"geometry":{"type":"Point","coordinates":[18.526683,54.520957]}},{"type":"Feature","properties":{"lines":"22, 25, 26, 27, 34, 105, 109, 125, 141, 326, G, N20, N30, N40, S, W","arr":["22","25","26","27","34","105","109","125","141","326","G","N20","N30","N40","S","W"],"mode":"bus","angle":32.5,"l0":"22, ","c0":"#446303","l1":"25, ","c1":"#095d97","l2":"26, ","c2":"#ff627e","l3":"27, ","c3":"#02af5a","l4":"34, ","c4":"#8e4604","l5":"105, ","c5":"#ff627e","l6":"109, ","c6":"#11a2e3","l7":"125, ","c7":"#9789ff","l8":"141, ","c8":"#05617d","l9":"326, ","c9":"#b0045c","l10":"G, ","c10":"#0a8a66","l11":"N20, ","c11":"#e16cd6","l12":"N30, ","c12":"#119efc","l13":"N40, ","c13":"#79a620","l14":"S, ","c14":"#b59607","l15":"W","c15":"#126804"},"geometry":{"type":"Point","coordinates":[18.511919,54.526783]}},{"type":"Feature","properties":{"lines":"22, 25, 26, 27, 34, 105, 109, 125, 141, 326, G, N20, N30, N40, S, W","arr":["22","25","26","27","34","105","109","125","141","326","G","N20","N30","N40","S","W"],"mode":"bus","angle":24.5,"mi":1,"l0":"22, ","c0":"#446303","l1":"25, ","c1":"#095d97","l2":"26, ","c2":"#ff627e","l3":"27, ","c3":"#02af5a","l4":"34, ","c4":"#8e4604","l5":"105, ","c5":"#ff627e","l6":"109, ","c6":"#11a2e3","l7":"125, ","c7":"#9789ff","l8":"141, ","c8":"#05617d","l9":"326, ","c9":"#b0045c","l10":"G, ","c10":"#0a8a66","l11":"N20, ","c11":"#e16cd6","l12":"N30, ","c12":"#119efc","l13":"N40, ","c13":"#79a620","l14":"S, ","c14":"#b59607","l15":"W","c15":"#126804"},"geometry":{"type":"Point","coordinates":[18.492758,54.532075]}},{"type":"Feature","properties":{"lines":"22, 25, 26, 27, 34, 105, 109, 125, 141, 326, G, N20, N30, N40, S, W","arr":["22","25","26","27","34","105","109","125","141","326","G","N20","N30","N40","S","W"],"mode":"bus","angle":32.6,"extra":1,"ei":0,"l0":"22, ","c0":"#446303","l1":"25, ","c1":"#095d97","l2":"26, ","c2":"#ff627e","l3":"27, ","c3":"#02af5a","l4":"34, ","c4":"#8e4604","l5":"105, ","c5":"#ff627e","l6":"109, ","c6":"#11a2e3","l7":"125, ","c7":"#9789ff","l8":"141, ","c8":"#05617d","l9":"326, ","c9":"#b0045c","l10":"G, ","c10":"#0a8a66","l11":"N20, ","c11":"#e16cd6","l12":"N30, ","c12":"#119efc","l13":"N40, ","c13":"#79a620","l14":"S, ","c14":"#b59607","l15":"W","c15":"#126804"},"geometry":{"type":"Point","coordinates":[18.525229,54.521903]}},{"type":"Feature","properties":{"lines":"22, 25, 26, 27, 34, 105, 109, 125, 141, 326, G, N20, N30, N40, S, W","arr":["22","25","26","27","34","105","109","125","141","326","G","N20","N30","N40","S","W"],"mode":"bus","angle":31.9,"extra":1,"ei":1,"l0":"22, ","c0":"#446303","l1":"25, ","c1":"#095d97","l2":"26, ","c2":"#ff627e","l3":"27, ","c3":"#02af5a","l4":"34, ","c4":"#8e4604","l5":"105, ","c5":"#ff627e","l6":"109, ","c6":"#11a2e3","l7":"125, ","c7":"#9789ff","l8":"141, ","c8":"#05617d","l9":"326, ","c9":"#b0045c","l10":"G, ","c10":"#0a8a66","l11":"N20, ","c11":"#e16cd6","l12":"N30, ","c12":"#119efc","l13":"N40, ","c13":"#79a620","l14":"S, ","c14":"#b59607","l15":"W","c15":"#126804"},"geometry":{"type":"Point","coordinates":[18.522483,54.522906]}},{"type":"Feature","properties":{"lines":"22, 25, 26, 27, 34, 105, 109, 125, 141, 326, G, N20, N30, N40, S, W","arr":["22","25","26","27","34","105","109","125","141","326","G","N20","N30","N40","S","W"],"mode":"bus","angle":31.9,"extra":1,"ei":2,"l0":"22, ","c0":"#446303","l1":"25, ","c1":"#095d97","l2":"26, ","c2":"#ff627e","l3":"27, ","c3":"#02af5a","l4":"34, ","c4":"#8e4604","l5":"105, ","c5":"#ff627e","l6":"109, ","c6":"#11a2e3","l7":"125, ","c7":"#9789ff","l8":"141, ","c8":"#05617d","l9":"326, ","c9":"#b0045c","l10":"G, ","c10":"#0a8a66","l11":"N20, ","c11":"#e16cd6","l12":"N30, ","c12":"#119efc","l13":"N40, ","c13":"#79a620","l14":"S, ","c14":"#b59607","l15":"W","c15":"#126804"},"geometry":{"type":"Point","coordinates":[18.519731,54.523903]}},{"type":"Feature","properties":{"lines":"22, 25, 26, 27, 34, 105, 109, 125, 141, 326, G, N20, N30, N40, S, W","arr":["22","25","26","27","34","105","109","125","141","326","G","N20","N30","N40","S","W"],"mode":"bus","angle":32.3,"extra":1,"ei":3,"l0":"22, ","c0":"#446303","l1":"25, ","c1":"#095d97","l2":"26, ","c2":"#ff627e","l3":"27, ","c3":"#02af5a","l4":"34, ","c4":"#8e4604","l5":"105, ","c5":"#ff627e","l6":"109, ","c6":"#11a2e3","l7":"125, ","c7":"#9789ff","l8":"141, ","c8":"#05617d","l9":"326, ","c9":"#b0045c","l10":"G, ","c10":"#0a8a66","l11":"N20, ","c11":"#e16cd6","l12":"N30, ","c12":"#119efc","l13":"N40, ","c13":"#79a620","l14":"S, ","c14":"#b59607","l15":"W","c15":"#126804"},"geometry":{"type":"Point","coordinates":[18.516985,54.524906]}},{"type":"Feature","properties":{"lines":"22, 25, 26, 27, 34, 105, 109, 125, 141, 326, G, N20, N30, N40, S, W","arr":["22","25","26","27","34","105","109","125","141","326","G","N20","N30","N40","S","W"],"mode":"bus","angle":32.4,"extra":1,"ei":4,"l0":"22, ","c0":"#446303","l1":"25, ","c1":"#095d97","l2":"26, ","c2":"#ff627e","l3":"27, ","c3":"#02af5a","l4":"34, ","c4":"#8e4604","l5":"105, ","c5":"#ff627e","l6":"109, ","c6":"#11a2e3","l7":"125, ","c7":"#9789ff","l8":"141, ","c8":"#05617d","l9":"326, ","c9":"#b0045c","l10":"G, ","c10":"#0a8a66","l11":"N20, ","c11":"#e16cd6","l12":"N30, ","c12":"#119efc","l13":"N40, ","c13":"#79a620","l14":"S, ","c14":"#b59607","l15":"W","c15":"#126804"},"geometry":{"type":"Point","coordinates":[18.51425,54.525918]}},{"type":"Feature","properties":{"lines":"22, 25, 26, 27, 34, 105, 109, 125, 141, 326, G, N20, N30, N40, S, W","arr":["22","25","26","27","34","105","109","125","141","326","G","N20","N30","N40","S","W"],"mode":"bus","angle":20.6,"extra":1,"ei":5,"l0":"22, ","c0":"#446303","l1":"25, ","c1":"#095d97","l2":"26, ","c2":"#ff627e","l3":"27, ","c3":"#02af5a","l4":"34, ","c4":"#8e4604","l5":"105, ","c5":"#ff627e","l6":"109, ","c6":"#11a2e3","l7":"125, ","c7":"#9789ff","l8":"141, ","c8":"#05617d","l9":"326, ","c9":"#b0045c","l10":"G, ","c10":"#0a8a66","l11":"N20, ","c11":"#e16cd6","l12":"N30, ","c12":"#119efc","l13":"N40, ","c13":"#79a620","l14":"S, ","c14":"#b59607","l15":"W","c15":"#126804"},"geometry":{"type":"Point","coordinates":[18.508729,54.527875]}},{"type":"Feature","properties":{"lines":"22, 25, 26, 27, 34, 105, 109, 125, 141, 326, G, N20, N30, N40, S, W","arr":["22","25","26","27","34","105","109","125","141","326","G","N20","N30","N40","S","W"],"mode":"bus","angle":24.4,"extra":1,"ei":6,"l0":"22, ","c0":"#446303","l1":"25, ","c1":"#095d97","l2":"26, ","c2":"#ff627e","l3":"27, ","c3":"#02af5a","l4":"34, ","c4":"#8e4604","l5":"105, ","c5":"#ff627e","l6":"109, ","c6":"#11a2e3","l7":"125, ","c7":"#9789ff","l8":"141, ","c8":"#05617d","l9":"326, ","c9":"#b0045c","l10":"G, ","c10":"#0a8a66","l11":"N20, ","c11":"#e16cd6","l12":"N30, ","c12":"#119efc","l13":"N40, ","c13":"#79a620","l14":"S, ","c14":"#b59607","l15":"W","c15":"#126804"},"geometry":{"type":"Point","coordinates":[18.50576,54.528632]}},{"type":"Feature","properties":{"lines":"22, 25, 26, 27, 34, 105, 109, 125, 141, 326, G, N20, N30, N40, S, W","arr":["22","25","26","27","34","105","109","125","141","326","G","N20","N30","N40","S","W"],"mode":"bus","angle":19.9,"extra":1,"ei":7,"l0":"22, ","c0":"#446303","l1":"25, ","c1":"#095d97","l2":"26, ","c2":"#ff627e","l3":"27, ","c3":"#02af5a","l4":"34, ","c4":"#8e4604","l5":"105, ","c5":"#ff627e","l6":"109, ","c6":"#11a2e3","l7":"125, ","c7":"#9789ff","l8":"141, ","c8":"#05617d","l9":"326, ","c9":"#b0045c","l10":"G, ","c10":"#0a8a66","l11":"N20, ","c11":"#e16cd6","l12":"N30, ","c12":"#119efc","l13":"N40, ","c13":"#79a620","l14":"S, ","c14":"#b59607","l15":"W","c15":"#126804"},"geometry":{"type":"Point","coordinates":[18.502864,54.529473]}},{"type":"Feature","properties":{"lines":"22, 25, 26, 27, 34, 105, 109, 125, 141, 326, G, N20, N30, N40, S, W","arr":["22","25","26","27","34","105","109","125","141","326","G","N20","N30","N40","S","W"],"mode":"bus","angle":24.5,"extra":1,"ei":8,"l0":"22, ","c0":"#446303","l1":"25, ","c1":"#095d97","l2":"26, ","c2":"#ff627e","l3":"27, ","c3":"#02af5a","l4":"34, ","c4":"#8e4604","l5":"105, ","c5":"#ff627e","l6":"109, ","c6":"#11a2e3","l7":"125, ","c7":"#9789ff","l8":"141, ","c8":"#05617d","l9":"326, ","c9":"#b0045c","l10":"G, ","c10":"#0a8a66","l11":"N20, ","c11":"#e16cd6","l12":"N30, ","c12":"#119efc","l13":"N40, ","c13":"#79a620","l14":"S, ","c14":"#b59607","l15":"W","c15":"#126804"},"geometry":{"type":"Point","coordinates":[18.499871,54.53019]}},{"type":"Feature","properties":{"lines":"22, 25, 26, 27, 34, 105, 109, 125, 141, 326, G, N20, N30, N40, S, W","arr":["22","25","26","27","34","105","109","125","141","326","G","N20","N30","N40","S","W"],"mode":"bus","angle":24.4,"extra":1,"ei":9,"l0":"22, ","c0":"#446303","l1":"25, ","c1":"#095d97","l2":"26, ","c2":"#ff627e","l3":"27, ","c3":"#02af5a","l4":"34, ","c4":"#8e4604","l5":"105, ","c5":"#ff627e","l6":"109, ","c6":"#11a2e3","l7":"125, ","c7":"#9789ff","l8":"141, ","c8":"#05617d","l9":"326, ","c9":"#b0045c","l10":"G, ","c10":"#0a8a66","l11":"N20, ","c11":"#e16cd6","l12":"N30, ","c12":"#119efc","l13":"N40, ","c13":"#79a620","l14":"S, ","c14":"#b59607","l15":"W","c15":"#126804"},"geometry":{"type":"Point","coordinates":[18.496919,54.530969]}},{"type":"Feature","properties":{"lines":"22, 25, 26, 27, 34, 105, 109, 125, 141, 326, G, N20, N30, N40, S, W","arr":["22","25","26","27","34","105","109","125","141","326","G","N20","N30","N40","S","W"],"mode":"bus","angle":24.1,"l0":"22, ","c0":"#446303","l1":"25, ","c1":"#095d97","l2":"26, ","c2":"#ff627e","l3":"27, ","c3":"#02af5a","l4":"34, ","c4":"#8e4604","l5":"105, ","c5":"#ff627e","l6":"109, ","c6":"#11a2e3","l7":"125, ","c7":"#9789ff","l8":"141, ","c8":"#05617d","l9":"326, ","c9":"#b0045c","l10":"G, ","c10":"#0a8a66","l11":"N20, ","c11":"#e16cd6","l12":"N30, ","c12":"#119efc","l13":"N40, ","c13":"#79a620","l14":"S, ","c14":"#b59607","l15":"W","c15":"#126804"},"geometry":{"type":"Point","coordinates":[18.49507,54.531531]}},{"type":"Feature","properties":{"lines":"22, 25, 26, 27, 34, 105, 109, 125, 141, 309, 326, 723, 740, G, N20, N40, S, W","arr":["22","25","26","27","34","105","109","125","141","309","326","723","740","G","N20","N40","S","W"],"mode":"bus","angle":19.6,"l0":"22, ","c0":"#446303","l1":"25, ","c1":"#095d97","l2":"26, ","c2":"#ff627e","l3":"27, ","c3":"#02af5a","l4":"34, ","c4":"#8e4604","l5":"105, ","c5":"#ff627e","l6":"109, ","c6":"#11a2e3","l7":"125, ","c7":"#9789ff","l8":"141, ","c8":"#05617d","l9":"309, ","c9":"#8e4604","l10":"326, ","c10":"#b0045c","l11":"723, ","c11":"#126804","l12":"740, ","c12":"#c17aef","l13":"G, ","c13":"#0a8a66","l14":"N20, ","c14":"#e16cd6","l15":"N40, ","c15":"#79a620","l16":"S, ","c16":"#b59607","l17":"W","c17":"#126804"},"geometry":{"type":"Point","coordinates":[18.490469,54.532662]}},{"type":"Feature","properties":{"lines":"22, 25, 26, 27, 34, 197, K, N20, S, W","arr":["22","25","26","27","34","197","K","N20","S","W"],"mode":"bus","angle":24.4,"l0":"22, ","c0":"#446303","l1":"25, ","c1":"#095d97","l2":"26, ","c2":"#ff627e","l3":"27, ","c3":"#02af5a","l4":"34, ","c4":"#8e4604","l5":"197, ","c5":"#19a9a8","l6":"K, ","c6":"#b0045c","l7":"N20, ","c7":"#e16cd6","l8":"S, ","c8":"#b59607","l9":"W","c9":"#126804"},"geometry":{"type":"Point","coordinates":[18.484177,54.53424]}},{"type":"Feature","properties":{"lines":"22, 25, 26, 27, 34, 197, K, N20, S, W","arr":["22","25","26","27","34","197","K","N20","S","W"],"mode":"bus","angle":24.5,"extra":1,"ei":0,"l0":"22, ","c0":"#446303","l1":"25, ","c1":"#095d97","l2":"26, ","c2":"#ff627e","l3":"27, ","c3":"#02af5a","l4":"34, ","c4":"#8e4604","l5":"197, ","c5":"#19a9a8","l6":"K, ","c6":"#b0045c","l7":"N20, ","c7":"#e16cd6","l8":"S, ","c8":"#b59607","l9":"W","c9":"#126804"},"geometry":{"type":"Point","coordinates":[18.48713,54.533459]}},{"type":"Feature","properties":{"lines":"22, 25, 26, 27, 34, 197, K, N20, S, W","arr":["22","25","26","27","34","197","K","N20","S","W"],"mode":"bus","angle":44,"extra":1,"ei":1,"l0":"22, ","c0":"#446303","l1":"25, ","c1":"#095d97","l2":"26, ","c2":"#ff627e","l3":"27, ","c3":"#02af5a","l4":"34, ","c4":"#8e4604","l5":"197, ","c5":"#19a9a8","l6":"K, ","c6":"#b0045c","l7":"N20, ","c7":"#e16cd6","l8":"S, ","c8":"#b59607","l9":"W","c9":"#126804"},"geometry":{"type":"Point","coordinates":[18.481401,54.535186]}},{"type":"Feature","properties":{"lines":"22, 25, 26, 27, 34, 102, 197, K, N20, S, W","arr":["22","25","26","27","34","102","197","K","N20","S","W"],"mode":"bus","angle":19.5,"l0":"22, ","c0":"#446303","l1":"25, ","c1":"#095d97","l2":"26, ","c2":"#ff627e","l3":"27, ","c3":"#02af5a","l4":"34, ","c4":"#8e4604","l5":"102, ","c5":"#119efc","l6":"197, ","c6":"#19a9a8","l7":"K, ","c7":"#b0045c","l8":"N20, ","c8":"#e16cd6","l9":"S, ","c9":"#b59607","l10":"W","c10":"#126804"},"geometry":{"type":"Point","coordinates":[18.479434,54.536053]}},{"type":"Feature","properties":{"lines":"22, 27, 28, 710, N20","arr":["22","27","28","710","N20"],"mode":"bus","angle":23.4,"l0":"22, ","c0":"#446303","l1":"27, ","c1":"#02af5a","l2":"28, ","c2":"#1cab97","l3":"710, ","c3":"#b59607","l4":"N20","c4":"#e16cd6"},"geometry":{"type":"Point","coordinates":[18.474355,54.541726]}},{"type":"Feature","properties":{"lines":"22, 27, 28, 710, N20","arr":["22","27","28","710","N20"],"mode":"bus","angle":23.4,"extra":1,"ei":0,"l0":"22, ","c0":"#446303","l1":"27, ","c1":"#02af5a","l2":"28, ","c2":"#1cab97","l3":"710, ","c3":"#b59607","l4":"N20","c4":"#e16cd6"},"geometry":{"type":"Point","coordinates":[18.464072,54.544307]}},{"type":"Feature","properties":{"lines":"22, 27, 28, 710, N20","arr":["22","27","28","710","N20"],"mode":"bus","angle":23.5,"extra":1,"ei":1,"l0":"22, ","c0":"#446303","l1":"27, ","c1":"#02af5a","l2":"28, ","c2":"#1cab97","l3":"710, ","c3":"#b59607","l4":"N20","c4":"#e16cd6"},"geometry":{"type":"Point","coordinates":[18.467049,54.543561]}},{"type":"Feature","properties":{"lines":"22, 27, 28, 710, N20","arr":["22","27","28","710","N20"],"mode":"bus","angle":23.6,"extra":1,"ei":2,"l0":"22, ","c0":"#446303","l1":"27, ","c1":"#02af5a","l2":"28, ","c2":"#1cab97","l3":"710, ","c3":"#b59607","l4":"N20","c4":"#e16cd6"},"geometry":{"type":"Point","coordinates":[18.470026,54.542815]}},{"type":"Feature","properties":{"lines":"22, 27, 28, 710, N20","arr":["22","27","28","710","N20"],"mode":"bus","angle":65.2,"extra":1,"ei":3,"l0":"22, ","c0":"#446303","l1":"27, ","c1":"#02af5a","l2":"28, ","c2":"#1cab97","l3":"710, ","c3":"#b59607","l4":"N20","c4":"#e16cd6"},"geometry":{"type":"Point","coordinates":[18.478312,54.540025]}},{"type":"Feature","properties":{"lines":"22, 27, 28, 710, N20","arr":["22","27","28","710","N20"],"mode":"bus","angle":89.7,"extra":1,"ei":4,"l0":"22, ","c0":"#446303","l1":"27, ","c1":"#02af5a","l2":"28, ","c2":"#1cab97","l3":"710, ","c3":"#b59607","l4":"N20","c4":"#e16cd6"},"geometry":{"type":"Point","coordinates":[18.478376,54.538162]}},{"type":"Feature","properties":{"lines":"22, 27, 28, 710, N20","arr":["22","27","28","710","N20"],"mode":"bus","angle":77.6,"extra":1,"ei":5,"l0":"22, ","c0":"#446303","l1":"27, ","c1":"#02af5a","l2":"28, ","c2":"#1cab97","l3":"710, ","c3":"#b59607","l4":"N20","c4":"#e16cd6"},"geometry":{"type":"Point","coordinates":[18.478934,54.536303]}},{"type":"Feature","properties":{"lines":"22, 27, 102, 114, 159, 173, 710, N20","arr":["22","27","102","114","159","173","710","N20"],"mode":"bus","angle":23.5,"l0":"22, ","c0":"#446303","l1":"27, ","c1":"#02af5a","l2":"102, ","c2":"#119efc","l3":"114, ","c3":"#05617d","l4":"159, ","c4":"#fe6761","l5":"173, ","c5":"#8e4604","l6":"710, ","c6":"#b59607","l7":"N20","c7":"#e16cd6"},"geometry":{"type":"Point","coordinates":[18.462022,54.544826]}},{"type":"Feature","properties":{"lines":"22, 25, 27, 710, N20","arr":["22","25","27","710","N20"],"mode":"bus","angle":27.1,"l0":"22, ","c0":"#446303","l1":"25, ","c1":"#095d97","l2":"27, ","c2":"#02af5a","l3":"710, ","c3":"#b59607","l4":"N20","c4":"#e16cd6"},"geometry":{"type":"Point","coordinates":[18.443768,54.549526]}},{"type":"Feature","properties":{"lines":"22, 25, 26, 27, 28, 30, 34, 102, 197, 710, K, N20, S, W","arr":["22","25","26","27","28","30","34","102","197","710","K","N20","S","W"],"mode":"bus","angle":30.6,"side":-1,"l0":"22, ","c0":"#446303","l1":"25, ","c1":"#095d97","l2":"26, ","c2":"#ff627e","l3":"27, ","c3":"#02af5a","l4":"28, ","c4":"#1cab97","l5":"30, ","c5":"#7b3aa8","l6":"34, ","c6":"#8e4604","l7":"102, ","c7":"#119efc","l8":"197, ","c8":"#19a9a8","l9":"710, ","c9":"#b59607","l10":"K, ","c10":"#b0045c","l11":"N20, ","c11":"#e16cd6","l12":"S, ","c12":"#b59607","l13":"W","c13":"#126804"},"geometry":{"type":"Point","coordinates":[18.481181,54.535047]}},{"type":"Feature","properties":{"lines":"22, 25, 26, 27, 28, 30, 34, 197, 710, K, N20, S, W","arr":["22","25","26","27","28","30","34","197","710","K","N20","S","W"],"mode":"bus","angle":25.7,"side":-1,"l0":"22, ","c0":"#446303","l1":"25, ","c1":"#095d97","l2":"26, ","c2":"#ff627e","l3":"27, ","c3":"#02af5a","l4":"28, ","c4":"#1cab97","l5":"30, ","c5":"#7b3aa8","l6":"34, ","c6":"#8e4604","l7":"197, ","c7":"#19a9a8","l8":"710, ","c8":"#b59607","l9":"K, ","c9":"#b0045c","l10":"N20, ","c10":"#e16cd6","l11":"S, ","c11":"#b59607","l12":"W","c12":"#126804"},"geometry":{"type":"Point","coordinates":[18.485523,54.53377]}},{"type":"Feature","properties":{"lines":"22, 25, 26, 27, 28, 30, 34, 105, 109, 125, 141, 196, 309, 326, 710, 723, 740, G, N20, N30, N40, S, W","arr":["22","25","26","27","28","30","34","105","109","125","141","196","309","326","710","723","740","G","N20","N30","N40","S","W"],"mode":"bus","angle":8.8,"side":-1,"l0":"22, ","c0":"#446303","l1":"25, ","c1":"#095d97","l2":"26, ","c2":"#ff627e","l3":"27, ","c3":"#02af5a","l4":"28, ","c4":"#1cab97","l5":"30, ","c5":"#7b3aa8","l6":"34, ","c6":"#8e4604","l7":"105, ","c7":"#ff627e","l8":"109, ","c8":"#11a2e3","l9":"125, ","c9":"#9789ff","l10":"141, ","c10":"#05617d","l11":"196, ","c11":"#992492","l12":"309, ","c12":"#8e4604","l13":"326, ","c13":"#b0045c","l14":"710, ","c14":"#b59607","l15":"723, ","c15":"#126804","l16":"740, ","c16":"#c17aef","l17":"G, ","c17":"#0a8a66","l18":"N20, ","c18":"#e16cd6","l19":"N30, ","c19":"#119efc","l20":"N40, ","c20":"#79a620","l21":"S, ","c21":"#b59607","l22":"W","c22":"#126804"},"geometry":{"type":"Point","coordinates":[18.490221,54.532445]}},{"type":"Feature","properties":{"lines":"22, 25, 26, 27, 28, 30, 34, 105, 109, 125, 141, 196, 326, 723, 740, G, N20, N30, N40, S, W","arr":["22","25","26","27","28","30","34","105","109","125","141","196","326","723","740","G","N20","N30","N40","S","W"],"mode":"bus","angle":32.2,"side":-1,"l0":"22, ","c0":"#446303","l1":"25, ","c1":"#095d97","l2":"26, ","c2":"#ff627e","l3":"27, ","c3":"#02af5a","l4":"28, ","c4":"#1cab97","l5":"30, ","c5":"#7b3aa8","l6":"34, ","c6":"#8e4604","l7":"105, ","c7":"#ff627e","l8":"109, ","c8":"#11a2e3","l9":"125, ","c9":"#9789ff","l10":"141, ","c10":"#05617d","l11":"196, ","c11":"#992492","l12":"326, ","c12":"#b0045c","l13":"723, ","c13":"#126804","l14":"740, ","c14":"#c17aef","l15":"G, ","c15":"#0a8a66","l16":"N20, ","c16":"#e16cd6","l17":"N30, ","c17":"#119efc","l18":"N40, ","c18":"#79a620","l19":"S, ","c19":"#b59607","l20":"W","c20":"#126804"},"geometry":{"type":"Point","coordinates":[18.518259,54.524335]}},{"type":"Feature","properties":{"lines":"22, 25, 26, 27, 28, 30, 34, 105, 109, 125, 141, 196, 326, 723, 740, G, N20, N30, N40, S, W","arr":["22","25","26","27","28","30","34","105","109","125","141","196","326","723","740","G","N20","N30","N40","S","W"],"mode":"bus","angle":25,"side":-1,"l0":"22, ","c0":"#446303","l1":"25, ","c1":"#095d97","l2":"26, ","c2":"#ff627e","l3":"27, ","c3":"#02af5a","l4":"28, ","c4":"#1cab97","l5":"30, ","c5":"#7b3aa8","l6":"34, ","c6":"#8e4604","l7":"105, ","c7":"#ff627e","l8":"109, ","c8":"#11a2e3","l9":"125, ","c9":"#9789ff","l10":"141, ","c10":"#05617d","l11":"196, ","c11":"#992492","l12":"326, ","c12":"#b0045c","l13":"723, ","c13":"#126804","l14":"740, ","c14":"#c17aef","l15":"G, ","c15":"#0a8a66","l16":"N20, ","c16":"#e16cd6","l17":"N30, ","c17":"#119efc","l18":"N40, ","c18":"#79a620","l19":"S, ","c19":"#b59607","l20":"W","c20":"#126804"},"geometry":{"type":"Point","coordinates":[18.493941,54.531665]}},{"type":"Feature","properties":{"lines":"22, 25, 26, 27, 28, 30, 34, 105, 109, 125, 141, 196, 326, 723, 740, G, N20, N30, N40, S, W","arr":["22","25","26","27","28","30","34","105","109","125","141","196","326","723","740","G","N20","N30","N40","S","W"],"mode":"bus","angle":24.4,"side":-1,"extra":1,"ei":0,"l0":"22, ","c0":"#446303","l1":"25, ","c1":"#095d97","l2":"26, ","c2":"#ff627e","l3":"27, ","c3":"#02af5a","l4":"28, ","c4":"#1cab97","l5":"30, ","c5":"#7b3aa8","l6":"34, ","c6":"#8e4604","l7":"105, ","c7":"#ff627e","l8":"109, ","c8":"#11a2e3","l9":"125, ","c9":"#9789ff","l10":"141, ","c10":"#05617d","l11":"196, ","c11":"#992492","l12":"326, ","c12":"#b0045c","l13":"723, ","c13":"#126804","l14":"740, ","c14":"#c17aef","l15":"G, ","c15":"#0a8a66","l16":"N20, ","c16":"#e16cd6","l17":"N30, ","c17":"#119efc","l18":"N40, ","c18":"#79a620","l19":"S, ","c19":"#b59607","l20":"W","c20":"#126804"},"geometry":{"type":"Point","coordinates":[18.496057,54.531075]}},{"type":"Feature","properties":{"lines":"22, 25, 26, 27, 28, 30, 34, 105, 109, 125, 141, 196, 326, 723, 740, G, N20, N30, N40, S, W","arr":["22","25","26","27","28","30","34","105","109","125","141","196","326","723","740","G","N20","N30","N40","S","W"],"mode":"bus","angle":30.4,"side":-1,"extra":1,"ei":0,"l0":"22, ","c0":"#446303","l1":"25, ","c1":"#095d97","l2":"26, ","c2":"#ff627e","l3":"27, ","c3":"#02af5a","l4":"28, ","c4":"#1cab97","l5":"30, ","c5":"#7b3aa8","l6":"34, ","c6":"#8e4604","l7":"105, ","c7":"#ff627e","l8":"109, ","c8":"#11a2e3","l9":"125, ","c9":"#9789ff","l10":"141, ","c10":"#05617d","l11":"196, ","c11":"#992492","l12":"326, ","c12":"#b0045c","l13":"723, ","c13":"#126804","l14":"740, ","c14":"#c17aef","l15":"G, ","c15":"#0a8a66","l16":"N20, ","c16":"#e16cd6","l17":"N30, ","c17":"#119efc","l18":"N40, ","c18":"#79a620","l19":"S, ","c19":"#b59607","l20":"W","c20":"#126804"},"geometry":{"type":"Point","coordinates":[18.511147,54.526953]}},{"type":"Feature","properties":{"lines":"22, 25, 26, 27, 28, 30, 34, 105, 109, 125, 141, 196, 326, 723, 740, G, N20, N30, N40, S, W","arr":["22","25","26","27","28","30","34","105","109","125","141","196","326","723","740","G","N20","N30","N40","S","W"],"mode":"bus","angle":32.3,"side":-1,"extra":1,"ei":1,"l0":"22, ","c0":"#446303","l1":"25, ","c1":"#095d97","l2":"26, ","c2":"#ff627e","l3":"27, ","c3":"#02af5a","l4":"28, ","c4":"#1cab97","l5":"30, ","c5":"#7b3aa8","l6":"34, ","c6":"#8e4604","l7":"105, ","c7":"#ff627e","l8":"109, ","c8":"#11a2e3","l9":"125, ","c9":"#9789ff","l10":"141, ","c10":"#05617d","l11":"196, ","c11":"#992492","l12":"326, ","c12":"#b0045c","l13":"723, ","c13":"#126804","l14":"740, ","c14":"#c17aef","l15":"G, ","c15":"#0a8a66","l16":"N20, ","c16":"#e16cd6","l17":"N30, ","c17":"#119efc","l18":"N40, ","c18":"#79a620","l19":"S, ","c19":"#b59607","l20":"W","c20":"#126804"},"geometry":{"type":"Point","coordinates":[18.513883,54.525942]}},{"type":"Feature","properties":{"lines":"22, 25, 26, 27, 28, 30, 34, 105, 109, 125, 141, 196, 326, 723, 740, G, N20, N30, N40, S, W","arr":["22","25","26","27","28","30","34","105","109","125","141","196","326","723","740","G","N20","N30","N40","S","W"],"mode":"bus","angle":31.9,"side":-1,"extra":1,"ei":2,"l0":"22, ","c0":"#446303","l1":"25, ","c1":"#095d97","l2":"26, ","c2":"#ff627e","l3":"27, ","c3":"#02af5a","l4":"28, ","c4":"#1cab97","l5":"30, ","c5":"#7b3aa8","l6":"34, ","c6":"#8e4604","l7":"105, ","c7":"#ff627e","l8":"109, ","c8":"#11a2e3","l9":"125, ","c9":"#9789ff","l10":"141, ","c10":"#05617d","l11":"196, ","c11":"#992492","l12":"326, ","c12":"#b0045c","l13":"723, ","c13":"#126804","l14":"740, ","c14":"#c17aef","l15":"G, ","c15":"#0a8a66","l16":"N20, ","c16":"#e16cd6","l17":"N30, ","c17":"#119efc","l18":"N40, ","c18":"#79a620","l19":"S, ","c19":"#b59607","l20":"W","c20":"#126804"},"geometry":{"type":"Point","coordinates":[18.522115,54.522928]}},{"type":"Feature","properties":{"lines":"22, 25, 26, 27, 28, 30, 34, 105, 109, 125, 141, 196, 326, 723, 740, G, N20, N30, N40, S, W","arr":["22","25","26","27","28","30","34","105","109","125","141","196","326","723","740","G","N20","N30","N40","S","W"],"mode":"bus","angle":33.3,"side":-1,"extra":1,"ei":3,"l0":"22, ","c0":"#446303","l1":"25, ","c1":"#095d97","l2":"26, ","c2":"#ff627e","l3":"27, ","c3":"#02af5a","l4":"28, ","c4":"#1cab97","l5":"30, ","c5":"#7b3aa8","l6":"34, ","c6":"#8e4604","l7":"105, ","c7":"#ff627e","l8":"109, ","c8":"#11a2e3","l9":"125, ","c9":"#9789ff","l10":"141, ","c10":"#05617d","l11":"196, ","c11":"#992492","l12":"326, ","c12":"#b0045c","l13":"723, ","c13":"#126804","l14":"740, ","c14":"#c17aef","l15":"G, ","c15":"#0a8a66","l16":"N20, ","c16":"#e16cd6","l17":"N30, ","c17":"#119efc","l18":"N40, ","c18":"#79a620","l19":"S, ","c19":"#b59607","l20":"W","c20":"#126804"},"geometry":{"type":"Point","coordinates":[18.524864,54.521929]}},{"type":"Feature","properties":{"lines":"22, 25, 26, 27, 28, 30, 34, 102, 105, 109, 125, 141, 196, 326, 723, 740, G, N20, N30, N40, S, W","arr":["22","25","26","27","28","30","34","102","105","109","125","141","196","326","723","740","G","N20","N30","N40","S","W"],"mode":"bus","angle":24.5,"side":-1,"l0":"22, ","c0":"#446303","l1":"25, ","c1":"#095d97","l2":"26, ","c2":"#ff627e","l3":"27, ","c3":"#02af5a","l4":"28, ","c4":"#1cab97","l5":"30, ","c5":"#7b3aa8","l6":"34, ","c6":"#8e4604","l7":"102, ","c7":"#119efc","l8":"105, ","c8":"#ff627e","l9":"109, ","c9":"#11a2e3","l10":"125, ","c10":"#9789ff","l11":"141, ","c11":"#05617d","l12":"196, ","c12":"#992492","l13":"326, ","c13":"#b0045c","l14":"723, ","c14":"#126804","l15":"740, ","c15":"#c17aef","l16":"G, ","c16":"#0a8a66","l17":"N20, ","c17":"#e16cd6","l18":"N30, ","c18":"#119efc","l19":"N40, ","c19":"#79a620","l20":"S, ","c20":"#b59607","l21":"W","c21":"#126804"},"geometry":{"type":"Point","coordinates":[18.503004,54.529263]}},{"type":"Feature","properties":{"lines":"22, 25, 26, 27, 28, 30, 34, 102, 105, 109, 125, 141, 196, 326, 723, 740, G, N20, N30, N40, S, W","arr":["22","25","26","27","28","30","34","102","105","109","125","141","196","326","723","740","G","N20","N30","N40","S","W"],"mode":"bus","angle":22.1,"side":-1,"extra":1,"ei":0,"l0":"22, ","c0":"#446303","l1":"25, ","c1":"#095d97","l2":"26, ","c2":"#ff627e","l3":"27, ","c3":"#02af5a","l4":"28, ","c4":"#1cab97","l5":"30, ","c5":"#7b3aa8","l6":"34, ","c6":"#8e4604","l7":"102, ","c7":"#119efc","l8":"105, ","c8":"#ff627e","l9":"109, ","c9":"#11a2e3","l10":"125, ","c10":"#9789ff","l11":"141, ","c11":"#05617d","l12":"196, ","c12":"#992492","l13":"326, ","c13":"#b0045c","l14":"723, ","c14":"#126804","l15":"740, ","c15":"#c17aef","l16":"G, ","c16":"#0a8a66","l17":"N20, ","c17":"#e16cd6","l18":"N30, ","c18":"#119efc","l19":"N40, ","c19":"#79a620","l20":"S, ","c20":"#b59607","l21":"W","c21":"#126804"},"geometry":{"type":"Point","coordinates":[18.497695,54.530658]}},{"type":"Feature","properties":{"lines":"22, 25, 26, 27, 28, 30, 34, 102, 105, 109, 125, 141, 196, 326, 723, 740, G, N20, N30, N40, S, W","arr":["22","25","26","27","28","30","34","102","105","109","125","141","196","326","723","740","G","N20","N30","N40","S","W"],"mode":"bus","angle":24.3,"side":-1,"extra":1,"ei":1,"l0":"22, ","c0":"#446303","l1":"25, ","c1":"#095d97","l2":"26, ","c2":"#ff627e","l3":"27, ","c3":"#02af5a","l4":"28, ","c4":"#1cab97","l5":"30, ","c5":"#7b3aa8","l6":"34, ","c6":"#8e4604","l7":"102, ","c7":"#119efc","l8":"105, ","c8":"#ff627e","l9":"109, ","c9":"#11a2e3","l10":"125, ","c10":"#9789ff","l11":"141, ","c11":"#05617d","l12":"196, ","c12":"#992492","l13":"326, ","c13":"#b0045c","l14":"723, ","c14":"#126804","l15":"740, ","c15":"#c17aef","l16":"G, ","c16":"#0a8a66","l17":"N20, ","c17":"#e16cd6","l18":"N30, ","c18":"#119efc","l19":"N40, ","c19":"#79a620","l20":"S, ","c20":"#b59607","l21":"W","c21":"#126804"},"geometry":{"type":"Point","coordinates":[18.500652,54.529886]}},{"type":"Feature","properties":{"lines":"22, 25, 26, 27, 28, 30, 34, 102, 105, 109, 125, 141, 196, 326, 723, 740, G, N20, N30, N40, S, W","arr":["22","25","26","27","28","30","34","102","105","109","125","141","196","326","723","740","G","N20","N30","N40","S","W"],"mode":"bus","angle":24.1,"side":-1,"extra":1,"ei":2,"l0":"22, ","c0":"#446303","l1":"25, ","c1":"#095d97","l2":"26, ","c2":"#ff627e","l3":"27, ","c3":"#02af5a","l4":"28, ","c4":"#1cab97","l5":"30, ","c5":"#7b3aa8","l6":"34, ","c6":"#8e4604","l7":"102, ","c7":"#119efc","l8":"105, ","c8":"#ff627e","l9":"109, ","c9":"#11a2e3","l10":"125, ","c10":"#9789ff","l11":"141, ","c11":"#05617d","l12":"196, ","c12":"#992492","l13":"326, ","c13":"#b0045c","l14":"723, ","c14":"#126804","l15":"740, ","c15":"#c17aef","l16":"G, ","c16":"#0a8a66","l17":"N20, ","c17":"#e16cd6","l18":"N30, ","c18":"#119efc","l19":"N40, ","c19":"#79a620","l20":"S, ","c20":"#b59607","l21":"W","c21":"#126804"},"geometry":{"type":"Point","coordinates":[18.506554,54.528325]}},{"type":"Feature","properties":{"lines":"22, 25, 26, 27, 28, 30, 34, 102, 105, 109, 125, 141, 196, 326, 723, 740, G, N20, N30, N40, S, W","arr":["22","25","26","27","28","30","34","102","105","109","125","141","196","326","723","740","G","N20","N30","N40","S","W"],"mode":"bus","angle":29.8,"side":-1,"extra":1,"ei":3,"l0":"22, ","c0":"#446303","l1":"25, ","c1":"#095d97","l2":"26, ","c2":"#ff627e","l3":"27, ","c3":"#02af5a","l4":"28, ","c4":"#1cab97","l5":"30, ","c5":"#7b3aa8","l6":"34, ","c6":"#8e4604","l7":"102, ","c7":"#119efc","l8":"105, ","c8":"#ff627e","l9":"109, ","c9":"#11a2e3","l10":"125, ","c10":"#9789ff","l11":"141, ","c11":"#05617d","l12":"196, ","c12":"#992492","l13":"326, ","c13":"#b0045c","l14":"723, ","c14":"#126804","l15":"740, ","c15":"#c17aef","l16":"G, ","c16":"#0a8a66","l17":"N20, ","c17":"#e16cd6","l18":"N30, ","c18":"#119efc","l19":"N40, ","c19":"#79a620","l20":"S, ","c20":"#b59607","l21":"W","c21":"#126804"},"geometry":{"type":"Point","coordinates":[18.509473,54.52751]}},{"type":"Feature","properties":{"lines":"22, 26, 27, 30, 190","arr":["22","26","27","30","190"],"mode":"bus","angle":6.2,"side":-1,"l0":"22, ","c0":"#446303","l1":"26, ","c1":"#ff627e","l2":"27, ","c2":"#02af5a","l3":"30, ","c3":"#7b3aa8","l4":"190","c4":"#b59607"},"geometry":{"type":"Point","coordinates":[18.533075,54.51196]}},{"type":"Feature","properties":{"lines":"22, 26, 27, 30, 182, 190","arr":["22","26","27","30","182","190"],"mode":"bus","angle":79.4,"side":-1,"l0":"22, ","c0":"#446303","l1":"26, ","c1":"#ff627e","l2":"27, ","c2":"#02af5a","l3":"30, ","c3":"#7b3aa8","l4":"182, ","c4":"#fe6761","l5":"190","c5":"#b59607"},"geometry":{"type":"Point","coordinates":[18.533908,54.510681]}},{"type":"Feature","properties":{"lines":"22, 26, 27, 30, 34, 109, 140, 147, 150, 160, 182, 190, 209, N20, N40","arr":["22","26","27","30","34","109","140","147","150","160","182","190","209","N20","N40"],"mode":"bus","angle":86.8,"side":-1,"l0":"22, ","c0":"#446303","l1":"26, ","c1":"#ff627e","l2":"27, ","c2":"#02af5a","l3":"30, ","c3":"#7b3aa8","l4":"34, ","c4":"#8e4604","l5":"109, ","c5":"#11a2e3","l6":"140, ","c6":"#1777eb","l7":"147, ","c7":"#1cab97","l8":"150, ","c8":"#b20b42","l9":"160, ","c9":"#e47e2b","l10":"182, ","c10":"#fe6761","l11":"190, ","c11":"#b59607","l12":"209, ","c12":"#04664a","l13":"N20, ","c13":"#e16cd6","l14":"N40","c14":"#79a620"},"geometry":{"type":"Point","coordinates":[18.534532,54.508752]}},{"type":"Feature","properties":{"lines":"22, 26, 27, 30, 34, 109, 140, 147, 150, 160, 190, 209, N20, N94","arr":["22","26","27","30","34","109","140","147","150","160","190","209","N20","N94"],"mode":"bus","angle":-85,"l0":"22, ","c0":"#446303","l1":"26, ","c1":"#ff627e","l2":"27, ","c2":"#02af5a","l3":"30, ","c3":"#7b3aa8","l4":"34, ","c4":"#8e4604","l5":"109, ","c5":"#11a2e3","l6":"140, ","c6":"#1777eb","l7":"147, ","c7":"#1cab97","l8":"150, ","c8":"#b20b42","l9":"160, ","c9":"#e47e2b","l10":"190, ","c10":"#b59607","l11":"209, ","c11":"#04664a","l12":"N20, ","c12":"#e16cd6","l13":"N94","c13":"#126804"},"geometry":{"type":"Point","coordinates":[18.534449,54.507616]}},{"type":"Feature","properties":{"lines":"22, 26, 30, 34, 109, 140, 147, 150, 160, 190, N20, N94","arr":["22","26","30","34","109","140","147","150","160","190","N20","N94"],"mode":"bus","angle":40,"l0":"22, ","c0":"#446303","l1":"26, ","c1":"#ff627e","l2":"30, ","c2":"#7b3aa8","l3":"34, ","c3":"#8e4604","l4":"109, ","c4":"#11a2e3","l5":"140, ","c5":"#1777eb","l6":"147, ","c6":"#1cab97","l7":"150, ","c7":"#b20b42","l8":"160, ","c8":"#e47e2b","l9":"190, ","c9":"#b59607","l10":"N20, ","c10":"#e16cd6","l11":"N94","c11":"#126804"},"geometry":{"type":"Point","coordinates":[18.534647,54.506608]}},{"type":"Feature","properties":{"lines":"22, 30, 34, 109, 140, 147, 150, 160, 190, N20, N94","arr":["22","30","34","109","140","147","150","160","190","N20","N94"],"mode":"bus","angle":-7.4,"l0":"22, ","c0":"#446303","l1":"30, ","c1":"#7b3aa8","l2":"34, ","c2":"#8e4604","l3":"109, ","c3":"#11a2e3","l4":"140, ","c4":"#1777eb","l5":"147, ","c5":"#1cab97","l6":"150, ","c6":"#b20b42","l7":"160, ","c7":"#e47e2b","l8":"190, ","c8":"#b59607","l9":"N20, ","c9":"#e16cd6","l10":"N94","c10":"#126804"},"geometry":{"type":"Point","coordinates":[18.536349,54.50648]}},{"type":"Feature","properties":{"lines":"22, 24, 25, 28, 30, 32, 102, 119, 146, 173, 190, 194, 204, 282, 723","arr":["22","24","25","28","30","32","102","119","146","173","190","194","204","282","723"],"mode":"bus","angle":85.3,"l0":"22, ","c0":"#446303","l1":"24, ","c1":"#ff5e9b","l2":"25, ","c2":"#095d97","l3":"28, ","c3":"#1cab97","l4":"30, ","c4":"#7b3aa8","l5":"32, ","c5":"#4d4aba","l6":"102, ","c6":"#119efc","l7":"119, ","c7":"#a72d06","l8":"146, ","c8":"#05617d","l9":"173, ","c9":"#8e4604","l10":"190, ","c10":"#b59607","l11":"194, ","c11":"#11a2e3","l12":"204, ","c12":"#e16cd6","l13":"282, ","c13":"#cf8a11","l14":"723","c14":"#126804"},"geometry":{"type":"Point","coordinates":[18.543144,54.522936]}},{"type":"Feature","properties":{"lines":"22, 24, 25, 28, 30, 32, 102, 119, 146, 173, 190, 194, 204, 282, 723","arr":["22","24","25","28","30","32","102","119","146","173","190","194","204","282","723"],"mode":"bus","angle":2.1,"mi":1,"l0":"22, ","c0":"#446303","l1":"24, ","c1":"#ff5e9b","l2":"25, ","c2":"#095d97","l3":"28, ","c3":"#1cab97","l4":"30, ","c4":"#7b3aa8","l5":"32, ","c5":"#4d4aba","l6":"102, ","c6":"#119efc","l7":"119, ","c7":"#a72d06","l8":"146, ","c8":"#05617d","l9":"173, ","c9":"#8e4604","l10":"190, ","c10":"#b59607","l11":"194, ","c11":"#11a2e3","l12":"204, ","c12":"#e16cd6","l13":"282, ","c13":"#cf8a11","l14":"723","c14":"#126804"},"geometry":{"type":"Point","coordinates":[18.540862,54.523441]}},{"type":"Feature","properties":{"lines":"22, 24, 25, 28, 30, 32, 102, 104, 119, 128, 133, 140, 146, 147, 150, 152, 160, 173, 182, 190, 194, 196, 204, 282, 723, 740, R, Z","arr":["22","24","25","28","30","32","102","104","119","128","133","140","146","147","150","152","160","173","182","190","194","196","204","282","723","740","R","Z"],"mode":"bus","angle":-5.1,"l0":"22, ","c0":"#446303","l1":"24, ","c1":"#ff5e9b","l2":"25, ","c2":"#095d97","l3":"28, ","c3":"#1cab97","l4":"30, ","c4":"#7b3aa8","l5":"32, ","c5":"#4d4aba","l6":"102, ","c6":"#119efc","l7":"104, ","c7":"#119efc","l8":"119, ","c8":"#a72d06","l9":"128, ","c9":"#095d97","l10":"133, ","c10":"#19a9a8","l11":"140, ","c11":"#1777eb","l12":"146, ","c12":"#05617d","l13":"147, ","c13":"#1cab97","l14":"150, ","c14":"#b20b42","l15":"152, ","c15":"#9789ff","l16":"160, ","c16":"#e47e2b","l17":"173, ","c17":"#8e4604","l18":"182, ","c18":"#fe6761","l19":"190, ","c19":"#b59607","l20":"194, ","c20":"#11a2e3","l21":"196, ","c21":"#992492","l22":"204, ","c22":"#e16cd6","l23":"282, ","c23":"#cf8a11","l24":"723, ","c24":"#126804","l25":"740, ","c25":"#c17aef","l26":"R, ","c26":"#b59607","l27":"Z","c27":"#076734"},"geometry":{"type":"Point","coordinates":[18.536911,54.523287]}},{"type":"Feature","properties":{"lines":"22, 24, 30, 32, 102, 104, 119, 128, 133, 140, 146, 147, 150, 152, 160, 173, 182, 190, 194, 196, 204, 282, 723, 740, R, Z","arr":["22","24","30","32","102","104","119","128","133","140","146","147","150","152","160","173","182","190","194","196","204","282","723","740","R","Z"],"mode":"bus","angle":-10,"l0":"22, ","c0":"#446303","l1":"24, ","c1":"#ff5e9b","l2":"30, ","c2":"#7b3aa8","l3":"32, ","c3":"#4d4aba","l4":"102, ","c4":"#119efc","l5":"104, ","c5":"#119efc","l6":"119, ","c6":"#a72d06","l7":"128, ","c7":"#095d97","l8":"133, ","c8":"#19a9a8","l9":"140, ","c9":"#1777eb","l10":"146, ","c10":"#05617d","l11":"147, ","c11":"#1cab97","l12":"150, ","c12":"#b20b42","l13":"152, ","c13":"#9789ff","l14":"160, ","c14":"#e47e2b","l15":"173, ","c15":"#8e4604","l16":"182, ","c16":"#fe6761","l17":"190, ","c17":"#b59607","l18":"194, ","c18":"#11a2e3","l19":"196, ","c19":"#992492","l20":"204, ","c20":"#e16cd6","l21":"282, ","c21":"#cf8a11","l22":"723, ","c22":"#126804","l23":"740, ","c23":"#c17aef","l24":"R, ","c24":"#b59607","l25":"Z","c25":"#076734"},"geometry":{"type":"Point","coordinates":[18.532597,54.522932]}},{"type":"Feature","properties":{"lines":"22, 24, 30, 32, 102, 104, 119, 128, 133, 140, 146, 147, 150, 152, 160, 173, 182, 190, 194, 196, 204, 282, 723, 740, R, Z","arr":["22","24","30","32","102","104","119","128","133","140","146","147","150","152","160","173","182","190","194","196","204","282","723","740","R","Z"],"mode":"bus","angle":12.4,"extra":1,"ei":0,"l0":"22, ","c0":"#446303","l1":"24, ","c1":"#ff5e9b","l2":"30, ","c2":"#7b3aa8","l3":"32, ","c3":"#4d4aba","l4":"102, ","c4":"#119efc","l5":"104, ","c5":"#119efc","l6":"119, ","c6":"#a72d06","l7":"128, ","c7":"#095d97","l8":"133, ","c8":"#19a9a8","l9":"140, ","c9":"#1777eb","l10":"146, ","c10":"#05617d","l11":"147, ","c11":"#1cab97","l12":"150, ","c12":"#b20b42","l13":"152, ","c13":"#9789ff","l14":"160, ","c14":"#e47e2b","l15":"173, ","c15":"#8e4604","l16":"182, ","c16":"#fe6761","l17":"190, ","c17":"#b59607","l18":"194, ","c18":"#11a2e3","l19":"196, ","c19":"#992492","l20":"204, ","c20":"#e16cd6","l21":"282, ","c21":"#cf8a11","l22":"723, ","c22":"#126804","l23":"740, ","c23":"#c17aef","l24":"R, ","c24":"#b59607","l25":"Z","c25":"#076734"},"geometry":{"type":"Point","coordinates":[18.53039,54.52283]}},{"type":"Feature","properties":{"lines":"22, 24, 30, 32, 104, 128, 133, 146, 150, 152, 173, 182, 194, 196, 282, 723, N94, R","arr":["22","24","30","32","104","128","133","146","150","152","173","182","194","196","282","723","N94","R"],"mode":"bus","angle":20.9,"l0":"22, ","c0":"#446303","l1":"24, ","c1":"#ff5e9b","l2":"30, ","c2":"#7b3aa8","l3":"32, ","c3":"#4d4aba","l4":"104, ","c4":"#119efc","l5":"128, ","c5":"#095d97","l6":"133, ","c6":"#19a9a8","l7":"146, ","c7":"#05617d","l8":"150, ","c8":"#b20b42","l9":"152, ","c9":"#9789ff","l10":"173, ","c10":"#8e4604","l11":"182, ","c11":"#fe6761","l12":"194, ","c12":"#11a2e3","l13":"196, ","c13":"#992492","l14":"282, ","c14":"#cf8a11","l15":"723, ","c15":"#126804","l16":"N94, ","c16":"#126804","l17":"R","c17":"#b59607"},"geometry":{"type":"Point","coordinates":[18.529666,54.522968]}},{"type":"Feature","properties":{"lines":"22, 30, 32, 128, 133, 134, 150, 152, 173, 182, 194, 209, 282, R","arr":["22","30","32","128","133","134","150","152","173","182","194","209","282","R"],"mode":"bus","angle":36.8,"side":-1,"l0":"22, ","c0":"#446303","l1":"30, ","c1":"#7b3aa8","l2":"32, ","c2":"#4d4aba","l3":"128, ","c3":"#095d97","l4":"133, ","c4":"#19a9a8","l5":"134, ","c5":"#02af5a","l6":"150, ","c6":"#b20b42","l7":"152, ","c7":"#9789ff","l8":"173, ","c8":"#8e4604","l9":"182, ","c9":"#fe6761","l10":"194, ","c10":"#11a2e3","l11":"209, ","c11":"#04664a","l12":"282, ","c12":"#cf8a11","l13":"R","c13":"#b59607"},"geometry":{"type":"Point","coordinates":[18.529468,54.522743]}},{"type":"Feature","properties":{"lines":"23, 27, 29, 31, 32, 33, 180, 203, 252, 700, N10, N30, R, Z","arr":["23","27","29","31","32","33","180","203","252","700","N10","N30","R","Z"],"mode":"bus","angle":-11.8,"l0":"23, ","c0":"#05617d","l1":"27, ","c1":"#02af5a","l2":"29, ","c2":"#8e4604","l3":"31, ","c3":"#992492","l4":"32, ","c4":"#4d4aba","l5":"33, ","c5":"#b0045c","l6":"180, ","c6":"#05617d","l7":"203, ","c7":"#fe6761","l8":"252, ","c8":"#79a620","l9":"700, ","c9":"#4d4aba","l10":"N10, ","c10":"#f57145","l11":"N30, ","c11":"#119efc","l12":"R, ","c12":"#b59607","l13":"Z","c13":"#076734"},"geometry":{"type":"Point","coordinates":[18.544664,54.484912]}},{"type":"Feature","properties":{"lines":"23, 24, 27, 29, 31, 32, 33, 180, 203, 252, 700, 740, N10, N30, R, Z","arr":["23","24","27","29","31","32","33","180","203","252","700","740","N10","N30","R","Z"],"mode":"bus","angle":-26,"l0":"23, ","c0":"#05617d","l1":"24, ","c1":"#ff5e9b","l2":"27, ","c2":"#02af5a","l3":"29, ","c3":"#8e4604","l4":"31, ","c4":"#992492","l5":"32, ","c5":"#4d4aba","l6":"33, ","c6":"#b0045c","l7":"180, ","c7":"#05617d","l8":"203, ","c8":"#fe6761","l9":"252, ","c9":"#79a620","l10":"700, ","c10":"#4d4aba","l11":"740, ","c11":"#c17aef","l12":"N10, ","c12":"#f57145","l13":"N30, ","c13":"#119efc","l14":"R, ","c14":"#b59607","l15":"Z","c15":"#076734"},"geometry":{"type":"Point","coordinates":[18.540192,54.483892]}},{"type":"Feature","properties":{"lines":"23, 24, 27, 29, 31, 32, 33, 180, 203, 252, 700, 740, N10, N30, R, Z","arr":["23","24","27","29","31","32","33","180","203","252","700","740","N10","N30","R","Z"],"mode":"bus","angle":-26.2,"extra":1,"ei":0,"l0":"23, ","c0":"#05617d","l1":"24, ","c1":"#ff5e9b","l2":"27, ","c2":"#02af5a","l3":"29, ","c3":"#8e4604","l4":"31, ","c4":"#992492","l5":"32, ","c5":"#4d4aba","l6":"33, ","c6":"#b0045c","l7":"180, ","c7":"#05617d","l8":"203, ","c8":"#fe6761","l9":"252, ","c9":"#79a620","l10":"700, ","c10":"#4d4aba","l11":"740, ","c11":"#c17aef","l12":"N10, ","c12":"#f57145","l13":"N30, ","c13":"#119efc","l14":"R, ","c14":"#b59607","l15":"Z","c15":"#076734"},"geometry":{"type":"Point","coordinates":[18.542187,54.484469]}},{"type":"Feature","properties":{"lines":"23, 24, 27, 29, 31, 32, 33, 180, 700, 740, N10, N30, R, Z","arr":["23","24","27","29","31","32","33","180","700","740","N10","N30","R","Z"],"mode":"bus","angle":-26.3,"l0":"23, ","c0":"#05617d","l1":"24, ","c1":"#ff5e9b","l2":"27, ","c2":"#02af5a","l3":"29, ","c3":"#8e4604","l4":"31, ","c4":"#992492","l5":"32, ","c5":"#4d4aba","l6":"33, ","c6":"#b0045c","l7":"180, ","c7":"#05617d","l8":"700, ","c8":"#4d4aba","l9":"740, ","c9":"#c17aef","l10":"N10, ","c10":"#f57145","l11":"N30, ","c11":"#119efc","l12":"R, ","c12":"#b59607","l13":"Z","c13":"#076734"},"geometry":{"type":"Point","coordinates":[18.53454,54.482269]}},{"type":"Feature","properties":{"lines":"23, 24, 27, 29, 31, 32, 33, 180, 700, 740, N10, N30, R, Z","arr":["23","24","27","29","31","32","33","180","700","740","N10","N30","R","Z"],"mode":"bus","angle":-27.3,"extra":1,"ei":0,"l0":"23, ","c0":"#05617d","l1":"24, ","c1":"#ff5e9b","l2":"27, ","c2":"#02af5a","l3":"29, ","c3":"#8e4604","l4":"31, ","c4":"#992492","l5":"32, ","c5":"#4d4aba","l6":"33, ","c6":"#b0045c","l7":"180, ","c7":"#05617d","l8":"700, ","c8":"#4d4aba","l9":"740, ","c9":"#c17aef","l10":"N10, ","c10":"#f57145","l11":"N30, ","c11":"#119efc","l12":"R, ","c12":"#b59607","l13":"Z","c13":"#076734"},"geometry":{"type":"Point","coordinates":[18.532386,54.481643]}},{"type":"Feature","properties":{"lines":"23, 27, 29, 31, 32, 33, 180, 700, N10, N30, R, Z","arr":["23","27","29","31","32","33","180","700","N10","N30","R","Z"],"mode":"bus","angle":-31.5,"l0":"23, ","c0":"#05617d","l1":"27, ","c1":"#02af5a","l2":"29, ","c2":"#8e4604","l3":"31, ","c3":"#992492","l4":"32, ","c4":"#4d4aba","l5":"33, ","c5":"#b0045c","l6":"180, ","c6":"#05617d","l7":"700, ","c7":"#4d4aba","l8":"N10, ","c8":"#f57145","l9":"N30, ","c9":"#119efc","l10":"R, ","c10":"#b59607","l11":"Z","c11":"#076734"},"geometry":{"type":"Point","coordinates":[18.518642,54.476486]}},{"type":"Feature","properties":{"lines":"23, 27, 29, 31, 32, 33, 180, 700, N10, N30, R, Z","arr":["23","27","29","31","32","33","180","700","N10","N30","R","Z"],"mode":"bus","angle":-48.9,"extra":1,"ei":0,"l0":"23, ","c0":"#05617d","l1":"27, ","c1":"#02af5a","l2":"29, ","c2":"#8e4604","l3":"31, ","c3":"#992492","l4":"32, ","c4":"#4d4aba","l5":"33, ","c5":"#b0045c","l6":"180, ","c6":"#05617d","l7":"700, ","c7":"#4d4aba","l8":"N10, ","c8":"#f57145","l9":"N30, ","c9":"#119efc","l10":"R, ","c10":"#b59607","l11":"Z","c11":"#076734"},"geometry":{"type":"Point","coordinates":[18.531018,54.481122]}},{"type":"Feature","properties":{"lines":"23, 27, 29, 31, 32, 33, 180, 700, N10, N30, R, Z","arr":["23","27","29","31","32","33","180","700","N10","N30","R","Z"],"mode":"bus","angle":-29,"extra":1,"ei":1,"l0":"23, ","c0":"#05617d","l1":"27, ","c1":"#02af5a","l2":"29, ","c2":"#8e4604","l3":"31, ","c3":"#992492","l4":"32, ","c4":"#4d4aba","l5":"33, ","c5":"#b0045c","l6":"180, ","c6":"#05617d","l7":"700, ","c7":"#4d4aba","l8":"N10, ","c8":"#f57145","l9":"N30, ","c9":"#119efc","l10":"R, ","c10":"#b59607","l11":"Z","c11":"#076734"},"geometry":{"type":"Point","coordinates":[18.528465,54.479991]}},{"type":"Feature","properties":{"lines":"23, 27, 29, 31, 32, 33, 180, 700, N10, N30, R, Z","arr":["23","27","29","31","32","33","180","700","N10","N30","R","Z"],"mode":"bus","angle":-31.3,"extra":1,"ei":2,"l0":"23, ","c0":"#05617d","l1":"27, ","c1":"#02af5a","l2":"29, ","c2":"#8e4604","l3":"31, ","c3":"#992492","l4":"32, ","c4":"#4d4aba","l5":"33, ","c5":"#b0045c","l6":"180, ","c6":"#05617d","l7":"700, ","c7":"#4d4aba","l8":"N10, ","c8":"#f57145","l9":"N30, ","c9":"#119efc","l10":"R, ","c10":"#b59607","l11":"Z","c11":"#076734"},"geometry":{"type":"Point","coordinates":[18.525698,54.479008]}},{"type":"Feature","properties":{"lines":"23, 27, 29, 31, 32, 33, 180, 700, N10, N30, R, Z","arr":["23","27","29","31","32","33","180","700","N10","N30","R","Z"],"mode":"bus","angle":-31.6,"extra":1,"ei":3,"l0":"23, ","c0":"#05617d","l1":"27, ","c1":"#02af5a","l2":"29, ","c2":"#8e4604","l3":"31, ","c3":"#992492","l4":"32, ","c4":"#4d4aba","l5":"33, ","c5":"#b0045c","l6":"180, ","c6":"#05617d","l7":"700, ","c7":"#4d4aba","l8":"N10, ","c8":"#f57145","l9":"N30, ","c9":"#119efc","l10":"R, ","c10":"#b59607","l11":"Z","c11":"#076734"},"geometry":{"type":"Point","coordinates":[18.522936,54.478021]}},{"type":"Feature","properties":{"lines":"23, 27, 29, 31, 32, 33, 180, 700, N10, N30, R, Z","arr":["23","27","29","31","32","33","180","700","N10","N30","R","Z"],"mode":"bus","angle":-72,"extra":1,"ei":4,"l0":"23, ","c0":"#05617d","l1":"27, ","c1":"#02af5a","l2":"29, ","c2":"#8e4604","l3":"31, ","c3":"#992492","l4":"32, ","c4":"#4d4aba","l5":"33, ","c5":"#b0045c","l6":"180, ","c6":"#05617d","l7":"700, ","c7":"#4d4aba","l8":"N10, ","c8":"#f57145","l9":"N30, ","c9":"#119efc","l10":"R, ","c10":"#b59607","l11":"Z","c11":"#076734"},"geometry":{"type":"Point","coordinates":[18.515322,54.474723]}},{"type":"Feature","properties":{"lines":"23, 27, 29, 31, 32, 33, 180, 700, N10, N30, R, Z","arr":["23","27","29","31","32","33","180","700","N10","N30","R","Z"],"mode":"bus","angle":-61.1,"extra":1,"ei":5,"l0":"23, ","c0":"#05617d","l1":"27, ","c1":"#02af5a","l2":"29, ","c2":"#8e4604","l3":"31, ","c3":"#992492","l4":"32, ","c4":"#4d4aba","l5":"33, ","c5":"#b0045c","l6":"180, ","c6":"#05617d","l7":"700, ","c7":"#4d4aba","l8":"N10, ","c8":"#f57145","l9":"N30, ","c9":"#119efc","l10":"R, ","c10":"#b59607","l11":"Z","c11":"#076734"},"geometry":{"type":"Point","coordinates":[18.513886,54.473035]}},{"type":"Feature","properties":{"lines":"23, 27, 29, 31, 32, 33, 180, 700, N10, N30, R, Z","arr":["23","27","29","31","32","33","180","700","N10","N30","R","Z"],"mode":"bus","angle":-62.6,"extra":1,"ei":6,"l0":"23, ","c0":"#05617d","l1":"27, ","c1":"#02af5a","l2":"29, ","c2":"#8e4604","l3":"31, ","c3":"#992492","l4":"32, ","c4":"#4d4aba","l5":"33, ","c5":"#b0045c","l6":"180, ","c6":"#05617d","l7":"700, ","c7":"#4d4aba","l8":"N10, ","c8":"#f57145","l9":"N30, ","c9":"#119efc","l10":"R, ","c10":"#b59607","l11":"Z","c11":"#076734"},"geometry":{"type":"Point","coordinates":[18.512373,54.471365]}},{"type":"Feature","properties":{"lines":"23, 27, 29, 31, 32, 33, 180, 700, N10, N30, R, Z","arr":["23","27","29","31","32","33","180","700","N10","N30","R","Z"],"mode":"bus","angle":-51.5,"extra":1,"ei":7,"l0":"23, ","c0":"#05617d","l1":"27, ","c1":"#02af5a","l2":"29, ","c2":"#8e4604","l3":"31, ","c3":"#992492","l4":"32, ","c4":"#4d4aba","l5":"33, ","c5":"#b0045c","l6":"180, ","c6":"#05617d","l7":"700, ","c7":"#4d4aba","l8":"N10, ","c8":"#f57145","l9":"N30, ","c9":"#119efc","l10":"R, ","c10":"#b59607","l11":"Z","c11":"#076734"},"geometry":{"type":"Point","coordinates":[18.510727,54.469742]}},{"type":"Feature","properties":{"lines":"23, 27, 29, 31, 32, 33, 145, 153, 180, 181, 700, N10, N30, R, Z","arr":["23","27","29","31","32","33","145","153","180","181","700","N10","N30","R","Z"],"mode":"bus","angle":4,"l0":"23, ","c0":"#05617d","l1":"27, ","c1":"#02af5a","l2":"29, ","c2":"#8e4604","l3":"31, ","c3":"#992492","l4":"32, ","c4":"#4d4aba","l5":"33, ","c5":"#b0045c","l6":"145, ","c6":"#f57145","l7":"153, ","c7":"#4d4aba","l8":"180, ","c8":"#05617d","l9":"181, ","c9":"#1da8b6","l10":"700, ","c10":"#4d4aba","l11":"N10, ","c11":"#f57145","l12":"N30, ","c12":"#119efc","l13":"R, ","c13":"#b59607","l14":"Z","c14":"#076734"},"geometry":{"type":"Point","coordinates":[18.508132,54.469071]}},{"type":"Feature","properties":{"lines":"23, 27, 29, 31, 33, 145, 153, 180, 181, 700, N10, N30, R, Z","arr":["23","27","29","31","33","145","153","180","181","700","N10","N30","R","Z"],"mode":"bus","angle":11.6,"l0":"23, ","c0":"#05617d","l1":"27, ","c1":"#02af5a","l2":"29, ","c2":"#8e4604","l3":"31, ","c3":"#992492","l4":"33, ","c4":"#b0045c","l5":"145, ","c5":"#f57145","l6":"153, ","c6":"#4d4aba","l7":"180, ","c7":"#05617d","l8":"181, ","c8":"#1da8b6","l9":"700, ","c9":"#4d4aba","l10":"N10, ","c10":"#f57145","l11":"N30, ","c11":"#119efc","l12":"R, ","c12":"#b59607","l13":"Z","c13":"#076734"},"geometry":{"type":"Point","coordinates":[18.501889,54.469497]}},{"type":"Feature","properties":{"lines":"23, 27, 29, 31, 33, 145, 153, 180, 181, 700, N10, N30, R, Z","arr":["23","27","29","31","33","145","153","180","181","700","N10","N30","R","Z"],"mode":"bus","angle":6.7,"extra":1,"ei":0,"l0":"23, ","c0":"#05617d","l1":"27, ","c1":"#02af5a","l2":"29, ","c2":"#8e4604","l3":"31, ","c3":"#992492","l4":"33, ","c4":"#b0045c","l5":"145, ","c5":"#f57145","l6":"153, ","c6":"#4d4aba","l7":"180, ","c7":"#05617d","l8":"181, ","c8":"#1da8b6","l9":"700, ","c9":"#4d4aba","l10":"N10, ","c10":"#f57145","l11":"N30, ","c11":"#119efc","l12":"R, ","c12":"#b59607","l13":"Z","c13":"#076734"},"geometry":{"type":"Point","coordinates":[18.50553,54.469236]}},{"type":"Feature","properties":{"lines":"23, 27, 29, 31, 33, 145, 153, 180, 181, 700, N10, N30, R, Z","arr":["23","27","29","31","33","145","153","180","181","700","N10","N30","R","Z"],"mode":"bus","angle":9.7,"extra":1,"ei":1,"l0":"23, ","c0":"#05617d","l1":"27, ","c1":"#02af5a","l2":"29, ","c2":"#8e4604","l3":"31, ","c3":"#992492","l4":"33, ","c4":"#b0045c","l5":"145, ","c5":"#f57145","l6":"153, ","c6":"#4d4aba","l7":"180, ","c7":"#05617d","l8":"181, ","c8":"#1da8b6","l9":"700, ","c9":"#4d4aba","l10":"N10, ","c10":"#f57145","l11":"N30, ","c11":"#119efc","l12":"R, ","c12":"#b59607","l13":"Z","c13":"#076734"},"geometry":{"type":"Point","coordinates":[18.499121,54.469776]}},{"type":"Feature","properties":{"lines":"23, 27, 29, 31, 33, 145, 153, 180, 181, 700, N10, N30, R, Z","arr":["23","27","29","31","33","145","153","180","181","700","N10","N30","R","Z"],"mode":"bus","angle":19.6,"mi":1,"l0":"23, ","c0":"#05617d","l1":"27, ","c1":"#02af5a","l2":"29, ","c2":"#8e4604","l3":"31, ","c3":"#992492","l4":"33, ","c4":"#b0045c","l5":"145, ","c5":"#f57145","l6":"153, ","c6":"#4d4aba","l7":"180, ","c7":"#05617d","l8":"181, ","c8":"#1da8b6","l9":"700, ","c9":"#4d4aba","l10":"N10, ","c10":"#f57145","l11":"N30, ","c11":"#119efc","l12":"R, ","c12":"#b59607","l13":"Z","c13":"#076734"},"geometry":{"type":"Point","coordinates":[18.493411,54.470868]}},{"type":"Feature","properties":{"lines":"23, 27, 31, 181, 700, N10, N30, R, Z","arr":["23","27","31","181","700","N10","N30","R","Z"],"mode":"bus","angle":8.8,"l0":"23, ","c0":"#05617d","l1":"27, ","c1":"#02af5a","l2":"31, ","c2":"#992492","l3":"181, ","c3":"#1da8b6","l4":"700, ","c4":"#4d4aba","l5":"N10, ","c5":"#f57145","l6":"N30, ","c6":"#119efc","l7":"R, ","c7":"#b59607","l8":"Z","c8":"#076734"},"geometry":{"type":"Point","coordinates":[18.485481,54.471282]}},{"type":"Feature","properties":{"lines":"23, 27, 31, 181, 700, N10, N30, R, Z","arr":["23","27","31","181","700","N10","N30","R","Z"],"mode":"bus","angle":2.4,"extra":1,"ei":0,"l0":"23, ","c0":"#05617d","l1":"27, ","c1":"#02af5a","l2":"31, ","c2":"#992492","l3":"181, ","c3":"#1da8b6","l4":"700, ","c4":"#4d4aba","l5":"N10, ","c5":"#f57145","l6":"N30, ","c6":"#119efc","l7":"R, ","c7":"#b59607","l8":"Z","c8":"#076734"},"geometry":{"type":"Point","coordinates":[18.488087,54.471204]}},{"type":"Feature","properties":{"lines":"23, 27, 31, 181, 700, N10, N30, R, Z","arr":["23","27","31","181","700","N10","N30","R","Z"],"mode":"bus","angle":12.2,"extra":1,"ei":1,"l0":"23, ","c0":"#05617d","l1":"27, ","c1":"#02af5a","l2":"31, ","c2":"#992492","l3":"181, ","c3":"#1da8b6","l4":"700, ","c4":"#4d4aba","l5":"N10, ","c5":"#f57145","l6":"N30, ","c6":"#119efc","l7":"R, ","c7":"#b59607","l8":"Z","c8":"#076734"},"geometry":{"type":"Point","coordinates":[18.481893,54.472097]}},{"type":"Feature","properties":{"lines":"23, 27, 31, 181, N10, N30, R","arr":["23","27","31","181","N10","N30","R"],"mode":"bus","angle":38,"mi":1,"l0":"23, ","c0":"#05617d","l1":"27, ","c1":"#02af5a","l2":"31, ","c2":"#992492","l3":"181, ","c3":"#1da8b6","l4":"N10, ","c4":"#f57145","l5":"N30, ","c5":"#119efc","l6":"R","c6":"#b59607"},"geometry":{"type":"Point","coordinates":[18.479227,54.473174]}},{"type":"Feature","properties":{"lines":"23, 27, 31, 181, N10, N30, R","arr":["23","27","31","181","N10","N30","R"],"mode":"bus","angle":26.1,"l0":"23, ","c0":"#05617d","l1":"27, ","c1":"#02af5a","l2":"31, ","c2":"#992492","l3":"181, ","c3":"#1da8b6","l4":"N10, ","c4":"#f57145","l5":"N30, ","c5":"#119efc","l6":"R","c6":"#b59607"},"geometry":{"type":"Point","coordinates":[18.481009,54.472284]}},{"type":"Feature","properties":{"lines":"23, 24, 27, 31, 181, 740, N10, N30, R","arr":["23","24","27","31","181","740","N10","N30","R"],"mode":"bus","angle":43.3,"l0":"23, ","c0":"#05617d","l1":"24, ","c1":"#ff5e9b","l2":"27, ","c2":"#02af5a","l3":"31, ","c3":"#992492","l4":"181, ","c4":"#1da8b6","l5":"740, ","c5":"#c17aef","l6":"N10, ","c6":"#f57145","l7":"N30, ","c7":"#119efc","l8":"R","c8":"#b59607"},"geometry":{"type":"Point","coordinates":[18.480102,54.47265]}},{"type":"Feature","properties":{"lines":"23, 27, 31, 147, 171, 181, 191, 193, N10, N20, N30, R, X","arr":["23","27","31","147","171","181","191","193","N10","N20","N30","R","X"],"mode":"bus","angle":36.9,"l0":"23, ","c0":"#05617d","l1":"27, ","c1":"#02af5a","l2":"31, ","c2":"#992492","l3":"147, ","c3":"#1cab97","l4":"171, ","c4":"#4d4aba","l5":"181, ","c5":"#1da8b6","l6":"191, ","c6":"#a72d06","l7":"193, ","c7":"#ff5e9b","l8":"N10, ","c8":"#f57145","l9":"N20, ","c9":"#e16cd6","l10":"N30, ","c10":"#119efc","l11":"R, ","c11":"#b59607","l12":"X","c12":"#5a5d02"},"geometry":{"type":"Point","coordinates":[18.476245,54.474487]}},{"type":"Feature","properties":{"lines":"23, 24, 27, 31, 147, 171, 181, 191, 193, 740, N10, N20, N30, R, X","arr":["23","24","27","31","147","171","181","191","193","740","N10","N20","N30","R","X"],"mode":"bus","angle":-25.7,"l0":"23, ","c0":"#05617d","l1":"24, ","c1":"#ff5e9b","l2":"27, ","c2":"#02af5a","l3":"31, ","c3":"#992492","l4":"147, ","c4":"#1cab97","l5":"171, ","c5":"#4d4aba","l6":"181, ","c6":"#1da8b6","l7":"191, ","c7":"#a72d06","l8":"193, ","c8":"#ff5e9b","l9":"740, ","c9":"#c17aef","l10":"N10, ","c10":"#f57145","l11":"N20, ","c11":"#e16cd6","l12":"N30, ","c12":"#119efc","l13":"R, ","c13":"#b59607","l14":"X","c14":"#5a5d02"},"geometry":{"type":"Point","coordinates":[18.469641,54.474871]}},{"type":"Feature","properties":{"lines":"23, 24, 27, 31, 147, 171, 181, 191, 193, 740, N10, N20, N30, R, X","arr":["23","24","27","31","147","171","181","191","193","740","N10","N20","N30","R","X"],"mode":"bus","angle":-7.9,"extra":1,"ei":0,"l0":"23, ","c0":"#05617d","l1":"24, ","c1":"#ff5e9b","l2":"27, ","c2":"#02af5a","l3":"31, ","c3":"#992492","l4":"147, ","c4":"#1cab97","l5":"171, ","c5":"#4d4aba","l6":"181, ","c6":"#1da8b6","l7":"191, ","c7":"#a72d06","l8":"193, ","c8":"#ff5e9b","l9":"740, ","c9":"#c17aef","l10":"N10, ","c10":"#f57145","l11":"N20, ","c11":"#e16cd6","l12":"N30, ","c12":"#119efc","l13":"R, ","c13":"#b59607","l14":"X","c14":"#5a5d02"},"geometry":{"type":"Point","coordinates":[18.472185,54.475558]}},{"type":"Feature","properties":{"lines":"23, 24, 27, 31, 147, 171, 181, 191, 193, 740, N10, N20, N30, R, X","arr":["23","24","27","31","147","171","181","191","193","740","N10","N20","N30","R","X"],"mode":"bus","angle":-7.4,"extra":1,"ei":1,"l0":"23, ","c0":"#05617d","l1":"24, ","c1":"#ff5e9b","l2":"27, ","c2":"#02af5a","l3":"31, ","c3":"#992492","l4":"147, ","c4":"#1cab97","l5":"171, ","c5":"#4d4aba","l6":"181, ","c6":"#1da8b6","l7":"191, ","c7":"#a72d06","l8":"193, ","c8":"#ff5e9b","l9":"740, ","c9":"#c17aef","l10":"N10, ","c10":"#f57145","l11":"N20, ","c11":"#e16cd6","l12":"N30, ","c12":"#119efc","l13":"R, ","c13":"#b59607","l14":"X","c14":"#5a5d02"},"geometry":{"type":"Point","coordinates":[18.466312,54.474005]}},{"type":"Feature","properties":{"lines":"23, 27, 171, 181, 191, 193, 740, K, N10, N30, R, X","arr":["23","27","171","181","191","193","740","K","N10","N30","R","X"],"mode":"bus","angle":-39,"l0":"23, ","c0":"#05617d","l1":"27, ","c1":"#02af5a","l2":"171, ","c2":"#4d4aba","l3":"181, ","c3":"#1da8b6","l4":"191, ","c4":"#a72d06","l5":"193, ","c5":"#ff5e9b","l6":"740, ","c6":"#c17aef","l7":"K, ","c7":"#b0045c","l8":"N10, ","c8":"#f57145","l9":"N30, ","c9":"#119efc","l10":"R, ","c10":"#b59607","l11":"X","c11":"#5a5d02"},"geometry":{"type":"Point","coordinates":[18.46374,54.466925]}},{"type":"Feature","properties":{"lines":"23, 27, 171, 181, 191, 193, 740, K, N10, N30, R, X","arr":["23","27","171","181","191","193","740","K","N10","N30","R","X"],"mode":"bus","angle":-88.2,"extra":1,"ei":0,"l0":"23, ","c0":"#05617d","l1":"27, ","c1":"#02af5a","l2":"171, ","c2":"#4d4aba","l3":"181, ","c3":"#1da8b6","l4":"191, ","c4":"#a72d06","l5":"193, ","c5":"#ff5e9b","l6":"740, ","c6":"#c17aef","l7":"K, ","c7":"#b0045c","l8":"N10, ","c8":"#f57145","l9":"N30, ","c9":"#119efc","l10":"R, ","c10":"#b59607","l11":"X","c11":"#5a5d02"},"geometry":{"type":"Point","coordinates":[18.465143,54.473133]}},{"type":"Feature","properties":{"lines":"23, 27, 171, 181, 191, 193, 740, K, N10, N30, R, X","arr":["23","27","171","181","191","193","740","K","N10","N30","R","X"],"mode":"bus","angle":36.7,"extra":1,"ei":1,"l0":"23, ","c0":"#05617d","l1":"27, ","c1":"#02af5a","l2":"171, ","c2":"#4d4aba","l3":"181, ","c3":"#1da8b6","l4":"191, ","c4":"#a72d06","l5":"193, ","c5":"#ff5e9b","l6":"740, ","c6":"#c17aef","l7":"K, ","c7":"#b0045c","l8":"N10, ","c8":"#f57145","l9":"N30, ","c9":"#119efc","l10":"R, ","c10":"#b59607","l11":"X","c11":"#5a5d02"},"geometry":{"type":"Point","coordinates":[18.466691,54.471562]}},{"type":"Feature","properties":{"lines":"23, 27, 171, 181, 191, 193, 740, K, N10, N30, R, X","arr":["23","27","171","181","191","193","740","K","N10","N30","R","X"],"mode":"bus","angle":88.3,"extra":1,"ei":2,"l0":"23, ","c0":"#05617d","l1":"27, ","c1":"#02af5a","l2":"171, ","c2":"#4d4aba","l3":"181, ","c3":"#1da8b6","l4":"191, ","c4":"#a72d06","l5":"193, ","c5":"#ff5e9b","l6":"740, ","c6":"#c17aef","l7":"K, ","c7":"#b0045c","l8":"N10, ","c8":"#f57145","l9":"N30, ","c9":"#119efc","l10":"R, ","c10":"#b59607","l11":"X","c11":"#5a5d02"},"geometry":{"type":"Point","coordinates":[18.468305,54.470016]}},{"type":"Feature","properties":{"lines":"23, 27, 171, 181, 191, 193, 740, K, N10, N30, R, X","arr":["23","27","171","181","191","193","740","K","N10","N30","R","X"],"mode":"bus","angle":-39.5,"extra":1,"ei":3,"l0":"23, ","c0":"#05617d","l1":"27, ","c1":"#02af5a","l2":"171, ","c2":"#4d4aba","l3":"181, ","c3":"#1da8b6","l4":"191, ","c4":"#a72d06","l5":"193, ","c5":"#ff5e9b","l6":"740, ","c6":"#c17aef","l7":"K, ","c7":"#b0045c","l8":"N10, ","c8":"#f57145","l9":"N30, ","c9":"#119efc","l10":"R, ","c10":"#b59607","l11":"X","c11":"#5a5d02"},"geometry":{"type":"Point","coordinates":[18.46688,54.468409]}},{"type":"Feature","properties":{"lines":"23, 27, 171, 181, 191, 193, 740, K, N10, N30, R, X","arr":["23","27","171","181","191","193","740","K","N10","N30","R","X"],"mode":"bus","angle":-39,"extra":1,"ei":4,"l0":"23, ","c0":"#05617d","l1":"27, ","c1":"#02af5a","l2":"171, ","c2":"#4d4aba","l3":"181, ","c3":"#1da8b6","l4":"191, ","c4":"#a72d06","l5":"193, ","c5":"#ff5e9b","l6":"740, ","c6":"#c17aef","l7":"K, ","c7":"#b0045c","l8":"N10, ","c8":"#f57145","l9":"N30, ","c9":"#119efc","l10":"R, ","c10":"#b59607","l11":"X","c11":"#5a5d02"},"geometry":{"type":"Point","coordinates":[18.461844,54.466032]}},{"type":"Feature","properties":{"lines":"23, 27, 171, 181, 191, 193, 740, K, N10, N30, R, X","arr":["23","27","171","181","191","193","740","K","N10","N30","R","X"],"mode":"bus","angle":-38.9,"extra":1,"ei":5,"l0":"23, ","c0":"#05617d","l1":"27, ","c1":"#02af5a","l2":"171, ","c2":"#4d4aba","l3":"181, ","c3":"#1da8b6","l4":"191, ","c4":"#a72d06","l5":"193, ","c5":"#ff5e9b","l6":"740, ","c6":"#c17aef","l7":"K, ","c7":"#b0045c","l8":"N10, ","c8":"#f57145","l9":"N30, ","c9":"#119efc","l10":"R, ","c10":"#b59607","l11":"X","c11":"#5a5d02"},"geometry":{"type":"Point","coordinates":[18.459329,54.464841]}},{"type":"Feature","properties":{"lines":"23, 27, 171, 181, 191, 193, 740, K, N10, N30, R, X","arr":["23","27","171","181","191","193","740","K","N10","N30","R","X"],"mode":"bus","angle":-39.6,"extra":1,"ei":6,"l0":"23, ","c0":"#05617d","l1":"27, ","c1":"#02af5a","l2":"171, ","c2":"#4d4aba","l3":"181, ","c3":"#1da8b6","l4":"191, ","c4":"#a72d06","l5":"193, ","c5":"#ff5e9b","l6":"740, ","c6":"#c17aef","l7":"K, ","c7":"#b0045c","l8":"N10, ","c8":"#f57145","l9":"N30, ","c9":"#119efc","l10":"R, ","c10":"#b59607","l11":"X","c11":"#5a5d02"},"geometry":{"type":"Point","coordinates":[18.456814,54.46365]}},{"type":"Feature","properties":{"lines":"23, 27, 171, 181, 191, 193, 740, K, N10, N30, R, X","arr":["23","27","171","181","191","193","740","K","N10","N30","R","X"],"mode":"bus","angle":-34.7,"extra":1,"ei":7,"l0":"23, ","c0":"#05617d","l1":"27, ","c1":"#02af5a","l2":"171, ","c2":"#4d4aba","l3":"181, ","c3":"#1da8b6","l4":"191, ","c4":"#a72d06","l5":"193, ","c5":"#ff5e9b","l6":"740, ","c6":"#c17aef","l7":"K, ","c7":"#b0045c","l8":"N10, ","c8":"#f57145","l9":"N30, ","c9":"#119efc","l10":"R, ","c10":"#b59607","l11":"X","c11":"#5a5d02"},"geometry":{"type":"Point","coordinates":[18.454257,54.462491]}},{"type":"Feature","properties":{"lines":"23, 27, 181, K, N10, N30, R, X","arr":["23","27","181","K","N10","N30","R","X"],"mode":"bus","angle":-39.9,"l0":"23, ","c0":"#05617d","l1":"27, ","c1":"#02af5a","l2":"181, ","c2":"#1da8b6","l3":"K, ","c3":"#b0045c","l4":"N10, ","c4":"#f57145","l5":"N30, ","c5":"#119efc","l6":"R, ","c6":"#b59607","l7":"X","c7":"#5a5d02"},"geometry":{"type":"Point","coordinates":[18.451051,54.461017]}},{"type":"Feature","properties":{"lines":"23, 27, 181, 740, K, N10, N30, R, X, Z","arr":["23","27","181","740","K","N10","N30","R","X","Z"],"mode":"bus","angle":47,"l0":"23, ","c0":"#05617d","l1":"27, ","c1":"#02af5a","l2":"181, ","c2":"#1da8b6","l3":"740, ","c3":"#c17aef","l4":"K, ","c4":"#b0045c","l5":"N10, ","c5":"#f57145","l6":"N30, ","c6":"#119efc","l7":"R, ","c7":"#b59607","l8":"X, ","c8":"#5a5d02","l9":"Z","c9":"#076734"},"geometry":{"type":"Point","coordinates":[18.452053,54.459778]}},{"type":"Feature","properties":{"lines":"23, 27, 181, 700, 740, K, N10, N30, R, X, Z","arr":["23","27","181","700","740","K","N10","N30","R","X","Z"],"mode":"bus","angle":36.1,"l0":"23, ","c0":"#05617d","l1":"27, ","c1":"#02af5a","l2":"181, ","c2":"#1da8b6","l3":"700, ","c3":"#4d4aba","l4":"740, ","c4":"#c17aef","l5":"K, ","c5":"#b0045c","l6":"N10, ","c6":"#f57145","l7":"N30, ","c7":"#119efc","l8":"R, ","c8":"#b59607","l9":"X, ","c9":"#5a5d02","l10":"Z","c10":"#076734"},"geometry":{"type":"Point","coordinates":[18.453789,54.458925]}},{"type":"Feature","properties":{"lines":"23, 27, 181, 700, 740, K, N10, N30, R, X","arr":["23","27","181","700","740","K","N10","N30","R","X"],"mode":"bus","angle":38.8,"mi":1,"l0":"23, ","c0":"#05617d","l1":"27, ","c1":"#02af5a","l2":"181, ","c2":"#1da8b6","l3":"700, ","c3":"#4d4aba","l4":"740, ","c4":"#c17aef","l5":"K, ","c5":"#b0045c","l6":"N10, ","c6":"#f57145","l7":"N30, ","c7":"#119efc","l8":"R, ","c8":"#b59607","l9":"X","c9":"#5a5d02"},"geometry":{"type":"Point","coordinates":[18.456069,54.457804]}},{"type":"Feature","properties":{"lines":"23, 27, 181, 700, 740, K, N10, N30, R, X","arr":["23","27","181","700","740","K","N10","N30","R","X"],"mode":"bus","angle":-50.2,"l0":"23, ","c0":"#05617d","l1":"27, ","c1":"#02af5a","l2":"181, ","c2":"#1da8b6","l3":"700, ","c3":"#4d4aba","l4":"740, ","c4":"#c17aef","l5":"K, ","c5":"#b0045c","l6":"N10, ","c6":"#f57145","l7":"N30, ","c7":"#119efc","l8":"R, ","c8":"#b59607","l9":"X","c9":"#5a5d02"},"geometry":{"type":"Point","coordinates":[18.457182,54.456495]}},{"type":"Feature","properties":{"lines":"23, 27, 181, 700, K, N10, N30, R, X","arr":["23","27","181","700","K","N10","N30","R","X"],"mode":"bus","angle":-34.4,"l0":"23, ","c0":"#05617d","l1":"27, ","c1":"#02af5a","l2":"181, ","c2":"#1da8b6","l3":"700, ","c3":"#4d4aba","l4":"K, ","c4":"#b0045c","l5":"N10, ","c5":"#f57145","l6":"N30, ","c6":"#119efc","l7":"R, ","c7":"#b59607","l8":"X","c8":"#5a5d02"},"geometry":{"type":"Point","coordinates":[18.455613,54.455647]}},{"type":"Feature","properties":{"lines":"23, 147, 171, 191, 193, N20, X","arr":["23","147","171","191","193","N20","X"],"mode":"bus","angle":8.1,"l0":"23, ","c0":"#05617d","l1":"147, ","c1":"#1cab97","l2":"171, ","c2":"#4d4aba","l3":"191, ","c3":"#a72d06","l4":"193, ","c4":"#ff5e9b","l5":"N20, ","c5":"#e16cd6","l6":"X","c6":"#5a5d02"},"geometry":{"type":"Point","coordinates":[18.477883,54.473005]}},{"type":"Feature","properties":{"lines":"24, 31, 147, K, N20","arr":["24","31","147","K","N20"],"mode":"bus","angle":31.5,"l0":"24, ","c0":"#ff5e9b","l1":"31, ","c1":"#992492","l2":"147, ","c2":"#1cab97","l3":"K, ","c3":"#b0045c","l4":"N20","c4":"#e16cd6"},"geometry":{"type":"Point","coordinates":[18.464137,54.474489]}},{"type":"Feature","properties":{"lines":"24, 27, 31, 147, 181, 191, 193, 740, N20, N30, R, X","arr":["24","27","31","147","181","191","193","740","N20","N30","R","X"],"mode":"bus","angle":37.1,"side":-1,"l0":"24, ","c0":"#ff5e9b","l1":"27, ","c1":"#02af5a","l2":"31, ","c2":"#992492","l3":"147, ","c3":"#1cab97","l4":"181, ","c4":"#1da8b6","l5":"191, ","c5":"#a72d06","l6":"193, ","c6":"#ff5e9b","l7":"740, ","c7":"#c17aef","l8":"N20, ","c8":"#e16cd6","l9":"N30, ","c9":"#119efc","l10":"R, ","c10":"#b59607","l11":"X","c11":"#5a5d02"},"geometry":{"type":"Point","coordinates":[18.47563,54.47464]}},{"type":"Feature","properties":{"lines":"24, 27, 31, 181, 740, N30, R","arr":["24","27","31","181","740","N30","R"],"mode":"bus","angle":37,"side":-1,"l0":"24, ","c0":"#ff5e9b","l1":"27, ","c1":"#02af5a","l2":"31, ","c2":"#992492","l3":"181, ","c3":"#1da8b6","l4":"740, ","c4":"#c17aef","l5":"N30, ","c5":"#119efc","l6":"R","c6":"#b59607"},"geometry":{"type":"Point","coordinates":[18.478591,54.473336]}},{"type":"Feature","properties":{"lines":"24, 27, 31, 181, 740, N30, R, Z","arr":["24","27","31","181","740","N30","R","Z"],"mode":"bus","angle":9.5,"side":-1,"l0":"24, ","c0":"#ff5e9b","l1":"27, ","c1":"#02af5a","l2":"31, ","c2":"#992492","l3":"181, ","c3":"#1da8b6","l4":"740, ","c4":"#c17aef","l5":"N30, ","c5":"#119efc","l6":"R, ","c6":"#b59607","l7":"Z","c7":"#076734"},"geometry":{"type":"Point","coordinates":[18.48514,54.471181]}},{"type":"Feature","properties":{"lines":"24, 27, 31, 181, 740, N30, R, Z","arr":["24","27","31","181","740","N30","R","Z"],"mode":"bus","angle":15.4,"side":-1,"extra":1,"ei":0,"l0":"24, ","c0":"#ff5e9b","l1":"27, ","c1":"#02af5a","l2":"31, ","c2":"#992492","l3":"181, ","c3":"#1da8b6","l4":"740, ","c4":"#c17aef","l5":"N30, ","c5":"#119efc","l6":"R, ","c6":"#b59607","l7":"Z","c7":"#076734"},"geometry":{"type":"Point","coordinates":[18.482451,54.471812]}},{"type":"Feature","properties":{"lines":"24, 27, 31, 181, 740, N30, R, Z","arr":["24","27","31","181","740","N30","R","Z"],"mode":"bus","angle":2.4,"side":-1,"extra":1,"ei":1,"l0":"24, ","c0":"#ff5e9b","l1":"27, ","c1":"#02af5a","l2":"31, ","c2":"#992492","l3":"181, ","c3":"#1da8b6","l4":"740, ","c4":"#c17aef","l5":"N30, ","c5":"#119efc","l6":"R, ","c6":"#b59607","l7":"Z","c7":"#076734"},"geometry":{"type":"Point","coordinates":[18.488703,54.471055]}},{"type":"Feature","properties":{"lines":"24, 27, 29, 31, 145, 153, 180, 181, 740, N30, R, Z","arr":["24","27","29","31","145","153","180","181","740","N30","R","Z"],"mode":"bus","angle":11.2,"side":-1,"mi":1,"l0":"24, ","c0":"#ff5e9b","l1":"27, ","c1":"#02af5a","l2":"29, ","c2":"#8e4604","l3":"31, ","c3":"#992492","l4":"145, ","c4":"#f57145","l5":"153, ","c5":"#4d4aba","l6":"180, ","c6":"#05617d","l7":"181, ","c7":"#1da8b6","l8":"740, ","c8":"#c17aef","l9":"N30, ","c9":"#119efc","l10":"R, ","c10":"#b59607","l11":"Z","c11":"#076734"},"geometry":{"type":"Point","coordinates":[18.492461,54.470924]}},{"type":"Feature","properties":{"lines":"24, 27, 29, 31, 145, 153, 180, 181, 740, N30, R, Z","arr":["24","27","29","31","145","153","180","181","740","N30","R","Z"],"mode":"bus","angle":21,"side":-1,"extra":1,"ei":0,"l0":"24, ","c0":"#ff5e9b","l1":"27, ","c1":"#02af5a","l2":"29, ","c2":"#8e4604","l3":"31, ","c3":"#992492","l4":"145, ","c4":"#f57145","l5":"153, ","c5":"#4d4aba","l6":"180, ","c6":"#05617d","l7":"181, ","c7":"#1da8b6","l8":"740, ","c8":"#c17aef","l9":"N30, ","c9":"#119efc","l10":"R, ","c10":"#b59607","l11":"Z","c11":"#076734"},"geometry":{"type":"Point","coordinates":[18.494623,54.4705]}},{"type":"Feature","properties":{"lines":"24, 27, 29, 31, 145, 153, 180, 181, 740, N30, R, Z","arr":["24","27","29","31","145","153","180","181","740","N30","R","Z"],"mode":"bus","angle":8.3,"side":-1,"l0":"24, ","c0":"#ff5e9b","l1":"27, ","c1":"#02af5a","l2":"29, ","c2":"#8e4604","l3":"31, ","c3":"#992492","l4":"145, ","c4":"#f57145","l5":"153, ","c5":"#4d4aba","l6":"180, ","c6":"#05617d","l7":"181, ","c7":"#1da8b6","l8":"740, ","c8":"#c17aef","l9":"N30, ","c9":"#119efc","l10":"R, ","c10":"#b59607","l11":"Z","c11":"#076734"},"geometry":{"type":"Point","coordinates":[18.500921,54.469473]}},{"type":"Feature","properties":{"lines":"24, 27, 29, 31, 145, 153, 180, 181, 740, N30, R, Z","arr":["24","27","29","31","145","153","180","181","740","N30","R","Z"],"mode":"bus","angle":20.8,"side":-1,"extra":1,"ei":0,"l0":"24, ","c0":"#ff5e9b","l1":"27, ","c1":"#02af5a","l2":"29, ","c2":"#8e4604","l3":"31, ","c3":"#992492","l4":"145, ","c4":"#f57145","l5":"153, ","c5":"#4d4aba","l6":"180, ","c6":"#05617d","l7":"181, ","c7":"#1da8b6","l8":"740, ","c8":"#c17aef","l9":"N30, ","c9":"#119efc","l10":"R, ","c10":"#b59607","l11":"Z","c11":"#076734"},"geometry":{"type":"Point","coordinates":[18.49641,54.470103]}},{"type":"Feature","properties":{"lines":"24, 27, 29, 31, 145, 153, 180, 181, 740, N30, R, Z","arr":["24","27","29","31","145","153","180","181","740","N30","R","Z"],"mode":"bus","angle":7.6,"side":-1,"extra":1,"ei":1,"l0":"24, ","c0":"#ff5e9b","l1":"27, ","c1":"#02af5a","l2":"29, ","c2":"#8e4604","l3":"31, ","c3":"#992492","l4":"145, ","c4":"#f57145","l5":"153, ","c5":"#4d4aba","l6":"180, ","c6":"#05617d","l7":"181, ","c7":"#1da8b6","l8":"740, ","c8":"#c17aef","l9":"N30, ","c9":"#119efc","l10":"R, ","c10":"#b59607","l11":"Z","c11":"#076734"},"geometry":{"type":"Point","coordinates":[18.505934,54.469063]}},{"type":"Feature","properties":{"lines":"24, 27, 29, 31, 32, 145, 153, 180, 181, 740, N30, R, Z","arr":["24","27","29","31","32","145","153","180","181","740","N30","R","Z"],"mode":"bus","angle":13.9,"side":-1,"l0":"24, ","c0":"#ff5e9b","l1":"27, ","c1":"#02af5a","l2":"29, ","c2":"#8e4604","l3":"31, ","c3":"#992492","l4":"32, ","c4":"#4d4aba","l5":"145, ","c5":"#f57145","l6":"153, ","c6":"#4d4aba","l7":"180, ","c7":"#05617d","l8":"181, ","c8":"#1da8b6","l9":"740, ","c9":"#c17aef","l10":"N30, ","c10":"#119efc","l11":"R, ","c11":"#b59607","l12":"Z","c12":"#076734"},"geometry":{"type":"Point","coordinates":[18.508058,54.468849]}},{"type":"Feature","properties":{"lines":"24, 27, 29, 31, 32, 180, 740, N30, R, Z","arr":["24","27","29","31","32","180","740","N30","R","Z"],"mode":"bus","angle":-37.4,"side":-1,"l0":"24, ","c0":"#ff5e9b","l1":"27, ","c1":"#02af5a","l2":"29, ","c2":"#8e4604","l3":"31, ","c3":"#992492","l4":"32, ","c4":"#4d4aba","l5":"180, ","c5":"#05617d","l6":"740, ","c6":"#c17aef","l7":"N30, ","c7":"#119efc","l8":"R, ","c8":"#b59607","l9":"Z","c9":"#076734"},"geometry":{"type":"Point","coordinates":[18.51847,54.476305]}},{"type":"Feature","properties":{"lines":"24, 27, 29, 31, 32, 180, 740, N30, R, Z","arr":["24","27","29","31","32","180","740","N30","R","Z"],"mode":"bus","angle":-48.8,"extra":1,"ei":0,"l0":"24, ","c0":"#ff5e9b","l1":"27, ","c1":"#02af5a","l2":"29, ","c2":"#8e4604","l3":"31, ","c3":"#992492","l4":"32, ","c4":"#4d4aba","l5":"180, ","c5":"#05617d","l6":"740, ","c6":"#c17aef","l7":"N30, ","c7":"#119efc","l8":"R, ","c8":"#b59607","l9":"Z","c9":"#076734"},"geometry":{"type":"Point","coordinates":[18.510422,54.469015]}},{"type":"Feature","properties":{"lines":"24, 27, 29, 31, 32, 180, 740, N30, R, Z","arr":["24","27","29","31","32","180","740","N30","R","Z"],"mode":"bus","angle":-62.5,"side":-1,"extra":1,"ei":1,"l0":"24, ","c0":"#ff5e9b","l1":"27, ","c1":"#02af5a","l2":"29, ","c2":"#8e4604","l3":"31, ","c3":"#992492","l4":"32, ","c4":"#4d4aba","l5":"180, ","c5":"#05617d","l6":"740, ","c6":"#c17aef","l7":"N30, ","c7":"#119efc","l8":"R, ","c8":"#b59607","l9":"Z","c9":"#076734"},"geometry":{"type":"Point","coordinates":[18.511966,54.470673]}},{"type":"Feature","properties":{"lines":"24, 27, 29, 31, 32, 180, 740, N30, R, Z","arr":["24","27","29","31","32","180","740","N30","R","Z"],"mode":"bus","angle":-57.7,"side":-1,"extra":1,"ei":2,"l0":"24, ","c0":"#ff5e9b","l1":"27, ","c1":"#02af5a","l2":"29, ","c2":"#8e4604","l3":"31, ","c3":"#992492","l4":"32, ","c4":"#4d4aba","l5":"180, ","c5":"#05617d","l6":"740, ","c6":"#c17aef","l7":"N30, ","c7":"#119efc","l8":"R, ","c8":"#b59607","l9":"Z","c9":"#076734"},"geometry":{"type":"Point","coordinates":[18.513469,54.472346]}},{"type":"Feature","properties":{"lines":"24, 27, 29, 31, 32, 180, 740, N30, R, Z","arr":["24","27","29","31","32","180","740","N30","R","Z"],"mode":"bus","angle":-62.5,"side":-1,"extra":1,"ei":3,"l0":"24, ","c0":"#ff5e9b","l1":"27, ","c1":"#02af5a","l2":"29, ","c2":"#8e4604","l3":"31, ","c3":"#992492","l4":"32, ","c4":"#4d4aba","l5":"180, ","c5":"#05617d","l6":"740, ","c6":"#c17aef","l7":"N30, ","c7":"#119efc","l8":"R, ","c8":"#b59607","l9":"Z","c9":"#076734"},"geometry":{"type":"Point","coordinates":[18.515131,54.473941]}},{"type":"Feature","properties":{"lines":"24, 27, 29, 31, 32, 180, 740, N30, R, Z","arr":["24","27","29","31","32","180","740","N30","R","Z"],"mode":"bus","angle":-45.8,"extra":1,"ei":4,"l0":"24, ","c0":"#ff5e9b","l1":"27, ","c1":"#02af5a","l2":"29, ","c2":"#8e4604","l3":"31, ","c3":"#992492","l4":"32, ","c4":"#4d4aba","l5":"180, ","c5":"#05617d","l6":"740, ","c6":"#c17aef","l7":"N30, ","c7":"#119efc","l8":"R, ","c8":"#b59607","l9":"Z","c9":"#076734"},"geometry":{"type":"Point","coordinates":[18.516881,54.475518]}},{"type":"Feature","properties":{"lines":"24, 27, 29, 31, 32, 180, 740, N30, R, Z","arr":["24","27","29","31","32","180","740","N30","R","Z"],"mode":"bus","angle":-31.5,"side":-1,"extra":1,"ei":5,"l0":"24, ","c0":"#ff5e9b","l1":"27, ","c1":"#02af5a","l2":"29, ","c2":"#8e4604","l3":"31, ","c3":"#992492","l4":"32, ","c4":"#4d4aba","l5":"180, ","c5":"#05617d","l6":"740, ","c6":"#c17aef","l7":"N30, ","c7":"#119efc","l8":"R, ","c8":"#b59607","l9":"Z","c9":"#076734"},"geometry":{"type":"Point","coordinates":[18.522209,54.477647]}},{"type":"Feature","properties":{"lines":"24, 27, 29, 31, 32, 180, 740, N30, R, Z","arr":["24","27","29","31","32","180","740","N30","R","Z"],"mode":"bus","angle":-31.5,"side":-1,"extra":1,"ei":6,"l0":"24, ","c0":"#ff5e9b","l1":"27, ","c1":"#02af5a","l2":"29, ","c2":"#8e4604","l3":"31, ","c3":"#992492","l4":"32, ","c4":"#4d4aba","l5":"180, ","c5":"#05617d","l6":"740, ","c6":"#c17aef","l7":"N30, ","c7":"#119efc","l8":"R, ","c8":"#b59607","l9":"Z","c9":"#076734"},"geometry":{"type":"Point","coordinates":[18.524971,54.478634]}},{"type":"Feature","properties":{"lines":"24, 27, 29, 31, 32, 180, 740, N30, R, Z","arr":["24","27","29","31","32","180","740","N30","R","Z"],"mode":"bus","angle":-29.8,"side":-1,"extra":1,"ei":7,"l0":"24, ","c0":"#ff5e9b","l1":"27, ","c1":"#02af5a","l2":"29, ","c2":"#8e4604","l3":"31, ","c3":"#992492","l4":"32, ","c4":"#4d4aba","l5":"180, ","c5":"#05617d","l6":"740, ","c6":"#c17aef","l7":"N30, ","c7":"#119efc","l8":"R, ","c8":"#b59607","l9":"Z","c9":"#076734"},"geometry":{"type":"Point","coordinates":[18.527739,54.479616]}},{"type":"Feature","properties":{"lines":"24, 27, 29, 31, 32, 180, 740, N30, R, Z","arr":["24","27","29","31","32","180","740","N30","R","Z"],"mode":"bus","angle":-43.2,"side":-1,"extra":1,"ei":8,"l0":"24, ","c0":"#ff5e9b","l1":"27, ","c1":"#02af5a","l2":"29, ","c2":"#8e4604","l3":"31, ","c3":"#992492","l4":"32, ","c4":"#4d4aba","l5":"180, ","c5":"#05617d","l6":"740, ","c6":"#c17aef","l7":"N30, ","c7":"#119efc","l8":"R, ","c8":"#b59607","l9":"Z","c9":"#076734"},"geometry":{"type":"Point","coordinates":[18.530465,54.48062]}},{"type":"Feature","properties":{"lines":"24, 27, 29, 31, 32, 180, 203, 252, 740, N30, R, Z","arr":["24","27","29","31","32","180","203","252","740","N30","R","Z"],"mode":"bus","angle":-6.2,"side":-1,"l0":"24, ","c0":"#ff5e9b","l1":"27, ","c1":"#02af5a","l2":"29, ","c2":"#8e4604","l3":"31, ","c3":"#992492","l4":"32, ","c4":"#4d4aba","l5":"180, ","c5":"#05617d","l6":"203, ","c6":"#fe6761","l7":"252, ","c7":"#79a620","l8":"740, ","c8":"#c17aef","l9":"N30, ","c9":"#119efc","l10":"R, ","c10":"#b59607","l11":"Z","c11":"#076734"},"geometry":{"type":"Point","coordinates":[18.544505,54.48481]}},{"type":"Feature","properties":{"lines":"24, 27, 29, 32, 180, 203, 252, 740, N30, R, Z","arr":["24","27","29","32","180","203","252","740","N30","R","Z"],"mode":"bus","angle":-42.4,"l0":"24, ","c0":"#ff5e9b","l1":"27, ","c1":"#02af5a","l2":"29, ","c2":"#8e4604","l3":"32, ","c3":"#4d4aba","l4":"180, ","c4":"#05617d","l5":"203, ","c5":"#fe6761","l6":"252, ","c6":"#79a620","l7":"740, ","c7":"#c17aef","l8":"N30, ","c8":"#119efc","l9":"R, ","c9":"#b59607","l10":"Z","c10":"#076734"},"geometry":{"type":"Point","coordinates":[18.54557,54.484967]}},{"type":"Feature","properties":{"lines":"24, 32, 104, 128, 133, 146, 150, 152, 173, 182, 194, 196, 282, 723, N94, R","arr":["24","32","104","128","133","146","150","152","173","182","194","196","282","723","N94","R"],"mode":"bus","angle":57.4,"l0":"24, ","c0":"#ff5e9b","l1":"32, ","c1":"#4d4aba","l2":"104, ","c2":"#119efc","l3":"128, ","c3":"#095d97","l4":"133, ","c4":"#19a9a8","l5":"146, ","c5":"#05617d","l6":"150, ","c6":"#b20b42","l7":"152, ","c7":"#9789ff","l8":"173, ","c8":"#8e4604","l9":"182, ","c9":"#fe6761","l10":"194, ","c10":"#11a2e3","l11":"196, ","c11":"#992492","l12":"282, ","c12":"#cf8a11","l13":"723, ","c13":"#126804","l14":"N94, ","c14":"#126804","l15":"R","c15":"#b59607"},"geometry":{"type":"Point","coordinates":[18.520364,54.525516]}},{"type":"Feature","properties":{"lines":"24, 32, 104, 128, 133, 146, 150, 152, 173, 182, 194, 196, 282, 723, N94, R","arr":["24","32","104","128","133","146","150","152","173","182","194","196","282","723","N94","R"],"mode":"bus","angle":13.1,"mi":1,"l0":"24, ","c0":"#ff5e9b","l1":"32, ","c1":"#4d4aba","l2":"104, ","c2":"#119efc","l3":"128, ","c3":"#095d97","l4":"133, ","c4":"#19a9a8","l5":"146, ","c5":"#05617d","l6":"150, ","c6":"#b20b42","l7":"152, ","c7":"#9789ff","l8":"173, ","c8":"#8e4604","l9":"182, ","c9":"#fe6761","l10":"194, ","c10":"#11a2e3","l11":"196, ","c11":"#992492","l12":"282, ","c12":"#cf8a11","l13":"723, ","c13":"#126804","l14":"N94, ","c14":"#126804","l15":"R","c15":"#b59607"},"geometry":{"type":"Point","coordinates":[18.528846,54.52313]}},{"type":"Feature","properties":{"lines":"24, 32, 104, 128, 133, 146, 150, 152, 173, 182, 194, 196, 282, 723, N94, R","arr":["24","32","104","128","133","146","150","152","173","182","194","196","282","723","N94","R"],"mode":"bus","angle":61.7,"extra":1,"ei":0,"l0":"24, ","c0":"#ff5e9b","l1":"32, ","c1":"#4d4aba","l2":"104, ","c2":"#119efc","l3":"128, ","c3":"#095d97","l4":"133, ","c4":"#19a9a8","l5":"146, ","c5":"#05617d","l6":"150, ","c6":"#b20b42","l7":"152, ","c7":"#9789ff","l8":"173, ","c8":"#8e4604","l9":"182, ","c9":"#fe6761","l10":"194, ","c10":"#11a2e3","l11":"196, ","c11":"#992492","l12":"282, ","c12":"#cf8a11","l13":"723, ","c13":"#126804","l14":"N94, ","c14":"#126804","l15":"R","c15":"#b59607"},"geometry":{"type":"Point","coordinates":[18.519251,54.526722]}},{"type":"Feature","properties":{"lines":"24, 32, 104, 128, 133, 134, 146, 150, 152, 173, 182, 194, 196, 209, 282, 723, N94, R","arr":["24","32","104","128","133","134","146","150","152","173","182","194","196","209","282","723","N94","R"],"mode":"bus","angle":18.4,"l0":"24, ","c0":"#ff5e9b","l1":"32, ","c1":"#4d4aba","l2":"104, ","c2":"#119efc","l3":"128, ","c3":"#095d97","l4":"133, ","c4":"#19a9a8","l5":"134, ","c5":"#02af5a","l6":"146, ","c6":"#05617d","l7":"150, ","c7":"#b20b42","l8":"152, ","c8":"#9789ff","l9":"173, ","c9":"#8e4604","l10":"182, ","c10":"#fe6761","l11":"194, ","c11":"#11a2e3","l12":"196, ","c12":"#992492","l13":"209, ","c13":"#04664a","l14":"282, ","c14":"#cf8a11","l15":"723, ","c15":"#126804","l16":"N94, ","c16":"#126804","l17":"R","c17":"#b59607"},"geometry":{"type":"Point","coordinates":[18.525118,54.523597]}},{"type":"Feature","properties":{"lines":"24, 32, 104, 128, 146, 150, 152, 173, 182, 194, 196, 282, 723, N94, R","arr":["24","32","104","128","146","150","152","173","182","194","196","282","723","N94","R"],"mode":"bus","angle":52.5,"l0":"24, ","c0":"#ff5e9b","l1":"32, ","c1":"#4d4aba","l2":"104, ","c2":"#119efc","l3":"128, ","c3":"#095d97","l4":"146, ","c4":"#05617d","l5":"150, ","c5":"#b20b42","l6":"152, ","c6":"#9789ff","l7":"173, ","c7":"#8e4604","l8":"182, ","c8":"#fe6761","l9":"194, ","c9":"#11a2e3","l10":"196, ","c10":"#992492","l11":"282, ","c11":"#cf8a11","l12":"723, ","c12":"#126804","l13":"N94, ","c13":"#126804","l14":"R","c14":"#b59607"},"geometry":{"type":"Point","coordinates":[18.518767,54.527195]}},{"type":"Feature","properties":{"lines":"25, 28, 34, 102, 105, 109, 125, 182, 196, 204, 326, 723, 740, G, N20, N30, N40, S, W","arr":["25","28","34","102","105","109","125","182","196","204","326","723","740","G","N20","N30","N40","S","W"],"mode":"bus","angle":-23,"side":-1,"l0":"25, ","c0":"#095d97","l1":"28, ","c1":"#1cab97","l2":"34, ","c2":"#8e4604","l3":"102, ","c3":"#119efc","l4":"105, ","c4":"#ff627e","l5":"109, ","c5":"#11a2e3","l6":"125, ","c6":"#9789ff","l7":"182, ","c7":"#fe6761","l8":"196, ","c8":"#992492","l9":"204, ","c9":"#e16cd6","l10":"326, ","c10":"#b0045c","l11":"723, ","c11":"#126804","l12":"740, ","c12":"#c17aef","l13":"G, ","c13":"#0a8a66","l14":"N20, ","c14":"#e16cd6","l15":"N30, ","c15":"#119efc","l16":"N40, ","c16":"#79a620","l17":"S, ","c17":"#b59607","l18":"W","c18":"#126804"},"geometry":{"type":"Point","coordinates":[18.533364,54.519611]}},{"type":"Feature","properties":{"lines":"25, 34, 102, 105, 109, 125, 182, 204, 326, G, N20, N30, N40, S, W","arr":["25","34","102","105","109","125","182","204","326","G","N20","N30","N40","S","W"],"mode":"bus","angle":-23.3,"l0":"25, ","c0":"#095d97","l1":"34, ","c1":"#8e4604","l2":"102, ","c2":"#119efc","l3":"105, ","c3":"#ff627e","l4":"109, ","c4":"#11a2e3","l5":"125, ","c5":"#9789ff","l6":"182, ","c6":"#fe6761","l7":"204, ","c7":"#e16cd6","l8":"326, ","c8":"#b0045c","l9":"G, ","c9":"#0a8a66","l10":"N20, ","c10":"#e16cd6","l11":"N30, ","c11":"#119efc","l12":"N40, ","c12":"#79a620","l13":"S, ","c13":"#b59607","l14":"W","c14":"#126804"},"geometry":{"type":"Point","coordinates":[18.531876,54.519311]}},{"type":"Feature","properties":{"lines":"25, 34, 102, 105, 109, 125, 326, G, N20, N30, N40, S, W","arr":["25","34","102","105","109","125","326","G","N20","N30","N40","S","W"],"mode":"bus","angle":57.6,"l0":"25, ","c0":"#095d97","l1":"34, ","c1":"#8e4604","l2":"102, ","c2":"#119efc","l3":"105, ","c3":"#ff627e","l4":"109, ","c4":"#11a2e3","l5":"125, ","c5":"#9789ff","l6":"326, ","c6":"#b0045c","l7":"G, ","c7":"#0a8a66","l8":"N20, ","c8":"#e16cd6","l9":"N30, ","c9":"#119efc","l10":"N40, ","c10":"#79a620","l11":"S, ","c11":"#b59607","l12":"W","c12":"#126804"},"geometry":{"type":"Point","coordinates":[18.530024,54.519524]}},{"type":"Feature","properties":{"lines":"25, 34, 102, 105, 109, 125, 326, G, N20, N30, N40, S, W","arr":["25","34","102","105","109","125","326","G","N20","N30","N40","S","W"],"mode":"bus","angle":35.8,"mi":1,"l0":"25, ","c0":"#095d97","l1":"34, ","c1":"#8e4604","l2":"102, ","c2":"#119efc","l3":"105, ","c3":"#ff627e","l4":"109, ","c4":"#11a2e3","l5":"125, ","c5":"#9789ff","l6":"326, ","c6":"#b0045c","l7":"G, ","c7":"#0a8a66","l8":"N20, ","c8":"#e16cd6","l9":"N30, ","c9":"#119efc","l10":"N40, ","c10":"#79a620","l11":"S, ","c11":"#b59607","l12":"W","c12":"#126804"},"geometry":{"type":"Point","coordinates":[18.527945,54.5208]}},{"type":"Feature","properties":{"lines":"25, 26, 34, 102, 197, K, S, W","arr":["25","26","34","102","197","K","S","W"],"mode":"bus","angle":30.7,"l0":"25, ","c0":"#095d97","l1":"26, ","c1":"#ff627e","l2":"34, ","c2":"#8e4604","l3":"102, ","c3":"#119efc","l4":"197, ","c4":"#19a9a8","l5":"K, ","c5":"#b0045c","l6":"S, ","c6":"#b59607","l7":"W","c7":"#126804"},"geometry":{"type":"Point","coordinates":[18.475096,54.537278]}},{"type":"Feature","properties":{"lines":"25, 26, 34, 102, 197, K, S, W","arr":["25","26","34","102","197","K","S","W"],"mode":"bus","angle":28.5,"extra":1,"ei":0,"l0":"25, ","c0":"#095d97","l1":"26, ","c1":"#ff627e","l2":"34, ","c2":"#8e4604","l3":"102, ","c3":"#119efc","l4":"197, ","c4":"#19a9a8","l5":"K, ","c5":"#b0045c","l6":"S, ","c6":"#b59607","l7":"W","c7":"#126804"},"geometry":{"type":"Point","coordinates":[18.477493,54.536449]}},{"type":"Feature","properties":{"lines":"25, 26, 34, 102, 197, K, S, W","arr":["25","26","34","102","197","K","S","W"],"mode":"bus","angle":30.7,"extra":1,"ei":1,"l0":"25, ","c0":"#095d97","l1":"26, ","c1":"#ff627e","l2":"34, ","c2":"#8e4604","l3":"102, ","c3":"#119efc","l4":"197, ","c4":"#19a9a8","l5":"K, ","c5":"#b0045c","l6":"S, ","c6":"#b59607","l7":"W","c7":"#126804"},"geometry":{"type":"Point","coordinates":[18.471919,54.538376]}},{"type":"Feature","properties":{"lines":"25, 26, 34, 197, K, S, W","arr":["25","26","34","197","K","S","W"],"mode":"bus","angle":26.9,"l0":"25, ","c0":"#095d97","l1":"26, ","c1":"#ff627e","l2":"34, ","c2":"#8e4604","l3":"197, ","c3":"#19a9a8","l4":"K, ","c4":"#b0045c","l5":"S, ","c5":"#b59607","l6":"W","c6":"#126804"},"geometry":{"type":"Point","coordinates":[18.466075,54.540303]}},{"type":"Feature","properties":{"lines":"25, 26, 34, 197, K, S, W","arr":["25","26","34","197","K","S","W"],"mode":"bus","angle":30.4,"extra":1,"ei":0,"l0":"25, ","c0":"#095d97","l1":"26, ","c1":"#ff627e","l2":"34, ","c2":"#8e4604","l3":"197, ","c3":"#19a9a8","l4":"K, ","c4":"#b0045c","l5":"S, ","c5":"#b59607","l6":"W","c6":"#126804"},"geometry":{"type":"Point","coordinates":[18.469911,54.539069]}},{"type":"Feature","properties":{"lines":"25, 26, 34, 197, K, S, W","arr":["25","26","34","197","K","S","W"],"mode":"bus","angle":26.8,"extra":1,"ei":1,"l0":"25, ","c0":"#095d97","l1":"26, ","c1":"#ff627e","l2":"34, ","c2":"#8e4604","l3":"197, ","c3":"#19a9a8","l4":"K, ","c4":"#b0045c","l5":"S, ","c5":"#b59607","l6":"W","c6":"#126804"},"geometry":{"type":"Point","coordinates":[18.464204,54.540856]}},{"type":"Feature","properties":{"lines":"25, 26, 34, 197, K, S, W","arr":["25","26","34","197","K","S","W"],"mode":"bus","angle":26.8,"extra":1,"ei":2,"l0":"25, ","c0":"#095d97","l1":"26, ","c1":"#ff627e","l2":"34, ","c2":"#8e4604","l3":"197, ","c3":"#19a9a8","l4":"K, ","c4":"#b0045c","l5":"S, ","c5":"#b59607","l6":"W","c6":"#126804"},"geometry":{"type":"Point","coordinates":[18.461313,54.541709]}},{"type":"Feature","properties":{"lines":"25, 26, 173, 197, K","arr":["25","26","173","197","K"],"mode":"bus","angle":28.2,"l0":"25, ","c0":"#095d97","l1":"26, ","c1":"#ff627e","l2":"173, ","c2":"#8e4604","l3":"197, ","c3":"#19a9a8","l4":"K","c4":"#b0045c"},"geometry":{"type":"Point","coordinates":[18.45836,54.542581]}},{"type":"Feature","properties":{"lines":"25, 26, 173, 197, K","arr":["25","26","173","197","K"],"mode":"bus","angle":28.2,"extra":1,"ei":0,"l0":"25, ","c0":"#095d97","l1":"26, ","c1":"#ff627e","l2":"173, ","c2":"#8e4604","l3":"197, ","c3":"#19a9a8","l4":"K","c4":"#b0045c"},"geometry":{"type":"Point","coordinates":[18.45645,54.543234]}},{"type":"Feature","properties":{"lines":"25, 26, 173, 197, N20","arr":["25","26","173","197","N20"],"mode":"bus","angle":25.7,"side":-1,"l0":"25, ","c0":"#095d97","l1":"26, ","c1":"#ff627e","l2":"173, ","c2":"#8e4604","l3":"197, ","c3":"#19a9a8","l4":"N20","c4":"#e16cd6"},"geometry":{"type":"Point","coordinates":[18.432783,54.548535]}},{"type":"Feature","properties":{"lines":"25, 26, 30, 173, 197, N20","arr":["25","26","30","173","197","N20"],"mode":"bus","angle":19,"side":-1,"l0":"25, ","c0":"#095d97","l1":"26, ","c1":"#ff627e","l2":"30, ","c2":"#7b3aa8","l3":"173, ","c3":"#8e4604","l4":"197, ","c4":"#19a9a8","l5":"N20","c5":"#e16cd6"},"geometry":{"type":"Point","coordinates":[18.444176,54.545745]}},{"type":"Feature","properties":{"lines":"25, 26, 30, 173, 197, N20","arr":["25","26","30","173","197","N20"],"mode":"bus","angle":27.5,"side":-1,"extra":1,"ei":0,"l0":"25, ","c0":"#095d97","l1":"26, ","c1":"#ff627e","l2":"30, ","c2":"#7b3aa8","l3":"173, ","c3":"#8e4604","l4":"197, ","c4":"#19a9a8","l5":"N20","c5":"#e16cd6"},"geometry":{"type":"Point","coordinates":[18.434528,54.548016]}},{"type":"Feature","properties":{"lines":"25, 26, 30, 173, 197, N20","arr":["25","26","30","173","197","N20"],"mode":"bus","angle":26.4,"side":-1,"extra":1,"ei":1,"l0":"25, ","c0":"#095d97","l1":"26, ","c1":"#ff627e","l2":"30, ","c2":"#7b3aa8","l3":"173, ","c3":"#8e4604","l4":"197, ","c4":"#19a9a8","l5":"N20","c5":"#e16cd6"},"geometry":{"type":"Point","coordinates":[18.437405,54.547147]}},{"type":"Feature","properties":{"lines":"25, 26, 30, 173, 197, N20","arr":["25","26","30","173","197","N20"],"mode":"bus","angle":18.9,"side":-1,"extra":1,"ei":2,"l0":"25, ","c0":"#095d97","l1":"26, ","c1":"#ff627e","l2":"30, ","c2":"#7b3aa8","l3":"173, ","c3":"#8e4604","l4":"197, ","c4":"#19a9a8","l5":"N20","c5":"#e16cd6"},"geometry":{"type":"Point","coordinates":[18.440432,54.546479]}},{"type":"Feature","properties":{"lines":"25, 26, 30, 173, 197, N20","arr":["25","26","30","173","197","N20"],"mode":"bus","angle":21.1,"side":-1,"extra":1,"ei":3,"l0":"25, ","c0":"#095d97","l1":"26, ","c1":"#ff627e","l2":"30, ","c2":"#7b3aa8","l3":"173, ","c3":"#8e4604","l4":"197, ","c4":"#19a9a8","l5":"N20","c5":"#e16cd6"},"geometry":{"type":"Point","coordinates":[18.446554,54.545241]}},{"type":"Feature","properties":{"lines":"25, 26, 30, 173, 197, N20","arr":["25","26","30","173","197","N20"],"mode":"bus","angle":21.7,"side":-1,"extra":1,"ei":4,"l0":"25, ","c0":"#095d97","l1":"26, ","c1":"#ff627e","l2":"30, ","c2":"#7b3aa8","l3":"173, ","c3":"#8e4604","l4":"197, ","c4":"#19a9a8","l5":"N20","c5":"#e16cd6"},"geometry":{"type":"Point","coordinates":[18.44957,54.54455]}},{"type":"Feature","properties":{"lines":"25, 26, 30, 173, 197, N20","arr":["25","26","30","173","197","N20"],"mode":"bus","angle":21.6,"side":-1,"extra":1,"ei":5,"l0":"25, ","c0":"#095d97","l1":"26, ","c1":"#ff627e","l2":"30, ","c2":"#7b3aa8","l3":"173, ","c3":"#8e4604","l4":"197, ","c4":"#19a9a8","l5":"N20","c5":"#e16cd6"},"geometry":{"type":"Point","coordinates":[18.452592,54.543868]}},{"type":"Feature","properties":{"lines":"25, 26, 30, 173, 197, K, N20","arr":["25","26","30","173","197","K","N20"],"mode":"bus","angle":27,"side":-1,"l0":"25, ","c0":"#095d97","l1":"26, ","c1":"#ff627e","l2":"30, ","c2":"#7b3aa8","l3":"173, ","c3":"#8e4604","l4":"197, ","c4":"#19a9a8","l5":"K, ","c5":"#b0045c","l6":"N20","c6":"#e16cd6"},"geometry":{"type":"Point","coordinates":[18.458382,54.542448]}},{"type":"Feature","properties":{"lines":"25, 26, 30, 173, 197, K, N20","arr":["25","26","30","173","197","K","N20"],"mode":"bus","angle":26.8,"side":-1,"extra":1,"ei":0,"l0":"25, ","c0":"#095d97","l1":"26, ","c1":"#ff627e","l2":"30, ","c2":"#7b3aa8","l3":"173, ","c3":"#8e4604","l4":"197, ","c4":"#19a9a8","l5":"K, ","c5":"#b0045c","l6":"N20","c6":"#e16cd6"},"geometry":{"type":"Point","coordinates":[18.460457,54.541844]}},{"type":"Feature","properties":{"lines":"25, 26, 30, 34, 197, K, S, W","arr":["25","26","30","34","197","K","S","W"],"mode":"bus","angle":26.9,"side":-1,"l0":"25, ","c0":"#095d97","l1":"26, ","c1":"#ff627e","l2":"30, ","c2":"#7b3aa8","l3":"34, ","c3":"#8e4604","l4":"197, ","c4":"#19a9a8","l5":"K, ","c5":"#b0045c","l6":"S, ","c6":"#b59607","l7":"W","c7":"#126804"},"geometry":{"type":"Point","coordinates":[18.465995,54.540206]}},{"type":"Feature","properties":{"lines":"25, 26, 30, 34, 197, K, S, W","arr":["25","26","30","34","197","K","S","W"],"mode":"bus","angle":26.8,"side":-1,"extra":1,"ei":0,"l0":"25, ","c0":"#095d97","l1":"26, ","c1":"#ff627e","l2":"30, ","c2":"#7b3aa8","l3":"34, ","c3":"#8e4604","l4":"197, ","c4":"#19a9a8","l5":"K, ","c5":"#b0045c","l6":"S, ","c6":"#b59607","l7":"W","c7":"#126804"},"geometry":{"type":"Point","coordinates":[18.462096,54.541354]}},{"type":"Feature","properties":{"lines":"25, 26, 30, 34, 197, K, S, W","arr":["25","26","30","34","197","K","S","W"],"mode":"bus","angle":29.4,"side":-1,"extra":1,"ei":1,"l0":"25, ","c0":"#095d97","l1":"26, ","c1":"#ff627e","l2":"30, ","c2":"#7b3aa8","l3":"34, ","c3":"#8e4604","l4":"197, ","c4":"#19a9a8","l5":"K, ","c5":"#b0045c","l6":"S, ","c6":"#b59607","l7":"W","c7":"#126804"},"geometry":{"type":"Point","coordinates":[18.467869,54.539638]}},{"type":"Feature","properties":{"lines":"25, 26, 30, 34, 197, K, S, W","arr":["25","26","30","34","197","K","S","W"],"mode":"bus","angle":30.2,"side":-1,"extra":1,"ei":2,"l0":"25, ","c0":"#095d97","l1":"26, ","c1":"#ff627e","l2":"30, ","c2":"#7b3aa8","l3":"34, ","c3":"#8e4604","l4":"197, ","c4":"#19a9a8","l5":"K, ","c5":"#b0045c","l6":"S, ","c6":"#b59607","l7":"W","c7":"#126804"},"geometry":{"type":"Point","coordinates":[18.470664,54.538682]}},{"type":"Feature","properties":{"lines":"25, 26, 30, 34, 102, 197, K, S, W","arr":["25","26","30","34","102","197","K","S","W"],"mode":"bus","angle":30.8,"side":-1,"l0":"25, ","c0":"#095d97","l1":"26, ","c1":"#ff627e","l2":"30, ","c2":"#7b3aa8","l3":"34, ","c3":"#8e4604","l4":"102, ","c4":"#119efc","l5":"197, ","c5":"#19a9a8","l6":"K, ","c6":"#b0045c","l7":"S, ","c7":"#b59607","l8":"W","c8":"#126804"},"geometry":{"type":"Point","coordinates":[18.475364,54.537058]}},{"type":"Feature","properties":{"lines":"25, 26, 30, 34, 102, 197, K, S, W","arr":["25","26","30","34","102","197","K","S","W"],"mode":"bus","angle":30.7,"side":-1,"extra":1,"ei":0,"l0":"25, ","c0":"#095d97","l1":"26, ","c1":"#ff627e","l2":"30, ","c2":"#7b3aa8","l3":"34, ","c3":"#8e4604","l4":"102, ","c4":"#119efc","l5":"197, ","c5":"#19a9a8","l6":"K, ","c6":"#b0045c","l7":"S, ","c7":"#b59607","l8":"W","c8":"#126804"},"geometry":{"type":"Point","coordinates":[18.472605,54.538013]}},{"type":"Feature","properties":{"lines":"25, 26, 30, 34, 102, 197, K, S, W","arr":["25","26","30","34","102","197","K","S","W"],"mode":"bus","angle":30.7,"side":-1,"extra":1,"ei":1,"l0":"25, ","c0":"#095d97","l1":"26, ","c1":"#ff627e","l2":"30, ","c2":"#7b3aa8","l3":"34, ","c3":"#8e4604","l4":"102, ","c4":"#119efc","l5":"197, ","c5":"#19a9a8","l6":"K, ","c6":"#b0045c","l7":"S, ","c7":"#b59607","l8":"W","c8":"#126804"},"geometry":{"type":"Point","coordinates":[18.478178,54.536085]}},{"type":"Feature","properties":{"lines":"25, 28, 34, 105, 109, 125, 196, 326, 723, 740, G, N20, N30, N40, S, W","arr":["25","28","34","105","109","125","196","326","723","740","G","N20","N30","N40","S","W"],"mode":"bus","angle":35.6,"l0":"25, ","c0":"#095d97","l1":"28, ","c1":"#1cab97","l2":"34, ","c2":"#8e4604","l3":"105, ","c3":"#ff627e","l4":"109, ","c4":"#11a2e3","l5":"125, ","c5":"#9789ff","l6":"196, ","c6":"#992492","l7":"326, ","c7":"#b0045c","l8":"723, ","c8":"#126804","l9":"740, ","c9":"#c17aef","l10":"G, ","c10":"#0a8a66","l11":"N20, ","c11":"#e16cd6","l12":"N30, ","c12":"#119efc","l13":"N40, ","c13":"#79a620","l14":"S, ","c14":"#b59607","l15":"W","c15":"#126804"},"geometry":{"type":"Point","coordinates":[18.527009,54.52106]}},{"type":"Feature","properties":{"lines":"25, 28, 34, 102, 105, 109, 125, 196, 204, 326, 723, 740, G, N20, N30, N40, S, W","arr":["25","28","34","102","105","109","125","196","204","326","723","740","G","N20","N30","N40","S","W"],"mode":"bus","angle":44.5,"side":-1,"l0":"25, ","c0":"#095d97","l1":"28, ","c1":"#1cab97","l2":"34, ","c2":"#8e4604","l3":"102, ","c3":"#119efc","l4":"105, ","c4":"#ff627e","l5":"109, ","c5":"#11a2e3","l6":"125, ","c6":"#9789ff","l7":"196, ","c7":"#992492","l8":"204, ","c8":"#e16cd6","l9":"326, ","c9":"#b0045c","l10":"723, ","c10":"#126804","l11":"740, ","c11":"#c17aef","l12":"G, ","c12":"#0a8a66","l13":"N20, ","c13":"#e16cd6","l14":"N30, ","c14":"#119efc","l15":"N40, ","c15":"#79a620","l16":"S, ","c16":"#b59607","l17":"W","c17":"#126804"},"geometry":{"type":"Point","coordinates":[18.528423,54.520419]}},{"type":"Feature","properties":{"lines":"25, 28, 34, 102, 105, 109, 125, 196, 204, 326, 723, 740, G, N20, N30, N40, S, W","arr":["25","28","34","102","105","109","125","196","204","326","723","740","G","N20","N30","N40","S","W"],"mode":"bus","angle":55.3,"side":-1,"mi":1,"l0":"25, ","c0":"#095d97","l1":"28, ","c1":"#1cab97","l2":"34, ","c2":"#8e4604","l3":"102, ","c3":"#119efc","l4":"105, ","c4":"#ff627e","l5":"109, ","c5":"#11a2e3","l6":"125, ","c6":"#9789ff","l7":"196, ","c7":"#992492","l8":"204, ","c8":"#e16cd6","l9":"326, ","c9":"#b0045c","l10":"723, ","c10":"#126804","l11":"740, ","c11":"#c17aef","l12":"G, ","c12":"#0a8a66","l13":"N20, ","c13":"#e16cd6","l14":"N30, ","c14":"#119efc","l15":"N40, ","c15":"#79a620","l16":"S, ","c16":"#b59607","l17":"W","c17":"#126804"},"geometry":{"type":"Point","coordinates":[18.529917,54.519295]}},{"type":"Feature","properties":{"lines":"25, 28, 34, 102, 105, 109, 125, 182, 196, 204, 326, 723, 740, G, N20, N30, N40, S, W","arr":["25","28","34","102","105","109","125","182","196","204","326","723","740","G","N20","N30","N40","S","W"],"mode":"bus","angle":-24,"side":-1,"mi":1,"l0":"25, ","c0":"#095d97","l1":"28, ","c1":"#1cab97","l2":"34, ","c2":"#8e4604","l3":"102, ","c3":"#119efc","l4":"105, ","c4":"#ff627e","l5":"109, ","c5":"#11a2e3","l6":"125, ","c6":"#9789ff","l7":"182, ","c7":"#fe6761","l8":"196, ","c8":"#992492","l9":"204, ","c9":"#e16cd6","l10":"326, ","c10":"#b0045c","l11":"723, ","c11":"#126804","l12":"740, ","c12":"#c17aef","l13":"G, ","c13":"#0a8a66","l14":"N20, ","c14":"#e16cd6","l15":"N30, ","c15":"#119efc","l16":"N40, ","c16":"#79a620","l17":"S, ","c17":"#b59607","l18":"W","c18":"#126804"},"geometry":{"type":"Point","coordinates":[18.531914,54.519233]}},{"type":"Feature","properties":{"lines":"27, 171, 181, 191, 193, 740, K, N30, R, X, Z","arr":["27","171","181","191","193","740","K","N30","R","X","Z"],"mode":"bus","angle":-41.4,"side":-1,"l0":"27, ","c0":"#02af5a","l1":"171, ","c1":"#4d4aba","l2":"181, ","c2":"#1da8b6","l3":"191, ","c3":"#a72d06","l4":"193, ","c4":"#ff5e9b","l5":"740, ","c5":"#c17aef","l6":"K, ","c6":"#b0045c","l7":"N30, ","c7":"#119efc","l8":"R, ","c8":"#b59607","l9":"X, ","c9":"#5a5d02","l10":"Z","c10":"#076734"},"geometry":{"type":"Point","coordinates":[18.451001,54.460872]}},{"type":"Feature","properties":{"lines":"27, 121, 152, 192, 203","arr":["27","121","152","192","203"],"mode":"bus","angle":-13.7,"l0":"27, ","c0":"#02af5a","l1":"121, ","c1":"#7c5001","l2":"152, ","c2":"#9789ff","l3":"192, ","c3":"#992492","l4":"203","c4":"#fe6761"},"geometry":{"type":"Point","coordinates":[18.53826,54.491927]}},{"type":"Feature","properties":{"lines":"28, 159, N20, S, W","arr":["28","159","N20","S","W"],"mode":"bus","angle":42.3,"mi":1,"l0":"28, ","c0":"#1cab97","l1":"159, ","c1":"#fe6761","l2":"N20, ","c2":"#e16cd6","l3":"S, ","c3":"#b59607","l4":"W","c4":"#126804"},"geometry":{"type":"Point","coordinates":[18.442149,54.535731]}},{"type":"Feature","properties":{"lines":"28, 159, N20, S, W","arr":["28","159","N20","S","W"],"mode":"bus","angle":15.3,"extra":1,"ei":0,"l0":"28, ","c0":"#1cab97","l1":"159, ","c1":"#fe6761","l2":"N20, ","c2":"#e16cd6","l3":"S, ","c3":"#b59607","l4":"W","c4":"#126804"},"geometry":{"type":"Point","coordinates":[18.436433,54.538924]}},{"type":"Feature","properties":{"lines":"28, 159, N20, S, W","arr":["28","159","N20","S","W"],"mode":"bus","angle":65,"extra":1,"ei":1,"l0":"28, ","c0":"#1cab97","l1":"159, ","c1":"#fe6761","l2":"N20, ","c2":"#e16cd6","l3":"S, ","c3":"#b59607","l4":"W","c4":"#126804"},"geometry":{"type":"Point","coordinates":[18.439098,54.53797]}},{"type":"Feature","properties":{"lines":"28, 159, N20, S, W","arr":["28","159","N20","S","W"],"mode":"bus","angle":33.3,"extra":1,"ei":2,"l0":"28, ","c0":"#1cab97","l1":"159, ","c1":"#fe6761","l2":"N20, ","c2":"#e16cd6","l3":"S, ","c3":"#b59607","l4":"W","c4":"#126804"},"geometry":{"type":"Point","coordinates":[18.445747,54.534002]}},{"type":"Feature","properties":{"lines":"28, 159, N20, S, W","arr":["28","159","N20","S","W"],"mode":"bus","angle":21.3,"extra":1,"ei":3,"l0":"28, ","c0":"#1cab97","l1":"159, ","c1":"#fe6761","l2":"N20, ","c2":"#e16cd6","l3":"S, ","c3":"#b59607","l4":"W","c4":"#126804"},"geometry":{"type":"Point","coordinates":[18.448713,54.533265]}},{"type":"Feature","properties":{"lines":"28, 159, N20, S, W","arr":["28","159","N20","S","W"],"mode":"bus","angle":-21.7,"l0":"28, ","c0":"#1cab97","l1":"159, ","c1":"#fe6761","l2":"N20, ","c2":"#e16cd6","l3":"S, ","c3":"#b59607","l4":"W","c4":"#126804"},"geometry":{"type":"Point","coordinates":[18.434043,54.539381]}},{"type":"Feature","properties":{"lines":"28, 159, 288, N20, S, W","arr":["28","159","288","N20","S","W"],"mode":"bus","angle":-45.5,"l0":"28, ","c0":"#1cab97","l1":"159, ","c1":"#fe6761","l2":"288, ","c2":"#4d4aba","l3":"N20, ","c3":"#e16cd6","l4":"S, ","c4":"#b59607","l5":"W","c5":"#126804"},"geometry":{"type":"Point","coordinates":[18.453647,54.534054]}},{"type":"Feature","properties":{"lines":"28, 159, 288, N20, S, W","arr":["28","159","288","N20","S","W"],"mode":"bus","angle":-29.6,"extra":1,"ei":0,"l0":"28, ","c0":"#1cab97","l1":"159, ","c1":"#fe6761","l2":"288, ","c2":"#4d4aba","l3":"N20, ","c3":"#e16cd6","l4":"S, ","c4":"#b59607","l5":"W","c5":"#126804"},"geometry":{"type":"Point","coordinates":[18.451848,54.533221]}},{"type":"Feature","properties":{"lines":"28, 34, 102, 114, 159, 288, N20, S, W","arr":["28","34","102","114","159","288","N20","S","W"],"mode":"bus","angle":-72,"l0":"28, ","c0":"#1cab97","l1":"34, ","c1":"#8e4604","l2":"102, ","c2":"#119efc","l3":"114, ","c3":"#05617d","l4":"159, ","c4":"#fe6761","l5":"288, ","c5":"#4d4aba","l6":"N20, ","c6":"#e16cd6","l7":"S, ","c7":"#b59607","l8":"W","c8":"#126804"},"geometry":{"type":"Point","coordinates":[18.458692,54.538553]}},{"type":"Feature","properties":{"lines":"28, 34, 102, 114, 159, 288, N20, S, W","arr":["28","34","102","114","159","288","N20","S","W"],"mode":"bus","angle":-76.7,"extra":1,"ei":0,"l0":"28, ","c0":"#1cab97","l1":"34, ","c1":"#8e4604","l2":"102, ","c2":"#119efc","l3":"114, ","c3":"#05617d","l4":"159, ","c4":"#fe6761","l5":"288, ","c5":"#4d4aba","l6":"N20, ","c6":"#e16cd6","l7":"S, ","c7":"#b59607","l8":"W","c8":"#126804"},"geometry":{"type":"Point","coordinates":[18.457639,54.536153]}},{"type":"Feature","properties":{"lines":"28, 34, 102, 114, 159, 288, N20, S, W","arr":["28","34","102","114","159","288","N20","S","W"],"mode":"bus","angle":-71.6,"extra":1,"ei":1,"l0":"28, ","c0":"#1cab97","l1":"34, ","c1":"#8e4604","l2":"102, ","c2":"#119efc","l3":"114, ","c3":"#05617d","l4":"159, ","c4":"#fe6761","l5":"288, ","c5":"#4d4aba","l6":"N20, ","c6":"#e16cd6","l7":"S, ","c7":"#b59607","l8":"W","c8":"#126804"},"geometry":{"type":"Point","coordinates":[18.459392,54.539781]}},{"type":"Feature","properties":{"lines":"28, 34, 102, 114, 159, 288, N20, S, W","arr":["28","34","102","114","159","288","N20","S","W"],"mode":"bus","angle":-69,"extra":1,"ei":2,"l0":"28, ","c0":"#1cab97","l1":"34, ","c1":"#8e4604","l2":"102, ","c2":"#119efc","l3":"114, ","c3":"#05617d","l4":"159, ","c4":"#fe6761","l5":"288, ","c5":"#4d4aba","l6":"N20, ","c6":"#e16cd6","l7":"S, ","c7":"#b59607","l8":"W","c8":"#126804"},"geometry":{"type":"Point","coordinates":[18.460503,54.541555]}},{"type":"Feature","properties":{"lines":"28, 102, 114, 159, 173, 288, N20","arr":["28","102","114","159","173","288","N20"],"mode":"bus","angle":-68.1,"l0":"28, ","c0":"#1cab97","l1":"102, ","c1":"#119efc","l2":"114, ","c2":"#05617d","l3":"159, ","c3":"#fe6761","l4":"173, ","c4":"#8e4604","l5":"288, ","c5":"#4d4aba","l6":"N20","c6":"#e16cd6"},"geometry":{"type":"Point","coordinates":[18.46168,54.543278]}},{"type":"Feature","properties":{"lines":"28, 102, 114, 159, 173, 288, N20","arr":["28","102","114","159","173","288","N20"],"mode":"bus","angle":-70.8,"extra":1,"ei":0,"l0":"28, ","c0":"#1cab97","l1":"102, ","c1":"#119efc","l2":"114, ","c2":"#05617d","l3":"159, ","c3":"#fe6761","l4":"173, ","c4":"#8e4604","l5":"288, ","c5":"#4d4aba","l6":"N20","c6":"#e16cd6"},"geometry":{"type":"Point","coordinates":[18.462495,54.544521]}},{"type":"Feature","properties":{"lines":"32, 104, 128, 146, 150, 152, 173, 182, 194, 196, 282, N94, R","arr":["32","104","128","146","150","152","173","182","194","196","282","N94","R"],"mode":"bus","angle":49.7,"l0":"32, ","c0":"#4d4aba","l1":"104, ","c1":"#119efc","l2":"128, ","c2":"#095d97","l3":"146, ","c3":"#05617d","l4":"150, ","c4":"#b20b42","l5":"152, ","c5":"#9789ff","l6":"173, ","c6":"#8e4604","l7":"182, ","c7":"#fe6761","l8":"194, ","c8":"#11a2e3","l9":"196, ","c9":"#992492","l10":"282, ","c10":"#cf8a11","l11":"N94, ","c11":"#126804","l12":"R","c12":"#b59607"},"geometry":{"type":"Point","coordinates":[18.507552,54.533575]}},{"type":"Feature","properties":{"lines":"32, 104, 128, 146, 150, 152, 173, 182, 194, 196, 282, N94, R","arr":["32","104","128","146","150","152","173","182","194","196","282","N94","R"],"mode":"bus","angle":40.7,"extra":1,"ei":0,"l0":"32, ","c0":"#4d4aba","l1":"104, ","c1":"#119efc","l2":"128, ","c2":"#095d97","l3":"146, ","c3":"#05617d","l4":"150, ","c4":"#b20b42","l5":"152, ","c5":"#9789ff","l6":"173, ","c6":"#8e4604","l7":"182, ","c7":"#fe6761","l8":"194, ","c8":"#11a2e3","l9":"196, ","c9":"#992492","l10":"282, ","c10":"#cf8a11","l11":"N94, ","c11":"#126804","l12":"R","c12":"#b59607"},"geometry":{"type":"Point","coordinates":[18.51734,54.528004]}},{"type":"Feature","properties":{"lines":"32, 104, 128, 146, 150, 152, 173, 182, 194, 196, 282, N94, R","arr":["32","104","128","146","150","152","173","182","194","196","282","N94","R"],"mode":"bus","angle":33.1,"extra":1,"ei":1,"l0":"32, ","c0":"#4d4aba","l1":"104, ","c1":"#119efc","l2":"128, ","c2":"#095d97","l3":"146, ","c3":"#05617d","l4":"150, ","c4":"#b20b42","l5":"152, ","c5":"#9789ff","l6":"173, ","c6":"#8e4604","l7":"182, ","c7":"#fe6761","l8":"194, ","c8":"#11a2e3","l9":"196, ","c9":"#992492","l10":"282, ","c10":"#cf8a11","l11":"N94, ","c11":"#126804","l12":"R","c12":"#b59607"},"geometry":{"type":"Point","coordinates":[18.514685,54.529077]}},{"type":"Feature","properties":{"lines":"32, 104, 128, 146, 150, 152, 173, 182, 194, 196, 282, N94, R","arr":["32","104","128","146","150","152","173","182","194","196","282","N94","R"],"mode":"bus","angle":49.3,"extra":1,"ei":2,"l0":"32, ","c0":"#4d4aba","l1":"104, ","c1":"#119efc","l2":"128, ","c2":"#095d97","l3":"146, ","c3":"#05617d","l4":"150, ","c4":"#b20b42","l5":"152, ","c5":"#9789ff","l6":"173, ","c6":"#8e4604","l7":"182, ","c7":"#fe6761","l8":"194, ","c8":"#11a2e3","l9":"196, ","c9":"#992492","l10":"282, ","c10":"#cf8a11","l11":"N94, ","c11":"#126804","l12":"R","c12":"#b59607"},"geometry":{"type":"Point","coordinates":[18.512255,54.530319]}},{"type":"Feature","properties":{"lines":"32, 104, 128, 146, 150, 152, 173, 182, 194, 196, 282, N94, R","arr":["32","104","128","146","150","152","173","182","194","196","282","N94","R"],"mode":"bus","angle":50.4,"extra":1,"ei":3,"l0":"32, ","c0":"#4d4aba","l1":"104, ","c1":"#119efc","l2":"128, ","c2":"#095d97","l3":"146, ","c3":"#05617d","l4":"150, ","c4":"#b20b42","l5":"152, ","c5":"#9789ff","l6":"173, ","c6":"#8e4604","l7":"182, ","c7":"#fe6761","l8":"194, ","c8":"#11a2e3","l9":"196, ","c9":"#992492","l10":"282, ","c10":"#cf8a11","l11":"N94, ","c11":"#126804","l12":"R","c12":"#b59607"},"geometry":{"type":"Point","coordinates":[18.51017,54.531765]}},{"type":"Feature","properties":{"lines":"32, 104, 128, 146, 150, 152, 173, 182, 194, 196, 282, N94, R","arr":["32","104","128","146","150","152","173","182","194","196","282","N94","R"],"mode":"bus","angle":50,"extra":1,"ei":4,"l0":"32, ","c0":"#4d4aba","l1":"104, ","c1":"#119efc","l2":"128, ","c2":"#095d97","l3":"146, ","c3":"#05617d","l4":"150, ","c4":"#b20b42","l5":"152, ","c5":"#9789ff","l6":"173, ","c6":"#8e4604","l7":"182, ","c7":"#fe6761","l8":"194, ","c8":"#11a2e3","l9":"196, ","c9":"#992492","l10":"282, ","c10":"#cf8a11","l11":"N94, ","c11":"#126804","l12":"R","c12":"#b59607"},"geometry":{"type":"Point","coordinates":[18.505994,54.534653]}},{"type":"Feature","properties":{"lines":"32, 104, 128, 146, 150, 152, 173, 182, 194, 196, 282, N94, R","arr":["32","104","128","146","150","152","173","182","194","196","282","N94","R"],"mode":"bus","angle":49.9,"extra":1,"ei":5,"l0":"32, ","c0":"#4d4aba","l1":"104, ","c1":"#119efc","l2":"128, ","c2":"#095d97","l3":"146, ","c3":"#05617d","l4":"150, ","c4":"#b20b42","l5":"152, ","c5":"#9789ff","l6":"173, ","c6":"#8e4604","l7":"182, ","c7":"#fe6761","l8":"194, ","c8":"#11a2e3","l9":"196, ","c9":"#992492","l10":"282, ","c10":"#cf8a11","l11":"N94, ","c11":"#126804","l12":"R","c12":"#b59607"},"geometry":{"type":"Point","coordinates":[18.503907,54.536098]}},{"type":"Feature","properties":{"lines":"32, 104, 128, 146, 150, 152, 173, 182, 194, 196, 282, N94, R","arr":["32","104","128","146","150","152","173","182","194","196","282","N94","R"],"mode":"bus","angle":82.4,"extra":1,"ei":6,"l0":"32, ","c0":"#4d4aba","l1":"104, ","c1":"#119efc","l2":"128, ","c2":"#095d97","l3":"146, ","c3":"#05617d","l4":"150, ","c4":"#b20b42","l5":"152, ","c5":"#9789ff","l6":"173, ","c6":"#8e4604","l7":"182, ","c7":"#fe6761","l8":"194, ","c8":"#11a2e3","l9":"196, ","c9":"#992492","l10":"282, ","c10":"#cf8a11","l11":"N94, ","c11":"#126804","l12":"R","c12":"#b59607"},"geometry":{"type":"Point","coordinates":[18.50221,54.53766]}},{"type":"Feature","properties":{"lines":"32, 104, 128, 146, 150, 152, 173, 182, 194, 196, 282, N94, R","arr":["32","104","128","146","150","152","173","182","194","196","282","N94","R"],"mode":"bus","angle":40.2,"extra":1,"ei":7,"l0":"32, ","c0":"#4d4aba","l1":"104, ","c1":"#119efc","l2":"128, ","c2":"#095d97","l3":"146, ","c3":"#05617d","l4":"150, ","c4":"#b20b42","l5":"152, ","c5":"#9789ff","l6":"173, ","c6":"#8e4604","l7":"182, ","c7":"#fe6761","l8":"194, ","c8":"#11a2e3","l9":"196, ","c9":"#992492","l10":"282, ","c10":"#cf8a11","l11":"N94, ","c11":"#126804","l12":"R","c12":"#b59607"},"geometry":{"type":"Point","coordinates":[18.500375,54.539111]}},{"type":"Feature","properties":{"lines":"32, 104, 128, 146, 150, 152, 173, 182, 194, 196, 282, N94, R","arr":["32","104","128","146","150","152","173","182","194","196","282","N94","R"],"mode":"bus","angle":40.2,"extra":1,"ei":8,"l0":"32, ","c0":"#4d4aba","l1":"104, ","c1":"#119efc","l2":"128, ","c2":"#095d97","l3":"146, ","c3":"#05617d","l4":"150, ","c4":"#b20b42","l5":"152, ","c5":"#9789ff","l6":"173, ","c6":"#8e4604","l7":"182, ","c7":"#fe6761","l8":"194, ","c8":"#11a2e3","l9":"196, ","c9":"#992492","l10":"282, ","c10":"#cf8a11","l11":"N94, ","c11":"#126804","l12":"R","c12":"#b59607"},"geometry":{"type":"Point","coordinates":[18.497901,54.540331]}},{"type":"Feature","properties":{"lines":"32, 128, 146, 152, 173, 182, 194, 282, N94","arr":["32","128","146","152","173","182","194","282","N94"],"mode":"bus","angle":77.4,"l0":"32, ","c0":"#4d4aba","l1":"128, ","c1":"#095d97","l2":"146, ","c2":"#05617d","l3":"152, ","c3":"#9789ff","l4":"173, ","c4":"#8e4604","l5":"182, ","c5":"#fe6761","l6":"194, ","c6":"#11a2e3","l7":"282, ","c7":"#cf8a11","l8":"N94","c8":"#126804"},"geometry":{"type":"Point","coordinates":[18.498965,54.541626]}},{"type":"Feature","properties":{"lines":"32, 128, 146, 152, 173, 182, 194, 282, N94","arr":["32","128","146","152","173","182","194","282","N94"],"mode":"bus","angle":-70,"side":-1,"extra":1,"ei":0,"l0":"32, ","c0":"#4d4aba","l1":"128, ","c1":"#095d97","l2":"146, ","c2":"#05617d","l3":"152, ","c3":"#9789ff","l4":"173, ","c4":"#8e4604","l5":"182, ","c5":"#fe6761","l6":"194, ","c6":"#11a2e3","l7":"282, ","c7":"#cf8a11","l8":"N94","c8":"#126804"},"geometry":{"type":"Point","coordinates":[18.498824,54.542875]}},{"type":"Feature","properties":{"lines":"32, 109, 128, 141, 146, 152, 163, 173, 182, 194, 282, 309, K, N94, X","arr":["32","109","128","141","146","152","163","173","182","194","282","309","K","N94","X"],"mode":"bus","angle":-61.3,"side":-1,"l0":"32, ","c0":"#4d4aba","l1":"109, ","c1":"#11a2e3","l2":"128, ","c2":"#095d97","l3":"141, ","c3":"#05617d","l4":"146, ","c4":"#05617d","l5":"152, ","c5":"#9789ff","l6":"163, ","c6":"#f661b9","l7":"173, ","c7":"#8e4604","l8":"182, ","c8":"#fe6761","l9":"194, ","c9":"#11a2e3","l10":"282, ","c10":"#cf8a11","l11":"309, ","c11":"#8e4604","l12":"K, ","c12":"#b0045c","l13":"N94, ","c13":"#126804","l14":"X","c14":"#5a5d02"},"geometry":{"type":"Point","coordinates":[18.502444,54.546522]}},{"type":"Feature","properties":{"lines":"32, 109, 128, 141, 146, 152, 163, 173, 182, 194, 282, 309, K, N94, X","arr":["32","109","128","141","146","152","163","173","182","194","282","309","K","N94","X"],"mode":"bus","angle":-59.4,"side":-1,"extra":1,"ei":0,"l0":"32, ","c0":"#4d4aba","l1":"109, ","c1":"#11a2e3","l2":"128, ","c2":"#095d97","l3":"141, ","c3":"#05617d","l4":"146, ","c4":"#05617d","l5":"152, ","c5":"#9789ff","l6":"163, ","c6":"#f661b9","l7":"173, ","c7":"#8e4604","l8":"182, ","c8":"#fe6761","l9":"194, ","c9":"#11a2e3","l10":"282, ","c10":"#cf8a11","l11":"309, ","c11":"#8e4604","l12":"K, ","c12":"#b0045c","l13":"N94, ","c13":"#126804","l14":"X","c14":"#5a5d02"},"geometry":{"type":"Point","coordinates":[18.499827,54.543932]}},{"type":"Feature","properties":{"lines":"32, 109, 128, 141, 146, 152, 163, 173, 182, 194, 282, 309, K, N94, X","arr":["32","109","128","141","146","152","163","173","182","194","282","309","K","N94","X"],"mode":"bus","angle":-60.5,"side":-1,"extra":1,"ei":1,"l0":"32, ","c0":"#4d4aba","l1":"109, ","c1":"#11a2e3","l2":"128, ","c2":"#095d97","l3":"141, ","c3":"#05617d","l4":"146, ","c4":"#05617d","l5":"152, ","c5":"#9789ff","l6":"163, ","c6":"#f661b9","l7":"173, ","c7":"#8e4604","l8":"182, ","c8":"#fe6761","l9":"194, ","c9":"#11a2e3","l10":"282, ","c10":"#cf8a11","l11":"309, ","c11":"#8e4604","l12":"K, ","c12":"#b0045c","l13":"N94, ","c13":"#126804","l14":"X","c14":"#5a5d02"},"geometry":{"type":"Point","coordinates":[18.504682,54.54884]}},{"type":"Feature","properties":{"lines":"32, 104, 105, 109, 125, 128, 135, 141, 146, 150, 152, 163, 173, 182, 194, 196, 197, 198, 282, 309, G, K, N40, N94, X","arr":["32","104","105","109","125","128","135","141","146","150","152","163","173","182","194","196","197","198","282","309","G","K","N40","N94","X"],"mode":"bus","angle":-57.4,"l0":"32, ","c0":"#4d4aba","l1":"104, ","c1":"#119efc","l2":"105, ","c2":"#ff627e","l3":"109, ","c3":"#11a2e3","l4":"125, ","c4":"#9789ff","l5":"128, ","c5":"#095d97","l6":"135, ","c6":"#e47e2b","l7":"141, ","c7":"#05617d","l8":"146, ","c8":"#05617d","l9":"150, ","c9":"#b20b42","l10":"152, ","c10":"#9789ff","l11":"163, ","c11":"#f661b9","l12":"173, ","c12":"#8e4604","l13":"182, ","c13":"#fe6761","l14":"194, ","c14":"#11a2e3","l15":"196, ","c15":"#992492","l16":"197, ","c16":"#19a9a8","l17":"198, ","c17":"#126804","l18":"282, ","c18":"#cf8a11","l19":"309, ","c19":"#8e4604","l20":"G, ","c20":"#0a8a66","l21":"K, ","c21":"#b0045c","l22":"N40, ","c22":"#79a620","l23":"N94, ","c23":"#126804","l24":"X","c24":"#5a5d02"},"geometry":{"type":"Point","coordinates":[18.506162,54.550112]}},{"type":"Feature","properties":{"lines":"32, 104, 105, 109, 125, 128, 135, 141, 146, 150, 152, 163, 173, 182, 194, 196, 197, 198, 282, 309, 365, G, K, N40, N94, X","arr":["32","104","105","109","125","128","135","141","146","150","152","163","173","182","194","196","197","198","282","309","365","G","K","N40","N94","X"],"mode":"bus","angle":-57.8,"l0":"32, ","c0":"#4d4aba","l1":"104, ","c1":"#119efc","l2":"105, ","c2":"#ff627e","l3":"109, ","c3":"#11a2e3","l4":"125, ","c4":"#9789ff","l5":"128, ","c5":"#095d97","l6":"135, ","c6":"#e47e2b","l7":"141, ","c7":"#05617d","l8":"146, ","c8":"#05617d","l9":"150, ","c9":"#b20b42","l10":"152, ","c10":"#9789ff","l11":"163, ","c11":"#f661b9","l12":"173, ","c12":"#8e4604","l13":"182, ","c13":"#fe6761","l14":"194, ","c14":"#11a2e3","l15":"196, ","c15":"#992492","l16":"197, ","c16":"#19a9a8","l17":"198, ","c17":"#126804","l18":"282, ","c18":"#cf8a11","l19":"309, ","c19":"#8e4604","l20":"365, ","c20":"#ab0377","l21":"G, ","c21":"#0a8a66","l22":"K, ","c22":"#b0045c","l23":"N40, ","c23":"#79a620","l24":"N94, ","c24":"#126804","l25":"X","c25":"#5a5d02"},"geometry":{"type":"Point","coordinates":[18.50673,54.550633]}},{"type":"Feature","properties":{"lines":"32, 105, 125, 128, 135, 146, 173, 194, 198, 365, G, K, N94","arr":["32","105","125","128","135","146","173","194","198","365","G","K","N94"],"mode":"bus","angle":-57.6,"l0":"32, ","c0":"#4d4aba","l1":"105, ","c1":"#ff627e","l2":"125, ","c2":"#9789ff","l3":"128, ","c3":"#095d97","l4":"135, ","c4":"#e47e2b","l5":"146, ","c5":"#05617d","l6":"173, ","c6":"#8e4604","l7":"194, ","c7":"#11a2e3","l8":"198, ","c8":"#126804","l9":"365, ","c9":"#ab0377","l10":"G, ","c10":"#0a8a66","l11":"K, ","c11":"#b0045c","l12":"N94","c12":"#126804"},"geometry":{"type":"Point","coordinates":[18.507237,54.551102]}},{"type":"Feature","properties":{"lines":"32, 105, 109, 125, 128, 134, 135, 141, 146, 150, 152, 163, 173, 182, 196, 197, 198, 209, 282, 309, 365, X","arr":["32","105","109","125","128","134","135","141","146","150","152","163","173","182","196","197","198","209","282","309","365","X"],"mode":"bus","angle":31.4,"l0":"32, ","c0":"#4d4aba","l1":"105, ","c1":"#ff627e","l2":"109, ","c2":"#11a2e3","l3":"125, ","c3":"#9789ff","l4":"128, ","c4":"#095d97","l5":"134, ","c5":"#02af5a","l6":"135, ","c6":"#e47e2b","l7":"141, ","c7":"#05617d","l8":"146, ","c8":"#05617d","l9":"150, ","c9":"#b20b42","l10":"152, ","c10":"#9789ff","l11":"163, ","c11":"#f661b9","l12":"173, ","c12":"#8e4604","l13":"182, ","c13":"#fe6761","l14":"196, ","c14":"#992492","l15":"197, ","c15":"#19a9a8","l16":"198, ","c16":"#126804","l17":"209, ","c17":"#04664a","l18":"282, ","c18":"#cf8a11","l19":"309, ","c19":"#8e4604","l20":"365, ","c20":"#ab0377","l21":"X","c21":"#5a5d02"},"geometry":{"type":"Point","coordinates":[18.507075,54.55138]}},{"type":"Feature","properties":{"lines":"32, 105, 125, 135, 146, 173, 198, 365, 770","arr":["32","105","125","135","146","173","198","365","770"],"mode":"bus","angle":31,"l0":"32, ","c0":"#4d4aba","l1":"105, ","c1":"#ff627e","l2":"125, ","c2":"#9789ff","l3":"135, ","c3":"#e47e2b","l4":"146, ","c4":"#05617d","l5":"173, ","c5":"#8e4604","l6":"198, ","c6":"#126804","l7":"365, ","c7":"#ab0377","l8":"770","c8":"#e16cd6"},"geometry":{"type":"Point","coordinates":[18.504368,54.552327]}},{"type":"Feature","properties":{"lines":"32, 105, 125, 135, 146, 173, 198, 365, 770","arr":["32","105","125","135","146","173","198","365","770"],"mode":"bus","angle":18.7,"extra":1,"ei":0,"l0":"32, ","c0":"#4d4aba","l1":"105, ","c1":"#ff627e","l2":"125, ","c2":"#9789ff","l3":"135, ","c3":"#e47e2b","l4":"146, ","c4":"#05617d","l5":"173, ","c5":"#8e4604","l6":"198, ","c6":"#126804","l7":"365, ","c7":"#ab0377","l8":"770","c8":"#e16cd6"},"geometry":{"type":"Point","coordinates":[18.502475,54.552844]}},{"type":"Feature","properties":{"lines":"32, 105, 125, 135, 146, 173, 198, 365, 770, N40","arr":["32","105","125","135","146","173","198","365","770","N40"],"mode":"bus","angle":10.7,"l0":"32, ","c0":"#4d4aba","l1":"105, ","c1":"#ff627e","l2":"125, ","c2":"#9789ff","l3":"135, ","c3":"#e47e2b","l4":"146, ","c4":"#05617d","l5":"173, ","c5":"#8e4604","l6":"198, ","c6":"#126804","l7":"365, ","c7":"#ab0377","l8":"770, ","c8":"#e16cd6","l9":"N40","c9":"#79a620"},"geometry":{"type":"Point","coordinates":[18.490174,54.555017]}},{"type":"Feature","properties":{"lines":"32, 105, 125, 135, 146, 173, 198, 365, 770, N40","arr":["32","105","125","135","146","173","198","365","770","N40"],"mode":"bus","angle":18.8,"extra":1,"ei":0,"l0":"32, ","c0":"#4d4aba","l1":"105, ","c1":"#ff627e","l2":"125, ","c2":"#9789ff","l3":"135, ","c3":"#e47e2b","l4":"146, ","c4":"#05617d","l5":"173, ","c5":"#8e4604","l6":"198, ","c6":"#126804","l7":"365, ","c7":"#ab0377","l8":"770, ","c8":"#e16cd6","l9":"N40","c9":"#79a620"},"geometry":{"type":"Point","coordinates":[18.500311,54.553272]}},{"type":"Feature","properties":{"lines":"32, 105, 125, 135, 146, 173, 198, 365, 770, N40","arr":["32","105","125","135","146","173","198","365","770","N40"],"mode":"bus","angle":19.8,"extra":1,"ei":1,"l0":"32, ","c0":"#4d4aba","l1":"105, ","c1":"#ff627e","l2":"125, ","c2":"#9789ff","l3":"135, ","c3":"#e47e2b","l4":"146, ","c4":"#05617d","l5":"173, ","c5":"#8e4604","l6":"198, ","c6":"#126804","l7":"365, ","c7":"#ab0377","l8":"770, ","c8":"#e16cd6","l9":"N40","c9":"#79a620"},"geometry":{"type":"Point","coordinates":[18.497251,54.553894]}},{"type":"Feature","properties":{"lines":"32, 105, 125, 135, 146, 173, 198, 365, 770, N40","arr":["32","105","125","135","146","173","198","365","770","N40"],"mode":"bus","angle":38.5,"extra":1,"ei":2,"l0":"32, ","c0":"#4d4aba","l1":"105, ","c1":"#ff627e","l2":"125, ","c2":"#9789ff","l3":"135, ","c3":"#e47e2b","l4":"146, ","c4":"#05617d","l5":"173, ","c5":"#8e4604","l6":"198, ","c6":"#126804","l7":"365, ","c7":"#ab0377","l8":"770, ","c8":"#e16cd6","l9":"N40","c9":"#79a620"},"geometry":{"type":"Point","coordinates":[18.494524,54.55471]}},{"type":"Feature","properties":{"lines":"32, 105, 125, 135, 146, 173, 198, 365, 770, N40","arr":["32","105","125","135","146","173","198","365","770","N40"],"mode":"bus","angle":10.9,"extra":1,"ei":3,"l0":"32, ","c0":"#4d4aba","l1":"105, ","c1":"#ff627e","l2":"125, ","c2":"#9789ff","l3":"135, ","c3":"#e47e2b","l4":"146, ","c4":"#05617d","l5":"173, ","c5":"#8e4604","l6":"198, ","c6":"#126804","l7":"365, ","c7":"#ab0377","l8":"770, ","c8":"#e16cd6","l9":"N40","c9":"#79a620"},"geometry":{"type":"Point","coordinates":[18.488151,54.555239]}},{"type":"Feature","properties":{"lines":"32, 105, 125, 135, 146, 173, 198, 365, 770, N40","arr":["32","105","125","135","146","173","198","365","770","N40"],"mode":"bus","angle":11,"extra":1,"ei":4,"l0":"32, ","c0":"#4d4aba","l1":"105, ","c1":"#ff627e","l2":"125, ","c2":"#9789ff","l3":"135, ","c3":"#e47e2b","l4":"146, ","c4":"#05617d","l5":"173, ","c5":"#8e4604","l6":"198, ","c6":"#126804","l7":"365, ","c7":"#ab0377","l8":"770, ","c8":"#e16cd6","l9":"N40","c9":"#79a620"},"geometry":{"type":"Point","coordinates":[18.484971,54.555602]}},{"type":"Feature","properties":{"lines":"32, 105, 125, 135, 146, 173, 198, 365, 770, N40","arr":["32","105","125","135","146","173","198","365","770","N40"],"mode":"bus","angle":25.1,"extra":1,"ei":5,"l0":"32, ","c0":"#4d4aba","l1":"105, ","c1":"#ff627e","l2":"125, ","c2":"#9789ff","l3":"135, ","c3":"#e47e2b","l4":"146, ","c4":"#05617d","l5":"173, ","c5":"#8e4604","l6":"198, ","c6":"#126804","l7":"365, ","c7":"#ab0377","l8":"770, ","c8":"#e16cd6","l9":"N40","c9":"#79a620"},"geometry":{"type":"Point","coordinates":[18.481885,54.55616]}},{"type":"Feature","properties":{"lines":"32, 105, 125, 135, 146, 173, 198, 365, 770, N40","arr":["32","105","125","135","146","173","198","365","770","N40"],"mode":"bus","angle":34.6,"extra":1,"ei":6,"l0":"32, ","c0":"#4d4aba","l1":"105, ","c1":"#ff627e","l2":"125, ","c2":"#9789ff","l3":"135, ","c3":"#e47e2b","l4":"146, ","c4":"#05617d","l5":"173, ","c5":"#8e4604","l6":"198, ","c6":"#126804","l7":"365, ","c7":"#ab0377","l8":"770, ","c8":"#e16cd6","l9":"N40","c9":"#79a620"},"geometry":{"type":"Point","coordinates":[18.479117,54.557135]}},{"type":"Feature","properties":{"lines":"32, 105, 135, 146, 165, 173, 198, 365, 770","arr":["32","105","135","146","165","173","198","365","770"],"mode":"bus","angle":34.7,"side":-1,"l0":"32, ","c0":"#4d4aba","l1":"105, ","c1":"#ff627e","l2":"135, ","c2":"#e47e2b","l3":"146, ","c3":"#05617d","l4":"165, ","c4":"#1cab97","l5":"173, ","c5":"#8e4604","l6":"198, ","c6":"#126804","l7":"365, ","c7":"#ab0377","l8":"770","c8":"#e16cd6"},"geometry":{"type":"Point","coordinates":[18.478188,54.557508]}},{"type":"Feature","properties":{"lines":"32, 105, 135, 146, 165, 173, 198, 365, 770, N40","arr":["32","105","135","146","165","173","198","365","770","N40"],"mode":"bus","angle":34.8,"l0":"32, ","c0":"#4d4aba","l1":"105, ","c1":"#ff627e","l2":"135, ","c2":"#e47e2b","l3":"146, ","c3":"#05617d","l4":"165, ","c4":"#1cab97","l5":"173, ","c5":"#8e4604","l6":"198, ","c6":"#126804","l7":"365, ","c7":"#ab0377","l8":"770, ","c8":"#e16cd6","l9":"N40","c9":"#79a620"},"geometry":{"type":"Point","coordinates":[18.476778,54.558077]}},{"type":"Feature","properties":{"lines":"32, 105, 125, 135, 173, 198, 365, N40","arr":["32","105","125","135","173","198","365","N40"],"mode":"bus","angle":36.1,"side":-1,"l0":"32, ","c0":"#4d4aba","l1":"105, ","c1":"#ff627e","l2":"125, ","c2":"#9789ff","l3":"135, ","c3":"#e47e2b","l4":"173, ","c4":"#8e4604","l5":"198, ","c5":"#126804","l6":"365, ","c6":"#ab0377","l7":"N40","c7":"#79a620"},"geometry":{"type":"Point","coordinates":[18.504165,54.552081]}},{"type":"Feature","properties":{"lines":"32, 105, 125, 135, 173, 198, 365, N40","arr":["32","105","125","135","173","198","365","N40"],"mode":"bus","angle":33,"extra":1,"ei":0,"l0":"32, ","c0":"#4d4aba","l1":"105, ","c1":"#ff627e","l2":"125, ","c2":"#9789ff","l3":"135, ","c3":"#e47e2b","l4":"173, ","c4":"#8e4604","l5":"198, ","c5":"#126804","l6":"365, ","c6":"#ab0377","l7":"N40","c7":"#79a620"},"geometry":{"type":"Point","coordinates":[18.505865,54.551377]}},{"type":"Feature","properties":{"lines":"32, 105, 109, 125, 128, 134, 135, 141, 150, 152, 163, 173, 182, 194, 196, 197, 198, 209, 282, 309, 365, G, K, N40, X","arr":["32","105","109","125","128","134","135","141","150","152","163","173","182","194","196","197","198","209","282","309","365","G","K","N40","X"],"mode":"bus","angle":-61.7,"l0":"32, ","c0":"#4d4aba","l1":"105, ","c1":"#ff627e","l2":"109, ","c2":"#11a2e3","l3":"125, ","c3":"#9789ff","l4":"128, ","c4":"#095d97","l5":"134, ","c5":"#02af5a","l6":"135, ","c6":"#e47e2b","l7":"141, ","c7":"#05617d","l8":"150, ","c8":"#b20b42","l9":"152, ","c9":"#9789ff","l10":"163, ","c10":"#f661b9","l11":"173, ","c11":"#8e4604","l12":"182, ","c12":"#fe6761","l13":"194, ","c13":"#11a2e3","l14":"196, ","c14":"#992492","l15":"197, ","c15":"#19a9a8","l16":"198, ","c16":"#126804","l17":"209, ","c17":"#04664a","l18":"282, ","c18":"#cf8a11","l19":"309, ","c19":"#8e4604","l20":"365, ","c20":"#ab0377","l21":"G, ","c21":"#0a8a66","l22":"K, ","c22":"#b0045c","l23":"N40, ","c23":"#79a620","l24":"X","c24":"#5a5d02"},"geometry":{"type":"Point","coordinates":[18.506138,54.55084]}},{"type":"Feature","properties":{"lines":"32, 109, 128, 134, 141, 152, 163, 173, 182, 194, 196, 209, 282, 309, G, K, N40, X","arr":["32","109","128","134","141","152","163","173","182","194","196","209","282","309","G","K","N40","X"],"mode":"bus","angle":-59.8,"mi":1,"l0":"32, ","c0":"#4d4aba","l1":"109, ","c1":"#11a2e3","l2":"128, ","c2":"#095d97","l3":"134, ","c3":"#02af5a","l4":"141, ","c4":"#05617d","l5":"152, ","c5":"#9789ff","l6":"163, ","c6":"#f661b9","l7":"173, ","c7":"#8e4604","l8":"182, ","c8":"#fe6761","l9":"194, ","c9":"#11a2e3","l10":"196, ","c10":"#992492","l11":"209, ","c11":"#04664a","l12":"282, ","c12":"#cf8a11","l13":"309, ","c13":"#8e4604","l14":"G, ","c14":"#0a8a66","l15":"K, ","c15":"#b0045c","l16":"N40, ","c16":"#79a620","l17":"X","c17":"#5a5d02"},"geometry":{"type":"Point","coordinates":[18.501989,54.546303]}},{"type":"Feature","properties":{"lines":"32, 109, 128, 134, 141, 152, 163, 173, 182, 194, 196, 209, 282, 309, G, K, N40, X","arr":["32","109","128","134","141","152","163","173","182","194","196","209","282","309","G","K","N40","X"],"mode":"bus","angle":-60.2,"extra":1,"ei":0,"l0":"32, ","c0":"#4d4aba","l1":"109, ","c1":"#11a2e3","l2":"128, ","c2":"#095d97","l3":"134, ","c3":"#02af5a","l4":"141, ","c4":"#05617d","l5":"152, ","c5":"#9789ff","l6":"163, ","c6":"#f661b9","l7":"173, ","c7":"#8e4604","l8":"182, ","c8":"#fe6761","l9":"194, ","c9":"#11a2e3","l10":"196, ","c10":"#992492","l11":"209, ","c11":"#04664a","l12":"282, ","c12":"#cf8a11","l13":"309, ","c13":"#8e4604","l14":"G, ","c14":"#0a8a66","l15":"K, ","c15":"#b0045c","l16":"N40, ","c16":"#79a620","l17":"X","c17":"#5a5d02"},"geometry":{"type":"Point","coordinates":[18.504191,54.548541]}},{"type":"Feature","properties":{"lines":"32, 109, 128, 134, 141, 152, 163, 173, 182, 194, 196, 209, 282, 309, G, K, N40, X","arr":["32","109","128","134","141","152","163","173","182","194","196","209","282","309","G","K","N40","X"],"mode":"bus","angle":-59.4,"extra":1,"ei":1,"l0":"32, ","c0":"#4d4aba","l1":"109, ","c1":"#11a2e3","l2":"128, ","c2":"#095d97","l3":"134, ","c3":"#02af5a","l4":"141, ","c4":"#05617d","l5":"152, ","c5":"#9789ff","l6":"163, ","c6":"#f661b9","l7":"173, ","c7":"#8e4604","l8":"182, ","c8":"#fe6761","l9":"194, ","c9":"#11a2e3","l10":"196, ","c10":"#992492","l11":"209, ","c11":"#04664a","l12":"282, ","c12":"#cf8a11","l13":"309, ","c13":"#8e4604","l14":"G, ","c14":"#0a8a66","l15":"K, ","c15":"#b0045c","l16":"N40, ","c16":"#79a620","l17":"X","c17":"#5a5d02"},"geometry":{"type":"Point","coordinates":[18.500955,54.545268]}},{"type":"Feature","properties":{"lines":"32, 109, 128, 134, 141, 152, 163, 173, 182, 194, 196, 209, 282, 309, G, K, N40, X","arr":["32","109","128","134","141","152","163","173","182","194","196","209","282","309","G","K","N40","X"],"mode":"bus","angle":-59.6,"extra":1,"ei":2,"l0":"32, ","c0":"#4d4aba","l1":"109, ","c1":"#11a2e3","l2":"128, ","c2":"#095d97","l3":"134, ","c3":"#02af5a","l4":"141, ","c4":"#05617d","l5":"152, ","c5":"#9789ff","l6":"163, ","c6":"#f661b9","l7":"173, ","c7":"#8e4604","l8":"182, ","c8":"#fe6761","l9":"194, ","c9":"#11a2e3","l10":"196, ","c10":"#992492","l11":"209, ","c11":"#04664a","l12":"282, ","c12":"#cf8a11","l13":"309, ","c13":"#8e4604","l14":"G, ","c14":"#0a8a66","l15":"K, ","c15":"#b0045c","l16":"N40, ","c16":"#79a620","l17":"X","c17":"#5a5d02"},"geometry":{"type":"Point","coordinates":[18.499308,54.543642]}},{"type":"Feature","properties":{"lines":"32, 109, 128, 134, 141, 152, 163, 173, 182, 194, 196, 209, 282, 309, G, K, N40, X","arr":["32","109","128","134","141","152","163","173","182","194","196","209","282","309","G","K","N40","X"],"mode":"bus","angle":-67.7,"l0":"32, ","c0":"#4d4aba","l1":"109, ","c1":"#11a2e3","l2":"128, ","c2":"#095d97","l3":"134, ","c3":"#02af5a","l4":"141, ","c4":"#05617d","l5":"152, ","c5":"#9789ff","l6":"163, ","c6":"#f661b9","l7":"173, ","c7":"#8e4604","l8":"182, ","c8":"#fe6761","l9":"194, ","c9":"#11a2e3","l10":"196, ","c10":"#992492","l11":"209, ","c11":"#04664a","l12":"282, ","c12":"#cf8a11","l13":"309, ","c13":"#8e4604","l14":"G, ","c14":"#0a8a66","l15":"K, ","c15":"#b0045c","l16":"N40, ","c16":"#79a620","l17":"X","c17":"#5a5d02"},"geometry":{"type":"Point","coordinates":[18.505242,54.549738]}},{"type":"Feature","properties":{"lines":"32, 128, 134, 152, 173, 182, 194, 209, 282","arr":["32","128","134","152","173","182","194","209","282"],"mode":"bus","angle":-3,"l0":"32, ","c0":"#4d4aba","l1":"128, ","c1":"#095d97","l2":"134, ","c2":"#02af5a","l3":"152, ","c3":"#9789ff","l4":"173, ","c4":"#8e4604","l5":"182, ","c5":"#fe6761","l6":"194, ","c6":"#11a2e3","l7":"209, ","c7":"#04664a","l8":"282","c8":"#cf8a11"},"geometry":{"type":"Point","coordinates":[18.496753,54.542576]}},{"type":"Feature","properties":{"lines":"32, 128, 134, 150, 152, 173, 182, 194, 209, 282","arr":["32","128","134","150","152","173","182","194","209","282"],"mode":"bus","angle":43.5,"side":-1,"l0":"32, ","c0":"#4d4aba","l1":"128, ","c1":"#095d97","l2":"134, ","c2":"#02af5a","l3":"150, ","c3":"#b20b42","l4":"152, ","c4":"#9789ff","l5":"173, ","c5":"#8e4604","l6":"182, ","c6":"#fe6761","l7":"194, ","c7":"#11a2e3","l8":"209, ","c8":"#04664a","l9":"282","c9":"#cf8a11"},"geometry":{"type":"Point","coordinates":[18.49664,54.540871]}},{"type":"Feature","properties":{"lines":"32, 128, 134, 150, 152, 173, 182, 194, 209, 282, R","arr":["32","128","134","150","152","173","182","194","209","282","R"],"mode":"bus","angle":49.9,"side":-1,"l0":"32, ","c0":"#4d4aba","l1":"128, ","c1":"#095d97","l2":"134, ","c2":"#02af5a","l3":"150, ","c3":"#b20b42","l4":"152, ","c4":"#9789ff","l5":"173, ","c5":"#8e4604","l6":"182, ","c6":"#fe6761","l7":"194, ","c7":"#11a2e3","l8":"209, ","c8":"#04664a","l9":"282, ","c9":"#cf8a11","l10":"R","c10":"#b59607"},"geometry":{"type":"Point","coordinates":[18.507581,54.533337]}},{"type":"Feature","properties":{"lines":"32, 128, 134, 150, 152, 173, 182, 194, 209, 282, R","arr":["32","128","134","150","152","173","182","194","209","282","R"],"mode":"bus","angle":40.3,"side":-1,"extra":1,"ei":0,"l0":"32, ","c0":"#4d4aba","l1":"128, ","c1":"#095d97","l2":"134, ","c2":"#02af5a","l3":"150, ","c3":"#b20b42","l4":"152, ","c4":"#9789ff","l5":"173, ","c5":"#8e4604","l6":"182, ","c6":"#fe6761","l7":"194, ","c7":"#11a2e3","l8":"209, ","c8":"#04664a","l9":"282, ","c9":"#cf8a11","l10":"R","c10":"#b59607"},"geometry":{"type":"Point","coordinates":[18.499006,54.539646]}},{"type":"Feature","properties":{"lines":"32, 128, 134, 150, 152, 173, 182, 194, 209, 282, R","arr":["32","128","134","150","152","173","182","194","209","282","R"],"mode":"bus","angle":45.1,"side":-1,"extra":1,"ei":1,"l0":"32, ","c0":"#4d4aba","l1":"128, ","c1":"#095d97","l2":"134, ","c2":"#02af5a","l3":"150, ","c3":"#b20b42","l4":"152, ","c4":"#9789ff","l5":"173, ","c5":"#8e4604","l6":"182, ","c6":"#fe6761","l7":"194, ","c7":"#11a2e3","l8":"209, ","c8":"#04664a","l9":"282, ","c9":"#cf8a11","l10":"R","c10":"#b59607"},"geometry":{"type":"Point","coordinates":[18.50148,54.538426]}},{"type":"Feature","properties":{"lines":"32, 128, 134, 150, 152, 173, 182, 194, 209, 282, R","arr":["32","128","134","150","152","173","182","194","209","282","R"],"mode":"bus","angle":50.2,"side":-1,"extra":1,"ei":2,"l0":"32, ","c0":"#4d4aba","l1":"128, ","c1":"#095d97","l2":"134, ","c2":"#02af5a","l3":"150, ","c3":"#b20b42","l4":"152, ","c4":"#9789ff","l5":"173, ","c5":"#8e4604","l6":"182, ","c6":"#fe6761","l7":"194, ","c7":"#11a2e3","l8":"209, ","c8":"#04664a","l9":"282, ","c9":"#cf8a11","l10":"R","c10":"#b59607"},"geometry":{"type":"Point","coordinates":[18.502671,54.536735]}},{"type":"Feature","properties":{"lines":"32, 128, 134, 150, 152, 173, 182, 194, 209, 282, R","arr":["32","128","134","150","152","173","182","194","209","282","R"],"mode":"bus","angle":49.9,"side":-1,"extra":1,"ei":3,"l0":"32, ","c0":"#4d4aba","l1":"128, ","c1":"#095d97","l2":"134, ","c2":"#02af5a","l3":"150, ","c3":"#b20b42","l4":"152, ","c4":"#9789ff","l5":"173, ","c5":"#8e4604","l6":"182, ","c6":"#fe6761","l7":"194, ","c7":"#11a2e3","l8":"209, ","c8":"#04664a","l9":"282, ","c9":"#cf8a11","l10":"R","c10":"#b59607"},"geometry":{"type":"Point","coordinates":[18.504759,54.53529]}},{"type":"Feature","properties":{"lines":"32, 128, 134, 150, 152, 173, 182, 194, 209, 282, R","arr":["32","128","134","150","152","173","182","194","209","282","R"],"mode":"bus","angle":50,"side":-1,"extra":1,"ei":4,"l0":"32, ","c0":"#4d4aba","l1":"128, ","c1":"#095d97","l2":"134, ","c2":"#02af5a","l3":"150, ","c3":"#b20b42","l4":"152, ","c4":"#9789ff","l5":"173, ","c5":"#8e4604","l6":"182, ","c6":"#fe6761","l7":"194, ","c7":"#11a2e3","l8":"209, ","c8":"#04664a","l9":"282, ","c9":"#cf8a11","l10":"R","c10":"#b59607"},"geometry":{"type":"Point","coordinates":[18.508933,54.532401]}},{"type":"Feature","properties":{"lines":"32, 128, 134, 150, 152, 173, 182, 194, 209, 282, R","arr":["32","128","134","150","152","173","182","194","209","282","R"],"mode":"bus","angle":49.9,"side":-1,"extra":1,"ei":5,"l0":"32, ","c0":"#4d4aba","l1":"128, ","c1":"#095d97","l2":"134, ","c2":"#02af5a","l3":"150, ","c3":"#b20b42","l4":"152, ","c4":"#9789ff","l5":"173, ","c5":"#8e4604","l6":"182, ","c6":"#fe6761","l7":"194, ","c7":"#11a2e3","l8":"209, ","c8":"#04664a","l9":"282, ","c9":"#cf8a11","l10":"R","c10":"#b59607"},"geometry":{"type":"Point","coordinates":[18.511022,54.530957]}},{"type":"Feature","properties":{"lines":"32, 128, 134, 150, 152, 173, 182, 194, 209, 282, R","arr":["32","128","134","150","152","173","182","194","209","282","R"],"mode":"bus","angle":40.3,"side":-1,"extra":1,"ei":6,"l0":"32, ","c0":"#4d4aba","l1":"128, ","c1":"#095d97","l2":"134, ","c2":"#02af5a","l3":"150, ","c3":"#b20b42","l4":"152, ","c4":"#9789ff","l5":"173, ","c5":"#8e4604","l6":"182, ","c6":"#fe6761","l7":"194, ","c7":"#11a2e3","l8":"209, ","c8":"#04664a","l9":"282, ","c9":"#cf8a11","l10":"R","c10":"#b59607"},"geometry":{"type":"Point","coordinates":[18.513221,54.529576]}},{"type":"Feature","properties":{"lines":"32, 128, 134, 150, 152, 173, 182, 194, 209, 282, R","arr":["32","128","134","150","152","173","182","194","209","282","R"],"mode":"bus","angle":39.4,"side":-1,"extra":1,"ei":7,"l0":"32, ","c0":"#4d4aba","l1":"128, ","c1":"#095d97","l2":"134, ","c2":"#02af5a","l3":"150, ","c3":"#b20b42","l4":"152, ","c4":"#9789ff","l5":"173, ","c5":"#8e4604","l6":"182, ","c6":"#fe6761","l7":"194, ","c7":"#11a2e3","l8":"209, ","c8":"#04664a","l9":"282, ","c9":"#cf8a11","l10":"R","c10":"#b59607"},"geometry":{"type":"Point","coordinates":[18.51583,54.528461]}},{"type":"Feature","properties":{"lines":"32, 128, 134, 150, 152, 173, 182, 194, 209, 282, R","arr":["32","128","134","150","152","173","182","194","209","282","R"],"mode":"bus","angle":54.3,"side":-1,"extra":1,"ei":8,"l0":"32, ","c0":"#4d4aba","l1":"128, ","c1":"#095d97","l2":"134, ","c2":"#02af5a","l3":"150, ","c3":"#b20b42","l4":"152, ","c4":"#9789ff","l5":"173, ","c5":"#8e4604","l6":"182, ","c6":"#fe6761","l7":"194, ","c7":"#11a2e3","l8":"209, ","c8":"#04664a","l9":"282, ","c9":"#cf8a11","l10":"R","c10":"#b59607"},"geometry":{"type":"Point","coordinates":[18.518192,54.527177]}},{"type":"Feature","properties":{"lines":"32, 128, 133, 134, 150, 152, 173, 182, 194, 209, 282, R","arr":["32","128","133","134","150","152","173","182","194","209","282","R"],"mode":"bus","angle":38.6,"side":-1,"mi":1,"l0":"32, ","c0":"#4d4aba","l1":"128, ","c1":"#095d97","l2":"133, ","c2":"#19a9a8","l3":"134, ","c3":"#02af5a","l4":"150, ","c4":"#b20b42","l5":"152, ","c5":"#9789ff","l6":"173, ","c6":"#8e4604","l7":"182, ","c7":"#fe6761","l8":"194, ","c8":"#11a2e3","l9":"209, ","c9":"#04664a","l10":"282, ","c10":"#cf8a11","l11":"R","c11":"#b59607"},"geometry":{"type":"Point","coordinates":[18.519895,54.525444]}},{"type":"Feature","properties":{"lines":"32, 128, 133, 134, 150, 152, 173, 182, 194, 209, 282, R","arr":["32","128","133","134","150","152","173","182","194","209","282","R"],"mode":"bus","angle":32.9,"side":-1,"l0":"32, ","c0":"#4d4aba","l1":"128, ","c1":"#095d97","l2":"133, ","c2":"#19a9a8","l3":"134, ","c3":"#02af5a","l4":"150, ","c4":"#b20b42","l5":"152, ","c5":"#9789ff","l6":"173, ","c6":"#8e4604","l7":"182, ","c7":"#fe6761","l8":"194, ","c8":"#11a2e3","l9":"209, ","c9":"#04664a","l10":"282, ","c10":"#cf8a11","l11":"R","c11":"#b59607"},"geometry":{"type":"Point","coordinates":[18.528786,54.523031]}},{"type":"Feature","properties":{"lines":"32, 128, 133, 134, 150, 152, 173, 182, 194, 209, 282, R","arr":["32","128","133","134","150","152","173","182","194","209","282","R"],"mode":"bus","angle":25.3,"side":-1,"extra":1,"ei":0,"l0":"32, ","c0":"#4d4aba","l1":"128, ","c1":"#095d97","l2":"133, ","c2":"#19a9a8","l3":"134, ","c3":"#02af5a","l4":"150, ","c4":"#b20b42","l5":"152, ","c5":"#9789ff","l6":"173, ","c6":"#8e4604","l7":"182, ","c7":"#fe6761","l8":"194, ","c8":"#11a2e3","l9":"209, ","c9":"#04664a","l10":"282, ","c10":"#cf8a11","l11":"R","c11":"#b59607"},"geometry":{"type":"Point","coordinates":[18.521513,54.52473]}},{"type":"Feature","properties":{"lines":"34, 104, 105, 109, 119, 125, 128, 133, 140, 147, 150, 152, 160, 190, 196, 204, 282, 740, G, R, S, W, Z","arr":["34","104","105","109","119","125","128","133","140","147","150","152","160","190","196","204","282","740","G","R","S","W","Z"],"mode":"bus","angle":-83.4,"side":-1,"l0":"34, ","c0":"#8e4604","l1":"104, ","c1":"#119efc","l2":"105, ","c2":"#ff627e","l3":"109, ","c3":"#11a2e3","l4":"119, ","c4":"#a72d06","l5":"125, ","c5":"#9789ff","l6":"128, ","c6":"#095d97","l7":"133, ","c7":"#19a9a8","l8":"140, ","c8":"#1777eb","l9":"147, ","c9":"#1cab97","l10":"150, ","c10":"#b20b42","l11":"152, ","c11":"#9789ff","l12":"160, ","c12":"#e47e2b","l13":"190, ","c13":"#b59607","l14":"196, ","c14":"#992492","l15":"204, ","c15":"#e16cd6","l16":"282, ","c16":"#cf8a11","l17":"740, ","c17":"#c17aef","l18":"G, ","c18":"#0a8a66","l19":"R, ","c19":"#b59607","l20":"S, ","c20":"#b59607","l21":"W, ","c21":"#126804","l22":"Z","c22":"#076734"},"geometry":{"type":"Point","coordinates":[18.53829,54.514529]}},{"type":"Feature","properties":{"lines":"34, 104, 105, 109, 119, 125, 128, 133, 140, 147, 150, 152, 160, 190, 196, 204, 282, 740, G, R, S, W, Z","arr":["34","104","105","109","119","125","128","133","140","147","150","152","160","190","196","204","282","740","G","R","S","W","Z"],"mode":"bus","angle":-79.1,"side":-1,"extra":1,"ei":0,"l0":"34, ","c0":"#8e4604","l1":"104, ","c1":"#119efc","l2":"105, ","c2":"#ff627e","l3":"109, ","c3":"#11a2e3","l4":"119, ","c4":"#a72d06","l5":"125, ","c5":"#9789ff","l6":"128, ","c6":"#095d97","l7":"133, ","c7":"#19a9a8","l8":"140, ","c8":"#1777eb","l9":"147, ","c9":"#1cab97","l10":"150, ","c10":"#b20b42","l11":"152, ","c11":"#9789ff","l12":"160, ","c12":"#e47e2b","l13":"190, ","c13":"#b59607","l14":"196, ","c14":"#992492","l15":"204, ","c15":"#e16cd6","l16":"282, ","c16":"#cf8a11","l17":"740, ","c17":"#c17aef","l18":"G, ","c18":"#0a8a66","l19":"R, ","c19":"#b59607","l20":"S, ","c20":"#b59607","l21":"W, ","c21":"#126804","l22":"Z","c22":"#076734"},"geometry":{"type":"Point","coordinates":[18.537333,54.510491]}},{"type":"Feature","properties":{"lines":"34, 104, 105, 109, 119, 125, 128, 133, 140, 147, 150, 152, 160, 190, 196, 204, 282, 740, G, R, S, W, Z","arr":["34","104","105","109","119","125","128","133","140","147","150","152","160","190","196","204","282","740","G","R","S","W","Z"],"mode":"bus","angle":-83.1,"side":-1,"extra":1,"ei":1,"l0":"34, ","c0":"#8e4604","l1":"104, ","c1":"#119efc","l2":"105, ","c2":"#ff627e","l3":"109, ","c3":"#11a2e3","l4":"119, ","c4":"#a72d06","l5":"125, ","c5":"#9789ff","l6":"128, ","c6":"#095d97","l7":"133, ","c7":"#19a9a8","l8":"140, ","c8":"#1777eb","l9":"147, ","c9":"#1cab97","l10":"150, ","c10":"#b20b42","l11":"152, ","c11":"#9789ff","l12":"160, ","c12":"#e47e2b","l13":"190, ","c13":"#b59607","l14":"196, ","c14":"#992492","l15":"204, ","c15":"#e16cd6","l16":"282, ","c16":"#cf8a11","l17":"740, ","c17":"#c17aef","l18":"G, ","c18":"#0a8a66","l19":"R, ","c19":"#b59607","l20":"S, ","c20":"#b59607","l21":"W, ","c21":"#126804","l22":"Z","c22":"#076734"},"geometry":{"type":"Point","coordinates":[18.537842,54.512356]}},{"type":"Feature","properties":{"lines":"34, 104, 105, 109, 119, 125, 128, 133, 140, 147, 150, 152, 160, 190, 196, 204, 282, 740, G, R, S, W, Z","arr":["34","104","105","109","119","125","128","133","140","147","150","152","160","190","196","204","282","740","G","R","S","W","Z"],"mode":"bus","angle":-83.4,"side":-1,"extra":1,"ei":2,"l0":"34, ","c0":"#8e4604","l1":"104, ","c1":"#119efc","l2":"105, ","c2":"#ff627e","l3":"109, ","c3":"#11a2e3","l4":"119, ","c4":"#a72d06","l5":"125, ","c5":"#9789ff","l6":"128, ","c6":"#095d97","l7":"133, ","c7":"#19a9a8","l8":"140, ","c8":"#1777eb","l9":"147, ","c9":"#1cab97","l10":"150, ","c10":"#b20b42","l11":"152, ","c11":"#9789ff","l12":"160, ","c12":"#e47e2b","l13":"190, ","c13":"#b59607","l14":"196, ","c14":"#992492","l15":"204, ","c15":"#e16cd6","l16":"282, ","c16":"#cf8a11","l17":"740, ","c17":"#c17aef","l18":"G, ","c18":"#0a8a66","l19":"R, ","c19":"#b59607","l20":"S, ","c20":"#b59607","l21":"W, ","c21":"#126804","l22":"Z","c22":"#076734"},"geometry":{"type":"Point","coordinates":[18.538607,54.516107]}},{"type":"Feature","properties":{"lines":"34, 104, 105, 109, 119, 125, 128, 133, 140, 147, 150, 152, 160, 190, 196, 204, 282, 740, G, R, S, W, Z","arr":["34","104","105","109","119","125","128","133","140","147","150","152","160","190","196","204","282","740","G","R","S","W","Z"],"mode":"bus","angle":-89.5,"side":-1,"extra":1,"ei":3,"l0":"34, ","c0":"#8e4604","l1":"104, ","c1":"#119efc","l2":"105, ","c2":"#ff627e","l3":"109, ","c3":"#11a2e3","l4":"119, ","c4":"#a72d06","l5":"125, ","c5":"#9789ff","l6":"128, ","c6":"#095d97","l7":"133, ","c7":"#19a9a8","l8":"140, ","c8":"#1777eb","l9":"147, ","c9":"#1cab97","l10":"150, ","c10":"#b20b42","l11":"152, ","c11":"#9789ff","l12":"160, ","c12":"#e47e2b","l13":"190, ","c13":"#b59607","l14":"196, ","c14":"#992492","l15":"204, ","c15":"#e16cd6","l16":"282, ","c16":"#cf8a11","l17":"740, ","c17":"#c17aef","l18":"G, ","c18":"#0a8a66","l19":"R, ","c19":"#b59607","l20":"S, ","c20":"#b59607","l21":"W, ","c21":"#126804","l22":"Z","c22":"#076734"},"geometry":{"type":"Point","coordinates":[18.538932,54.517984]}},{"type":"Feature","properties":{"lines":"34, 105, 109, 125, 140, 147, 150, 160, 190, 196, G, S, W","arr":["34","105","109","125","140","147","150","160","190","196","G","S","W"],"mode":"bus","angle":-88.5,"l0":"34, ","c0":"#8e4604","l1":"105, ","c1":"#ff627e","l2":"109, ","c2":"#11a2e3","l3":"125, ","c3":"#9789ff","l4":"140, ","c4":"#1777eb","l5":"147, ","c5":"#1cab97","l6":"150, ","c6":"#b20b42","l7":"160, ","c7":"#e47e2b","l8":"190, ","c8":"#b59607","l9":"196, ","c9":"#992492","l10":"G, ","c10":"#0a8a66","l11":"S, ","c11":"#b59607","l12":"W","c12":"#126804"},"geometry":{"type":"Point","coordinates":[18.53874,54.518613]}},{"type":"Feature","properties":{"lines":"34, 105, 109, 119, 125, 128, 133, 134, 140, 147, 150, 152, 160, 190, 196, 204, 209, 282, G, R, S, W, Z","arr":["34","105","109","119","125","128","133","134","140","147","150","152","160","190","196","204","209","282","G","R","S","W","Z"],"mode":"bus","angle":-83.3,"l0":"34, ","c0":"#8e4604","l1":"105, ","c1":"#ff627e","l2":"109, ","c2":"#11a2e3","l3":"119, ","c3":"#a72d06","l4":"125, ","c4":"#9789ff","l5":"128, ","c5":"#095d97","l6":"133, ","c6":"#19a9a8","l7":"134, ","c7":"#02af5a","l8":"140, ","c8":"#1777eb","l9":"147, ","c9":"#1cab97","l10":"150, ","c10":"#b20b42","l11":"152, ","c11":"#9789ff","l12":"160, ","c12":"#e47e2b","l13":"190, ","c13":"#b59607","l14":"196, ","c14":"#992492","l15":"204, ","c15":"#e16cd6","l16":"209, ","c16":"#04664a","l17":"282, ","c17":"#cf8a11","l18":"G, ","c18":"#0a8a66","l19":"R, ","c19":"#b59607","l20":"S, ","c20":"#b59607","l21":"W, ","c21":"#126804","l22":"Z","c22":"#076734"},"geometry":{"type":"Point","coordinates":[18.537861,54.513622]}},{"type":"Feature","properties":{"lines":"34, 105, 109, 119, 125, 128, 133, 134, 140, 147, 150, 152, 160, 190, 196, 204, 209, 282, G, R, S, W, Z","arr":["34","105","109","119","125","128","133","134","140","147","150","152","160","190","196","204","209","282","G","R","S","W","Z"],"mode":"bus","angle":-83.5,"extra":1,"ei":0,"l0":"34, ","c0":"#8e4604","l1":"105, ","c1":"#ff627e","l2":"109, ","c2":"#11a2e3","l3":"119, ","c3":"#a72d06","l4":"125, ","c4":"#9789ff","l5":"128, ","c5":"#095d97","l6":"133, ","c6":"#19a9a8","l7":"134, ","c7":"#02af5a","l8":"140, ","c8":"#1777eb","l9":"147, ","c9":"#1cab97","l10":"150, ","c10":"#b20b42","l11":"152, ","c11":"#9789ff","l12":"160, ","c12":"#e47e2b","l13":"190, ","c13":"#b59607","l14":"196, ","c14":"#992492","l15":"204, ","c15":"#e16cd6","l16":"209, ","c16":"#04664a","l17":"282, ","c17":"#cf8a11","l18":"G, ","c18":"#0a8a66","l19":"R, ","c19":"#b59607","l20":"S, ","c20":"#b59607","l21":"W, ","c21":"#126804","l22":"Z","c22":"#076734"},"geometry":{"type":"Point","coordinates":[18.538487,54.516754]}},{"type":"Feature","properties":{"lines":"34, 105, 109, 119, 125, 128, 133, 134, 140, 147, 150, 152, 160, 190, 196, 204, 209, 282, G, R, S, W, Z","arr":["34","105","109","119","125","128","133","134","140","147","150","152","160","190","196","204","209","282","G","R","S","W","Z"],"mode":"bus","angle":-83.3,"extra":1,"ei":1,"l0":"34, ","c0":"#8e4604","l1":"105, ","c1":"#ff627e","l2":"109, ","c2":"#11a2e3","l3":"119, ","c3":"#a72d06","l4":"125, ","c4":"#9789ff","l5":"128, ","c5":"#095d97","l6":"133, ","c6":"#19a9a8","l7":"134, ","c7":"#02af5a","l8":"140, ","c8":"#1777eb","l9":"147, ","c9":"#1cab97","l10":"150, ","c10":"#b20b42","l11":"152, ","c11":"#9789ff","l12":"160, ","c12":"#e47e2b","l13":"190, ","c13":"#b59607","l14":"196, ","c14":"#992492","l15":"204, ","c15":"#e16cd6","l16":"209, ","c16":"#04664a","l17":"282, ","c17":"#cf8a11","l18":"G, ","c18":"#0a8a66","l19":"R, ","c19":"#b59607","l20":"S, ","c20":"#b59607","l21":"W, ","c21":"#126804","l22":"Z","c22":"#076734"},"geometry":{"type":"Point","coordinates":[18.538111,54.514878]}},{"type":"Feature","properties":{"lines":"34, 105, 109, 119, 125, 128, 133, 134, 140, 147, 150, 152, 160, 190, 196, 204, 209, 282, G, R, S, W, Z","arr":["34","105","109","119","125","128","133","134","140","147","150","152","160","190","196","204","209","282","G","R","S","W","Z"],"mode":"bus","angle":-79.8,"extra":1,"ei":2,"l0":"34, ","c0":"#8e4604","l1":"105, ","c1":"#ff627e","l2":"109, ","c2":"#11a2e3","l3":"119, ","c3":"#a72d06","l4":"125, ","c4":"#9789ff","l5":"128, ","c5":"#095d97","l6":"133, ","c6":"#19a9a8","l7":"134, ","c7":"#02af5a","l8":"140, ","c8":"#1777eb","l9":"147, ","c9":"#1cab97","l10":"150, ","c10":"#b20b42","l11":"152, ","c11":"#9789ff","l12":"160, ","c12":"#e47e2b","l13":"190, ","c13":"#b59607","l14":"196, ","c14":"#992492","l15":"204, ","c15":"#e16cd6","l16":"209, ","c16":"#04664a","l17":"282, ","c17":"#cf8a11","l18":"G, ","c18":"#0a8a66","l19":"R, ","c19":"#b59607","l20":"S, ","c20":"#b59607","l21":"W, ","c21":"#126804","l22":"Z","c22":"#076734"},"geometry":{"type":"Point","coordinates":[18.537286,54.511133]}},{"type":"Feature","properties":{"lines":"34, 109, 140, 147, 150, 160, 209, N20, N40","arr":["34","109","140","147","150","160","209","N20","N40"],"mode":"bus","angle":-31.7,"side":-1,"l0":"34, ","c0":"#8e4604","l1":"109, ","c1":"#11a2e3","l2":"140, ","c2":"#1777eb","l3":"147, ","c3":"#1cab97","l4":"150, ","c4":"#b20b42","l5":"160, ","c5":"#e47e2b","l6":"209, ","c6":"#04664a","l7":"N20, ","c7":"#e16cd6","l8":"N40","c8":"#79a620"},"geometry":{"type":"Point","coordinates":[18.534545,54.509577]}},{"type":"Feature","properties":{"lines":"34, 140, 147, 150, 160, 182, N20, N40","arr":["34","140","147","150","160","182","N20","N40"],"mode":"bus","angle":6.5,"l0":"34, ","c0":"#8e4604","l1":"140, ","c1":"#1777eb","l2":"147, ","c2":"#1cab97","l3":"150, ","c3":"#b20b42","l4":"160, ","c4":"#e47e2b","l5":"182, ","c5":"#fe6761","l6":"N20, ","c6":"#e16cd6","l7":"N40","c7":"#79a620"},"geometry":{"type":"Point","coordinates":[18.534057,54.508135]}},{"type":"Feature","properties":{"lines":"83, 87, J, M, N30, R","arr":["83","87","J","M","N30","R"],"mode":"bus","angle":-72.3,"l0":"83, ","c0":"#08859d","l1":"87, ","c1":"#4d4aba","l2":"J, ","c2":"#b0045c","l3":"M, ","c3":"#126804","l4":"N30, ","c4":"#119efc","l5":"R","c5":"#b59607"},"geometry":{"type":"Point","coordinates":[18.41227,54.566784]}},{"type":"Feature","properties":{"lines":"83, 87, J, M, N30, R","arr":["83","87","J","M","N30","R"],"mode":"bus","angle":-66.2,"extra":1,"ei":0,"l0":"83, ","c0":"#08859d","l1":"87, ","c1":"#4d4aba","l2":"J, ","c2":"#b0045c","l3":"M, ","c3":"#126804","l4":"N30, ","c4":"#119efc","l5":"R","c5":"#b59607"},"geometry":{"type":"Point","coordinates":[18.411224,54.564974]}},{"type":"Feature","properties":{"lines":"83, 87, J, M, N30, R","arr":["83","87","J","M","N30","R"],"mode":"bus","angle":-72.1,"extra":1,"ei":1,"l0":"83, ","c0":"#08859d","l1":"87, ","c1":"#4d4aba","l2":"J, ","c2":"#b0045c","l3":"M, ","c3":"#126804","l4":"N30, ","c4":"#119efc","l5":"R","c5":"#b59607"},"geometry":{"type":"Point","coordinates":[18.413271,54.568558]}},{"type":"Feature","properties":{"lines":"84, 85, 173, 288, J, M","arr":["84","85","173","288","J","M"],"mode":"bus","angle":44.3,"side":-1,"l0":"84, ","c0":"#fe6761","l1":"85, ","c1":"#02af5a","l2":"173, ","c2":"#8e4604","l3":"288, ","c3":"#4d4aba","l4":"J, ","c4":"#b0045c","l5":"M","c5":"#126804"},"geometry":{"type":"Point","coordinates":[18.387071,54.569481]}},{"type":"Feature","properties":{"lines":"84, 85, 86, 173, J, M, R","arr":["84","85","86","173","J","M","R"],"mode":"bus","angle":25.6,"l0":"84, ","c0":"#fe6761","l1":"85, ","c1":"#02af5a","l2":"86, ","c2":"#c17aef","l3":"173, ","c3":"#8e4604","l4":"J, ","c4":"#b0045c","l5":"M, ","c5":"#126804","l6":"R","c6":"#b59607"},"geometry":{"type":"Point","coordinates":[18.38781,54.569093]}},{"type":"Feature","properties":{"lines":"84, 85, 86, 173, J, M, R","arr":["84","85","86","173","J","M","R"],"mode":"bus","angle":-44.2,"mi":1,"l0":"84, ","c0":"#fe6761","l1":"85, ","c1":"#02af5a","l2":"86, ","c2":"#c17aef","l3":"173, ","c3":"#8e4604","l4":"J, ","c4":"#b0045c","l5":"M, ","c5":"#126804","l6":"R","c6":"#b59607"},"geometry":{"type":"Point","coordinates":[18.389904,54.568217]}},{"type":"Feature","properties":{"lines":"84, 85, 86, 87, 173","arr":["84","85","86","87","173"],"mode":"bus","angle":-73.3,"l0":"84, ","c0":"#fe6761","l1":"85, ","c1":"#02af5a","l2":"86, ","c2":"#c17aef","l3":"87, ","c3":"#4d4aba","l4":"173","c4":"#8e4604"},"geometry":{"type":"Point","coordinates":[18.392164,54.570636]}},{"type":"Feature","properties":{"lines":"84, 86, M, N30, R","arr":["84","86","M","N30","R"],"mode":"bus","angle":26.9,"l0":"84, ","c0":"#fe6761","l1":"86, ","c1":"#c17aef","l2":"M, ","c2":"#126804","l3":"N30, ","c3":"#119efc","l4":"R","c4":"#b59607"},"geometry":{"type":"Point","coordinates":[18.389888,54.570167]}},{"type":"Feature","properties":{"lines":"84, 86, 173, J, M","arr":["84","86","173","J","M"],"mode":"bus","angle":-64.2,"l0":"84, ","c0":"#fe6761","l1":"86, ","c1":"#c17aef","l2":"173, ","c2":"#8e4604","l3":"J, ","c3":"#b0045c","l4":"M","c4":"#126804"},"geometry":{"type":"Point","coordinates":[18.386818,54.570565]}},{"type":"Feature","properties":{"lines":"84, 85, 86, 173, 288, J, M, N30, R","arr":["84","85","86","173","288","J","M","N30","R"],"mode":"bus","angle":78.7,"l0":"84, ","c0":"#fe6761","l1":"85, ","c1":"#02af5a","l2":"86, ","c2":"#c17aef","l3":"173, ","c3":"#8e4604","l4":"288, ","c4":"#4d4aba","l5":"J, ","c5":"#b0045c","l6":"M, ","c6":"#126804","l7":"N30, ","c7":"#119efc","l8":"R","c8":"#b59607"},"geometry":{"type":"Point","coordinates":[18.386538,54.569906]}},{"type":"Feature","properties":{"lines":"85, 173, 288, J, N30, R","arr":["85","173","288","J","N30","R"],"mode":"bus","angle":-44.3,"side":-1,"l0":"85, ","c0":"#02af5a","l1":"173, ","c1":"#8e4604","l2":"288, ","c2":"#4d4aba","l3":"J, ","c3":"#b0045c","l4":"N30, ","c4":"#119efc","l5":"R","c5":"#b59607"},"geometry":{"type":"Point","coordinates":[18.387134,54.570382]}},{"type":"Feature","properties":{"lines":"86, 105, 146, 165, 173, 365, N65","arr":["86","105","146","165","173","365","N65"],"mode":"bus","angle":-78.3,"l0":"86, ","c0":"#c17aef","l1":"105, ","c1":"#ff627e","l2":"146, ","c2":"#05617d","l3":"165, ","c3":"#1cab97","l4":"173, ","c4":"#8e4604","l5":"365, ","c5":"#ab0377","l6":"N65","c6":"#999f01"},"geometry":{"type":"Point","coordinates":[18.492518,54.580998]}},{"type":"Feature","properties":{"lines":"86, 105, 146, 165, 173, 365, N65","arr":["86","105","146","165","173","365","N65"],"mode":"bus","angle":84.2,"mi":1,"l0":"86, ","c0":"#c17aef","l1":"105, ","c1":"#ff627e","l2":"146, ","c2":"#05617d","l3":"165, ","c3":"#1cab97","l4":"173, ","c4":"#8e4604","l5":"365, ","c5":"#ab0377","l6":"N65","c6":"#999f01"},"geometry":{"type":"Point","coordinates":[18.493529,54.586182]}},{"type":"Feature","properties":{"lines":"86, 105, 146, 165, 173, 365, N65","arr":["86","105","146","165","173","365","N65"],"mode":"bus","angle":-79.2,"extra":1,"ei":0,"l0":"86, ","c0":"#c17aef","l1":"105, ","c1":"#ff627e","l2":"146, ","c2":"#05617d","l3":"165, ","c3":"#1cab97","l4":"173, ","c4":"#8e4604","l5":"365, ","c5":"#ab0377","l6":"N65","c6":"#999f01"},"geometry":{"type":"Point","coordinates":[18.491946,54.579335]}},{"type":"Feature","properties":{"lines":"86, 105, 146, 165, 173, 365, N65","arr":["86","105","146","165","173","365","N65"],"mode":"bus","angle":-71.2,"extra":1,"ei":1,"l0":"86, ","c0":"#c17aef","l1":"105, ","c1":"#ff627e","l2":"146, ","c2":"#05617d","l3":"165, ","c3":"#1cab97","l4":"173, ","c4":"#8e4604","l5":"365, ","c5":"#ab0377","l6":"N65","c6":"#999f01"},"geometry":{"type":"Point","coordinates":[18.493523,54.582993]}},{"type":"Feature","properties":{"lines":"86, 105, 146, 165, 173, 365, N65","arr":["86","105","146","165","173","365","N65"],"mode":"bus","angle":80,"extra":1,"ei":0,"l0":"86, ","c0":"#c17aef","l1":"105, ","c1":"#ff627e","l2":"146, ","c2":"#05617d","l3":"165, ","c3":"#1cab97","l4":"173, ","c4":"#8e4604","l5":"365, ","c5":"#ab0377","l6":"N65","c6":"#999f01"},"geometry":{"type":"Point","coordinates":[18.493944,54.584534]}},{"type":"Feature","properties":{"lines":"86, 105, 146, 165, 173, 365, N65","arr":["86","105","146","165","173","365","N65"],"mode":"bus","angle":85.7,"extra":1,"ei":1,"l0":"86, ","c0":"#c17aef","l1":"105, ","c1":"#ff627e","l2":"146, ","c2":"#05617d","l3":"165, ","c3":"#1cab97","l4":"173, ","c4":"#8e4604","l5":"365, ","c5":"#ab0377","l6":"N65","c6":"#999f01"},"geometry":{"type":"Point","coordinates":[18.493194,54.588284]}},{"type":"Feature","properties":{"lines":"86, 105, 173, M, N65","arr":["86","105","173","M","N65"],"mode":"bus","angle":4.8,"l0":"86, ","c0":"#c17aef","l1":"105, ","c1":"#ff627e","l2":"173, ","c2":"#8e4604","l3":"M, ","c3":"#126804","l4":"N65","c4":"#999f01"},"geometry":{"type":"Point","coordinates":[18.487244,54.589037]}},{"type":"Feature","properties":{"lines":"86, 105, 173, M, N65","arr":["86","105","173","M","N65"],"mode":"bus","angle":1.5,"extra":1,"ei":0,"l0":"86, ","c0":"#c17aef","l1":"105, ","c1":"#ff627e","l2":"173, ","c2":"#8e4604","l3":"M, ","c3":"#126804","l4":"N65","c4":"#999f01"},"geometry":{"type":"Point","coordinates":[18.491306,54.58894]}},{"type":"Feature","properties":{"lines":"86, 105, 173, M, N65","arr":["86","105","173","M","N65"],"mode":"bus","angle":3.1,"extra":1,"ei":1,"l0":"86, ","c0":"#c17aef","l1":"105, ","c1":"#ff627e","l2":"173, ","c2":"#8e4604","l3":"M, ","c3":"#126804","l4":"N65","c4":"#999f01"},"geometry":{"type":"Point","coordinates":[18.484837,54.589143]}},{"type":"Feature","properties":{"lines":"86, 105, 173, M, N65","arr":["86","105","173","M","N65"],"mode":"bus","angle":10.1,"extra":1,"ei":2,"l0":"86, ","c0":"#c17aef","l1":"105, ","c1":"#ff627e","l2":"173, ","c2":"#8e4604","l3":"M, ","c3":"#126804","l4":"N65","c4":"#999f01"},"geometry":{"type":"Point","coordinates":[18.481615,54.589323]}},{"type":"Feature","properties":{"lines":"86, 135, 173, M, N65","arr":["86","135","173","M","N65"],"mode":"bus","angle":-2.7,"l0":"86, ","c0":"#c17aef","l1":"135, ","c1":"#e47e2b","l2":"173, ","c2":"#8e4604","l3":"M, ","c3":"#126804","l4":"N65","c4":"#999f01"},"geometry":{"type":"Point","coordinates":[18.459837,54.591263]}},{"type":"Feature","properties":{"lines":"86, 135, 173, M, N65","arr":["86","135","173","M","N65"],"mode":"bus","angle":22.2,"extra":1,"ei":0,"l0":"86, ","c0":"#c17aef","l1":"135, ","c1":"#e47e2b","l2":"173, ","c2":"#8e4604","l3":"M, ","c3":"#126804","l4":"N65","c4":"#999f01"},"geometry":{"type":"Point","coordinates":[18.466383,54.590797]}},{"type":"Feature","properties":{"lines":"86, 135, 173, M, N65","arr":["86","135","173","M","N65"],"mode":"bus","angle":6.1,"extra":1,"ei":1,"l0":"86, ","c0":"#c17aef","l1":"135, ","c1":"#e47e2b","l2":"173, ","c2":"#8e4604","l3":"M, ","c3":"#126804","l4":"N65","c4":"#999f01"},"geometry":{"type":"Point","coordinates":[18.4634,54.591489]}},{"type":"Feature","properties":{"lines":"86, 135, 173, M, N65","arr":["86","135","173","M","N65"],"mode":"bus","angle":-3.9,"extra":1,"ei":2,"l0":"86, ","c0":"#c17aef","l1":"135, ","c1":"#e47e2b","l2":"173, ","c2":"#8e4604","l3":"M, ","c3":"#126804","l4":"N65","c4":"#999f01"},"geometry":{"type":"Point","coordinates":[18.456981,54.591102]}},{"type":"Feature","properties":{"lines":"86, 135, 173, M, N65","arr":["86","135","173","M","N65"],"mode":"bus","angle":-16.5,"extra":1,"ei":3,"l0":"86, ","c0":"#c17aef","l1":"135, ","c1":"#e47e2b","l2":"173, ","c2":"#8e4604","l3":"M, ","c3":"#126804","l4":"N65","c4":"#999f01"},"geometry":{"type":"Point","coordinates":[18.453784,54.590843]}},{"type":"Feature","properties":{"lines":"87, J, M, N30, R","arr":["87","J","M","N30","R"],"mode":"bus","angle":29.9,"l0":"87, ","c0":"#4d4aba","l1":"J, ","c1":"#b0045c","l2":"M, ","c2":"#126804","l3":"N30, ","c3":"#119efc","l4":"R","c4":"#b59607"},"geometry":{"type":"Point","coordinates":[18.404303,54.565757]}},{"type":"Feature","properties":{"lines":"87, J, M, N30, R","arr":["87","J","M","N30","R"],"mode":"bus","angle":25.5,"mi":1,"l0":"87, ","c0":"#4d4aba","l1":"J, ","c1":"#b0045c","l2":"M, ","c2":"#126804","l3":"N30, ","c3":"#119efc","l4":"R","c4":"#b59607"},"geometry":{"type":"Point","coordinates":[18.395088,54.568648]}},{"type":"Feature","properties":{"lines":"87, J, M, N30, R","arr":["87","J","M","N30","R"],"mode":"bus","angle":25.6,"extra":1,"ei":0,"l0":"87, ","c0":"#4d4aba","l1":"J, ","c1":"#b0045c","l2":"M, ","c2":"#126804","l3":"N30, ","c3":"#119efc","l4":"R","c4":"#b59607"},"geometry":{"type":"Point","coordinates":[18.393068,54.569212]}},{"type":"Feature","properties":{"lines":"87, J, M, N30, R","arr":["87","J","M","N30","R"],"mode":"bus","angle":23.4,"extra":1,"ei":0,"l0":"87, ","c0":"#4d4aba","l1":"J, ","c1":"#b0045c","l2":"M, ","c2":"#126804","l3":"N30, ","c3":"#119efc","l4":"R","c4":"#b59607"},"geometry":{"type":"Point","coordinates":[18.400087,54.567184]}},{"type":"Feature","properties":{"lines":"87, J, M, N30, R","arr":["87","J","M","N30","R"],"mode":"bus","angle":28.8,"extra":1,"ei":1,"l0":"87, ","c0":"#4d4aba","l1":"J, ","c1":"#b0045c","l2":"M, ","c2":"#126804","l3":"N30, ","c3":"#119efc","l4":"R","c4":"#b59607"},"geometry":{"type":"Point","coordinates":[18.408527,54.564375]}},{"type":"Feature","properties":{"lines":"102, 140, 147, 150, 160, 182, 190, 204","arr":["102","140","147","150","160","182","190","204"],"mode":"bus","angle":35,"side":-1,"l0":"102, ","c0":"#119efc","l1":"140, ","c1":"#1777eb","l2":"147, ","c2":"#1cab97","l3":"150, ","c3":"#b20b42","l4":"160, ","c4":"#e47e2b","l5":"182, ","c5":"#fe6761","l6":"190, ","c6":"#b59607","l7":"204","c7":"#e16cd6"},"geometry":{"type":"Point","coordinates":[18.531417,54.520971]}},{"type":"Feature","properties":{"lines":"102, 114, 159, 173, 288","arr":["102","114","159","173","288"],"mode":"bus","angle":-88.3,"l0":"102, ","c0":"#119efc","l1":"114, ","c1":"#05617d","l2":"159, ","c2":"#fe6761","l3":"173, ","c3":"#8e4604","l4":"288","c4":"#4d4aba"},"geometry":{"type":"Point","coordinates":[18.462907,54.545282]}},{"type":"Feature","properties":{"lines":"104, 128, 196, 204, 252, 282","arr":["104","128","196","204","252","282"],"mode":"bus","angle":37,"side":-1,"mi":1,"l0":"104, ","c0":"#119efc","l1":"128, ","c1":"#095d97","l2":"196, ","c2":"#992492","l3":"204, ","c3":"#e16cd6","l4":"252, ","c4":"#79a620","l5":"282","c5":"#cf8a11"},"geometry":{"type":"Point","coordinates":[18.548836,54.507756]}},{"type":"Feature","properties":{"lines":"104, 128, 196, 204, 252, 282","arr":["104","128","196","204","252","282"],"mode":"bus","angle":14.2,"l0":"104, ","c0":"#119efc","l1":"128, ","c1":"#095d97","l2":"196, ","c2":"#992492","l3":"204, ","c3":"#e16cd6","l4":"252, ","c4":"#79a620","l5":"282","c5":"#cf8a11"},"geometry":{"type":"Point","coordinates":[18.546888,54.508165]}},{"type":"Feature","properties":{"lines":"104, 119, 128, 133, 196, 204, 252, 282","arr":["104","119","128","133","196","204","252","282"],"mode":"bus","angle":14.3,"l0":"104, ","c0":"#119efc","l1":"119, ","c1":"#a72d06","l2":"128, ","c2":"#095d97","l3":"133, ","c3":"#19a9a8","l4":"196, ","c4":"#992492","l5":"204, ","c5":"#e16cd6","l6":"252, ","c6":"#79a620","l7":"282","c7":"#cf8a11"},"geometry":{"type":"Point","coordinates":[18.541647,54.508931]}},{"type":"Feature","properties":{"lines":"104, 119, 128, 133, 140, 147, 150, 152, 160, 182, 196, 204, 740, R, Z","arr":["104","119","128","133","140","147","150","152","160","182","196","204","740","R","Z"],"mode":"bus","angle":86.6,"l0":"104, ","c0":"#119efc","l1":"119, ","c1":"#a72d06","l2":"128, ","c2":"#095d97","l3":"133, ","c3":"#19a9a8","l4":"140, ","c4":"#1777eb","l5":"147, ","c5":"#1cab97","l6":"150, ","c6":"#b20b42","l7":"152, ","c7":"#9789ff","l8":"160, ","c8":"#e47e2b","l9":"182, ","c9":"#fe6761","l10":"196, ","c10":"#992492","l11":"204, ","c11":"#e16cd6","l12":"740, ","c12":"#c17aef","l13":"R, ","c13":"#b59607","l14":"Z","c14":"#076734"},"geometry":{"type":"Point","coordinates":[18.538943,54.520915]}},{"type":"Feature","properties":{"lines":"104, 128, 133, 140, 147, 150, 152, 160, 182, 196, 740, R, Z","arr":["104","128","133","140","147","150","152","160","182","196","740","R","Z"],"mode":"bus","angle":86,"l0":"104, ","c0":"#119efc","l1":"128, ","c1":"#095d97","l2":"133, ","c2":"#19a9a8","l3":"140, ","c3":"#1777eb","l4":"147, ","c4":"#1cab97","l5":"150, ","c5":"#b20b42","l6":"152, ","c6":"#9789ff","l7":"160, ","c7":"#e47e2b","l8":"182, ","c8":"#fe6761","l9":"196, ","c9":"#992492","l10":"740, ","c10":"#c17aef","l11":"R, ","c11":"#b59607","l12":"Z","c12":"#076734"},"geometry":{"type":"Point","coordinates":[18.538713,54.522835]}},{"type":"Feature","properties":{"lines":"104, 105, 125, 150, 196, 197, G, N40, R","arr":["104","105","125","150","196","197","G","N40","R"],"mode":"bus","angle":41.4,"l0":"104, ","c0":"#119efc","l1":"105, ","c1":"#ff627e","l2":"125, ","c2":"#9789ff","l3":"150, ","c3":"#b20b42","l4":"196, ","c4":"#992492","l5":"197, ","c5":"#19a9a8","l6":"G, ","c6":"#0a8a66","l7":"N40, ","c7":"#79a620","l8":"R","c8":"#b59607"},"geometry":{"type":"Point","coordinates":[18.497258,54.540649]}},{"type":"Feature","properties":{"lines":"104, 105, 125, 150, 196, 197, G, N40","arr":["104","105","125","150","196","197","G","N40"],"mode":"bus","angle":-57.9,"l0":"104, ","c0":"#119efc","l1":"105, ","c1":"#ff627e","l2":"125, ","c2":"#9789ff","l3":"150, ","c3":"#b20b42","l4":"196, ","c4":"#992492","l5":"197, ","c5":"#19a9a8","l6":"G, ","c6":"#0a8a66","l7":"N40","c7":"#79a620"},"geometry":{"type":"Point","coordinates":[18.499563,54.544608]}},{"type":"Feature","properties":{"lines":"104, 105, 125, 150, 196, 197, G, N40","arr":["104","105","125","150","196","197","G","N40"],"mode":"bus","angle":-64.7,"extra":1,"ei":0,"l0":"104, ","c0":"#119efc","l1":"105, ","c1":"#ff627e","l2":"125, ","c2":"#9789ff","l3":"150, ","c3":"#b20b42","l4":"196, ","c4":"#992492","l5":"197, ","c5":"#19a9a8","l6":"G, ","c6":"#0a8a66","l7":"N40","c7":"#79a620"},"geometry":{"type":"Point","coordinates":[18.496652,54.541881]}},{"type":"Feature","properties":{"lines":"104, 105, 125, 150, 196, 197, G, N40","arr":["104","105","125","150","196","197","G","N40"],"mode":"bus","angle":-58.3,"extra":1,"ei":1,"l0":"104, ","c0":"#119efc","l1":"105, ","c1":"#ff627e","l2":"125, ","c2":"#9789ff","l3":"150, ","c3":"#b20b42","l4":"196, ","c4":"#992492","l5":"197, ","c5":"#19a9a8","l6":"G, ","c6":"#0a8a66","l7":"N40","c7":"#79a620"},"geometry":{"type":"Point","coordinates":[18.498354,54.543488]}},{"type":"Feature","properties":{"lines":"104, 105, 125, 150, 196, 197, G, N40","arr":["104","105","125","150","196","197","G","N40"],"mode":"bus","angle":72.4,"extra":1,"ei":2,"l0":"104, ","c0":"#119efc","l1":"105, ","c1":"#ff627e","l2":"125, ","c2":"#9789ff","l3":"150, ","c3":"#b20b42","l4":"196, ","c4":"#992492","l5":"197, ","c5":"#19a9a8","l6":"G, ","c6":"#0a8a66","l7":"N40","c7":"#79a620"},"geometry":{"type":"Point","coordinates":[18.501438,54.546724]}},{"type":"Feature","properties":{"lines":"104, 105, 125, 135, 150, 196, 197, 198, G, N40","arr":["104","105","125","135","150","196","197","198","G","N40"],"mode":"bus","angle":35.7,"mi":2,"l0":"104, ","c0":"#119efc","l1":"105, ","c1":"#ff627e","l2":"125, ","c2":"#9789ff","l3":"135, ","c3":"#e47e2b","l4":"150, ","c4":"#b20b42","l5":"196, ","c5":"#992492","l6":"197, ","c6":"#19a9a8","l7":"198, ","c7":"#126804","l8":"G, ","c8":"#0a8a66","l9":"N40","c9":"#79a620"},"geometry":{"type":"Point","coordinates":[18.502352,54.547789]}},{"type":"Feature","properties":{"lines":"104, 105, 125, 135, 150, 196, 197, 198, G, N40","arr":["104","105","125","135","150","196","197","198","G","N40"],"mode":"bus","angle":-62.2,"l0":"104, ","c0":"#119efc","l1":"105, ","c1":"#ff627e","l2":"125, ","c2":"#9789ff","l3":"135, ","c3":"#e47e2b","l4":"150, ","c4":"#b20b42","l5":"196, ","c5":"#992492","l6":"197, ","c6":"#19a9a8","l7":"198, ","c7":"#126804","l8":"G, ","c8":"#0a8a66","l9":"N40","c9":"#79a620"},"geometry":{"type":"Point","coordinates":[18.504784,54.548084]}},{"type":"Feature","properties":{"lines":"104, 105, 125, 135, 150, 196, 197, 198, G, N40","arr":["104","105","125","135","150","196","197","198","G","N40"],"mode":"bus","angle":-70.4,"side":-1,"mi":1,"l0":"104, ","c0":"#119efc","l1":"105, ","c1":"#ff627e","l2":"125, ","c2":"#9789ff","l3":"135, ","c3":"#e47e2b","l4":"150, ","c4":"#b20b42","l5":"196, ","c5":"#992492","l6":"197, ","c6":"#19a9a8","l7":"198, ","c7":"#126804","l8":"G, ","c8":"#0a8a66","l9":"N40","c9":"#79a620"},"geometry":{"type":"Point","coordinates":[18.505489,54.549361]}},{"type":"Feature","properties":{"lines":"104, 109, 141, 150, 152, 163, 182, 196, 197, 209, 282, 309, N40, X","arr":["104","109","141","150","152","163","182","196","197","209","282","309","N40","X"],"mode":"bus","angle":20.9,"l0":"104, ","c0":"#119efc","l1":"109, ","c1":"#11a2e3","l2":"141, ","c2":"#05617d","l3":"150, ","c3":"#b20b42","l4":"152, ","c4":"#9789ff","l5":"163, ","c5":"#f661b9","l6":"182, ","c6":"#fe6761","l7":"196, ","c7":"#992492","l8":"197, ","c8":"#19a9a8","l9":"209, ","c9":"#04664a","l10":"282, ","c10":"#cf8a11","l11":"309, ","c11":"#8e4604","l12":"N40, ","c12":"#79a620","l13":"X","c13":"#5a5d02"},"geometry":{"type":"Point","coordinates":[18.508075,54.550711]}},{"type":"Feature","properties":{"lines":"104, 109, 128, 134, 141, 150, 152, 163, 182, 196, 197, 209, 282, 309, N40, X","arr":["104","109","128","134","141","150","152","163","182","196","197","209","282","309","N40","X"],"mode":"bus","angle":22.1,"l0":"104, ","c0":"#119efc","l1":"109, ","c1":"#11a2e3","l2":"128, ","c2":"#095d97","l3":"134, ","c3":"#02af5a","l4":"141, ","c4":"#05617d","l5":"150, ","c5":"#b20b42","l6":"152, ","c6":"#9789ff","l7":"163, ","c7":"#f661b9","l8":"182, ","c8":"#fe6761","l9":"196, ","c9":"#992492","l10":"197, ","c10":"#19a9a8","l11":"209, ","c11":"#04664a","l12":"282, ","c12":"#cf8a11","l13":"309, ","c13":"#8e4604","l14":"N40, ","c14":"#79a620","l15":"X","c15":"#5a5d02"},"geometry":{"type":"Point","coordinates":[18.510903,54.550302]}},{"type":"Feature","properties":{"lines":"109, 128, 134, 141, 150, 152, 163, 182, 196, 197, 209, 282, 309, X","arr":["109","128","134","141","150","152","163","182","196","197","209","282","309","X"],"mode":"bus","angle":28.6,"l0":"109, ","c0":"#11a2e3","l1":"128, ","c1":"#095d97","l2":"134, ","c2":"#02af5a","l3":"141, ","c3":"#05617d","l4":"150, ","c4":"#b20b42","l5":"152, ","c5":"#9789ff","l6":"163, ","c6":"#f661b9","l7":"182, ","c7":"#fe6761","l8":"196, ","c8":"#992492","l9":"197, ","c9":"#19a9a8","l10":"209, ","c10":"#04664a","l11":"282, ","c11":"#cf8a11","l12":"309, ","c12":"#8e4604","l13":"X","c13":"#5a5d02"},"geometry":{"type":"Point","coordinates":[18.50814,54.55103]}},{"type":"Feature","properties":{"lines":"104, 109, 128, 134, 150, 152, 163, 182, 196, 197, 209, 282, 309, N40, X","arr":["104","109","128","134","150","152","163","182","196","197","209","282","309","N40","X"],"mode":"bus","angle":30.5,"l0":"104, ","c0":"#119efc","l1":"109, ","c1":"#11a2e3","l2":"128, ","c2":"#095d97","l3":"134, ","c3":"#02af5a","l4":"150, ","c4":"#b20b42","l5":"152, ","c5":"#9789ff","l6":"163, ","c6":"#f661b9","l7":"182, ","c7":"#fe6761","l8":"196, ","c8":"#992492","l9":"197, ","c9":"#19a9a8","l10":"209, ","c10":"#04664a","l11":"282, ","c11":"#cf8a11","l12":"309, ","c12":"#8e4604","l13":"N40, ","c13":"#79a620","l14":"X","c14":"#5a5d02"},"geometry":{"type":"Point","coordinates":[18.514647,54.549135]}},{"type":"Feature","properties":{"lines":"104, 128, 150, 163, 196, 197, X","arr":["104","128","150","163","196","197","X"],"mode":"bus","angle":46.2,"l0":"104, ","c0":"#119efc","l1":"128, ","c1":"#095d97","l2":"150, ","c2":"#b20b42","l3":"163, ","c3":"#f661b9","l4":"196, ","c4":"#992492","l5":"197, ","c5":"#19a9a8","l6":"X","c6":"#5a5d02"},"geometry":{"type":"Point","coordinates":[18.518489,54.547617]}},{"type":"Feature","properties":{"lines":"104, 128, 150, 163, 196, 197, N40, X","arr":["104","128","150","163","196","197","N40","X"],"mode":"bus","angle":9,"l0":"104, ","c0":"#119efc","l1":"128, ","c1":"#095d97","l2":"150, ","c2":"#b20b42","l3":"163, ","c3":"#f661b9","l4":"196, ","c4":"#992492","l5":"197, ","c5":"#19a9a8","l6":"N40, ","c6":"#79a620","l7":"X","c7":"#5a5d02"},"geometry":{"type":"Point","coordinates":[18.532572,54.542839]}},{"type":"Feature","properties":{"lines":"104, 128, 150, 163, 196, 197, N40, X","arr":["104","128","150","163","196","197","N40","X"],"mode":"bus","angle":34.6,"extra":1,"ei":0,"l0":"104, ","c0":"#119efc","l1":"128, ","c1":"#095d97","l2":"150, ","c2":"#b20b42","l3":"163, ","c3":"#f661b9","l4":"196, ","c4":"#992492","l5":"197, ","c5":"#19a9a8","l6":"N40, ","c6":"#79a620","l7":"X","c7":"#5a5d02"},"geometry":{"type":"Point","coordinates":[18.521047,54.546152]}},{"type":"Feature","properties":{"lines":"104, 128, 150, 163, 196, 197, N40, X","arr":["104","128","150","163","196","197","N40","X"],"mode":"bus","angle":33.8,"extra":1,"ei":1,"l0":"104, ","c0":"#119efc","l1":"128, ","c1":"#095d97","l2":"150, ","c2":"#b20b42","l3":"163, ","c3":"#f661b9","l4":"196, ","c4":"#992492","l5":"197, ","c5":"#19a9a8","l6":"N40, ","c6":"#79a620","l7":"X","c7":"#5a5d02"},"geometry":{"type":"Point","coordinates":[18.523739,54.5451]}},{"type":"Feature","properties":{"lines":"104, 128, 150, 163, 196, 197, N40, X","arr":["104","128","150","163","196","197","N40","X"],"mode":"bus","angle":33.7,"extra":1,"ei":2,"l0":"104, ","c0":"#119efc","l1":"128, ","c1":"#095d97","l2":"150, ","c2":"#b20b42","l3":"163, ","c3":"#f661b9","l4":"196, ","c4":"#992492","l5":"197, ","c5":"#19a9a8","l6":"N40, ","c6":"#79a620","l7":"X","c7":"#5a5d02"},"geometry":{"type":"Point","coordinates":[18.526433,54.54405]}},{"type":"Feature","properties":{"lines":"104, 128, 150, 163, 196, 197, N40, X","arr":["104","128","150","163","196","197","N40","X"],"mode":"bus","angle":12.3,"extra":1,"ei":3,"l0":"104, ","c0":"#119efc","l1":"128, ","c1":"#095d97","l2":"150, ","c2":"#b20b42","l3":"163, ","c3":"#f661b9","l4":"196, ","c4":"#992492","l5":"197, ","c5":"#19a9a8","l6":"N40, ","c6":"#79a620","l7":"X","c7":"#5a5d02"},"geometry":{"type":"Point","coordinates":[18.529255,54.543155]}},{"type":"Feature","properties":{"lines":"104, 128, 150, 163, 196, 197, N40, X","arr":["104","128","150","163","196","197","N40","X"],"mode":"bus","angle":9.1,"extra":1,"ei":4,"l0":"104, ","c0":"#119efc","l1":"128, ","c1":"#095d97","l2":"150, ","c2":"#b20b42","l3":"163, ","c3":"#f661b9","l4":"196, ","c4":"#992492","l5":"197, ","c5":"#19a9a8","l6":"N40, ","c6":"#79a620","l7":"X","c7":"#5a5d02"},"geometry":{"type":"Point","coordinates":[18.535654,54.542555]}},{"type":"Feature","properties":{"lines":"104, 128, 150, 163, 196, 197, N40, X","arr":["104","128","150","163","196","197","N40","X"],"mode":"bus","angle":-4.9,"extra":1,"ei":5,"l0":"104, ","c0":"#119efc","l1":"128, ","c1":"#095d97","l2":"150, ","c2":"#b20b42","l3":"163, ","c3":"#f661b9","l4":"196, ","c4":"#992492","l5":"197, ","c5":"#19a9a8","l6":"N40, ","c6":"#79a620","l7":"X","c7":"#5a5d02"},"geometry":{"type":"Point","coordinates":[18.538873,54.542509]}},{"type":"Feature","properties":{"lines":"104, 128, 150, 163, 196, 197, N40, X","arr":["104","128","150","163","196","197","N40","X"],"mode":"bus","angle":-5.1,"extra":1,"ei":6,"l0":"104, ","c0":"#119efc","l1":"128, ","c1":"#095d97","l2":"150, ","c2":"#b20b42","l3":"163, ","c3":"#f661b9","l4":"196, ","c4":"#992492","l5":"197, ","c5":"#19a9a8","l6":"N40, ","c6":"#79a620","l7":"X","c7":"#5a5d02"},"geometry":{"type":"Point","coordinates":[18.542103,54.54266]}},{"type":"Feature","properties":{"lines":"104, 128, 150, 163, 196, 197, N40, X","arr":["104","128","150","163","196","197","N40","X"],"mode":"bus","angle":-4.9,"extra":1,"ei":7,"l0":"104, ","c0":"#119efc","l1":"128, ","c1":"#095d97","l2":"150, ","c2":"#b20b42","l3":"163, ","c3":"#f661b9","l4":"196, ","c4":"#992492","l5":"197, ","c5":"#19a9a8","l6":"N40, ","c6":"#79a620","l7":"X","c7":"#5a5d02"},"geometry":{"type":"Point","coordinates":[18.545331,54.542824]}},{"type":"Feature","properties":{"lines":"104, 150, 163, 196, 197, N40, X","arr":["104","150","163","196","197","N40","X"],"mode":"bus","angle":15.5,"side":-1,"l0":"104, ","c0":"#119efc","l1":"150, ","c1":"#b20b42","l2":"163, ","c2":"#f661b9","l3":"196, ","c3":"#992492","l4":"197, ","c4":"#19a9a8","l5":"N40, ","c5":"#79a620","l6":"X","c6":"#5a5d02"},"geometry":{"type":"Point","coordinates":[18.547492,54.542868]}},{"type":"Feature","properties":{"lines":"105, 121, 125, 180, 252, 700, W","arr":["105","121","125","180","252","700","W"],"mode":"bus","angle":5.4,"l0":"105, ","c0":"#ff627e","l1":"121, ","c1":"#7c5001","l2":"125, ","c2":"#9789ff","l3":"180, ","c3":"#05617d","l4":"252, ","c4":"#79a620","l5":"700, ","c5":"#4d4aba","l6":"W","c6":"#126804"},"geometry":{"type":"Point","coordinates":[18.553697,54.489761]}},{"type":"Feature","properties":{"lines":"105, 121, 125, 180, 700, W","arr":["105","121","125","180","700","W"],"mode":"bus","angle":33,"l0":"105, ","c0":"#ff627e","l1":"121, ","c1":"#7c5001","l2":"125, ","c2":"#9789ff","l3":"180, ","c3":"#05617d","l4":"700, ","c4":"#4d4aba","l5":"W","c5":"#126804"},"geometry":{"type":"Point","coordinates":[18.545522,54.489779]}},{"type":"Feature","properties":{"lines":"105, 121, 125, 180, 700, W","arr":["105","121","125","180","700","W"],"mode":"bus","angle":-6.1,"extra":1,"ei":0,"l0":"105, ","c0":"#ff627e","l1":"121, ","c1":"#7c5001","l2":"125, ","c2":"#9789ff","l3":"180, ","c3":"#05617d","l4":"700, ","c4":"#4d4aba","l5":"W","c5":"#126804"},"geometry":{"type":"Point","coordinates":[18.549953,54.489948]}},{"type":"Feature","properties":{"lines":"105, 121, 125, 180, 700, W","arr":["105","121","125","180","700","W"],"mode":"bus","angle":65,"extra":1,"ei":1,"l0":"105, ","c0":"#ff627e","l1":"121, ","c1":"#7c5001","l2":"125, ","c2":"#9789ff","l3":"180, ","c3":"#05617d","l4":"700, ","c4":"#4d4aba","l5":"W","c5":"#126804"},"geometry":{"type":"Point","coordinates":[18.542383,54.492112]}},{"type":"Feature","properties":{"lines":"105, 109, 125, 141, 197, 309, G, K, N20, N40, X","arr":["105","109","125","141","197","309","G","K","N20","N40","X"],"mode":"bus","angle":-59.7,"l0":"105, ","c0":"#ff627e","l1":"109, ","c1":"#11a2e3","l2":"125, ","c2":"#9789ff","l3":"141, ","c3":"#05617d","l4":"197, ","c4":"#19a9a8","l5":"309, ","c5":"#8e4604","l6":"G, ","c6":"#0a8a66","l7":"K, ","c7":"#b0045c","l8":"N20, ","c8":"#e16cd6","l9":"N40, ","c9":"#79a620","l10":"X","c10":"#5a5d02"},"geometry":{"type":"Point","coordinates":[18.489414,54.533245]}},{"type":"Feature","properties":{"lines":"105, 109, 125, 141, 197, 309, G, K, N40, X","arr":["105","109","125","141","197","309","G","K","N40","X"],"mode":"bus","angle":-66.2,"side":-1,"mi":1,"l0":"105, ","c0":"#ff627e","l1":"109, ","c1":"#11a2e3","l2":"125, ","c2":"#9789ff","l3":"141, ","c3":"#05617d","l4":"197, ","c4":"#19a9a8","l5":"309, ","c5":"#8e4604","l6":"G, ","c6":"#0a8a66","l7":"K, ","c7":"#b0045c","l8":"N40, ","c8":"#79a620","l9":"X","c9":"#5a5d02"},"geometry":{"type":"Point","coordinates":[18.490403,54.534292]}},{"type":"Feature","properties":{"lines":"105, 109, 125, 141, 197, 309, G, K, N40, X","arr":["105","109","125","141","197","309","G","K","N40","X"],"mode":"bus","angle":-60.1,"mi":2,"l0":"105, ","c0":"#ff627e","l1":"109, ","c1":"#11a2e3","l2":"125, ","c2":"#9789ff","l3":"141, ","c3":"#05617d","l4":"197, ","c4":"#19a9a8","l5":"309, ","c5":"#8e4604","l6":"G, ","c6":"#0a8a66","l7":"K, ","c7":"#b0045c","l8":"N40, ","c8":"#79a620","l9":"X","c9":"#5a5d02"},"geometry":{"type":"Point","coordinates":[18.49309,54.536992]}},{"type":"Feature","properties":{"lines":"105, 109, 125, 141, 197, 309, G, K, N40, X","arr":["105","109","125","141","197","309","G","K","N40","X"],"mode":"bus","angle":-60.5,"side":-1,"l0":"105, ","c0":"#ff627e","l1":"109, ","c1":"#11a2e3","l2":"125, ","c2":"#9789ff","l3":"141, ","c3":"#05617d","l4":"197, ","c4":"#19a9a8","l5":"309, ","c5":"#8e4604","l6":"G, ","c6":"#0a8a66","l7":"K, ","c7":"#b0045c","l8":"N40, ","c8":"#79a620","l9":"X","c9":"#5a5d02"},"geometry":{"type":"Point","coordinates":[18.491355,54.535443]}},{"type":"Feature","properties":{"lines":"105, 109, 125, 141, 163, 197, 309, G, K, N40, R, X","arr":["105","109","125","141","163","197","309","G","K","N40","R","X"],"mode":"bus","angle":-60.1,"l0":"105, ","c0":"#ff627e","l1":"109, ","c1":"#11a2e3","l2":"125, ","c2":"#9789ff","l3":"141, ","c3":"#05617d","l4":"163, ","c4":"#f661b9","l5":"197, ","c5":"#19a9a8","l6":"309, ","c6":"#8e4604","l7":"G, ","c7":"#0a8a66","l8":"K, ","c8":"#b0045c","l9":"N40, ","c9":"#79a620","l10":"R, ","c10":"#b59607","l11":"X","c11":"#5a5d02"},"geometry":{"type":"Point","coordinates":[18.495336,54.539257]}},{"type":"Feature","properties":{"lines":"105, 109, 125, 141, 163, 197, 309, G, K, N40, R, X","arr":["105","109","125","141","163","197","309","G","K","N40","R","X"],"mode":"bus","angle":-59.8,"side":-1,"mi":1,"l0":"105, ","c0":"#ff627e","l1":"109, ","c1":"#11a2e3","l2":"125, ","c2":"#9789ff","l3":"141, ","c3":"#05617d","l4":"163, ","c4":"#f661b9","l5":"197, ","c5":"#19a9a8","l6":"309, ","c6":"#8e4604","l7":"G, ","c7":"#0a8a66","l8":"K, ","c8":"#b0045c","l9":"N40, ","c9":"#79a620","l10":"R, ","c10":"#b59607","l11":"X","c11":"#5a5d02"},"geometry":{"type":"Point","coordinates":[18.496775,54.54091]}},{"type":"Feature","properties":{"lines":"105, 125, 197, G, N40, R","arr":["105","125","197","G","N40","R"],"mode":"bus","angle":83.2,"side":-1,"l0":"105, ","c0":"#ff627e","l1":"125, ","c1":"#9789ff","l2":"197, ","c2":"#19a9a8","l3":"G, ","c3":"#0a8a66","l4":"N40, ","c4":"#79a620","l5":"R","c5":"#b59607"},"geometry":{"type":"Point","coordinates":[18.498898,54.541364]}},{"type":"Feature","properties":{"lines":"105, 135, 146, 165, 173, 365, 770, N40","arr":["105","135","146","165","173","365","770","N40"],"mode":"bus","angle":-71,"l0":"105, ","c0":"#ff627e","l1":"135, ","c1":"#e47e2b","l2":"146, ","c2":"#05617d","l3":"165, ","c3":"#1cab97","l4":"173, ","c4":"#8e4604","l5":"365, ","c5":"#ab0377","l6":"770, ","c6":"#e16cd6","l7":"N40","c7":"#79a620"},"geometry":{"type":"Point","coordinates":[18.475514,54.558781]}},{"type":"Feature","properties":{"lines":"105, 135, 146, 165, 173, 365, N40","arr":["105","135","146","165","173","365","N40"],"mode":"bus","angle":32.7,"l0":"105, ","c0":"#ff627e","l1":"135, ","c1":"#e47e2b","l2":"146, ","c2":"#05617d","l3":"165, ","c3":"#1cab97","l4":"173, ","c4":"#8e4604","l5":"365, ","c5":"#ab0377","l6":"N40","c6":"#79a620"},"geometry":{"type":"Point","coordinates":[18.473646,54.559328]}},{"type":"Feature","properties":{"lines":"105, 135, 146, 163, 165, 173, 365, N40","arr":["105","135","146","163","165","173","365","N40"],"mode":"bus","angle":85.8,"l0":"105, ","c0":"#ff627e","l1":"135, ","c1":"#e47e2b","l2":"146, ","c2":"#05617d","l3":"163, ","c3":"#f661b9","l4":"165, ","c4":"#1cab97","l5":"173, ","c5":"#8e4604","l6":"365, ","c6":"#ab0377","l7":"N40","c7":"#79a620"},"geometry":{"type":"Point","coordinates":[18.475755,54.562538]}},{"type":"Feature","properties":{"lines":"105, 135, 146, 163, 165, 173, 365, N40","arr":["105","135","146","163","165","173","365","N40"],"mode":"bus","angle":-39.8,"extra":1,"ei":0,"l0":"105, ","c0":"#ff627e","l1":"135, ","c1":"#e47e2b","l2":"146, ","c2":"#05617d","l3":"163, ","c3":"#f661b9","l4":"165, ","c4":"#1cab97","l5":"173, ","c5":"#8e4604","l6":"365, ","c6":"#ab0377","l7":"N40","c7":"#79a620"},"geometry":{"type":"Point","coordinates":[18.472578,54.561272]}},{"type":"Feature","properties":{"lines":"105, 135, 146, 163, 165, 173, 365, N40","arr":["105","135","146","163","165","173","365","N40"],"mode":"bus","angle":-40.9,"extra":1,"ei":1,"l0":"105, ","c0":"#ff627e","l1":"135, ","c1":"#e47e2b","l2":"146, ","c2":"#05617d","l3":"163, ","c3":"#f661b9","l4":"165, ","c4":"#1cab97","l5":"173, ","c5":"#8e4604","l6":"365, ","c6":"#ab0377","l7":"N40","c7":"#79a620"},"geometry":{"type":"Point","coordinates":[18.474619,54.560757]}},{"type":"Feature","properties":{"lines":"105, 135, 146, 163, 165, 173, 365, N40","arr":["105","135","146","163","165","173","365","N40"],"mode":"bus","angle":14.8,"extra":1,"ei":2,"l0":"105, ","c0":"#ff627e","l1":"135, ","c1":"#e47e2b","l2":"146, ","c2":"#05617d","l3":"163, ","c3":"#f661b9","l4":"165, ","c4":"#1cab97","l5":"173, ","c5":"#8e4604","l6":"365, ","c6":"#ab0377","l7":"N40","c7":"#79a620"},"geometry":{"type":"Point","coordinates":[18.477035,54.563457]}},{"type":"Feature","properties":{"lines":"105, 135, 146, 163, 165, 173, 365, N40","arr":["105","135","146","163","165","173","365","N40"],"mode":"bus","angle":51,"extra":1,"ei":3,"l0":"105, ","c0":"#ff627e","l1":"135, ","c1":"#e47e2b","l2":"146, ","c2":"#05617d","l3":"163, ","c3":"#f661b9","l4":"165, ","c4":"#1cab97","l5":"173, ","c5":"#8e4604","l6":"365, ","c6":"#ab0377","l7":"N40","c7":"#79a620"},"geometry":{"type":"Point","coordinates":[18.479259,54.562865]}},{"type":"Feature","properties":{"lines":"105, 135, 141, 146, 163, 165, 173, 194, 282, 365, G, N40, N65, N94","arr":["105","135","141","146","163","165","173","194","282","365","G","N40","N65","N94"],"mode":"bus","angle":-55.1,"l0":"105, ","c0":"#ff627e","l1":"135, ","c1":"#e47e2b","l2":"141, ","c2":"#05617d","l3":"146, ","c3":"#05617d","l4":"163, ","c4":"#f661b9","l5":"165, ","c5":"#1cab97","l6":"173, ","c6":"#8e4604","l7":"194, ","c7":"#11a2e3","l8":"282, ","c8":"#cf8a11","l9":"365, ","c9":"#ab0377","l10":"G, ","c10":"#0a8a66","l11":"N40, ","c11":"#79a620","l12":"N65, ","c12":"#999f01","l13":"N94","c13":"#126804"},"geometry":{"type":"Point","coordinates":[18.481612,54.563599]}},{"type":"Feature","properties":{"lines":"105, 146, 165, 173, 365, N65","arr":["105","146","165","173","365","N65"],"mode":"bus","angle":-64.7,"l0":"105, ","c0":"#ff627e","l1":"146, ","c1":"#05617d","l2":"165, ","c2":"#1cab97","l3":"173, ","c3":"#8e4604","l4":"365, ","c4":"#ab0377","l5":"N65","c5":"#999f01"},"geometry":{"type":"Point","coordinates":[18.483966,54.566328]}},{"type":"Feature","properties":{"lines":"105, 146, 165, 173, 365, N65","arr":["105","146","165","173","365","N65"],"mode":"bus","angle":-62.6,"extra":1,"ei":0,"l0":"105, ","c0":"#ff627e","l1":"146, ","c1":"#05617d","l2":"165, ","c2":"#1cab97","l3":"173, ","c3":"#8e4604","l4":"365, ","c4":"#ab0377","l5":"N65","c5":"#999f01"},"geometry":{"type":"Point","coordinates":[18.483033,54.565199]}},{"type":"Feature","properties":{"lines":"105, 125, 135, 150, 197, 198","arr":["105","125","135","150","197","198"],"mode":"bus","angle":-1.8,"l0":"105, ","c0":"#ff627e","l1":"125, ","c1":"#9789ff","l2":"135, ","c2":"#e47e2b","l3":"150, ","c3":"#b20b42","l4":"197, ","c4":"#19a9a8","l5":"198","c5":"#126804"},"geometry":{"type":"Point","coordinates":[18.503388,54.549113]}},{"type":"Feature","properties":{"lines":"105, 109, 125, 141, 163, 196, 197, 309, G, K, N40, R, X","arr":["105","109","125","141","163","196","197","309","G","K","N40","R","X"],"mode":"bus","angle":-60,"mi":1,"l0":"105, ","c0":"#ff627e","l1":"109, ","c1":"#11a2e3","l2":"125, ","c2":"#9789ff","l3":"141, ","c3":"#05617d","l4":"163, ","c4":"#f661b9","l5":"196, ","c5":"#992492","l6":"197, ","c6":"#19a9a8","l7":"309, ","c7":"#8e4604","l8":"G, ","c8":"#0a8a66","l9":"K, ","c9":"#b0045c","l10":"N40, ","c10":"#79a620","l11":"R, ","c11":"#b59607","l12":"X","c12":"#5a5d02"},"geometry":{"type":"Point","coordinates":[18.496604,54.540915]}},{"type":"Feature","properties":{"lines":"105, 109, 125, 141, 163, 196, 197, 309, G, K, N40, R, X","arr":["105","109","125","141","163","196","197","309","G","K","N40","R","X"],"mode":"bus","angle":-59.7,"l0":"105, ","c0":"#ff627e","l1":"109, ","c1":"#11a2e3","l2":"125, ","c2":"#9789ff","l3":"141, ","c3":"#05617d","l4":"163, ","c4":"#f661b9","l5":"196, ","c5":"#992492","l6":"197, ","c6":"#19a9a8","l7":"309, ","c7":"#8e4604","l8":"G, ","c8":"#0a8a66","l9":"K, ","c9":"#b0045c","l10":"N40, ","c10":"#79a620","l11":"R, ","c11":"#b59607","l12":"X","c12":"#5a5d02"},"geometry":{"type":"Point","coordinates":[18.494823,54.539321]}},{"type":"Feature","properties":{"lines":"105, 109, 125, 141, 196, 197, 309, G, K, N30, N40, X","arr":["105","109","125","141","196","197","309","G","K","N30","N40","X"],"mode":"bus","angle":-59.9,"mi":2,"l0":"105, ","c0":"#ff627e","l1":"109, ","c1":"#11a2e3","l2":"125, ","c2":"#9789ff","l3":"141, ","c3":"#05617d","l4":"196, ","c4":"#992492","l5":"197, ","c5":"#19a9a8","l6":"309, ","c6":"#8e4604","l7":"G, ","c7":"#0a8a66","l8":"K, ","c8":"#b0045c","l9":"N30, ","c9":"#119efc","l10":"N40, ","c10":"#79a620","l11":"X","c11":"#5a5d02"},"geometry":{"type":"Point","coordinates":[18.492628,54.537117]}},{"type":"Feature","properties":{"lines":"105, 109, 125, 141, 196, 197, 309, G, K, N30, N40, X","arr":["105","109","125","141","196","197","309","G","K","N30","N40","X"],"mode":"bus","angle":-67.4,"extra":1,"ei":0,"l0":"105, ","c0":"#ff627e","l1":"109, ","c1":"#11a2e3","l2":"125, ","c2":"#9789ff","l3":"141, ","c3":"#05617d","l4":"196, ","c4":"#992492","l5":"197, ","c5":"#19a9a8","l6":"309, ","c6":"#8e4604","l7":"G, ","c7":"#0a8a66","l8":"K, ","c8":"#b0045c","l9":"N30, ","c9":"#119efc","l10":"N40, ","c10":"#79a620","l11":"X","c11":"#5a5d02"},"geometry":{"type":"Point","coordinates":[18.491576,54.535887]}},{"type":"Feature","properties":{"lines":"105, 109, 125, 141, 196, 197, 309, G, K, N30, N40, X","arr":["105","109","125","141","196","197","309","G","K","N30","N40","X"],"mode":"bus","angle":-57.1,"mi":1,"l0":"105, ","c0":"#ff627e","l1":"109, ","c1":"#11a2e3","l2":"125, ","c2":"#9789ff","l3":"141, ","c3":"#05617d","l4":"196, ","c4":"#992492","l5":"197, ","c5":"#19a9a8","l6":"309, ","c6":"#8e4604","l7":"G, ","c7":"#0a8a66","l8":"K, ","c8":"#b0045c","l9":"N30, ","c9":"#119efc","l10":"N40, ","c10":"#79a620","l11":"X","c11":"#5a5d02"},"geometry":{"type":"Point","coordinates":[18.489624,54.534115]}},{"type":"Feature","properties":{"lines":"105, 109, 125, 141, 196, 197, 309, G, K, N30, N40, X","arr":["105","109","125","141","196","197","309","G","K","N30","N40","X"],"mode":"bus","angle":-60.5,"l0":"105, ","c0":"#ff627e","l1":"109, ","c1":"#11a2e3","l2":"125, ","c2":"#9789ff","l3":"141, ","c3":"#05617d","l4":"196, ","c4":"#992492","l5":"197, ","c5":"#19a9a8","l6":"309, ","c6":"#8e4604","l7":"G, ","c7":"#0a8a66","l8":"K, ","c8":"#b0045c","l9":"N30, ","c9":"#119efc","l10":"N40, ","c10":"#79a620","l11":"X","c11":"#5a5d02"},"geometry":{"type":"Point","coordinates":[18.491174,54.535454]}},{"type":"Feature","properties":{"lines":"105, 109, 125, 141, 196, 309, 326, 723, 740, G, N30, N40, X","arr":["105","109","125","141","196","309","326","723","740","G","N30","N40","X"],"mode":"bus","angle":-59.8,"l0":"105, ","c0":"#ff627e","l1":"109, ","c1":"#11a2e3","l2":"125, ","c2":"#9789ff","l3":"141, ","c3":"#05617d","l4":"196, ","c4":"#992492","l5":"309, ","c5":"#8e4604","l6":"326, ","c6":"#b0045c","l7":"723, ","c7":"#126804","l8":"740, ","c8":"#c17aef","l9":"G, ","c9":"#0a8a66","l10":"N30, ","c10":"#119efc","l11":"N40, ","c11":"#79a620","l12":"X","c12":"#5a5d02"},"geometry":{"type":"Point","coordinates":[18.488442,54.532904]}},{"type":"Feature","properties":{"lines":"105, 119, 125, 133, 180, 192, W","arr":["105","119","125","133","180","192","W"],"mode":"bus","angle":-5.3,"side":-1,"l0":"105, ","c0":"#ff627e","l1":"119, ","c1":"#a72d06","l2":"125, ","c2":"#9789ff","l3":"133, ","c3":"#19a9a8","l4":"180, ","c4":"#05617d","l5":"192, ","c5":"#992492","l6":"W","c6":"#126804"},"geometry":{"type":"Point","coordinates":[18.539892,54.497161]}},{"type":"Feature","properties":{"lines":"109, 141, 163, 309, K, X","arr":["109","141","163","309","K","X"],"mode":"bus","angle":-59.5,"side":-1,"l0":"109, ","c0":"#11a2e3","l1":"141, ","c1":"#05617d","l2":"163, ","c2":"#f661b9","l3":"309, ","c3":"#8e4604","l4":"K, ","c4":"#b0045c","l5":"X","c5":"#5a5d02"},"geometry":{"type":"Point","coordinates":[18.498171,54.542299]}},{"type":"Feature","properties":{"lines":"109, 134, 152, 182, 209, 282, 309, N40","arr":["109","134","152","182","209","282","309","N40"],"mode":"bus","angle":0.1,"l0":"109, ","c0":"#11a2e3","l1":"134, ","c1":"#02af5a","l2":"152, ","c2":"#9789ff","l3":"182, ","c3":"#fe6761","l4":"209, ","c4":"#04664a","l5":"282, ","c5":"#cf8a11","l6":"309, ","c6":"#8e4604","l7":"N40","c7":"#79a620"},"geometry":{"type":"Point","coordinates":[18.518732,54.548564]}},{"type":"Feature","properties":{"lines":"109, 134, 152, 182, 209, 282, 309","arr":["109","134","152","182","209","282","309"],"mode":"bus","angle":-1.4,"l0":"109, ","c0":"#11a2e3","l1":"134, ","c1":"#02af5a","l2":"152, ","c2":"#9789ff","l3":"182, ","c3":"#fe6761","l4":"209, ","c4":"#04664a","l5":"282, ","c5":"#cf8a11","l6":"309","c6":"#8e4604"},"geometry":{"type":"Point","coordinates":[18.526193,54.548612]}},{"type":"Feature","properties":{"lines":"109, 134, 152, 182, 209, 282, 309","arr":["109","134","152","182","209","282","309"],"mode":"bus","angle":-4.1,"extra":1,"ei":0,"l0":"109, ","c0":"#11a2e3","l1":"134, ","c1":"#02af5a","l2":"152, ","c2":"#9789ff","l3":"182, ","c3":"#fe6761","l4":"209, ","c4":"#04664a","l5":"282, ","c5":"#cf8a11","l6":"309","c6":"#8e4604"},"geometry":{"type":"Point","coordinates":[18.528796,54.548678]}},{"type":"Feature","properties":{"lines":"109, 134, 152, 182, 209, 282, 309","arr":["109","134","152","182","209","282","309"],"mode":"bus","angle":2.5,"extra":1,"ei":1,"l0":"109, ","c0":"#11a2e3","l1":"134, ","c1":"#02af5a","l2":"152, ","c2":"#9789ff","l3":"182, ","c3":"#fe6761","l4":"209, ","c4":"#04664a","l5":"282, ","c5":"#cf8a11","l6":"309","c6":"#8e4604"},"geometry":{"type":"Point","coordinates":[18.522319,54.548579]}},{"type":"Feature","properties":{"lines":"109, 128, 134, 163, 182, 196, 197, 209, 282, 309, N40","arr":["109","128","134","163","182","196","197","209","282","309","N40"],"mode":"bus","angle":84.1,"l0":"109, ","c0":"#11a2e3","l1":"128, ","c1":"#095d97","l2":"134, ","c2":"#02af5a","l3":"163, ","c3":"#f661b9","l4":"182, ","c4":"#fe6761","l5":"196, ","c5":"#992492","l6":"197, ","c6":"#19a9a8","l7":"209, ","c7":"#04664a","l8":"282, ","c8":"#cf8a11","l9":"309, ","c9":"#8e4604","l10":"N40","c10":"#79a620"},"geometry":{"type":"Point","coordinates":[18.530209,54.551378]}},{"type":"Feature","properties":{"lines":"109, 128, 134, 141, 150, 152, 163, 182, 194, 196, 197, 209, 282, 309, G, K, X","arr":["109","128","134","141","150","152","163","182","194","196","197","209","282","309","G","K","X"],"mode":"bus","angle":-63.2,"l0":"109, ","c0":"#11a2e3","l1":"128, ","c1":"#095d97","l2":"134, ","c2":"#02af5a","l3":"141, ","c3":"#05617d","l4":"150, ","c4":"#b20b42","l5":"152, ","c5":"#9789ff","l6":"163, ","c6":"#f661b9","l7":"182, ","c7":"#fe6761","l8":"194, ","c8":"#11a2e3","l9":"196, ","c9":"#992492","l10":"197, ","c10":"#19a9a8","l11":"209, ","c11":"#04664a","l12":"282, ","c12":"#cf8a11","l13":"309, ","c13":"#8e4604","l14":"G, ","c14":"#0a8a66","l15":"K, ","c15":"#b0045c","l16":"X","c16":"#5a5d02"},"geometry":{"type":"Point","coordinates":[18.506593,54.551331]}},{"type":"Feature","properties":{"lines":"109, 141, 163, 196, 309, G, K, N40, X","arr":["109","141","163","196","309","G","K","N40","X"],"mode":"bus","angle":-60,"l0":"109, ","c0":"#11a2e3","l1":"141, ","c1":"#05617d","l2":"163, ","c2":"#f661b9","l3":"196, ","c3":"#992492","l4":"309, ","c4":"#8e4604","l5":"G, ","c5":"#0a8a66","l6":"K, ","c6":"#b0045c","l7":"N40, ","c7":"#79a620","l8":"X","c8":"#5a5d02"},"geometry":{"type":"Point","coordinates":[18.498114,54.542442]}},{"type":"Feature","properties":{"lines":"119, 128, 133, 134, 152, 204, 209, 282, R, Z","arr":["119","128","133","134","152","204","209","282","R","Z"],"mode":"bus","angle":86.6,"mi":1,"l0":"119, ","c0":"#a72d06","l1":"128, ","c1":"#095d97","l2":"133, ","c2":"#19a9a8","l3":"134, ","c3":"#02af5a","l4":"152, ","c4":"#9789ff","l5":"204, ","c5":"#e16cd6","l6":"209, ","c6":"#04664a","l7":"282, ","c7":"#cf8a11","l8":"R, ","c8":"#b59607","l9":"Z","c9":"#076734"},"geometry":{"type":"Point","coordinates":[18.535535,54.520079]}},{"type":"Feature","properties":{"lines":"119, 128, 133, 134, 152, 204, 209, 282, R, Z","arr":["119","128","133","134","152","204","209","282","R","Z"],"mode":"bus","angle":11.2,"l0":"119, ","c0":"#a72d06","l1":"128, ","c1":"#095d97","l2":"133, ","c2":"#19a9a8","l3":"134, ","c3":"#02af5a","l4":"152, ","c4":"#9789ff","l5":"204, ","c5":"#e16cd6","l6":"209, ","c6":"#04664a","l7":"282, ","c7":"#cf8a11","l8":"R, ","c8":"#b59607","l9":"Z","c9":"#076734"},"geometry":{"type":"Point","coordinates":[18.537162,54.517837]}},{"type":"Feature","properties":{"lines":"121, 140, 141, 147, 160, 760, N20","arr":["121","140","141","147","160","760","N20"],"mode":"bus","angle":-6.8,"l0":"121, ","c0":"#7c5001","l1":"140, ","c1":"#1777eb","l2":"141, ","c2":"#05617d","l3":"147, ","c3":"#1cab97","l4":"160, ","c4":"#e47e2b","l5":"760, ","c5":"#04664a","l6":"N20","c6":"#e16cd6"},"geometry":{"type":"Point","coordinates":[18.500139,54.498452]}},{"type":"Feature","properties":{"lines":"121, 140, 141, 147, 160, 760, N20","arr":["121","140","141","147","160","760","N20"],"mode":"bus","angle":18.4,"side":-1,"mi":1,"l0":"121, ","c0":"#7c5001","l1":"140, ","c1":"#1777eb","l2":"141, ","c2":"#05617d","l3":"147, ","c3":"#1cab97","l4":"160, ","c4":"#e47e2b","l5":"760, ","c5":"#04664a","l6":"N20","c6":"#e16cd6"},"geometry":{"type":"Point","coordinates":[18.508911,54.498264]}},{"type":"Feature","properties":{"lines":"121, 140, 141, 147, 160, 760, N20","arr":["121","140","141","147","160","760","N20"],"mode":"bus","angle":0.8,"extra":1,"ei":0,"l0":"121, ","c0":"#7c5001","l1":"140, ","c1":"#1777eb","l2":"141, ","c2":"#05617d","l3":"147, ","c3":"#1cab97","l4":"160, ","c4":"#e47e2b","l5":"760, ","c5":"#04664a","l6":"N20","c6":"#e16cd6"},"geometry":{"type":"Point","coordinates":[18.493558,54.498488]}},{"type":"Feature","properties":{"lines":"121, 140, 141, 147, 160, 760, N20","arr":["121","140","141","147","160","760","N20"],"mode":"bus","angle":2.7,"extra":1,"ei":1,"l0":"121, ","c0":"#7c5001","l1":"140, ","c1":"#1777eb","l2":"141, ","c2":"#05617d","l3":"147, ","c3":"#1cab97","l4":"160, ","c4":"#e47e2b","l5":"760, ","c5":"#04664a","l6":"N20","c6":"#e16cd6"},"geometry":{"type":"Point","coordinates":[18.496784,54.498324]}},{"type":"Feature","properties":{"lines":"121, 140, 141, 147, 160, 760, N20","arr":["121","140","141","147","160","760","N20"],"mode":"bus","angle":-6.2,"extra":1,"ei":2,"l0":"121, ","c0":"#7c5001","l1":"140, ","c1":"#1777eb","l2":"141, ","c2":"#05617d","l3":"147, ","c3":"#1cab97","l4":"160, ","c4":"#e47e2b","l5":"760, ","c5":"#04664a","l6":"N20","c6":"#e16cd6"},"geometry":{"type":"Point","coordinates":[18.503228,54.498682]}},{"type":"Feature","properties":{"lines":"121, 140, 141, 147, 160, 760, N20","arr":["121","140","141","147","160","760","N20"],"mode":"bus","angle":10.8,"extra":1,"ei":3,"l0":"121, ","c0":"#7c5001","l1":"140, ","c1":"#1777eb","l2":"141, ","c2":"#05617d","l3":"147, ","c3":"#1cab97","l4":"160, ","c4":"#e47e2b","l5":"760, ","c5":"#04664a","l6":"N20","c6":"#e16cd6"},"geometry":{"type":"Point","coordinates":[18.506452,54.498774]}},{"type":"Feature","properties":{"lines":"121, 140, 147, 160, 760, N20","arr":["121","140","147","160","760","N20"],"mode":"bus","angle":8.1,"side":-1,"l0":"121, ","c0":"#7c5001","l1":"140, ","c1":"#1777eb","l2":"147, ","c2":"#1cab97","l3":"160, ","c3":"#e47e2b","l4":"760, ","c4":"#04664a","l5":"N20","c5":"#e16cd6"},"geometry":{"type":"Point","coordinates":[18.477522,54.499519]}},{"type":"Feature","properties":{"lines":"121, 140, 147, 160, 760, N20","arr":["121","140","147","160","760","N20"],"mode":"bus","angle":-9,"extra":1,"ei":0,"l0":"121, ","c0":"#7c5001","l1":"140, ","c1":"#1777eb","l2":"147, ","c2":"#1cab97","l3":"160, ","c3":"#e47e2b","l4":"760, ","c4":"#04664a","l5":"N20","c5":"#e16cd6"},"geometry":{"type":"Point","coordinates":[18.490388,54.498681]}},{"type":"Feature","properties":{"lines":"121, 140, 147, 160, 760, N20","arr":["121","140","147","160","760","N20"],"mode":"bus","angle":6.4,"side":-1,"extra":1,"ei":1,"l0":"121, ","c0":"#7c5001","l1":"140, ","c1":"#1777eb","l2":"147, ","c2":"#1cab97","l3":"160, ","c3":"#e47e2b","l4":"760, ","c4":"#04664a","l5":"N20","c5":"#e16cd6"},"geometry":{"type":"Point","coordinates":[18.487194,54.498536]}},{"type":"Feature","properties":{"lines":"121, 140, 147, 160, 760, N20","arr":["121","140","147","160","760","N20"],"mode":"bus","angle":13.4,"side":-1,"extra":1,"ei":2,"l0":"121, ","c0":"#7c5001","l1":"140, ","c1":"#1777eb","l2":"147, ","c2":"#1cab97","l3":"160, ","c3":"#e47e2b","l4":"760, ","c4":"#04664a","l5":"N20","c5":"#e16cd6"},"geometry":{"type":"Point","coordinates":[18.484002,54.498849]}},{"type":"Feature","properties":{"lines":"121, 140, 147, 160, 760, N20","arr":["121","140","147","160","760","N20"],"mode":"bus","angle":9.1,"side":-1,"extra":1,"ei":3,"l0":"121, ","c0":"#7c5001","l1":"140, ","c1":"#1777eb","l2":"147, ","c2":"#1cab97","l3":"160, ","c3":"#e47e2b","l4":"760, ","c4":"#04664a","l5":"N20","c5":"#e16cd6"},"geometry":{"type":"Point","coordinates":[18.480837,54.49925]}},{"type":"Feature","properties":{"lines":"121, 140, 147, 160, 760, N20","arr":["121","140","147","160","760","N20"],"mode":"bus","angle":8,"side":-1,"extra":1,"ei":4,"l0":"121, ","c0":"#7c5001","l1":"140, ","c1":"#1777eb","l2":"147, ","c2":"#1cab97","l3":"160, ","c3":"#e47e2b","l4":"760, ","c4":"#04664a","l5":"N20","c5":"#e16cd6"},"geometry":{"type":"Point","coordinates":[18.474418,54.499774]}},{"type":"Feature","properties":{"lines":"121, 140, 147, 160, 760, N20","arr":["121","140","147","160","760","N20"],"mode":"bus","angle":6.9,"side":-1,"extra":1,"ei":5,"l0":"121, ","c0":"#7c5001","l1":"140, ","c1":"#1777eb","l2":"147, ","c2":"#1cab97","l3":"160, ","c3":"#e47e2b","l4":"760, ","c4":"#04664a","l5":"N20","c5":"#e16cd6"},"geometry":{"type":"Point","coordinates":[18.471197,54.499879]}},{"type":"Feature","properties":{"lines":"121, 140, 147, 160, 760, N20","arr":["121","140","147","160","760","N20"],"mode":"bus","angle":8.1,"side":-1,"extra":1,"ei":6,"l0":"121, ","c0":"#7c5001","l1":"140, ","c1":"#1777eb","l2":"147, ","c2":"#1cab97","l3":"160, ","c3":"#e47e2b","l4":"760, ","c4":"#04664a","l5":"N20","c5":"#e16cd6"},"geometry":{"type":"Point","coordinates":[18.46799,54.500151]}},{"type":"Feature","properties":{"lines":"121, 140, 147, 160, 760, N20","arr":["121","140","147","160","760","N20"],"mode":"bus","angle":8.2,"side":-1,"extra":1,"ei":7,"l0":"121, ","c0":"#7c5001","l1":"140, ","c1":"#1777eb","l2":"147, ","c2":"#1cab97","l3":"160, ","c3":"#e47e2b","l4":"760, ","c4":"#04664a","l5":"N20","c5":"#e16cd6"},"geometry":{"type":"Point","coordinates":[18.464783,54.50042]}},{"type":"Feature","properties":{"lines":"121, 140, 147, 160, N20","arr":["121","140","147","160","N20"],"mode":"bus","angle":7.7,"l0":"121, ","c0":"#7c5001","l1":"140, ","c1":"#1777eb","l2":"147, ","c2":"#1cab97","l3":"160, ","c3":"#e47e2b","l4":"N20","c4":"#e16cd6"},"geometry":{"type":"Point","coordinates":[18.476175,54.499722]}},{"type":"Feature","properties":{"lines":"121, 140, 147, 160, N20","arr":["121","140","147","160","N20"],"mode":"bus","angle":-22.7,"extra":1,"ei":0,"l0":"121, ","c0":"#7c5001","l1":"140, ","c1":"#1777eb","l2":"147, ","c2":"#1cab97","l3":"160, ","c3":"#e47e2b","l4":"N20","c4":"#e16cd6"},"geometry":{"type":"Point","coordinates":[18.490466,54.49887]}},{"type":"Feature","properties":{"lines":"121, 140, 147, 160, N20","arr":["121","140","147","160","N20"],"mode":"bus","angle":6.1,"extra":1,"ei":1,"l0":"121, ","c0":"#7c5001","l1":"140, ","c1":"#1777eb","l2":"147, ","c2":"#1cab97","l3":"160, ","c3":"#e47e2b","l4":"N20","c4":"#e16cd6"},"geometry":{"type":"Point","coordinates":[18.487304,54.498615]}},{"type":"Feature","properties":{"lines":"121, 140, 147, 160, N20","arr":["121","140","147","160","N20"],"mode":"bus","angle":13.3,"extra":1,"ei":2,"l0":"121, ","c0":"#7c5001","l1":"140, ","c1":"#1777eb","l2":"147, ","c2":"#1cab97","l3":"160, ","c3":"#e47e2b","l4":"N20","c4":"#e16cd6"},"geometry":{"type":"Point","coordinates":[18.484113,54.498932]}},{"type":"Feature","properties":{"lines":"121, 140, 147, 160, N20","arr":["121","140","147","160","N20"],"mode":"bus","angle":9.1,"extra":1,"ei":3,"l0":"121, ","c0":"#7c5001","l1":"140, ","c1":"#1777eb","l2":"147, ","c2":"#1cab97","l3":"160, ","c3":"#e47e2b","l4":"N20","c4":"#e16cd6"},"geometry":{"type":"Point","coordinates":[18.480948,54.499335]}},{"type":"Feature","properties":{"lines":"121, 140, 147, 160, N20","arr":["121","140","147","160","N20"],"mode":"bus","angle":6.2,"extra":1,"ei":4,"l0":"121, ","c0":"#7c5001","l1":"140, ","c1":"#1777eb","l2":"147, ","c2":"#1cab97","l3":"160, ","c3":"#e47e2b","l4":"N20","c4":"#e16cd6"},"geometry":{"type":"Point","coordinates":[18.471307,54.499964]}},{"type":"Feature","properties":{"lines":"121, 140, 147, 160, N20","arr":["121","140","147","160","N20"],"mode":"bus","angle":8.1,"extra":1,"ei":5,"l0":"121, ","c0":"#7c5001","l1":"140, ","c1":"#1777eb","l2":"147, ","c2":"#1cab97","l3":"160, ","c3":"#e47e2b","l4":"N20","c4":"#e16cd6"},"geometry":{"type":"Point","coordinates":[18.468099,54.500232]}},{"type":"Feature","properties":{"lines":"121, 140, 147, 160, N20","arr":["121","140","147","160","N20"],"mode":"bus","angle":8.2,"extra":1,"ei":6,"l0":"121, ","c0":"#7c5001","l1":"140, ","c1":"#1777eb","l2":"147, ","c2":"#1cab97","l3":"160, ","c3":"#e47e2b","l4":"N20","c4":"#e16cd6"},"geometry":{"type":"Point","coordinates":[18.464897,54.500522]}},{"type":"Feature","properties":{"lines":"121, 140, 147, 160, N20","arr":["121","140","147","160","N20"],"mode":"bus","angle":-13.4,"extra":1,"ei":7,"l0":"121, ","c0":"#7c5001","l1":"140, ","c1":"#1777eb","l2":"147, ","c2":"#1cab97","l3":"160, ","c3":"#e47e2b","l4":"N20","c4":"#e16cd6"},"geometry":{"type":"Point","coordinates":[18.461682,54.500549]}},{"type":"Feature","properties":{"lines":"121, 140, 147, 160, 760, K, N20","arr":["121","140","147","160","760","K","N20"],"mode":"bus","angle":0.6,"l0":"121, ","c0":"#7c5001","l1":"140, ","c1":"#1777eb","l2":"147, ","c2":"#1cab97","l3":"160, ","c3":"#e47e2b","l4":"760, ","c4":"#04664a","l5":"K, ","c5":"#b0045c","l6":"N20","c6":"#e16cd6"},"geometry":{"type":"Point","coordinates":[18.451116,54.500542]}},{"type":"Feature","properties":{"lines":"121, 140, 147, 160, 760, K, N20","arr":["121","140","147","160","760","K","N20"],"mode":"bus","angle":-16.5,"extra":1,"ei":0,"l0":"121, ","c0":"#7c5001","l1":"140, ","c1":"#1777eb","l2":"147, ","c2":"#1cab97","l3":"160, ","c3":"#e47e2b","l4":"760, ","c4":"#04664a","l5":"K, ","c5":"#b0045c","l6":"N20","c6":"#e16cd6"},"geometry":{"type":"Point","coordinates":[18.440318,54.498723]}},{"type":"Feature","properties":{"lines":"121, 140, 147, 160, 760, K, N20","arr":["121","140","147","160","760","K","N20"],"mode":"bus","angle":-15.5,"extra":1,"ei":1,"l0":"121, ","c0":"#7c5001","l1":"140, ","c1":"#1777eb","l2":"147, ","c2":"#1cab97","l3":"160, ","c3":"#e47e2b","l4":"760, ","c4":"#04664a","l5":"K, ","c5":"#b0045c","l6":"N20","c6":"#e16cd6"},"geometry":{"type":"Point","coordinates":[18.443426,54.499257]}},{"type":"Feature","properties":{"lines":"121, 140, 147, 160, 760, K, N20","arr":["121","140","147","160","760","K","N20"],"mode":"bus","angle":-16.6,"extra":1,"ei":2,"l0":"121, ","c0":"#7c5001","l1":"140, ","c1":"#1777eb","l2":"147, ","c2":"#1cab97","l3":"160, ","c3":"#e47e2b","l4":"760, ","c4":"#04664a","l5":"K, ","c5":"#b0045c","l6":"N20","c6":"#e16cd6"},"geometry":{"type":"Point","coordinates":[18.446541,54.499777]}},{"type":"Feature","properties":{"lines":"121, 140, 147, 160, 760, K, N20","arr":["121","140","147","160","760","K","N20"],"mode":"bus","angle":5.2,"extra":1,"ei":3,"l0":"121, ","c0":"#7c5001","l1":"140, ","c1":"#1777eb","l2":"147, ","c2":"#1cab97","l3":"160, ","c3":"#e47e2b","l4":"760, ","c4":"#04664a","l5":"K, ","c5":"#b0045c","l6":"N20","c6":"#e16cd6"},"geometry":{"type":"Point","coordinates":[18.455938,54.500067]}},{"type":"Feature","properties":{"lines":"121, 140, 147, 160, 760, K, N20","arr":["121","140","147","160","760","K","N20"],"mode":"bus","angle":-2.4,"extra":1,"ei":4,"l0":"121, ","c0":"#7c5001","l1":"140, ","c1":"#1777eb","l2":"147, ","c2":"#1cab97","l3":"160, ","c3":"#e47e2b","l4":"760, ","c4":"#04664a","l5":"K, ","c5":"#b0045c","l6":"N20","c6":"#e16cd6"},"geometry":{"type":"Point","coordinates":[18.459171,54.500099]}},{"type":"Feature","properties":{"lines":"121, 140, 147, 160, 760, K, N20","arr":["121","140","147","160","760","K","N20"],"mode":"bus","angle":-14.6,"extra":1,"ei":5,"l0":"121, ","c0":"#7c5001","l1":"140, ","c1":"#1777eb","l2":"147, ","c2":"#1cab97","l3":"160, ","c3":"#e47e2b","l4":"760, ","c4":"#04664a","l5":"K, ","c5":"#b0045c","l6":"N20","c6":"#e16cd6"},"geometry":{"type":"Point","coordinates":[18.461514,54.500412]}},{"type":"Feature","properties":{"lines":"128, 194, G, K, N94","arr":["128","194","G","K","N94"],"mode":"bus","angle":-80.7,"side":-1,"l0":"128, ","c0":"#095d97","l1":"194, ","c1":"#11a2e3","l2":"G, ","c2":"#0a8a66","l3":"K, ","c3":"#b0045c","l4":"N94","c4":"#126804"},"geometry":{"type":"Point","coordinates":[18.50759,54.553076]}},{"type":"Feature","properties":{"lines":"128, 194, 770, G, K, N94","arr":["128","194","770","G","K","N94"],"mode":"bus","angle":-67.2,"l0":"128, ","c0":"#095d97","l1":"194, ","c1":"#11a2e3","l2":"770, ","c2":"#e16cd6","l3":"G, ","c3":"#0a8a66","l4":"K, ","c4":"#b0045c","l5":"N94","c5":"#126804"},"geometry":{"type":"Point","coordinates":[18.508368,54.557445]}},{"type":"Feature","properties":{"lines":"128, 194, 770, G, K, N94","arr":["128","194","770","G","K","N94"],"mode":"bus","angle":-81.9,"extra":1,"ei":0,"l0":"128, ","c0":"#095d97","l1":"194, ","c1":"#11a2e3","l2":"770, ","c2":"#e16cd6","l3":"G, ","c3":"#0a8a66","l4":"K, ","c4":"#b0045c","l5":"N94","c5":"#126804"},"geometry":{"type":"Point","coordinates":[18.507626,54.555895]}},{"type":"Feature","properties":{"lines":"128, 194, 770, G, K, N94","arr":["128","194","770","G","K","N94"],"mode":"bus","angle":-38.3,"extra":1,"ei":1,"l0":"128, ","c0":"#095d97","l1":"194, ","c1":"#11a2e3","l2":"770, ","c2":"#e16cd6","l3":"G, ","c3":"#0a8a66","l4":"K, ","c4":"#b0045c","l5":"N94","c5":"#126804"},"geometry":{"type":"Point","coordinates":[18.510485,54.559188]}},{"type":"Feature","properties":{"lines":"128, 134, 141, 163, 182, 197, 282, N40","arr":["128","134","141","163","182","197","282","N40"],"mode":"bus","angle":29.8,"l0":"128, ","c0":"#095d97","l1":"134, ","c1":"#02af5a","l2":"141, ","c2":"#05617d","l3":"163, ","c3":"#f661b9","l4":"182, ","c4":"#fe6761","l5":"197, ","c5":"#19a9a8","l6":"282, ","c6":"#cf8a11","l7":"N40","c7":"#79a620"},"geometry":{"type":"Point","coordinates":[18.517775,54.556921]}},{"type":"Feature","properties":{"lines":"128, 134, 141, 163, 182, 197, 282, N40","arr":["128","134","141","163","182","197","282","N40"],"mode":"bus","angle":37.1,"extra":1,"ei":0,"l0":"128, ","c0":"#095d97","l1":"134, ","c1":"#02af5a","l2":"141, ","c2":"#05617d","l3":"163, ","c3":"#f661b9","l4":"182, ","c4":"#fe6761","l5":"197, ","c5":"#19a9a8","l6":"282, ","c6":"#cf8a11","l7":"N40","c7":"#79a620"},"geometry":{"type":"Point","coordinates":[18.512251,54.558778]}},{"type":"Feature","properties":{"lines":"128, 134, 141, 163, 182, 197, 282, N40","arr":["128","134","141","163","182","197","282","N40"],"mode":"bus","angle":29.3,"extra":1,"ei":1,"l0":"128, ","c0":"#095d97","l1":"134, ","c1":"#02af5a","l2":"141, ","c2":"#05617d","l3":"163, ","c3":"#f661b9","l4":"182, ","c4":"#fe6761","l5":"197, ","c5":"#19a9a8","l6":"282, ","c6":"#cf8a11","l7":"N40","c7":"#79a620"},"geometry":{"type":"Point","coordinates":[18.515053,54.557833]}},{"type":"Feature","properties":{"lines":"128, 134, 141, 163, 182, 197, 282, N40","arr":["128","134","141","163","182","197","282","N40"],"mode":"bus","angle":29.9,"extra":1,"ei":2,"l0":"128, ","c0":"#095d97","l1":"134, ","c1":"#02af5a","l2":"141, ","c2":"#05617d","l3":"163, ","c3":"#f661b9","l4":"182, ","c4":"#fe6761","l5":"197, ","c5":"#19a9a8","l6":"282, ","c6":"#cf8a11","l7":"N40","c7":"#79a620"},"geometry":{"type":"Point","coordinates":[18.520661,54.55594]}},{"type":"Feature","properties":{"lines":"128, 134, 141, 163, 182, 197, 282, N40","arr":["128","134","141","163","182","197","282","N40"],"mode":"bus","angle":29.5,"extra":1,"ei":3,"l0":"128, ","c0":"#095d97","l1":"134, ","c1":"#02af5a","l2":"141, ","c2":"#05617d","l3":"163, ","c3":"#f661b9","l4":"182, ","c4":"#fe6761","l5":"197, ","c5":"#19a9a8","l6":"282, ","c6":"#cf8a11","l7":"N40","c7":"#79a620"},"geometry":{"type":"Point","coordinates":[18.52348,54.555008]}},{"type":"Feature","properties":{"lines":"128, 134, 163, 182, 197, 282, N40","arr":["128","134","163","182","197","282","N40"],"mode":"bus","angle":18.9,"l0":"128, ","c0":"#095d97","l1":"134, ","c1":"#02af5a","l2":"163, ","c2":"#f661b9","l3":"182, ","c3":"#fe6761","l4":"197, ","c4":"#19a9a8","l5":"282, ","c5":"#cf8a11","l6":"N40","c6":"#79a620"},"geometry":{"type":"Point","coordinates":[18.527295,54.553791]}},{"type":"Feature","properties":{"lines":"128, 152, 163, 196, 197, N40","arr":["128","152","163","196","197","N40"],"mode":"bus","angle":-16.6,"l0":"128, ","c0":"#095d97","l1":"152, ","c1":"#9789ff","l2":"163, ","c2":"#f661b9","l3":"196, ","c3":"#992492","l4":"197, ","c4":"#19a9a8","l5":"N40","c5":"#79a620"},"geometry":{"type":"Point","coordinates":[18.533763,54.549265]}},{"type":"Feature","properties":{"lines":"128, 150, 152, 163, 196, 197, N40","arr":["128","150","152","163","196","197","N40"],"mode":"bus","angle":7.2,"l0":"128, ","c0":"#095d97","l1":"150, ","c1":"#b20b42","l2":"152, ","c2":"#9789ff","l3":"163, ","c3":"#f661b9","l4":"196, ","c4":"#992492","l5":"197, ","c5":"#19a9a8","l6":"N40","c6":"#79a620"},"geometry":{"type":"Point","coordinates":[18.541747,54.549467]}},{"type":"Feature","properties":{"lines":"128, 150, 152, 163, 196, 197, N40","arr":["128","150","152","163","196","197","N40"],"mode":"bus","angle":-0.6,"extra":1,"ei":0,"l0":"128, ","c0":"#095d97","l1":"150, ","c1":"#b20b42","l2":"152, ","c2":"#9789ff","l3":"163, ","c3":"#f661b9","l4":"196, ","c4":"#992492","l5":"197, ","c5":"#19a9a8","l6":"N40","c6":"#79a620"},"geometry":{"type":"Point","coordinates":[18.538523,54.549536]}},{"type":"Feature","properties":{"lines":"128, 150, 152, 163, 196, 197, N40","arr":["128","150","152","163","196","197","N40"],"mode":"bus","angle":7.4,"extra":1,"ei":1,"l0":"128, ","c0":"#095d97","l1":"150, ","c1":"#b20b42","l2":"152, ","c2":"#9789ff","l3":"163, ","c3":"#f661b9","l4":"196, ","c4":"#992492","l5":"197, ","c5":"#19a9a8","l6":"N40","c6":"#79a620"},"geometry":{"type":"Point","coordinates":[18.544969,54.549223]}},{"type":"Feature","properties":{"lines":"128, 150, 152, 163, 196, 197, N40","arr":["128","150","152","163","196","197","N40"],"mode":"bus","angle":36.2,"mi":1,"l0":"128, ","c0":"#095d97","l1":"150, ","c1":"#b20b42","l2":"152, ","c2":"#9789ff","l3":"163, ","c3":"#f661b9","l4":"196, ","c4":"#992492","l5":"197, ","c5":"#19a9a8","l6":"N40","c6":"#79a620"},"geometry":{"type":"Point","coordinates":[18.547517,54.548972]}},{"type":"Feature","properties":{"lines":"128, 150, 163, 196, 197, N40","arr":["128","150","163","196","197","N40"],"mode":"bus","angle":12.7,"l0":"128, ","c0":"#095d97","l1":"150, ","c1":"#b20b42","l2":"163, ","c2":"#f661b9","l3":"196, ","c3":"#992492","l4":"197, ","c4":"#19a9a8","l5":"N40","c5":"#79a620"},"geometry":{"type":"Point","coordinates":[18.550354,54.548319]}},{"type":"Feature","properties":{"lines":"128, 150, 163, 196, 197, N40","arr":["128","150","163","196","197","N40"],"mode":"bus","angle":62.8,"extra":1,"ei":0,"l0":"128, ","c0":"#095d97","l1":"150, ","c1":"#b20b42","l2":"163, ","c2":"#f661b9","l3":"196, ","c3":"#992492","l4":"197, ","c4":"#19a9a8","l5":"N40","c5":"#79a620"},"geometry":{"type":"Point","coordinates":[18.552421,54.547762]}},{"type":"Feature","properties":{"lines":"128, 150, 163, 196, 197, N40","arr":["128","150","163","196","197","N40"],"mode":"bus","angle":68.2,"mi":1,"l0":"128, ","c0":"#095d97","l1":"150, ","c1":"#b20b42","l2":"163, ","c2":"#f661b9","l3":"196, ","c3":"#992492","l4":"197, ","c4":"#19a9a8","l5":"N40","c5":"#79a620"},"geometry":{"type":"Point","coordinates":[18.550554,54.545435]}},{"type":"Feature","properties":{"lines":"128, 150, 163, 196, 197, N40","arr":["128","150","163","196","197","N40"],"mode":"bus","angle":-44.6,"extra":1,"ei":0,"l0":"128, ","c0":"#095d97","l1":"150, ","c1":"#b20b42","l2":"163, ","c2":"#f661b9","l3":"196, ","c3":"#992492","l4":"197, ","c4":"#19a9a8","l5":"N40","c5":"#79a620"},"geometry":{"type":"Point","coordinates":[18.551375,54.547029]}},{"type":"Feature","properties":{"lines":"128, 150, 163, 196, 197, N40","arr":["128","150","163","196","197","N40"],"mode":"bus","angle":-43,"extra":1,"ei":1,"l0":"128, ","c0":"#095d97","l1":"150, ","c1":"#b20b42","l2":"163, ","c2":"#f661b9","l3":"196, ","c3":"#992492","l4":"197, ","c4":"#19a9a8","l5":"N40","c5":"#79a620"},"geometry":{"type":"Point","coordinates":[18.549477,54.543834]}},{"type":"Feature","properties":{"lines":"128, 150, 163, 196, 197, X","arr":["128","150","163","196","197","X"],"mode":"bus","angle":-22.5,"l0":"128, ","c0":"#095d97","l1":"150, ","c1":"#b20b42","l2":"163, ","c2":"#f661b9","l3":"196, ","c3":"#992492","l4":"197, ","c4":"#19a9a8","l5":"X","c5":"#5a5d02"},"geometry":{"type":"Point","coordinates":[18.5475,54.542993]}},{"type":"Feature","properties":{"lines":"134, 182, 197, 770, K","arr":["134","182","197","770","K"],"mode":"bus","angle":86.4,"l0":"134, ","c0":"#02af5a","l1":"182, ","c1":"#fe6761","l2":"197, ","c2":"#19a9a8","l3":"770, ","c3":"#e16cd6","l4":"K","c4":"#b0045c"},"geometry":{"type":"Point","coordinates":[18.50862,54.562078]}},{"type":"Feature","properties":{"lines":"134, 182, 197, 770, K","arr":["134","182","197","770","K"],"mode":"bus","angle":-20.7,"mi":1,"l0":"134, ","c0":"#02af5a","l1":"182, ","c1":"#fe6761","l2":"197, ","c2":"#19a9a8","l3":"770, ","c3":"#e16cd6","l4":"K","c4":"#b0045c"},"geometry":{"type":"Point","coordinates":[18.507364,54.562888]}},{"type":"Feature","properties":{"lines":"134, 182, 197, 770, K","arr":["134","182","197","770","K"],"mode":"bus","angle":-82.1,"side":-1,"mi":2,"l0":"134, ","c0":"#02af5a","l1":"182, ","c1":"#fe6761","l2":"197, ","c2":"#19a9a8","l3":"770, ","c3":"#e16cd6","l4":"K","c4":"#b0045c"},"geometry":{"type":"Point","coordinates":[18.509541,54.561099]}},{"type":"Feature","properties":{"lines":"134, 141, 163, 182, 194, 197, 282, 770, G, K, N40, N94","arr":["134","141","163","182","194","197","282","770","G","K","N40","N94"],"mode":"bus","angle":59.9,"l0":"134, ","c0":"#02af5a","l1":"141, ","c1":"#05617d","l2":"163, ","c2":"#f661b9","l3":"182, ","c3":"#fe6761","l4":"194, ","c4":"#11a2e3","l5":"197, ","c5":"#19a9a8","l6":"282, ","c6":"#cf8a11","l7":"770, ","c7":"#e16cd6","l8":"G, ","c8":"#0a8a66","l9":"K, ","c9":"#b0045c","l10":"N40, ","c10":"#79a620","l11":"N94","c11":"#126804"},"geometry":{"type":"Point","coordinates":[18.510224,54.560334]}},{"type":"Feature","properties":{"lines":"140, 147, 760, K, N20","arr":["140","147","760","K","N20"],"mode":"bus","angle":31,"l0":"140, ","c0":"#1777eb","l1":"147, ","c1":"#1cab97","l2":"760, ","c2":"#04664a","l3":"K, ","c3":"#b0045c","l4":"N20","c4":"#e16cd6"},"geometry":{"type":"Point","coordinates":[18.435158,54.484998]}},{"type":"Feature","properties":{"lines":"140, 147, 760, K, N20","arr":["140","147","760","K","N20"],"mode":"bus","angle":-83,"extra":1,"ei":0,"l0":"140, ","c0":"#1777eb","l1":"147, ","c1":"#1cab97","l2":"760, ","c2":"#04664a","l3":"K, ","c3":"#b0045c","l4":"N20","c4":"#e16cd6"},"geometry":{"type":"Point","coordinates":[18.437104,54.482924]}},{"type":"Feature","properties":{"lines":"140, 147, 760, K, N20","arr":["140","147","760","K","N20"],"mode":"bus","angle":35.9,"extra":1,"ei":1,"l0":"140, ","c0":"#1777eb","l1":"147, ","c1":"#1cab97","l2":"760, ","c2":"#04664a","l3":"K, ","c3":"#b0045c","l4":"N20","c4":"#e16cd6"},"geometry":{"type":"Point","coordinates":[18.431448,54.486508]}},{"type":"Feature","properties":{"lines":"140, 147, 760, 940, K, N20","arr":["140","147","760","940","K","N20"],"mode":"bus","angle":52.1,"l0":"140, ","c0":"#1777eb","l1":"147, ","c1":"#1cab97","l2":"760, ","c2":"#04664a","l3":"940, ","c3":"#79a620","l4":"K, ","c4":"#b0045c","l5":"N20","c5":"#e16cd6"},"geometry":{"type":"Point","coordinates":[18.426324,54.48885]}},{"type":"Feature","properties":{"lines":"140, 147, 760, 940, K, N20","arr":["140","147","760","940","K","N20"],"mode":"bus","angle":40,"mi":1,"l0":"140, ","c0":"#1777eb","l1":"147, ","c1":"#1cab97","l2":"760, ","c2":"#04664a","l3":"940, ","c3":"#79a620","l4":"K, ","c4":"#b0045c","l5":"N20","c5":"#e16cd6"},"geometry":{"type":"Point","coordinates":[18.429377,54.487432]}},{"type":"Feature","properties":{"lines":"140, 147, 760, 940, K, N20","arr":["140","147","760","940","K","N20"],"mode":"bus","angle":-31.5,"mi":2,"l0":"140, ","c0":"#1777eb","l1":"147, ","c1":"#1cab97","l2":"760, ","c2":"#04664a","l3":"940, ","c3":"#79a620","l4":"K, ","c4":"#b0045c","l5":"N20","c5":"#e16cd6"},"geometry":{"type":"Point","coordinates":[18.426237,54.492658]}},{"type":"Feature","properties":{"lines":"140, 147, 760, 940, K, N20","arr":["140","147","760","940","K","N20"],"mode":"bus","angle":-75.2,"extra":1,"ei":0,"l0":"140, ","c0":"#1777eb","l1":"147, ","c1":"#1cab97","l2":"760, ","c2":"#04664a","l3":"940, ","c3":"#79a620","l4":"K, ","c4":"#b0045c","l5":"N20","c5":"#e16cd6"},"geometry":{"type":"Point","coordinates":[18.425066,54.491123]}},{"type":"Feature","properties":{"lines":"140, 147, 760, 940, K, N20","arr":["140","147","760","940","K","N20"],"mode":"bus","angle":-35.2,"extra":1,"ei":1,"l0":"140, ","c0":"#1777eb","l1":"147, ","c1":"#1cab97","l2":"760, ","c2":"#04664a","l3":"940, ","c3":"#79a620","l4":"K, ","c4":"#b0045c","l5":"N20","c5":"#e16cd6"},"geometry":{"type":"Point","coordinates":[18.429439,54.49347]}},{"type":"Feature","properties":{"lines":"140, 760, 940, K, N20","arr":["140","760","940","K","N20"],"mode":"bus","angle":-76.6,"l0":"140, ","c0":"#1777eb","l1":"760, ","c1":"#04664a","l2":"940, ","c2":"#79a620","l3":"K, ","c3":"#b0045c","l4":"N20","c4":"#e16cd6"},"geometry":{"type":"Point","coordinates":[18.430672,54.496814]}},{"type":"Feature","properties":{"lines":"140, 760, 940, K, N20","arr":["140","760","940","K","N20"],"mode":"bus","angle":-81.8,"extra":1,"ei":0,"l0":"140, ","c0":"#1777eb","l1":"760, ","c1":"#04664a","l2":"940, ","c2":"#79a620","l3":"K, ","c3":"#b0045c","l4":"N20","c4":"#e16cd6"},"geometry":{"type":"Point","coordinates":[18.430188,54.494953]}},{"type":"Feature","properties":{"lines":"140, 760, 940, K, N20","arr":["140","760","940","K","N20"],"mode":"bus","angle":-47.1,"extra":1,"ei":1,"l0":"140, ","c0":"#1777eb","l1":"760, ","c1":"#04664a","l2":"940, ","c2":"#79a620","l3":"K, ","c3":"#b0045c","l4":"N20","c4":"#e16cd6"},"geometry":{"type":"Point","coordinates":[18.43216,54.498442]}},{"type":"Feature","properties":{"lines":"140, 160, 760, K, N20","arr":["140","160","760","K","N20"],"mode":"bus","angle":19,"l0":"140, ","c0":"#1777eb","l1":"160, ","c1":"#e47e2b","l2":"760, ","c2":"#04664a","l3":"K, ","c3":"#b0045c","l4":"N20","c4":"#e16cd6"},"geometry":{"type":"Point","coordinates":[18.436018,54.498732]}},{"type":"Feature","properties":{"lines":"140, 160, 760, K, N20","arr":["140","160","760","K","N20"],"mode":"bus","angle":-5.4,"extra":1,"ei":0,"l0":"140, ","c0":"#1777eb","l1":"160, ","c1":"#e47e2b","l2":"760, ","c2":"#04664a","l3":"K, ","c3":"#b0045c","l4":"N20","c4":"#e16cd6"},"geometry":{"type":"Point","coordinates":[18.438261,54.498403]}},{"type":"Feature","properties":{"lines":"140, 141, 147, 150, 160, 190, 203, 760, N20, N94","arr":["140","141","147","150","160","190","203","760","N20","N94"],"mode":"bus","angle":-53.1,"side":-1,"l0":"140, ","c0":"#1777eb","l1":"141, ","c1":"#05617d","l2":"147, ","c2":"#1cab97","l3":"150, ","c3":"#b20b42","l4":"160, ","c4":"#e47e2b","l5":"190, ","c5":"#b59607","l6":"203, ","c6":"#fe6761","l7":"760, ","c7":"#04664a","l8":"N20, ","c8":"#e16cd6","l9":"N94","c9":"#126804"},"geometry":{"type":"Point","coordinates":[18.510385,54.498611]}},{"type":"Feature","properties":{"lines":"140, 141, 147, 150, 160, 190, 203, 760, N20, N40, N94","arr":["140","141","147","150","160","190","203","760","N20","N40","N94"],"mode":"bus","angle":-43.2,"l0":"140, ","c0":"#1777eb","l1":"141, ","c1":"#05617d","l2":"147, ","c2":"#1cab97","l3":"150, ","c3":"#b20b42","l4":"160, ","c4":"#e47e2b","l5":"190, ","c5":"#b59607","l6":"203, ","c6":"#fe6761","l7":"760, ","c7":"#04664a","l8":"N20, ","c8":"#e16cd6","l9":"N40, ","c9":"#79a620","l10":"N94","c10":"#126804"},"geometry":{"type":"Point","coordinates":[18.512784,54.500367]}},{"type":"Feature","properties":{"lines":"140, 147, 150, 160, 760, N20, N40, N94","arr":["140","147","150","160","760","N20","N40","N94"],"mode":"bus","angle":-42.8,"l0":"140, ","c0":"#1777eb","l1":"147, ","c1":"#1cab97","l2":"150, ","c2":"#b20b42","l3":"160, ","c3":"#e47e2b","l4":"760, ","c4":"#04664a","l5":"N20, ","c5":"#e16cd6","l6":"N40, ","c6":"#79a620","l7":"N94","c7":"#126804"},"geometry":{"type":"Point","coordinates":[18.522209,54.50631]}},{"type":"Feature","properties":{"lines":"140, 147, 150, 160, 760, N20, N40, N94","arr":["140","147","150","160","760","N20","N40","N94"],"mode":"bus","angle":-43.8,"extra":1,"ei":0,"l0":"140, ","c0":"#1777eb","l1":"147, ","c1":"#1cab97","l2":"150, ","c2":"#b20b42","l3":"160, ","c3":"#e47e2b","l4":"760, ","c4":"#04664a","l5":"N20, ","c5":"#e16cd6","l6":"N40, ","c6":"#79a620","l7":"N94","c7":"#126804"},"geometry":{"type":"Point","coordinates":[18.516199,54.502255]}},{"type":"Feature","properties":{"lines":"140, 147, 150, 160, 760, N20, N40, N94","arr":["140","147","150","160","760","N20","N40","N94"],"mode":"bus","angle":-51.8,"extra":1,"ei":1,"l0":"140, ","c0":"#1777eb","l1":"147, ","c1":"#1cab97","l2":"150, ","c2":"#b20b42","l3":"160, ","c3":"#e47e2b","l4":"760, ","c4":"#04664a","l5":"N20, ","c5":"#e16cd6","l6":"N40, ","c6":"#79a620","l7":"N94","c7":"#126804"},"geometry":{"type":"Point","coordinates":[18.518524,54.503569]}},{"type":"Feature","properties":{"lines":"140, 147, 150, 160, 760, N20, N40, N94","arr":["140","147","150","160","760","N20","N40","N94"],"mode":"bus","angle":-44.1,"extra":1,"ei":2,"l0":"140, ","c0":"#1777eb","l1":"147, ","c1":"#1cab97","l2":"150, ","c2":"#b20b42","l3":"160, ","c3":"#e47e2b","l4":"760, ","c4":"#04664a","l5":"N20, ","c5":"#e16cd6","l6":"N40, ","c6":"#79a620","l7":"N94","c7":"#126804"},"geometry":{"type":"Point","coordinates":[18.519473,54.5053]}},{"type":"Feature","properties":{"lines":"140, 147, 150, 160, 760, N20, N40, N94","arr":["140","147","150","160","760","N20","N40","N94"],"mode":"bus","angle":-33.6,"extra":1,"ei":3,"l0":"140, ","c0":"#1777eb","l1":"147, ","c1":"#1cab97","l2":"150, ","c2":"#b20b42","l3":"160, ","c3":"#e47e2b","l4":"760, ","c4":"#04664a","l5":"N20, ","c5":"#e16cd6","l6":"N40, ","c6":"#79a620","l7":"N94","c7":"#126804"},"geometry":{"type":"Point","coordinates":[18.524194,54.50776]}},{"type":"Feature","properties":{"lines":"140, 147, 150, 160, 760, N20, N40, N94","arr":["140","147","150","160","760","N20","N40","N94"],"mode":"bus","angle":4,"extra":1,"ei":4,"l0":"140, ","c0":"#1777eb","l1":"147, ","c1":"#1cab97","l2":"150, ","c2":"#b20b42","l3":"160, ","c3":"#e47e2b","l4":"760, ","c4":"#04664a","l5":"N20, ","c5":"#e16cd6","l6":"N40, ","c6":"#79a620","l7":"N94","c7":"#126804"},"geometry":{"type":"Point","coordinates":[18.527326,54.508025]}},{"type":"Feature","properties":{"lines":"140, 147, 150, 160, 760, N20, N40, N94","arr":["140","147","150","160","760","N20","N40","N94"],"mode":"bus","angle":-9.9,"extra":1,"ei":5,"l0":"140, ","c0":"#1777eb","l1":"147, ","c1":"#1cab97","l2":"150, ","c2":"#b20b42","l3":"160, ","c3":"#e47e2b","l4":"760, ","c4":"#04664a","l5":"N20, ","c5":"#e16cd6","l6":"N40, ","c6":"#79a620","l7":"N94","c7":"#126804"},"geometry":{"type":"Point","coordinates":[18.530555,54.508077]}},{"type":"Feature","properties":{"lines":"140, 147, 150, 160, 760, N20, N94","arr":["140","147","150","160","760","N20","N94"],"mode":"bus","angle":4.5,"side":-1,"l0":"140, ","c0":"#1777eb","l1":"147, ","c1":"#1cab97","l2":"150, ","c2":"#b20b42","l3":"160, ","c3":"#e47e2b","l4":"760, ","c4":"#04664a","l5":"N20, ","c5":"#e16cd6","l6":"N94","c6":"#126804"},"geometry":{"type":"Point","coordinates":[18.532883,54.508114]}},{"type":"Feature","properties":{"lines":"140, 147, 150, 160, N20, N40","arr":["140","147","150","160","N20","N40"],"mode":"bus","angle":2.5,"l0":"140, ","c0":"#1777eb","l1":"147, ","c1":"#1cab97","l2":"150, ","c2":"#b20b42","l3":"160, ","c3":"#e47e2b","l4":"N20, ","c4":"#e16cd6","l5":"N40","c5":"#79a620"},"geometry":{"type":"Point","coordinates":[18.532888,54.508165]}},{"type":"Feature","properties":{"lines":"140, 141, 147, 150, 160, 190, 203, N20, N40","arr":["140","141","147","150","160","190","203","N20","N40"],"mode":"bus","angle":-52.9,"l0":"140, ","c0":"#1777eb","l1":"141, ","c1":"#05617d","l2":"147, ","c2":"#1cab97","l3":"150, ","c3":"#b20b42","l4":"160, ","c4":"#e47e2b","l5":"190, ","c5":"#b59607","l6":"203, ","c6":"#fe6761","l7":"N20, ","c7":"#e16cd6","l8":"N40","c8":"#79a620"},"geometry":{"type":"Point","coordinates":[18.51027,54.498661]}},{"type":"Feature","properties":{"lines":"141, 163, 194, 282, G, N40, N94","arr":["141","163","194","282","G","N40","N94"],"mode":"bus","angle":-2.7,"l0":"141, ","c0":"#05617d","l1":"163, ","c1":"#f661b9","l2":"194, ","c2":"#11a2e3","l3":"282, ","c3":"#cf8a11","l4":"G, ","c4":"#0a8a66","l5":"N40, ","c5":"#79a620","l6":"N94","c6":"#126804"},"geometry":{"type":"Point","coordinates":[18.497098,54.563098]}},{"type":"Feature","properties":{"lines":"141, 163, 194, 282, G, N40, N94","arr":["141","163","194","282","G","N40","N94"],"mode":"bus","angle":63.4,"extra":1,"ei":0,"l0":"141, ","c0":"#05617d","l1":"163, ","c1":"#f661b9","l2":"194, ","c2":"#11a2e3","l3":"282, ","c3":"#cf8a11","l4":"G, ","c4":"#0a8a66","l5":"N40, ","c5":"#79a620","l6":"N94","c6":"#126804"},"geometry":{"type":"Point","coordinates":[18.509521,54.562224]}},{"type":"Feature","properties":{"lines":"141, 163, 194, 282, G, N40, N94","arr":["141","163","194","282","G","N40","N94"],"mode":"bus","angle":30.4,"extra":1,"ei":1,"l0":"141, ","c0":"#05617d","l1":"163, ","c1":"#f661b9","l2":"194, ","c2":"#11a2e3","l3":"282, ","c3":"#cf8a11","l4":"G, ","c4":"#0a8a66","l5":"N40, ","c5":"#79a620","l6":"N94","c6":"#126804"},"geometry":{"type":"Point","coordinates":[18.507118,54.563457]}},{"type":"Feature","properties":{"lines":"141, 163, 194, 282, G, N40, N94","arr":["141","163","194","282","G","N40","N94"],"mode":"bus","angle":-9.6,"extra":1,"ei":2,"l0":"141, ","c0":"#05617d","l1":"163, ","c1":"#f661b9","l2":"194, ","c2":"#11a2e3","l3":"282, ","c3":"#cf8a11","l4":"G, ","c4":"#0a8a66","l5":"N40, ","c5":"#79a620","l6":"N94","c6":"#126804"},"geometry":{"type":"Point","coordinates":[18.504005,54.563558]}},{"type":"Feature","properties":{"lines":"141, 163, 194, 282, G, N40, N94","arr":["141","163","194","282","G","N40","N94"],"mode":"bus","angle":-8.8,"extra":1,"ei":3,"l0":"141, ","c0":"#05617d","l1":"163, ","c1":"#f661b9","l2":"194, ","c2":"#11a2e3","l3":"282, ","c3":"#cf8a11","l4":"G, ","c4":"#0a8a66","l5":"N40, ","c5":"#79a620","l6":"N94","c6":"#126804"},"geometry":{"type":"Point","coordinates":[18.500807,54.563255]}},{"type":"Feature","properties":{"lines":"141, 163, 194, 282, G, N40, N94","arr":["141","163","194","282","G","N40","N94"],"mode":"bus","angle":-3,"extra":1,"ei":4,"l0":"141, ","c0":"#05617d","l1":"163, ","c1":"#f661b9","l2":"194, ","c2":"#11a2e3","l3":"282, ","c3":"#cf8a11","l4":"G, ","c4":"#0a8a66","l5":"N40, ","c5":"#79a620","l6":"N94","c6":"#126804"},"geometry":{"type":"Point","coordinates":[18.494341,54.56302]}},{"type":"Feature","properties":{"lines":"141, 163, 194, 282, G, N40, N94","arr":["141","163","194","282","G","N40","N94"],"mode":"bus","angle":-2.8,"extra":1,"ei":5,"l0":"141, ","c0":"#05617d","l1":"163, ","c1":"#f661b9","l2":"194, ","c2":"#11a2e3","l3":"282, ","c3":"#cf8a11","l4":"G, ","c4":"#0a8a66","l5":"N40, ","c5":"#79a620","l6":"N94","c6":"#126804"},"geometry":{"type":"Point","coordinates":[18.491105,54.562931]}},{"type":"Feature","properties":{"lines":"141, 163, 194, 282, G, N40, N94","arr":["141","163","194","282","G","N40","N94"],"mode":"bus","angle":6.6,"extra":1,"ei":6,"l0":"141, ","c0":"#05617d","l1":"163, ","c1":"#f661b9","l2":"194, ","c2":"#11a2e3","l3":"282, ","c3":"#cf8a11","l4":"G, ","c4":"#0a8a66","l5":"N40, ","c5":"#79a620","l6":"N94","c6":"#126804"},"geometry":{"type":"Point","coordinates":[18.487868,54.562881]}},{"type":"Feature","properties":{"lines":"141, 163, 194, 282, G, N40, N94","arr":["141","163","194","282","G","N40","N94"],"mode":"bus","angle":27.1,"extra":1,"ei":7,"l0":"141, ","c0":"#05617d","l1":"163, ","c1":"#f661b9","l2":"194, ","c2":"#11a2e3","l3":"282, ","c3":"#cf8a11","l4":"G, ","c4":"#0a8a66","l5":"N40, ","c5":"#79a620","l6":"N94","c6":"#126804"},"geometry":{"type":"Point","coordinates":[18.48493,54.563654]}},{"type":"Feature","properties":{"lines":"141, 194, 282, G, N65, N94","arr":["141","194","282","G","N65","N94"],"mode":"bus","angle":-54.4,"side":-1,"l0":"141, ","c0":"#05617d","l1":"194, ","c1":"#11a2e3","l2":"282, ","c2":"#cf8a11","l3":"G, ","c3":"#0a8a66","l4":"N65, ","c4":"#999f01","l5":"N94","c5":"#126804"},"geometry":{"type":"Point","coordinates":[18.481586,54.563352]}},{"type":"Feature","properties":{"lines":"141, 163, 194, 282, G","arr":["141","163","194","282","G"],"mode":"bus","angle":-2.8,"side":-1,"l0":"141, ","c0":"#05617d","l1":"163, ","c1":"#f661b9","l2":"194, ","c2":"#11a2e3","l3":"282, ","c3":"#cf8a11","l4":"G","c4":"#0a8a66"},"geometry":{"type":"Point","coordinates":[18.494301,54.562937]}},{"type":"Feature","properties":{"lines":"141, 163, 194, 282, G","arr":["141","163","194","282","G"],"mode":"bus","angle":27.5,"side":-1,"extra":1,"ei":0,"l0":"141, ","c0":"#05617d","l1":"163, ","c1":"#f661b9","l2":"194, ","c2":"#11a2e3","l3":"282, ","c3":"#cf8a11","l4":"G","c4":"#0a8a66"},"geometry":{"type":"Point","coordinates":[18.483976,54.563705]}},{"type":"Feature","properties":{"lines":"141, 163, 194, 282, G","arr":["141","163","194","282","G"],"mode":"bus","angle":19.4,"side":-1,"extra":1,"ei":1,"l0":"141, ","c0":"#05617d","l1":"163, ","c1":"#f661b9","l2":"194, ","c2":"#11a2e3","l3":"282, ","c3":"#cf8a11","l4":"G","c4":"#0a8a66"},"geometry":{"type":"Point","coordinates":[18.486863,54.562849]}},{"type":"Feature","properties":{"lines":"141, 163, 194, 282, G","arr":["141","163","194","282","G"],"mode":"bus","angle":-2.9,"side":-1,"extra":1,"ei":2,"l0":"141, ","c0":"#05617d","l1":"163, ","c1":"#f661b9","l2":"194, ","c2":"#11a2e3","l3":"282, ","c3":"#cf8a11","l4":"G","c4":"#0a8a66"},"geometry":{"type":"Point","coordinates":[18.490082,54.562816]}},{"type":"Feature","properties":{"lines":"141, 163, 194, 282, G","arr":["141","163","194","282","G"],"mode":"bus","angle":-3,"side":-1,"extra":1,"ei":3,"l0":"141, ","c0":"#05617d","l1":"163, ","c1":"#f661b9","l2":"194, ","c2":"#11a2e3","l3":"282, ","c3":"#cf8a11","l4":"G","c4":"#0a8a66"},"geometry":{"type":"Point","coordinates":[18.496555,54.563002]}},{"type":"Feature","properties":{"lines":"141, 163, 194, 282, G","arr":["141","163","194","282","G"],"mode":"bus","angle":-5.3,"side":-1,"extra":1,"ei":4,"l0":"141, ","c0":"#05617d","l1":"163, ","c1":"#f661b9","l2":"194, ","c2":"#11a2e3","l3":"282, ","c3":"#cf8a11","l4":"G","c4":"#0a8a66"},"geometry":{"type":"Point","coordinates":[18.499792,54.563094]}},{"type":"Feature","properties":{"lines":"141, 163, 194, 282, G","arr":["141","163","194","282","G"],"mode":"bus","angle":-9,"side":-1,"extra":1,"ei":5,"l0":"141, ","c0":"#05617d","l1":"163, ","c1":"#f661b9","l2":"194, ","c2":"#11a2e3","l3":"282, ","c3":"#cf8a11","l4":"G","c4":"#0a8a66"},"geometry":{"type":"Point","coordinates":[18.502994,54.563381]}},{"type":"Feature","properties":{"lines":"141, 163, 194, 282, G","arr":["141","163","194","282","G"],"mode":"bus","angle":2,"side":-1,"extra":1,"ei":6,"l0":"141, ","c0":"#05617d","l1":"163, ","c1":"#f661b9","l2":"194, ","c2":"#11a2e3","l3":"282, ","c3":"#cf8a11","l4":"G","c4":"#0a8a66"},"geometry":{"type":"Point","coordinates":[18.506197,54.563642]}},{"type":"Feature","properties":{"lines":"146, 165, 365, M, N65","arr":["146","165","365","M","N65"],"mode":"bus","angle":-42.9,"mi":1,"l0":"146, ","c0":"#05617d","l1":"165, ","c1":"#1cab97","l2":"365, ","c2":"#ab0377","l3":"M, ","c3":"#126804","l4":"N65","c4":"#999f01"},"geometry":{"type":"Point","coordinates":[18.496055,54.59055]}},{"type":"Feature","properties":{"lines":"146, 165, 365, M, N65","arr":["146","165","365","M","N65"],"mode":"bus","angle":-43.4,"extra":1,"ei":0,"l0":"146, ","c0":"#05617d","l1":"165, ","c1":"#1cab97","l2":"365, ","c2":"#ab0377","l3":"M, ","c3":"#126804","l4":"N65","c4":"#999f01"},"geometry":{"type":"Point","coordinates":[18.497848,54.59153]}},{"type":"Feature","properties":{"lines":"146, 165, 365, M, N65","arr":["146","165","365","M","N65"],"mode":"bus","angle":-39.9,"extra":1,"ei":1,"l0":"146, ","c0":"#05617d","l1":"165, ","c1":"#1cab97","l2":"365, ","c2":"#ab0377","l3":"M, ","c3":"#126804","l4":"N65","c4":"#999f01"},"geometry":{"type":"Point","coordinates":[18.493111,54.588954]}},{"type":"Feature","properties":{"lines":"146, 165, 365, M, N65","arr":["146","165","365","M","N65"],"mode":"bus","angle":78.5,"l0":"146, ","c0":"#05617d","l1":"165, ","c1":"#1cab97","l2":"365, ","c2":"#ab0377","l3":"M, ","c3":"#126804","l4":"N65","c4":"#999f01"},"geometry":{"type":"Point","coordinates":[18.499581,54.597392]}},{"type":"Feature","properties":{"lines":"146, 165, 365, M, N65","arr":["146","165","365","M","N65"],"mode":"bus","angle":-47.4,"extra":1,"ei":0,"l0":"146, ","c0":"#05617d","l1":"165, ","c1":"#1cab97","l2":"365, ","c2":"#ab0377","l3":"M, ","c3":"#126804","l4":"N65","c4":"#999f01"},"geometry":{"type":"Point","coordinates":[18.500225,54.592813]}},{"type":"Feature","properties":{"lines":"146, 165, 365, M, N65","arr":["146","165","365","M","N65"],"mode":"bus","angle":83,"extra":1,"ei":1,"l0":"146, ","c0":"#05617d","l1":"165, ","c1":"#1cab97","l2":"365, ","c2":"#ab0377","l3":"M, ","c3":"#126804","l4":"N65","c4":"#999f01"},"geometry":{"type":"Point","coordinates":[18.500469,54.594638]}},{"type":"Feature","properties":{"lines":"146, 165, 365, M, N65","arr":["146","165","365","M","N65"],"mode":"bus","angle":78.3,"extra":1,"ei":2,"l0":"146, ","c0":"#05617d","l1":"165, ","c1":"#1cab97","l2":"365, ","c2":"#ab0377","l3":"M, ","c3":"#126804","l4":"N65","c4":"#999f01"},"geometry":{"type":"Point","coordinates":[18.498618,54.600199]}},{"type":"Feature","properties":{"lines":"146, 165, 365, M, N65","arr":["146","165","365","M","N65"],"mode":"bus","angle":78.8,"extra":1,"ei":3,"l0":"146, ","c0":"#05617d","l1":"165, ","c1":"#1cab97","l2":"365, ","c2":"#ab0377","l3":"M, ","c3":"#126804","l4":"N65","c4":"#999f01"},"geometry":{"type":"Point","coordinates":[18.497978,54.602051]}},{"type":"Feature","properties":{"lines":"146, 165, 365, M, N65","arr":["146","165","365","M","N65"],"mode":"bus","angle":-88.8,"l0":"146, ","c0":"#05617d","l1":"165, ","c1":"#1cab97","l2":"365, ","c2":"#ab0377","l3":"M, ","c3":"#126804","l4":"N65","c4":"#999f01"},"geometry":{"type":"Point","coordinates":[18.496101,54.615451]}},{"type":"Feature","properties":{"lines":"146, 165, 365, M, N65","arr":["146","165","365","M","N65"],"mode":"bus","angle":82.9,"mi":2,"l0":"146, ","c0":"#05617d","l1":"165, ","c1":"#1cab97","l2":"365, ","c2":"#ab0377","l3":"M, ","c3":"#126804","l4":"N65","c4":"#999f01"},"geometry":{"type":"Point","coordinates":[18.496829,54.605551]}},{"type":"Feature","properties":{"lines":"146, 165, 365, M, N65","arr":["146","165","365","M","N65"],"mode":"bus","angle":83,"extra":1,"ei":0,"l0":"146, ","c0":"#05617d","l1":"165, ","c1":"#1cab97","l2":"365, ","c2":"#ab0377","l3":"M, ","c3":"#126804","l4":"N65","c4":"#999f01"},"geometry":{"type":"Point","coordinates":[18.496466,54.607274]}},{"type":"Feature","properties":{"lines":"146, 165, 365, M, N65","arr":["146","165","365","M","N65"],"mode":"bus","angle":78.9,"extra":1,"ei":1,"l0":"146, ","c0":"#05617d","l1":"165, ","c1":"#1cab97","l2":"365, ","c2":"#ab0377","l3":"M, ","c3":"#126804","l4":"N65","c4":"#999f01"},"geometry":{"type":"Point","coordinates":[18.497466,54.603544]}},{"type":"Feature","properties":{"lines":"146, 165, 365, M, N65","arr":["146","165","365","M","N65"],"mode":"bus","angle":82.9,"extra":1,"ei":0,"l0":"146, ","c0":"#05617d","l1":"165, ","c1":"#1cab97","l2":"365, ","c2":"#ab0377","l3":"M, ","c3":"#126804","l4":"N65","c4":"#999f01"},"geometry":{"type":"Point","coordinates":[18.496034,54.60932]}},{"type":"Feature","properties":{"lines":"146, 165, 365, M, N65","arr":["146","165","365","M","N65"],"mode":"bus","angle":-79.2,"extra":1,"ei":1,"l0":"146, ","c0":"#05617d","l1":"165, ","c1":"#1cab97","l2":"365, ","c2":"#ab0377","l3":"M, ","c3":"#126804","l4":"N65","c4":"#999f01"},"geometry":{"type":"Point","coordinates":[18.495759,54.611197]}},{"type":"Feature","properties":{"lines":"146, 165, 365, M, N65","arr":["146","165","365","M","N65"],"mode":"bus","angle":85.2,"extra":1,"ei":2,"l0":"146, ","c0":"#05617d","l1":"165, ","c1":"#1cab97","l2":"365, ","c2":"#ab0377","l3":"M, ","c3":"#126804","l4":"N65","c4":"#999f01"},"geometry":{"type":"Point","coordinates":[18.495979,54.613035]}},{"type":"Feature","properties":{"lines":"146, 165, 365, M, N65","arr":["146","165","365","M","N65"],"mode":"bus","angle":-88.2,"extra":1,"ei":3,"l0":"146, ","c0":"#05617d","l1":"165, ","c1":"#1cab97","l2":"365, ","c2":"#ab0377","l3":"M, ","c3":"#126804","l4":"N65","c4":"#999f01"},"geometry":{"type":"Point","coordinates":[18.496165,54.616809]}},{"type":"Feature","properties":{"lines":"146, 165, 365, M, N65","arr":["146","165","365","M","N65"],"mode":"bus","angle":-88.9,"extra":1,"ei":4,"l0":"146, ","c0":"#05617d","l1":"165, ","c1":"#1cab97","l2":"365, ","c2":"#ab0377","l3":"M, ","c3":"#126804","l4":"N65","c4":"#999f01"},"geometry":{"type":"Point","coordinates":[18.496269,54.618696]}},{"type":"Feature","properties":{"lines":"146, 165, 365, M, N65","arr":["146","165","365","M","N65"],"mode":"bus","angle":-88.5,"extra":1,"ei":5,"l0":"146, ","c0":"#05617d","l1":"165, ","c1":"#1cab97","l2":"365, ","c2":"#ab0377","l3":"M, ","c3":"#126804","l4":"N65","c4":"#999f01"},"geometry":{"type":"Point","coordinates":[18.496355,54.620584]}},{"type":"Feature","properties":{"lines":"146, 165, 365, M, N65","arr":["146","165","365","M","N65"],"mode":"bus","angle":-88.4,"extra":1,"ei":6,"l0":"146, ","c0":"#05617d","l1":"165, ","c1":"#1cab97","l2":"365, ","c2":"#ab0377","l3":"M, ","c3":"#126804","l4":"N65","c4":"#999f01"},"geometry":{"type":"Point","coordinates":[18.496451,54.622472]}},{"type":"Feature","properties":{"lines":"146, 165, 365, M, N65","arr":["146","165","365","M","N65"],"mode":"bus","angle":-84.9,"l0":"146, ","c0":"#05617d","l1":"165, ","c1":"#1cab97","l2":"365, ","c2":"#ab0377","l3":"M, ","c3":"#126804","l4":"N65","c4":"#999f01"},"geometry":{"type":"Point","coordinates":[18.496883,54.631425]}},{"type":"Feature","properties":{"lines":"146, 165, 365, M, N65","arr":["146","165","365","M","N65"],"mode":"bus","angle":-88.3,"extra":1,"ei":0,"l0":"146, ","c0":"#05617d","l1":"165, ","c1":"#1cab97","l2":"365, ","c2":"#ab0377","l3":"M, ","c3":"#126804","l4":"N65","c4":"#999f01"},"geometry":{"type":"Point","coordinates":[18.496509,54.623532]}},{"type":"Feature","properties":{"lines":"146, 165, 365, M, N65","arr":["146","165","365","M","N65"],"mode":"bus","angle":-88.3,"extra":1,"ei":1,"l0":"146, ","c0":"#05617d","l1":"165, ","c1":"#1cab97","l2":"365, ","c2":"#ab0377","l3":"M, ","c3":"#126804","l4":"N65","c4":"#999f01"},"geometry":{"type":"Point","coordinates":[18.496606,54.62542]}},{"type":"Feature","properties":{"lines":"146, 165, 365, M, N65","arr":["146","165","365","M","N65"],"mode":"bus","angle":-88.2,"extra":1,"ei":2,"l0":"146, ","c0":"#05617d","l1":"165, ","c1":"#1cab97","l2":"365, ","c2":"#ab0377","l3":"M, ","c3":"#126804","l4":"N65","c4":"#999f01"},"geometry":{"type":"Point","coordinates":[18.496703,54.627307]}},{"type":"Feature","properties":{"lines":"146, 165, 365, M, N65","arr":["146","165","365","M","N65"],"mode":"bus","angle":-88.5,"extra":1,"ei":3,"l0":"146, ","c0":"#05617d","l1":"165, ","c1":"#1cab97","l2":"365, ","c2":"#ab0377","l3":"M, ","c3":"#126804","l4":"N65","c4":"#999f01"},"geometry":{"type":"Point","coordinates":[18.496804,54.629195]}},{"type":"Feature","properties":{"lines":"146, 165, 365, M, N65","arr":["146","165","365","M","N65"],"mode":"bus","angle":-2.7,"extra":1,"ei":4,"l0":"146, ","c0":"#05617d","l1":"165, ","c1":"#1cab97","l2":"365, ","c2":"#ab0377","l3":"M, ","c3":"#126804","l4":"N65","c4":"#999f01"},"geometry":{"type":"Point","coordinates":[18.498997,54.632062]}},{"type":"Feature","properties":{"lines":"146, 165, 365, M, N65","arr":["146","165","365","M","N65"],"mode":"bus","angle":-6.8,"extra":1,"ei":5,"l0":"146, ","c0":"#05617d","l1":"165, ","c1":"#1cab97","l2":"365, ","c2":"#ab0377","l3":"M, ","c3":"#126804","l4":"N65","c4":"#999f01"},"geometry":{"type":"Point","coordinates":[18.502228,54.632197]}},{"type":"Feature","properties":{"lines":"146, 165, 365, M, N65","arr":["146","165","365","M","N65"],"mode":"bus","angle":-7.7,"extra":1,"ei":6,"l0":"146, ","c0":"#05617d","l1":"165, ","c1":"#1cab97","l2":"365, ","c2":"#ab0377","l3":"M, ","c3":"#126804","l4":"N65","c4":"#999f01"},"geometry":{"type":"Point","coordinates":[18.505444,54.632427]}},{"type":"Feature","properties":{"lines":"146, 165, 365, M, N65","arr":["146","165","365","M","N65"],"mode":"bus","angle":13.7,"extra":1,"ei":7,"l0":"146, ","c0":"#05617d","l1":"165, ","c1":"#1cab97","l2":"365, ","c2":"#ab0377","l3":"M, ","c3":"#126804","l4":"N65","c4":"#999f01"},"geometry":{"type":"Point","coordinates":[18.508649,54.632576]}},{"type":"Feature","properties":{"lines":"146, 165, 365, M, N65","arr":["146","165","365","M","N65"],"mode":"bus","angle":23.9,"side":-1,"mi":1,"l0":"146, ","c0":"#05617d","l1":"165, ","c1":"#1cab97","l2":"365, ","c2":"#ab0377","l3":"M, ","c3":"#126804","l4":"N65","c4":"#999f01"},"geometry":{"type":"Point","coordinates":[18.511522,54.631831]}},{"type":"Feature","properties":{"lines":"147, 191, 193, N20, X","arr":["147","191","193","N20","X"],"mode":"bus","angle":-52.8,"l0":"147, ","c0":"#1cab97","l1":"191, ","c1":"#a72d06","l2":"193, ","c2":"#ff5e9b","l3":"N20, ","c3":"#e16cd6","l4":"X","c4":"#5a5d02"},"geometry":{"type":"Point","coordinates":[18.477259,54.473666]}},{"type":"Feature","properties":{"lines":"150, 190, 192, N20, N40, N94","arr":["150","190","192","N20","N40","N94"],"mode":"bus","angle":34.2,"l0":"150, ","c0":"#b20b42","l1":"190, ","c1":"#b59607","l2":"192, ","c2":"#992492","l3":"N20, ","c3":"#e16cd6","l4":"N40, ","c4":"#79a620","l5":"N94","c5":"#126804"},"geometry":{"type":"Point","coordinates":[18.509339,54.492003]}},{"type":"Feature","properties":{"lines":"150, 190, 192, N20, N40, N94","arr":["150","190","192","N20","N40","N94"],"mode":"bus","angle":-76.4,"mi":1,"l0":"150, ","c0":"#b20b42","l1":"190, ","c1":"#b59607","l2":"192, ","c2":"#992492","l3":"N20, ","c3":"#e16cd6","l4":"N40, ","c4":"#79a620","l5":"N94","c5":"#126804"},"geometry":{"type":"Point","coordinates":[18.508338,54.495485]}},{"type":"Feature","properties":{"lines":"150, 190, 192, N20, N94","arr":["150","190","192","N20","N94"],"mode":"bus","angle":-62.2,"side":-1,"l0":"150, ","c0":"#b20b42","l1":"190, ","c1":"#b59607","l2":"192, ","c2":"#992492","l3":"N20, ","c3":"#e16cd6","l4":"N94","c4":"#126804"},"geometry":{"type":"Point","coordinates":[18.509399,54.497663]}},{"type":"Feature","properties":{"lines":"150, 190, 192, N20, N40","arr":["150","190","192","N20","N40"],"mode":"bus","angle":-69.6,"l0":"150, ","c0":"#b20b42","l1":"190, ","c1":"#b59607","l2":"192, ","c2":"#992492","l3":"N20, ","c3":"#e16cd6","l4":"N40","c4":"#79a620"},"geometry":{"type":"Point","coordinates":[18.509341,54.497796]}},{"type":"Feature","properties":{"lines":"163, 165, 198, N30, R","arr":["163","165","198","N30","R"],"mode":"bus","angle":-4,"l0":"163, ","c0":"#f661b9","l1":"165, ","c1":"#1cab97","l2":"198, ","c2":"#126804","l3":"N30, ","c3":"#119efc","l4":"R","c4":"#b59607"},"geometry":{"type":"Point","coordinates":[18.465159,54.548368]}},{"type":"Feature","properties":{"lines":"163, 165, 198, N30, R","arr":["163","165","198","N30","R"],"mode":"bus","angle":-8,"extra":1,"ei":0,"l0":"163, ","c0":"#f661b9","l1":"165, ","c1":"#1cab97","l2":"198, ","c2":"#126804","l3":"N30, ","c3":"#119efc","l4":"R","c4":"#b59607"},"geometry":{"type":"Point","coordinates":[18.467239,54.548525]}},{"type":"Feature","properties":{"lines":"309, 326, 710, 740, N30","arr":["309","326","710","740","N30"],"mode":"bus","angle":-54.2,"l0":"309, ","c0":"#8e4604","l1":"326, ","c1":"#b0045c","l2":"710, ","c2":"#b59607","l3":"740, ","c3":"#c17aef","l4":"N30","c4":"#119efc"},"geometry":{"type":"Point","coordinates":[18.493339,54.533673]}},{"type":"Feature","properties":{"lines":"309, 326, 710, 723, 740, N30","arr":["309","326","710","723","740","N30"],"mode":"bus","angle":-55.4,"l0":"309, ","c0":"#8e4604","l1":"326, ","c1":"#b0045c","l2":"710, ","c2":"#b59607","l3":"723, ","c3":"#126804","l4":"740, ","c4":"#c17aef","l5":"N30","c5":"#119efc"},"geometry":{"type":"Point","coordinates":[18.492425,54.532903]}},{"type":"Feature","properties":{"lines":"2, 11","arr":["2","11","108","208","227","N4","N14"],"mode":"tram","angle":4.3,"side":-1,"l0":"2, ","c0":"#095d97","l1":"11, ","c1":"#19a9a8","l2":"108, ","c2":"#ff5e9b","l3":"208, ","c3":"#736adf","l4":"227, ","c4":"#e47e2b","l5":"N4, ","c5":"#03636c","l6":"N14","c6":"#b0045c"},"geometry":{"type":"Point","coordinates":[18.613077,54.338092]}},{"type":"Feature","properties":{"lines":"2, 11","arr":["2","11","108","208","227","N4","N14"],"mode":"tram","angle":4.5,"side":-1,"extra":1,"ei":0,"l0":"2, ","c0":"#095d97","l1":"11, ","c1":"#19a9a8","l2":"108, ","c2":"#ff5e9b","l3":"208, ","c3":"#736adf","l4":"227, ","c4":"#e47e2b","l5":"N4, ","c5":"#03636c","l6":"N14","c6":"#b0045c"},"geometry":{"type":"Point","coordinates":[18.61073,54.338196]}},{"type":"Feature","properties":{"lines":"2, 11","arr":["2","11","208","227","N4","N14"],"mode":"tram","angle":4.2,"side":-1,"l0":"2, ","c0":"#095d97","l1":"11, ","c1":"#19a9a8","l2":"208, ","c2":"#736adf","l3":"227, ","c3":"#e47e2b","l4":"N4, ","c4":"#03636c","l5":"N14","c5":"#b0045c"},"geometry":{"type":"Point","coordinates":[18.605577,54.338427]}},{"type":"Feature","properties":{"lines":"2, 11","arr":["2","11","208","227","N4","N14"],"mode":"tram","angle":4.3,"side":-1,"extra":1,"ei":0,"l0":"2, ","c0":"#095d97","l1":"11, ","c1":"#19a9a8","l2":"208, ","c2":"#736adf","l3":"227, ","c3":"#e47e2b","l4":"N4, ","c4":"#03636c","l5":"N14","c5":"#b0045c"},"geometry":{"type":"Point","coordinates":[18.608962,54.338275]}},{"type":"Feature","properties":{"lines":"2, 11","arr":["2","11","208","227","N4","N14"],"mode":"tram","angle":-23.9,"extra":1,"ei":1,"l0":"2, ","c0":"#095d97","l1":"11, ","c1":"#19a9a8","l2":"208, ","c2":"#736adf","l3":"227, ","c3":"#e47e2b","l4":"N4, ","c4":"#03636c","l5":"N14","c5":"#b0045c"},"geometry":{"type":"Point","coordinates":[18.602548,54.338238]}},{"type":"Feature","properties":{"lines":"2, 11","arr":["2","11","115","162","174","195","227","262","N14"],"mode":"tram","angle":-52.2,"side":-1,"l0":"2, ","c0":"#095d97","l1":"11, ","c1":"#19a9a8","l2":"115, ","c2":"#4d4aba","l3":"162, ","c3":"#e16cd6","l4":"174, ","c4":"#7c5001","l5":"195, ","c5":"#ff627e","l6":"227, ","c6":"#e47e2b","l7":"262, ","c7":"#07ad80","l8":"N14","c8":"#b0045c"},"geometry":{"type":"Point","coordinates":[18.599625,54.336995]}},{"type":"Feature","properties":{"lines":"2, 11","arr":["2","11","115","162","174","N14"],"mode":"tram","angle":-65.2,"side":-1,"l0":"2, ","c0":"#095d97","l1":"11, ","c1":"#19a9a8","l2":"115, ","c2":"#4d4aba","l3":"162, ","c3":"#e16cd6","l4":"174, ","c4":"#7c5001","l5":"N14","c5":"#b0045c"},"geometry":{"type":"Point","coordinates":[18.596937,54.334807]}},{"type":"Feature","properties":{"lines":"2, 11","arr":["2","11","115","162","174","N14"],"mode":"tram","angle":-52.5,"side":-1,"extra":1,"ei":0,"l0":"2, ","c0":"#095d97","l1":"11, ","c1":"#19a9a8","l2":"115, ","c2":"#4d4aba","l3":"162, ","c3":"#e16cd6","l4":"174, ","c4":"#7c5001","l5":"N14","c5":"#b0045c"},"geometry":{"type":"Point","coordinates":[18.598052,54.3358]}},{"type":"Feature","properties":{"lines":"2, 11","arr":["2","11","115","120","174","175","N2","N4"],"mode":"tram","angle":-0.6,"l0":"2, ","c0":"#095d97","l1":"11, ","c1":"#19a9a8","l2":"115, ","c2":"#4d4aba","l3":"120, ","c3":"#e47e2b","l4":"174, ","c4":"#7c5001","l5":"175, ","c5":"#79a620","l6":"N2, ","c6":"#119efc","l7":"N4","c7":"#03636c"},"geometry":{"type":"Point","coordinates":[18.594677,54.332451]}},{"type":"Feature","properties":{"lines":"2, 11, 12, 63","arr":["2","11","12","63","115","118","120","156","174"],"mode":"tram","angle":4.1,"l0":"2, ","c0":"#095d97","l1":"11, ","c1":"#19a9a8","l2":"12, ","c2":"#5a5d02","l3":"63, ","c3":"#cf8a11","l4":"115, ","c4":"#4d4aba","l5":"118, ","c5":"#2d8c1b","l6":"120, ","c6":"#e47e2b","l7":"156, ","c7":"#b0045c","l8":"174","c8":"#7c5001"},"geometry":{"type":"Point","coordinates":[18.571436,54.331536]}},{"type":"Feature","properties":{"lines":"2, 11, 12, 63","arr":["2","11","12","63","118","156"],"mode":"tram","angle":-6.2,"l0":"2, ","c0":"#095d97","l1":"11, ","c1":"#19a9a8","l2":"12, ","c2":"#5a5d02","l3":"63, ","c3":"#cf8a11","l4":"118, ","c4":"#2d8c1b","l5":"156","c5":"#b0045c"},"geometry":{"type":"Point","coordinates":[18.573562,54.331607]}},{"type":"Feature","properties":{"lines":"12, 63","arr":["12","63","115","118","120","156","174"],"mode":"tram","angle":9.1,"l0":"12, ","c0":"#5a5d02","l1":"63, ","c1":"#cf8a11","l2":"115, ","c2":"#4d4aba","l3":"118, ","c3":"#2d8c1b","l4":"120, ","c4":"#e47e2b","l5":"156, ","c5":"#b0045c","l6":"174","c6":"#7c5001"},"geometry":{"type":"Point","coordinates":[18.571608,54.331494]}},{"type":"Feature","properties":{"lines":"12, 63","arr":["12","63","127","130","N2","N6"],"mode":"tram","angle":-64.8,"mi":1,"l0":"12, ","c0":"#5a5d02","l1":"63, ","c1":"#cf8a11","l2":"127, ","c2":"#126804","l3":"130, ","c3":"#ff627e","l4":"N2, ","c4":"#119efc","l5":"N6","c5":"#05617d"},"geometry":{"type":"Point","coordinates":[18.577041,54.353954]}},{"type":"Feature","properties":{"lines":"12, 63","arr":["12","63","127","130","N2","N6"],"mode":"tram","angle":-68.9,"extra":1,"ei":0,"l0":"12, ","c0":"#5a5d02","l1":"63, ","c1":"#cf8a11","l2":"127, ","c2":"#126804","l3":"130, ","c3":"#ff627e","l4":"N2, ","c4":"#119efc","l5":"N6","c5":"#05617d"},"geometry":{"type":"Point","coordinates":[18.574876,54.351247]}},{"type":"Feature","properties":{"lines":"12, 63","arr":["12","63","127","130","N2","N6"],"mode":"tram","angle":-65.8,"extra":1,"ei":1,"l0":"12, ","c0":"#5a5d02","l1":"63, ","c1":"#cf8a11","l2":"127, ","c2":"#126804","l3":"130, ","c3":"#ff627e","l4":"N2, ","c4":"#119efc","l5":"N6","c5":"#05617d"},"geometry":{"type":"Point","coordinates":[18.579012,54.35637]}},{"type":"Feature","properties":{"lines":"12, 63","arr":["12","63","131","184","210","227","283"],"mode":"tram","angle":-16.8,"side":-1,"l0":"12, ","c0":"#5a5d02","l1":"63, ","c1":"#cf8a11","l2":"131, ","c2":"#7b3aa8","l3":"184, ","c3":"#999f01","l4":"210, ","c4":"#02af5a","l5":"227, ","c5":"#e47e2b","l6":"283","c6":"#1da8b6"},"geometry":{"type":"Point","coordinates":[18.580377,54.35766]}},{"type":"Feature","properties":{"lines":"12, 63","arr":["12","63","127","130","N2","N6"],"mode":"tram","angle":-64.5,"l0":"12, ","c0":"#5a5d02","l1":"63, ","c1":"#cf8a11","l2":"127, ","c2":"#126804","l3":"130, ","c3":"#ff627e","l4":"N2, ","c4":"#119efc","l5":"N6","c5":"#05617d"},"geometry":{"type":"Point","coordinates":[18.578161,54.355405]}},{"type":"Feature","properties":{"lines":"12, 63","arr":["12","63","127","130","N2","N6"],"mode":"tram","angle":-66,"extra":1,"ei":0,"l0":"12, ","c0":"#5a5d02","l1":"63, ","c1":"#cf8a11","l2":"127, ","c2":"#126804","l3":"130, ","c3":"#ff627e","l4":"N2, ","c4":"#119efc","l5":"N6","c5":"#05617d"},"geometry":{"type":"Point","coordinates":[18.579458,54.357075]}},{"type":"Feature","properties":{"lines":"12, 63","arr":["12","63","127","130","N2","N6"],"mode":"tram","angle":-64.7,"extra":1,"ei":1,"l0":"12, ","c0":"#5a5d02","l1":"63, ","c1":"#cf8a11","l2":"127, ","c2":"#126804","l3":"130, ","c3":"#ff627e","l4":"N2, ","c4":"#119efc","l5":"N6","c5":"#05617d"},"geometry":{"type":"Point","coordinates":[18.576736,54.353648]}},{"type":"Feature","properties":{"lines":"2, 3, 6, 11","arr":["2","3","6","11","115","162","174","N14"],"mode":"tram","angle":-65.1,"side":-1,"l0":"2, ","c0":"#095d97","l1":"3, ","c1":"#ff5e9b","l2":"6, ","c2":"#9789ff","l3":"11, ","c3":"#19a9a8","l4":"115, ","c4":"#4d4aba","l5":"162, ","c5":"#e16cd6","l6":"174, ","c6":"#7c5001","l7":"N14","c7":"#b0045c"},"geometry":{"type":"Point","coordinates":[18.596986,54.334807]}},{"type":"Feature","properties":{"lines":"2, 3, 6, 11","arr":["2","3","6","11","115","162","174","195","227","262","N14"],"mode":"tram","angle":-52.4,"side":-1,"l0":"2, ","c0":"#095d97","l1":"3, ","c1":"#ff5e9b","l2":"6, ","c2":"#9789ff","l3":"11, ","c3":"#19a9a8","l4":"115, ","c4":"#4d4aba","l5":"162, ","c5":"#e16cd6","l6":"174, ","c6":"#7c5001","l7":"195, ","c7":"#ff627e","l8":"227, ","c8":"#e47e2b","l9":"262, ","c9":"#07ad80","l10":"N14","c10":"#b0045c"},"geometry":{"type":"Point","coordinates":[18.599563,54.336903]}},{"type":"Feature","properties":{"lines":"2, 3, 6, 11","arr":["2","3","6","11","208","227","N4","N14"],"mode":"tram","angle":4.6,"side":-1,"l0":"2, ","c0":"#095d97","l1":"3, ","c1":"#ff5e9b","l2":"6, ","c2":"#9789ff","l3":"11, ","c3":"#19a9a8","l4":"208, ","c4":"#736adf","l5":"227, ","c5":"#e47e2b","l6":"N4, ","c6":"#03636c","l7":"N14","c7":"#b0045c"},"geometry":{"type":"Point","coordinates":[18.605455,54.338401]}},{"type":"Feature","properties":{"lines":"2, 3, 6, 11","arr":["2","3","6","11","208","227","N4","N14"],"mode":"tram","angle":-28.6,"extra":1,"ei":0,"l0":"2, ","c0":"#095d97","l1":"3, ","c1":"#ff5e9b","l2":"6, ","c2":"#9789ff","l3":"11, ","c3":"#19a9a8","l4":"208, ","c4":"#736adf","l5":"227, ","c5":"#e47e2b","l6":"N4, ","c6":"#03636c","l7":"N14","c7":"#b0045c"},"geometry":{"type":"Point","coordinates":[18.601996,54.338042]}},{"type":"Feature","properties":{"lines":"2, 3, 6, 11","arr":["2","3","6","11","208","227","N4","N14"],"mode":"tram","angle":4.2,"side":-1,"extra":1,"ei":1,"l0":"2, ","c0":"#095d97","l1":"3, ","c1":"#ff5e9b","l2":"6, ","c2":"#9789ff","l3":"11, ","c3":"#19a9a8","l4":"208, ","c4":"#736adf","l5":"227, ","c5":"#e47e2b","l6":"N4, ","c6":"#03636c","l7":"N14","c7":"#b0045c"},"geometry":{"type":"Point","coordinates":[18.608341,54.338275]}},{"type":"Feature","properties":{"lines":"2, 3, 6, 11","arr":["2","3","6","11","108","208","227","N4","N14"],"mode":"tram","angle":4.3,"side":-1,"l0":"2, ","c0":"#095d97","l1":"3, ","c1":"#ff5e9b","l2":"6, ","c2":"#9789ff","l3":"11, ","c3":"#19a9a8","l4":"108, ","c4":"#ff5e9b","l5":"208, ","c5":"#736adf","l6":"227, ","c6":"#e47e2b","l7":"N4, ","c7":"#03636c","l8":"N14","c8":"#b0045c"},"geometry":{"type":"Point","coordinates":[18.612956,54.338072]}},{"type":"Feature","properties":{"lines":"2, 3, 6, 11","arr":["2","3","6","11","108","208","227","N4","N14"],"mode":"tram","angle":-12.8,"side":-1,"mi":1,"l0":"2, ","c0":"#095d97","l1":"3, ","c1":"#ff5e9b","l2":"6, ","c2":"#9789ff","l3":"11, ","c3":"#19a9a8","l4":"108, ","c4":"#ff5e9b","l5":"208, ","c5":"#736adf","l6":"227, ","c6":"#e47e2b","l7":"N4, ","c7":"#03636c","l8":"N14","c8":"#b0045c"},"geometry":{"type":"Point","coordinates":[18.616832,54.337952]}},{"type":"Feature","properties":{"lines":"2, 3, 6, 11","arr":["2","3","6","11","N14"],"mode":"tram","angle":81,"l0":"2, ","c0":"#095d97","l1":"3, ","c1":"#ff5e9b","l2":"6, ","c2":"#9789ff","l3":"11, ","c3":"#19a9a8","l4":"N14","c4":"#b0045c"},"geometry":{"type":"Point","coordinates":[18.617981,54.340626]}},{"type":"Feature","properties":{"lines":"2, 3, 6, 11","arr":["2","3","6","11","N14"],"mode":"tram","angle":-49.9,"l0":"2, ","c0":"#095d97","l1":"3, ","c1":"#ff5e9b","l2":"6, ","c2":"#9789ff","l3":"11, ","c3":"#19a9a8","l4":"N14","c4":"#b0045c"},"geometry":{"type":"Point","coordinates":[18.631741,54.346828]}},{"type":"Feature","properties":{"lines":"2, 3, 6, 11","arr":["2","3","6","11","N14"],"mode":"tram","angle":-3.5,"extra":1,"ei":0,"l0":"2, ","c0":"#095d97","l1":"3, ","c1":"#ff5e9b","l2":"6, ","c2":"#9789ff","l3":"11, ","c3":"#19a9a8","l4":"N14","c4":"#b0045c"},"geometry":{"type":"Point","coordinates":[18.622603,54.345308]}},{"type":"Feature","properties":{"lines":"2, 3, 6, 11","arr":["2","3","6","11","N14"],"mode":"tram","angle":-3.6,"extra":1,"ei":1,"l0":"2, ","c0":"#095d97","l1":"3, ","c1":"#ff5e9b","l2":"6, ","c2":"#9789ff","l3":"11, ","c3":"#19a9a8","l4":"N14","c4":"#b0045c"},"geometry":{"type":"Point","coordinates":[18.625837,54.345424]}},{"type":"Feature","properties":{"lines":"2, 3, 6, 11","arr":["2","3","6","11","N14"],"mode":"tram","angle":-17.4,"extra":1,"ei":2,"l0":"2, ","c0":"#095d97","l1":"3, ","c1":"#ff5e9b","l2":"6, ","c2":"#9789ff","l3":"11, ","c3":"#19a9a8","l4":"N14","c4":"#b0045c"},"geometry":{"type":"Point","coordinates":[18.629052,54.345625]}},{"type":"Feature","properties":{"lines":"2, 3, 6, 11","arr":["2","3","6","11","N14"],"mode":"tram","angle":-40.2,"extra":1,"ei":3,"l0":"2, ","c0":"#095d97","l1":"3, ","c1":"#ff5e9b","l2":"6, ","c2":"#9789ff","l3":"11, ","c3":"#19a9a8","l4":"N14","c4":"#b0045c"},"geometry":{"type":"Point","coordinates":[18.633739,54.348157]}},{"type":"Feature","properties":{"lines":"2, 3, 6, 11","arr":["2","3","6","11","N14"],"mode":"tram","angle":-7.1,"extra":1,"ei":4,"l0":"2, ","c0":"#095d97","l1":"3, ","c1":"#ff5e9b","l2":"6, ","c2":"#9789ff","l3":"11, ","c3":"#19a9a8","l4":"N14","c4":"#b0045c"},"geometry":{"type":"Point","coordinates":[18.636782,54.348676]}},{"type":"Feature","properties":{"lines":"2, 3, 6, 11","arr":["2","3","6","11","N14"],"mode":"tram","angle":20.5,"extra":1,"ei":5,"l0":"2, ","c0":"#095d97","l1":"3, ","c1":"#ff5e9b","l2":"6, ","c2":"#9789ff","l3":"11, ","c3":"#19a9a8","l4":"N14","c4":"#b0045c"},"geometry":{"type":"Point","coordinates":[18.639963,54.348523]}},{"type":"Feature","properties":{"lines":"2, 3, 6, 7, 11","arr":["2","3","6","7","11","108","208","227","N4","N14"],"mode":"tram","angle":-55,"side":-1,"l0":"2, ","c0":"#095d97","l1":"3, ","c1":"#ff5e9b","l2":"6, ","c2":"#9789ff","l3":"7, ","c3":"#992492","l4":"11, ","c4":"#19a9a8","l5":"108, ","c5":"#ff5e9b","l6":"208, ","c6":"#736adf","l7":"227, ","c7":"#e47e2b","l8":"N4, ","c8":"#03636c","l9":"N14","c9":"#b0045c"},"geometry":{"type":"Point","coordinates":[18.618497,54.338193]}},{"type":"Feature","properties":{"lines":"2, 3, 6, 7, 11","arr":["2","3","6","7","11"],"mode":"tram","angle":82.3,"l0":"2, ","c0":"#095d97","l1":"3, ","c1":"#ff5e9b","l2":"6, ","c2":"#9789ff","l3":"7, ","c3":"#992492","l4":"11","c4":"#19a9a8"},"geometry":{"type":"Point","coordinates":[18.618501,54.338687]}},{"type":"Feature","properties":{"lines":"2, 3, 6, 7, 11","arr":["2","3","6","7","11","N14"],"mode":"tram","angle":81.2,"l0":"2, ","c0":"#095d97","l1":"3, ","c1":"#ff5e9b","l2":"6, ","c2":"#9789ff","l3":"7, ","c3":"#992492","l4":"11, ","c4":"#19a9a8","l5":"N14","c5":"#b0045c"},"geometry":{"type":"Point","coordinates":[18.618054,54.34058]}},{"type":"Feature","properties":{"lines":"2, 3, 6, 7, 11","arr":["2","3","6","7","11"],"mode":"tram","angle":-47.1,"side":-1,"mi":1,"l0":"2, ","c0":"#095d97","l1":"3, ","c1":"#ff5e9b","l2":"6, ","c2":"#9789ff","l3":"7, ","c3":"#992492","l4":"11","c4":"#19a9a8"},"geometry":{"type":"Point","coordinates":[18.617794,54.344265]}},{"type":"Feature","properties":{"lines":"2, 3, 6, 7, 11","arr":["2","3","6","7","11","N14"],"mode":"tram","angle":-49.7,"l0":"2, ","c0":"#095d97","l1":"3, ","c1":"#ff5e9b","l2":"6, ","c2":"#9789ff","l3":"7, ","c3":"#992492","l4":"11, ","c4":"#19a9a8","l5":"N14","c5":"#b0045c"},"geometry":{"type":"Point","coordinates":[18.631655,54.346714]}},{"type":"Feature","properties":{"lines":"2, 3, 6, 7, 11","arr":["2","3","6","7","11","N14"],"mode":"tram","angle":-3.5,"extra":1,"ei":0,"l0":"2, ","c0":"#095d97","l1":"3, ","c1":"#ff5e9b","l2":"6, ","c2":"#9789ff","l3":"7, ","c3":"#992492","l4":"11, ","c4":"#19a9a8","l5":"N14","c5":"#b0045c"},"geometry":{"type":"Point","coordinates":[18.622619,54.345273]}},{"type":"Feature","properties":{"lines":"2, 3, 6, 7, 11","arr":["2","3","6","7","11","N14"],"mode":"tram","angle":-3.6,"extra":1,"ei":1,"l0":"2, ","c0":"#095d97","l1":"3, ","c1":"#ff5e9b","l2":"6, ","c2":"#9789ff","l3":"7, ","c3":"#992492","l4":"11, ","c4":"#19a9a8","l5":"N14","c5":"#b0045c"},"geometry":{"type":"Point","coordinates":[18.625853,54.34539]}},{"type":"Feature","properties":{"lines":"2, 3, 6, 7, 11","arr":["2","3","6","7","11","N14"],"mode":"tram","angle":-17.4,"extra":1,"ei":2,"l0":"2, ","c0":"#095d97","l1":"3, ","c1":"#ff5e9b","l2":"6, ","c2":"#9789ff","l3":"7, ","c3":"#992492","l4":"11, ","c4":"#19a9a8","l5":"N14","c5":"#b0045c"},"geometry":{"type":"Point","coordinates":[18.629068,54.345591]}},{"type":"Feature","properties":{"lines":"2, 3, 6, 7, 11","arr":["2","3","6","7","11","N14"],"mode":"tram","angle":-31.2,"side":-1,"extra":1,"ei":3,"l0":"2, ","c0":"#095d97","l1":"3, ","c1":"#ff5e9b","l2":"6, ","c2":"#9789ff","l3":"7, ","c3":"#992492","l4":"11, ","c4":"#19a9a8","l5":"N14","c5":"#b0045c"},"geometry":{"type":"Point","coordinates":[18.633953,54.347998]}},{"type":"Feature","properties":{"lines":"2, 3, 6, 7, 11","arr":["2","3","6","7","11","N14"],"mode":"tram","angle":-7,"extra":1,"ei":4,"l0":"2, ","c0":"#095d97","l1":"3, ","c1":"#ff5e9b","l2":"6, ","c2":"#9789ff","l3":"7, ","c3":"#992492","l4":"11, ","c4":"#19a9a8","l5":"N14","c5":"#b0045c"},"geometry":{"type":"Point","coordinates":[18.636956,54.348654]}},{"type":"Feature","properties":{"lines":"2, 3, 6, 7, 11","arr":["2","3","6","7","11","N14"],"mode":"tram","angle":20.9,"extra":1,"ei":5,"l0":"2, ","c0":"#095d97","l1":"3, ","c1":"#ff5e9b","l2":"6, ","c2":"#9789ff","l3":"7, ","c3":"#992492","l4":"11, ","c4":"#19a9a8","l5":"N14","c5":"#b0045c"},"geometry":{"type":"Point","coordinates":[18.640125,54.348449]}},{"type":"Feature","properties":{"lines":"2, 3, 6, 7, 11","arr":["2","3","6","7","11"],"mode":"tram","angle":89.1,"l0":"2, ","c0":"#095d97","l1":"3, ","c1":"#ff5e9b","l2":"6, ","c2":"#9789ff","l3":"7, ","c3":"#992492","l4":"11","c4":"#19a9a8"},"geometry":{"type":"Point","coordinates":[18.641857,54.349781]}},{"type":"Feature","properties":{"lines":"2, 3, 6, 7, 10, 11, 12, 63","arr":["2","3","6","7","10","11","12","63","184"],"mode":"tram","angle":-87.3,"side":-1,"l0":"2, ","c0":"#095d97","l1":"3, ","c1":"#ff5e9b","l2":"6, ","c2":"#9789ff","l3":"7, ","c3":"#992492","l4":"10, ","c4":"#119efc","l5":"11, ","c5":"#19a9a8","l6":"12, ","c6":"#5a5d02","l7":"63, ","c7":"#cf8a11","l8":"184","c8":"#999f01"},"geometry":{"type":"Point","coordinates":[18.64333,54.356082]}},{"type":"Feature","properties":{"lines":"2, 3, 6, 7, 10, 11, 12, 63","arr":["2","3","6","7","10","11","12","63","184"],"mode":"tram","angle":-84.9,"side":-1,"extra":1,"ei":0,"l0":"2, ","c0":"#095d97","l1":"3, ","c1":"#ff5e9b","l2":"6, ","c2":"#9789ff","l3":"7, ","c3":"#992492","l4":"10, ","c4":"#119efc","l5":"11, ","c5":"#19a9a8","l6":"12, ","c6":"#5a5d02","l7":"63, ","c7":"#cf8a11","l8":"184","c8":"#999f01"},"geometry":{"type":"Point","coordinates":[18.642294,54.352781]}},{"type":"Feature","properties":{"lines":"2, 3, 6, 7, 10, 11, 12, 63","arr":["2","3","6","7","10","11","12","63","184"],"mode":"tram","angle":-71.5,"side":-1,"extra":1,"ei":1,"l0":"2, ","c0":"#095d97","l1":"3, ","c1":"#ff5e9b","l2":"6, ","c2":"#9789ff","l3":"7, ","c3":"#992492","l4":"10, ","c4":"#119efc","l5":"11, ","c5":"#19a9a8","l6":"12, ","c6":"#5a5d02","l7":"63, ","c7":"#cf8a11","l8":"184","c8":"#999f01"},"geometry":{"type":"Point","coordinates":[18.64309,54.354598]}},{"type":"Feature","properties":{"lines":"2, 3, 6, 7, 10, 11, 12, 63","arr":["2","3","6","7","10","11","12","63","184"],"mode":"tram","angle":-84.4,"side":-1,"extra":1,"ei":2,"l0":"2, ","c0":"#095d97","l1":"3, ","c1":"#ff5e9b","l2":"6, ","c2":"#9789ff","l3":"7, ","c3":"#992492","l4":"10, ","c4":"#119efc","l5":"11, ","c5":"#19a9a8","l6":"12, ","c6":"#5a5d02","l7":"63, ","c7":"#cf8a11","l8":"184","c8":"#999f01"},"geometry":{"type":"Point","coordinates":[18.643592,54.358359]}},{"type":"Feature","properties":{"lines":"2, 3, 6, 7, 10, 11, 12, 63","arr":["2","3","6","7","10","11","12","63","184"],"mode":"tram","angle":72.1,"side":-1,"extra":1,"ei":3,"l0":"2, ","c0":"#095d97","l1":"3, ","c1":"#ff5e9b","l2":"6, ","c2":"#9789ff","l3":"7, ","c3":"#992492","l4":"10, ","c4":"#119efc","l5":"11, ","c5":"#19a9a8","l6":"12, ","c6":"#5a5d02","l7":"63, ","c7":"#cf8a11","l8":"184","c8":"#999f01"},"geometry":{"type":"Point","coordinates":[18.643592,54.360237]}},{"type":"Feature","properties":{"lines":"2, 3, 6, 7, 10, 11, 12, 63","arr":["2","3","6","7","10","11","12","63"],"mode":"tram","angle":57,"l0":"2, ","c0":"#095d97","l1":"3, ","c1":"#ff5e9b","l2":"6, ","c2":"#9789ff","l3":"7, ","c3":"#992492","l4":"10, ","c4":"#119efc","l5":"11, ","c5":"#19a9a8","l6":"12, ","c6":"#5a5d02","l7":"63","c7":"#cf8a11"},"geometry":{"type":"Point","coordinates":[18.64288,54.36089]}},{"type":"Feature","properties":{"lines":"2, 3, 6, 7, 9, 10, 11, 12, 63","arr":["2","3","6","7","9","10","11","12","63"],"mode":"tram","angle":45.5,"l0":"2, ","c0":"#095d97","l1":"3, ","c1":"#ff5e9b","l2":"6, ","c2":"#9789ff","l3":"7, ","c3":"#992492","l4":"9, ","c4":"#b11526","l5":"10, ","c5":"#119efc","l6":"11, ","c6":"#19a9a8","l7":"12, ","c7":"#5a5d02","l8":"63","c8":"#cf8a11"},"geometry":{"type":"Point","coordinates":[18.633533,54.366851]}},{"type":"Feature","properties":{"lines":"2, 3, 6, 7, 9, 10, 11, 12, 63","arr":["2","3","6","7","9","10","11","12","63"],"mode":"tram","angle":45.4,"extra":1,"ei":0,"l0":"2, ","c0":"#095d97","l1":"3, ","c1":"#ff5e9b","l2":"6, ","c2":"#9789ff","l3":"7, ","c3":"#992492","l4":"9, ","c4":"#b11526","l5":"10, ","c5":"#119efc","l6":"11, ","c6":"#19a9a8","l7":"12, ","c7":"#5a5d02","l8":"63","c8":"#cf8a11"},"geometry":{"type":"Point","coordinates":[18.625664,54.371508]}},{"type":"Feature","properties":{"lines":"2, 3, 6, 7, 9, 10, 11, 12, 63","arr":["2","3","6","7","9","10","11","12","63"],"mode":"tram","angle":45.5,"extra":1,"ei":1,"l0":"2, ","c0":"#095d97","l1":"3, ","c1":"#ff5e9b","l2":"6, ","c2":"#9789ff","l3":"7, ","c3":"#992492","l4":"9, ","c4":"#b11526","l5":"10, ","c5":"#119efc","l6":"11, ","c6":"#19a9a8","l7":"12, ","c7":"#5a5d02","l8":"63","c8":"#cf8a11"},"geometry":{"type":"Point","coordinates":[18.627939,54.370163]}},{"type":"Feature","properties":{"lines":"2, 3, 6, 7, 9, 10, 11, 12, 63","arr":["2","3","6","7","9","10","11","12","63"],"mode":"tram","angle":45.5,"side":-1,"extra":1,"ei":2,"l0":"2, ","c0":"#095d97","l1":"3, ","c1":"#ff5e9b","l2":"6, ","c2":"#9789ff","l3":"7, ","c3":"#992492","l4":"9, ","c4":"#b11526","l5":"10, ","c5":"#119efc","l6":"11, ","c6":"#19a9a8","l7":"12, ","c7":"#5a5d02","l8":"63","c8":"#cf8a11"},"geometry":{"type":"Point","coordinates":[18.630212,54.368817]}},{"type":"Feature","properties":{"lines":"2, 3, 6, 7, 9, 10, 11, 12, 63","arr":["2","3","6","7","9","10","11","12","63"],"mode":"tram","angle":45.6,"extra":1,"ei":3,"l0":"2, ","c0":"#095d97","l1":"3, ","c1":"#ff5e9b","l2":"6, ","c2":"#9789ff","l3":"7, ","c3":"#992492","l4":"9, ","c4":"#b11526","l5":"10, ","c5":"#119efc","l6":"11, ","c6":"#19a9a8","l7":"12, ","c7":"#5a5d02","l8":"63","c8":"#cf8a11"},"geometry":{"type":"Point","coordinates":[18.637027,54.364776]}},{"type":"Feature","properties":{"lines":"2, 3, 6, 7, 9, 10, 11, 12, 63","arr":["2","3","6","7","9","10","11","12","63"],"mode":"tram","angle":45.6,"extra":1,"ei":4,"l0":"2, ","c0":"#095d97","l1":"3, ","c1":"#ff5e9b","l2":"6, ","c2":"#9789ff","l3":"7, ","c3":"#992492","l4":"9, ","c4":"#b11526","l5":"10, ","c5":"#119efc","l6":"11, ","c6":"#19a9a8","l7":"12, ","c7":"#5a5d02","l8":"63","c8":"#cf8a11"},"geometry":{"type":"Point","coordinates":[18.639295,54.363428]}},{"type":"Feature","properties":{"lines":"2, 3, 6, 7, 9, 10, 11, 12, 63","arr":["2","3","6","7","9","10","11","12","63"],"mode":"tram","angle":51.5,"extra":1,"ei":5,"l0":"2, ","c0":"#095d97","l1":"3, ","c1":"#ff5e9b","l2":"6, ","c2":"#9789ff","l3":"7, ","c3":"#992492","l4":"9, ","c4":"#b11526","l5":"10, ","c5":"#119efc","l6":"11, ","c6":"#19a9a8","l7":"12, ","c7":"#5a5d02","l8":"63","c8":"#cf8a11"},"geometry":{"type":"Point","coordinates":[18.641547,54.36207]}},{"type":"Feature","properties":{"lines":"2, 3, 5, 7, 10, 63","arr":["2","3","5","7","10","63","283","N1"],"mode":"tram","angle":59.4,"l0":"2, ","c0":"#095d97","l1":"3, ","c1":"#ff5e9b","l2":"5, ","c2":"#52ac3c","l3":"7, ","c3":"#992492","l4":"10, ","c4":"#119efc","l5":"63, ","c5":"#cf8a11","l6":"283, ","c6":"#1da8b6","l7":"N1","c7":"#7c5001"},"geometry":{"type":"Point","coordinates":[18.624578,54.374053]}},{"type":"Feature","properties":{"lines":"2, 3, 7, 10, 63","arr":["2","3","7","10","63"],"mode":"tram","angle":79.7,"l0":"2, ","c0":"#095d97","l1":"3, ","c1":"#ff5e9b","l2":"7, ","c2":"#992492","l3":"10, ","c3":"#119efc","l4":"63","c4":"#cf8a11"},"geometry":{"type":"Point","coordinates":[18.62436,54.372367]}},{"type":"Feature","properties":{"lines":"2, 3, 5, 8, 60, 63","arr":["2","3","5","8","60","63","N1"],"mode":"tram","angle":76.5,"l0":"2, ","c0":"#095d97","l1":"3, ","c1":"#ff5e9b","l2":"5, ","c2":"#52ac3c","l3":"8, ","c3":"#19a9a8","l4":"60, ","c4":"#b11526","l5":"63, ","c5":"#cf8a11","l6":"N1","c6":"#7c5001"},"geometry":{"type":"Point","coordinates":[18.622183,54.379677]}},{"type":"Feature","properties":{"lines":"2, 3, 5, 8, 60, 63","arr":["2","3","5","8","60","63","N1"],"mode":"tram","angle":76.3,"extra":1,"ei":0,"l0":"2, ","c0":"#095d97","l1":"3, ","c1":"#ff5e9b","l2":"5, ","c2":"#52ac3c","l3":"8, ","c3":"#19a9a8","l4":"60, ","c4":"#b11526","l5":"63, ","c5":"#cf8a11","l6":"N1","c6":"#7c5001"},"geometry":{"type":"Point","coordinates":[18.623315,54.376935]}},{"type":"Feature","properties":{"lines":"2, 3, 5, 8, 60, 63","arr":["2","3","5","8","60","63","N1"],"mode":"tram","angle":-88.8,"extra":1,"ei":1,"l0":"2, ","c0":"#095d97","l1":"3, ","c1":"#ff5e9b","l2":"5, ","c2":"#52ac3c","l3":"8, ","c3":"#19a9a8","l4":"60, ","c4":"#b11526","l5":"63, ","c5":"#cf8a11","l6":"N1","c6":"#7c5001"},"geometry":{"type":"Point","coordinates":[18.621824,54.382502]}},{"type":"Feature","properties":{"lines":"3, 5, 60, 63","arr":["3","5","60","63","124","N1","N2"],"mode":"tram","angle":-85.7,"l0":"3, ","c0":"#ff5e9b","l1":"5, ","c1":"#52ac3c","l2":"60, ","c2":"#b11526","l3":"63, ","c3":"#cf8a11","l4":"124, ","c4":"#999f01","l5":"N1, ","c5":"#7c5001","l6":"N2","c6":"#119efc"},"geometry":{"type":"Point","coordinates":[18.622095,54.385476]}},{"type":"Feature","properties":{"lines":"3, 5, 60, 63","arr":["3","5","60","63","124","N1","N2"],"mode":"tram","angle":-85.7,"extra":1,"ei":0,"l0":"3, ","c0":"#ff5e9b","l1":"5, ","c1":"#52ac3c","l2":"60, ","c2":"#b11526","l3":"63, ","c3":"#cf8a11","l4":"124, ","c4":"#999f01","l5":"N1, ","c5":"#7c5001","l6":"N2","c6":"#119efc"},"geometry":{"type":"Point","coordinates":[18.621934,54.384231]}},{"type":"Feature","properties":{"lines":"3, 5, 60, 63","arr":["3","5","60","63","124","149","N1","N2"],"mode":"tram","angle":89.8,"l0":"3, ","c0":"#ff5e9b","l1":"5, ","c1":"#52ac3c","l2":"60, ","c2":"#b11526","l3":"63, ","c3":"#cf8a11","l4":"124, ","c4":"#999f01","l5":"149, ","c5":"#ff627e","l6":"N1, ","c6":"#7c5001","l7":"N2","c7":"#119efc"},"geometry":{"type":"Point","coordinates":[18.622352,54.391034]}},{"type":"Feature","properties":{"lines":"3, 5, 60, 63","arr":["3","5","60","63","124","149","N1","N2"],"mode":"tram","angle":89.7,"side":-1,"extra":1,"ei":0,"l0":"3, ","c0":"#ff5e9b","l1":"5, ","c1":"#52ac3c","l2":"60, ","c2":"#b11526","l3":"63, ","c3":"#cf8a11","l4":"124, ","c4":"#999f01","l5":"149, ","c5":"#ff627e","l6":"N1, ","c6":"#7c5001","l7":"N2","c7":"#119efc"},"geometry":{"type":"Point","coordinates":[18.62237,54.388606]}},{"type":"Feature","properties":{"lines":"3, 5, 60, 63","arr":["3","5","60","63","124","149","N1","N2"],"mode":"tram","angle":89.7,"extra":1,"ei":1,"l0":"3, ","c0":"#ff5e9b","l1":"5, ","c1":"#52ac3c","l2":"60, ","c2":"#b11526","l3":"63, ","c3":"#cf8a11","l4":"124, ","c4":"#999f01","l5":"149, ","c5":"#ff627e","l6":"N1, ","c6":"#7c5001","l7":"N2","c7":"#119efc"},"geometry":{"type":"Point","coordinates":[18.62234,54.392383]}},{"type":"Feature","properties":{"lines":"3, 5, 60, 63","arr":["3","5","60","63","124","149","N1","N2"],"mode":"tram","angle":89.5,"extra":1,"ei":2,"l0":"3, ","c0":"#ff5e9b","l1":"5, ","c1":"#52ac3c","l2":"60, ","c2":"#b11526","l3":"63, ","c3":"#cf8a11","l4":"124, ","c4":"#999f01","l5":"149, ","c5":"#ff627e","l6":"N1, ","c6":"#7c5001","l7":"N2","c7":"#119efc"},"geometry":{"type":"Point","coordinates":[18.622321,54.394272]}},{"type":"Feature","properties":{"lines":"3, 5, 60, 63","arr":["3","5","60","63","124","N1","N2","N6"],"mode":"tram","angle":89.6,"l0":"3, ","c0":"#ff5e9b","l1":"5, ","c1":"#52ac3c","l2":"60, ","c2":"#b11526","l3":"63, ","c3":"#cf8a11","l4":"124, ","c4":"#999f01","l5":"N1, ","c5":"#7c5001","l6":"N2, ","c6":"#119efc","l7":"N6","c7":"#05617d"},"geometry":{"type":"Point","coordinates":[18.62231,54.395643]}},{"type":"Feature","properties":{"lines":"3, 5, 60, 63","arr":["3","5","60","63","124","N1","N6"],"mode":"tram","angle":89.7,"l0":"3, ","c0":"#ff5e9b","l1":"5, ","c1":"#52ac3c","l2":"60, ","c2":"#b11526","l3":"63, ","c3":"#cf8a11","l4":"124, ","c4":"#999f01","l5":"N1, ","c5":"#7c5001","l6":"N6","c6":"#05617d"},"geometry":{"type":"Point","coordinates":[18.622275,54.39924]}},{"type":"Feature","properties":{"lines":"3, 5, 60, 63","arr":["3","5","60","63","124","N1","N6"],"mode":"tram","angle":89.6,"side":-1,"extra":1,"ei":0,"l0":"3, ","c0":"#ff5e9b","l1":"5, ","c1":"#52ac3c","l2":"60, ","c2":"#b11526","l3":"63, ","c3":"#cf8a11","l4":"124, ","c4":"#999f01","l5":"N1, ","c5":"#7c5001","l6":"N6","c6":"#05617d"},"geometry":{"type":"Point","coordinates":[18.622291,54.397599]}},{"type":"Feature","properties":{"lines":"3, 5, 60, 63","arr":["3","5","60","63","124","N1","N6"],"mode":"tram","angle":-83.4,"extra":1,"ei":1,"l0":"3, ","c0":"#ff5e9b","l1":"5, ","c1":"#52ac3c","l2":"60, ","c2":"#b11526","l3":"63, ","c3":"#cf8a11","l4":"124, ","c4":"#999f01","l5":"N1, ","c5":"#7c5001","l6":"N6","c6":"#05617d"},"geometry":{"type":"Point","coordinates":[18.62227,54.401376]}},{"type":"Feature","properties":{"lines":"3, 5, 60, 63","arr":["3","5","60","63","122","148","N6"],"mode":"tram","angle":-67.3,"l0":"3, ","c0":"#ff5e9b","l1":"5, ","c1":"#52ac3c","l2":"60, ","c2":"#b11526","l3":"63, ","c3":"#cf8a11","l4":"122, ","c4":"#cf8a11","l5":"148, ","c5":"#119efc","l6":"N6","c6":"#05617d"},"geometry":{"type":"Point","coordinates":[18.623724,54.403573]}},{"type":"Feature","properties":{"lines":"3, 5, 63","arr":["3","5","63","124","N1","N2"],"mode":"tram","angle":-85.7,"l0":"3, ","c0":"#ff5e9b","l1":"5, ","c1":"#52ac3c","l2":"63, ","c2":"#cf8a11","l3":"124, ","c3":"#999f01","l4":"N1, ","c4":"#7c5001","l5":"N2","c5":"#119efc"},"geometry":{"type":"Point","coordinates":[18.622143,54.385423]}},{"type":"Feature","properties":{"lines":"3, 5, 63","arr":["3","5","63","124","N1","N2"],"mode":"tram","angle":-85.7,"extra":1,"ei":0,"l0":"3, ","c0":"#ff5e9b","l1":"5, ","c1":"#52ac3c","l2":"63, ","c2":"#cf8a11","l3":"124, ","c3":"#999f01","l4":"N1, ","c4":"#7c5001","l5":"N2","c5":"#119efc"},"geometry":{"type":"Point","coordinates":[18.621984,54.384179]}},{"type":"Feature","properties":{"lines":"3, 5, 63","arr":["3","5","63","124","149","N1","N2"],"mode":"tram","angle":89.8,"l0":"3, ","c0":"#ff5e9b","l1":"5, ","c1":"#52ac3c","l2":"63, ","c2":"#cf8a11","l3":"124, ","c3":"#999f01","l4":"149, ","c4":"#ff627e","l5":"N1, ","c5":"#7c5001","l6":"N2","c6":"#119efc"},"geometry":{"type":"Point","coordinates":[18.622412,54.390981]}},{"type":"Feature","properties":{"lines":"3, 5, 63","arr":["3","5","63","124","149","N1","N2"],"mode":"tram","angle":89.7,"extra":1,"ei":0,"l0":"3, ","c0":"#ff5e9b","l1":"5, ","c1":"#52ac3c","l2":"63, ","c2":"#cf8a11","l3":"124, ","c3":"#999f01","l4":"149, ","c4":"#ff627e","l5":"N1, ","c5":"#7c5001","l6":"N2","c6":"#119efc"},"geometry":{"type":"Point","coordinates":[18.622433,54.388553]}},{"type":"Feature","properties":{"lines":"3, 5, 63","arr":["3","5","63","124","149","N1","N2"],"mode":"tram","angle":89.5,"extra":1,"ei":1,"l0":"3, ","c0":"#ff5e9b","l1":"5, ","c1":"#52ac3c","l2":"63, ","c2":"#cf8a11","l3":"124, ","c3":"#999f01","l4":"149, ","c4":"#ff627e","l5":"N1, ","c5":"#7c5001","l6":"N2","c6":"#119efc"},"geometry":{"type":"Point","coordinates":[18.622401,54.39233]}},{"type":"Feature","properties":{"lines":"3, 5, 63","arr":["3","5","63","124","149","N1","N2"],"mode":"tram","angle":89.4,"extra":1,"ei":2,"l0":"3, ","c0":"#ff5e9b","l1":"5, ","c1":"#52ac3c","l2":"63, ","c2":"#cf8a11","l3":"124, ","c3":"#999f01","l4":"149, ","c4":"#ff627e","l5":"N1, ","c5":"#7c5001","l6":"N2","c6":"#119efc"},"geometry":{"type":"Point","coordinates":[18.622382,54.394219]}},{"type":"Feature","properties":{"lines":"3, 5, 63","arr":["3","5","63","124","N1","N2","N6"],"mode":"tram","angle":89.6,"l0":"3, ","c0":"#ff5e9b","l1":"5, ","c1":"#52ac3c","l2":"63, ","c2":"#cf8a11","l3":"124, ","c3":"#999f01","l4":"N1, ","c4":"#7c5001","l5":"N2, ","c5":"#119efc","l6":"N6","c6":"#05617d"},"geometry":{"type":"Point","coordinates":[18.622371,54.395703]}},{"type":"Feature","properties":{"lines":"3, 5, 63","arr":["3","5","63","124","N1","N6"],"mode":"tram","angle":89.5,"l0":"3, ","c0":"#ff5e9b","l1":"5, ","c1":"#52ac3c","l2":"63, ","c2":"#cf8a11","l3":"124, ","c3":"#999f01","l4":"N1, ","c4":"#7c5001","l5":"N6","c5":"#05617d"},"geometry":{"type":"Point","coordinates":[18.622337,54.399187]}},{"type":"Feature","properties":{"lines":"3, 5, 63","arr":["3","5","63","124","N1","N6"],"mode":"tram","angle":90,"extra":1,"ei":0,"l0":"3, ","c0":"#ff5e9b","l1":"5, ","c1":"#52ac3c","l2":"63, ","c2":"#cf8a11","l3":"124, ","c3":"#999f01","l4":"N1, ","c4":"#7c5001","l5":"N6","c5":"#05617d"},"geometry":{"type":"Point","coordinates":[18.622355,54.397771]}},{"type":"Feature","properties":{"lines":"3, 5, 63","arr":["3","5","63","148","N6"],"mode":"tram","angle":-47.7,"l0":"3, ","c0":"#ff5e9b","l1":"5, ","c1":"#52ac3c","l2":"63, ","c2":"#cf8a11","l3":"148, ","c3":"#119efc","l4":"N6","c4":"#05617d"},"geometry":{"type":"Point","coordinates":[18.635918,54.405551]}},{"type":"Feature","properties":{"lines":"2, 8, 60","arr":["2","8","60","124","N1","N2"],"mode":"tram","angle":-3.5,"l0":"2, ","c0":"#095d97","l1":"8, ","c1":"#19a9a8","l2":"60, ","c2":"#b11526","l3":"124, ","c3":"#999f01","l4":"N1, ","c4":"#7c5001","l5":"N2","c5":"#119efc"},"geometry":{"type":"Point","coordinates":[18.61845,54.383278]}},{"type":"Feature","properties":{"lines":"2, 8, 60","arr":["2","8","60","N1","N2"],"mode":"tram","angle":61.1,"l0":"2, ","c0":"#095d97","l1":"8, ","c1":"#19a9a8","l2":"60, ","c2":"#b11526","l3":"N1, ","c3":"#7c5001","l4":"N2","c4":"#119efc"},"geometry":{"type":"Point","coordinates":[18.614456,54.383633]}},{"type":"Feature","properties":{"lines":"2, 8, 60","arr":["2","8","60","N1","N2"],"mode":"tram","angle":62.5,"mi":1,"l0":"2, ","c0":"#095d97","l1":"8, ","c1":"#19a9a8","l2":"60, ","c2":"#b11526","l3":"N1, ","c3":"#7c5001","l4":"N2","c4":"#119efc"},"geometry":{"type":"Point","coordinates":[18.611339,54.386333]}},{"type":"Feature","properties":{"lines":"2, 8, 12, 60","arr":["2","8","12","60","227","N1"],"mode":"tram","angle":73.5,"side":-1,"l0":"2, ","c0":"#095d97","l1":"8, ","c1":"#19a9a8","l2":"12, ","c2":"#5a5d02","l3":"60, ","c3":"#b11526","l4":"227, ","c4":"#e47e2b","l5":"N1","c5":"#7c5001"},"geometry":{"type":"Point","coordinates":[18.592105,54.4017]}},{"type":"Feature","properties":{"lines":"2, 8, 12, 60","arr":["2","8","12","60","227"],"mode":"tram","angle":69.3,"l0":"2, ","c0":"#095d97","l1":"8, ","c1":"#19a9a8","l2":"12, ","c2":"#5a5d02","l3":"60, ","c3":"#b11526","l4":"227","c4":"#e47e2b"},"geometry":{"type":"Point","coordinates":[18.590316,54.405605]}},{"type":"Feature","properties":{"lines":"2, 8, 12, 60","arr":["2","8","12","60","227","N1"],"mode":"tram","angle":75.3,"side":-1,"mi":1,"l0":"2, ","c0":"#095d97","l1":"8, ","c1":"#19a9a8","l2":"12, ","c2":"#5a5d02","l3":"60, ","c3":"#b11526","l4":"227, ","c4":"#e47e2b","l5":"N1","c5":"#7c5001"},"geometry":{"type":"Point","coordinates":[18.589448,54.406975]}},{"type":"Feature","properties":{"lines":"2, 8, 12, 60","arr":["2","8","12","60","148","199","227","N6","N14"],"mode":"tram","angle":83.4,"side":-1,"l0":"2, ","c0":"#095d97","l1":"8, ","c1":"#19a9a8","l2":"12, ","c2":"#5a5d02","l3":"60, ","c3":"#b11526","l4":"148, ","c4":"#119efc","l5":"199, ","c5":"#c17aef","l6":"227, ","c6":"#e47e2b","l7":"N6, ","c7":"#05617d","l8":"N14","c8":"#b0045c"},"geometry":{"type":"Point","coordinates":[18.588105,54.410707]}},{"type":"Feature","properties":{"lines":"2, 8, 12, 60","arr":["2","8","12","60","148","227","N6","N14"],"mode":"tram","angle":80.1,"side":-1,"mi":1,"l0":"2, ","c0":"#095d97","l1":"8, ","c1":"#19a9a8","l2":"12, ","c2":"#5a5d02","l3":"60, ","c3":"#b11526","l4":"148, ","c4":"#119efc","l5":"227, ","c5":"#e47e2b","l6":"N6, ","c6":"#05617d","l7":"N14","c7":"#b0045c"},"geometry":{"type":"Point","coordinates":[18.587445,54.414056]}},{"type":"Feature","properties":{"lines":"2, 8, 12, 60","arr":["2","8","12","60","148","227","N6","N14"],"mode":"tram","angle":61.2,"l0":"2, ","c0":"#095d97","l1":"8, ","c1":"#19a9a8","l2":"12, ","c2":"#5a5d02","l3":"60, ","c3":"#b11526","l4":"148, ","c4":"#119efc","l5":"227, ","c5":"#e47e2b","l6":"N6, ","c6":"#05617d","l7":"N14","c7":"#b0045c"},"geometry":{"type":"Point","coordinates":[18.585563,54.418259]}},{"type":"Feature","properties":{"lines":"6, 12, 60","arr":["6","12","60","148","N6","N14"],"mode":"tram","angle":-31.2,"l0":"6, ","c0":"#9789ff","l1":"12, ","c1":"#5a5d02","l2":"60, ","c2":"#b11526","l3":"148, ","c3":"#119efc","l4":"N6, ","c4":"#05617d","l5":"N14","c5":"#b0045c"},"geometry":{"type":"Point","coordinates":[18.578057,54.418287]}},{"type":"Feature","properties":{"lines":"6, 12, 60","arr":["6","12","60","148","N6","N14"],"mode":"tram","angle":-28.3,"extra":1,"ei":0,"l0":"6, ","c0":"#9789ff","l1":"12, ","c1":"#5a5d02","l2":"60, ","c2":"#b11526","l3":"148, ","c3":"#119efc","l4":"N6, ","c4":"#05617d","l5":"N14","c5":"#b0045c"},"geometry":{"type":"Point","coordinates":[18.581905,54.419595]}},{"type":"Feature","properties":{"lines":"6, 12, 60","arr":["6","12","60","148","N6","N14"],"mode":"tram","angle":-29.9,"extra":1,"ei":1,"l0":"6, ","c0":"#9789ff","l1":"12, ","c1":"#5a5d02","l2":"60, ","c2":"#b11526","l3":"148, ","c3":"#119efc","l4":"N6, ","c4":"#05617d","l5":"N14","c5":"#b0045c"},"geometry":{"type":"Point","coordinates":[18.57631,54.417691]}},{"type":"Feature","properties":{"lines":"6, 12, 60","arr":["6","12","60","148","N6","N14"],"mode":"tram","angle":-30.3,"extra":1,"ei":2,"l0":"6, ","c0":"#9789ff","l1":"12, ","c1":"#5a5d02","l2":"60, ","c2":"#b11526","l3":"148, ","c3":"#119efc","l4":"N6, ","c4":"#05617d","l5":"N14","c5":"#b0045c"},"geometry":{"type":"Point","coordinates":[18.573486,54.416765]}},{"type":"Feature","properties":{"lines":"6, 12, 60","arr":["6","12","60","117","122","N4"],"mode":"tram","angle":71,"side":-1,"l0":"6, ","c0":"#9789ff","l1":"12, ","c1":"#5a5d02","l2":"60, ","c2":"#b11526","l3":"117, ","c3":"#52ac3c","l4":"122, ","c4":"#cf8a11","l5":"N4","c5":"#03636c"},"geometry":{"type":"Point","coordinates":[18.566818,54.410672]}},{"type":"Feature","properties":{"lines":"3, 6","arr":["3","6","120","162","175","N2","N4","N14"],"mode":"tram","angle":58.9,"l0":"3, ","c0":"#ff5e9b","l1":"6, ","c1":"#9789ff","l2":"120, ","c2":"#e47e2b","l3":"162, ","c3":"#e16cd6","l4":"175, ","c4":"#79a620","l5":"N2, ","c5":"#119efc","l6":"N4, ","c6":"#03636c","l7":"N14","c7":"#b0045c"},"geometry":{"type":"Point","coordinates":[18.597645,54.33009]}},{"type":"Feature","properties":{"lines":"3, 6","arr":["3","6","120","162","175","208","262","N2","N14"],"mode":"tram","angle":58.9,"l0":"3, ","c0":"#ff5e9b","l1":"6, ","c1":"#9789ff","l2":"120, ","c2":"#e47e2b","l3":"162, ","c3":"#e16cd6","l4":"175, ","c4":"#79a620","l5":"208, ","c5":"#736adf","l6":"262, ","c6":"#07ad80","l7":"N2, ","c7":"#119efc","l8":"N14","c8":"#b0045c"},"geometry":{"type":"Point","coordinates":[18.601039,54.326819]}},{"type":"Feature","properties":{"lines":"3, 6","arr":["3","6","120","162","175","208","262","N2","N14"],"mode":"tram","angle":58.9,"extra":1,"ei":0,"l0":"3, ","c0":"#ff5e9b","l1":"6, ","c1":"#9789ff","l2":"120, ","c2":"#e47e2b","l3":"162, ","c3":"#e16cd6","l4":"175, ","c4":"#79a620","l5":"208, ","c5":"#736adf","l6":"262, ","c6":"#07ad80","l7":"N2, ","c7":"#119efc","l8":"N14","c8":"#b0045c"},"geometry":{"type":"Point","coordinates":[18.599981,54.327839]}},{"type":"Feature","properties":{"lines":"5, 6, 12","arr":["5","6","12","149","N4","N14"],"mode":"tram","angle":59.9,"l0":"5, ","c0":"#52ac3c","l1":"6, ","c1":"#9789ff","l2":"12, ","c2":"#5a5d02","l3":"149, ","c3":"#ff627e","l4":"N4, ","c4":"#03636c","l5":"N14","c5":"#b0045c"},"geometry":{"type":"Point","coordinates":[18.571901,54.395489]}},{"type":"Feature","properties":{"lines":"5, 6, 12","arr":["5","6","12","149","N4","N14"],"mode":"tram","angle":59.6,"extra":1,"ei":0,"l0":"5, ","c0":"#52ac3c","l1":"6, ","c1":"#9789ff","l2":"12, ","c2":"#5a5d02","l3":"149, ","c3":"#ff627e","l4":"N4, ","c4":"#03636c","l5":"N14","c5":"#b0045c"},"geometry":{"type":"Point","coordinates":[18.569017,54.39836]}},{"type":"Feature","properties":{"lines":"5, 6, 12","arr":["5","6","12","149","N4","N14"],"mode":"tram","angle":59.7,"extra":1,"ei":1,"l0":"5, ","c0":"#52ac3c","l1":"6, ","c1":"#9789ff","l2":"12, ","c2":"#5a5d02","l3":"149, ","c3":"#ff627e","l4":"N4, ","c4":"#03636c","l5":"N14","c5":"#b0045c"},"geometry":{"type":"Point","coordinates":[18.570654,54.39673]}},{"type":"Feature","properties":{"lines":"5, 6, 12","arr":["5","6","12","149","N4","N14"],"mode":"tram","angle":50.4,"extra":1,"ei":2,"l0":"5, ","c0":"#52ac3c","l1":"6, ","c1":"#9789ff","l2":"12, ","c2":"#5a5d02","l3":"149, ","c3":"#ff627e","l4":"N4, ","c4":"#03636c","l5":"N14","c5":"#b0045c"},"geometry":{"type":"Point","coordinates":[18.574213,54.393586]}},{"type":"Feature","properties":{"lines":"5, 6, 12","arr":["5","6","12","149","N4","N14"],"mode":"tram","angle":50.4,"side":-1,"extra":1,"ei":3,"l0":"5, ","c0":"#52ac3c","l1":"6, ","c1":"#9789ff","l2":"12, ","c2":"#5a5d02","l3":"149, ","c3":"#ff627e","l4":"N4, ","c4":"#03636c","l5":"N14","c5":"#b0045c"},"geometry":{"type":"Point","coordinates":[18.576278,54.392131]}},{"type":"Feature","properties":{"lines":"5, 6, 12","arr":["5","6","12","N4","N14"],"mode":"tram","angle":50.3,"l0":"5, ","c0":"#52ac3c","l1":"6, ","c1":"#9789ff","l2":"12, ","c2":"#5a5d02","l3":"N4, ","c3":"#03636c","l4":"N14","c4":"#b0045c"},"geometry":{"type":"Point","coordinates":[18.577246,54.391451]}},{"type":"Feature","properties":{"lines":"5, 6, 12","arr":["5","6","12","N4","N14"],"mode":"tram","angle":50.4,"mi":1,"l0":"5, ","c0":"#52ac3c","l1":"6, ","c1":"#9789ff","l2":"12, ","c2":"#5a5d02","l3":"N4, ","c3":"#03636c","l4":"N14","c4":"#b0045c"},"geometry":{"type":"Point","coordinates":[18.577278,54.391483]}},{"type":"Feature","properties":{"lines":"5, 6, 12","arr":["5","6","12","149","N4","N14"],"mode":"tram","angle":59.4,"mi":1,"l0":"5, ","c0":"#52ac3c","l1":"6, ","c1":"#9789ff","l2":"12, ","c2":"#5a5d02","l3":"149, ","c3":"#ff627e","l4":"N4, ","c4":"#03636c","l5":"N14","c5":"#b0045c"},"geometry":{"type":"Point","coordinates":[18.571926,54.395524]}},{"type":"Feature","properties":{"lines":"5, 6, 12","arr":["5","6","12","149","N4","N14"],"mode":"tram","angle":50.2,"extra":1,"ei":0,"l0":"5, ","c0":"#52ac3c","l1":"6, ","c1":"#9789ff","l2":"12, ","c2":"#5a5d02","l3":"149, ","c3":"#ff627e","l4":"N4, ","c4":"#03636c","l5":"N14","c5":"#b0045c"},"geometry":{"type":"Point","coordinates":[18.575445,54.392773]}},{"type":"Feature","properties":{"lines":"5, 6, 12","arr":["5","6","12","149","N4","N14"],"mode":"tram","angle":51,"extra":1,"ei":1,"l0":"5, ","c0":"#52ac3c","l1":"6, ","c1":"#9789ff","l2":"12, ","c2":"#5a5d02","l3":"149, ","c3":"#ff627e","l4":"N4, ","c4":"#03636c","l5":"N14","c5":"#b0045c"},"geometry":{"type":"Point","coordinates":[18.57338,54.394228]}},{"type":"Feature","properties":{"lines":"5, 6, 12","arr":["5","6","12","149","N4","N14"],"mode":"tram","angle":59.6,"extra":1,"ei":2,"l0":"5, ","c0":"#52ac3c","l1":"6, ","c1":"#9789ff","l2":"12, ","c2":"#5a5d02","l3":"149, ","c3":"#ff627e","l4":"N4, ","c4":"#03636c","l5":"N14","c5":"#b0045c"},"geometry":{"type":"Point","coordinates":[18.570002,54.397447]}},{"type":"Feature","properties":{"lines":"5, 6, 12","arr":["5","6","12","149","N4","N14"],"mode":"tram","angle":62.9,"side":-1,"extra":1,"ei":3,"l0":"5, ","c0":"#52ac3c","l1":"6, ","c1":"#9789ff","l2":"12, ","c2":"#5a5d02","l3":"149, ","c3":"#ff627e","l4":"N4, ","c4":"#03636c","l5":"N14","c5":"#b0045c"},"geometry":{"type":"Point","coordinates":[18.568376,54.399081]}},{"type":"Feature","properties":{"lines":"5, 6, 9, 11, 12","arr":["5","6","9","11","12"],"mode":"tram","angle":45.6,"l0":"5, ","c0":"#52ac3c","l1":"6, ","c1":"#9789ff","l2":"9, ","c2":"#b11526","l3":"11, ","c3":"#19a9a8","l4":"12","c4":"#5a5d02"},"geometry":{"type":"Point","coordinates":[18.622133,54.373604]}},{"type":"Feature","properties":{"lines":"5, 6, 9, 11, 12","arr":["5","6","9","11","12","115","183","N4","N14"],"mode":"tram","angle":21.1,"l0":"5, ","c0":"#52ac3c","l1":"6, ","c1":"#9789ff","l2":"9, ","c2":"#b11526","l3":"11, ","c3":"#19a9a8","l4":"12, ","c4":"#5a5d02","l5":"115, ","c5":"#4d4aba","l6":"183, ","c6":"#f57145","l7":"N4, ","c7":"#03636c","l8":"N14","c8":"#b0045c"},"geometry":{"type":"Point","coordinates":[18.617808,54.375286]}},{"type":"Feature","properties":{"lines":"5, 6, 9, 11, 12","arr":["5","6","9","11","12","115","168","183","199","N4","N14"],"mode":"tram","angle":29.8,"l0":"5, ","c0":"#52ac3c","l1":"6, ","c1":"#9789ff","l2":"9, ","c2":"#b11526","l3":"11, ","c3":"#19a9a8","l4":"12, ","c4":"#5a5d02","l5":"115, ","c5":"#4d4aba","l6":"168, ","c6":"#076734","l7":"183, ","c7":"#f57145","l8":"199, ","c8":"#c17aef","l9":"N4, ","c9":"#03636c","l10":"N14","c10":"#b0045c"},"geometry":{"type":"Point","coordinates":[18.61188,54.3766]}},{"type":"Feature","properties":{"lines":"5, 6, 9, 11, 12","arr":["5","6","9","11","12","115","127","162","168","183","199","262","N2","N4","N14"],"mode":"tram","angle":25.9,"l0":"5, ","c0":"#52ac3c","l1":"6, ","c1":"#9789ff","l2":"9, ","c2":"#b11526","l3":"11, ","c3":"#19a9a8","l4":"12, ","c4":"#5a5d02","l5":"115, ","c5":"#4d4aba","l6":"127, ","c6":"#126804","l7":"162, ","c7":"#e16cd6","l8":"168, ","c8":"#076734","l9":"183, ","c9":"#f57145","l10":"199, ","c10":"#c17aef","l11":"262, ","c11":"#07ad80","l12":"N2, ","c12":"#119efc","l13":"N4, ","c13":"#03636c","l14":"N14","c14":"#b0045c"},"geometry":{"type":"Point","coordinates":[18.607814,54.377887]}},{"type":"Feature","properties":{"lines":"5, 6, 9, 11, 12","arr":["5","6","9","11","12","127","162","262","N2","N4","N14"],"mode":"tram","angle":37.4,"l0":"5, ","c0":"#52ac3c","l1":"6, ","c1":"#9789ff","l2":"9, ","c2":"#b11526","l3":"11, ","c3":"#19a9a8","l4":"12, ","c4":"#5a5d02","l5":"127, ","c5":"#126804","l6":"162, ","c6":"#e16cd6","l7":"262, ","c7":"#07ad80","l8":"N2, ","c8":"#119efc","l9":"N4, ","c9":"#03636c","l10":"N14","c10":"#b0045c"},"geometry":{"type":"Point","coordinates":[18.604342,54.379299]}},{"type":"Feature","properties":{"lines":"5, 6, 9, 11, 12","arr":["5","6","9","11","12","127","N2","N4","N14"],"mode":"tram","angle":37.6,"l0":"5, ","c0":"#52ac3c","l1":"6, ","c1":"#9789ff","l2":"9, ","c2":"#b11526","l3":"11, ","c3":"#19a9a8","l4":"12, ","c4":"#5a5d02","l5":"127, ","c5":"#126804","l6":"N2, ","c6":"#119efc","l7":"N4, ","c7":"#03636c","l8":"N14","c8":"#b0045c"},"geometry":{"type":"Point","coordinates":[18.600965,54.380796]}},{"type":"Feature","properties":{"lines":"5, 6, 9, 11, 12","arr":["5","6","9","11","12"],"mode":"tram","angle":37.6,"side":-1,"l0":"5, ","c0":"#52ac3c","l1":"6, ","c1":"#9789ff","l2":"9, ","c2":"#b11526","l3":"11, ","c3":"#19a9a8","l4":"12","c4":"#5a5d02"},"geometry":{"type":"Point","coordinates":[18.599062,54.382022]}},{"type":"Feature","properties":{"lines":"5, 6, 9, 11, 12","arr":["5","6","9","11","12","158","199","258","262","N4","N14"],"mode":"tram","angle":49.2,"l0":"5, ","c0":"#52ac3c","l1":"6, ","c1":"#9789ff","l2":"9, ","c2":"#b11526","l3":"11, ","c3":"#19a9a8","l4":"12, ","c4":"#5a5d02","l5":"158, ","c5":"#4d4aba","l6":"199, ","c6":"#c17aef","l7":"258, ","c7":"#02af5a","l8":"262, ","c8":"#07ad80","l9":"N4, ","c9":"#03636c","l10":"N14","c10":"#b0045c"},"geometry":{"type":"Point","coordinates":[18.594488,54.384911]}},{"type":"Feature","properties":{"lines":"5, 6, 9, 11, 12","arr":["5","6","9","11","12","158","199","258","262","N4","N14"],"mode":"tram","angle":49,"extra":1,"ei":0,"l0":"5, ","c0":"#52ac3c","l1":"6, ","c1":"#9789ff","l2":"9, ","c2":"#b11526","l3":"11, ","c3":"#19a9a8","l4":"12, ","c4":"#5a5d02","l5":"158, ","c5":"#4d4aba","l6":"199, ","c6":"#c17aef","l7":"258, ","c7":"#02af5a","l8":"262, ","c8":"#07ad80","l9":"N4, ","c9":"#03636c","l10":"N14","c10":"#b0045c"},"geometry":{"type":"Point","coordinates":[18.596647,54.383534]}},{"type":"Feature","properties":{"lines":"5, 6, 9, 11, 12","arr":["5","6","9","11","12","158","199","258","262","N4","N14"],"mode":"tram","angle":49.4,"extra":1,"ei":1,"l0":"5, ","c0":"#52ac3c","l1":"6, ","c1":"#9789ff","l2":"9, ","c2":"#b11526","l3":"11, ","c3":"#19a9a8","l4":"12, ","c4":"#5a5d02","l5":"158, ","c5":"#4d4aba","l6":"199, ","c6":"#c17aef","l7":"258, ","c7":"#02af5a","l8":"262, ","c8":"#07ad80","l9":"N4, ","c9":"#03636c","l10":"N14","c10":"#b0045c"},"geometry":{"type":"Point","coordinates":[18.592355,54.386363]}},{"type":"Feature","properties":{"lines":"5, 6, 9, 11, 12","arr":["5","6","9","11","12","N4","N14"],"mode":"tram","angle":47.8,"l0":"5, ","c0":"#52ac3c","l1":"6, ","c1":"#9789ff","l2":"9, ","c2":"#b11526","l3":"11, ","c3":"#19a9a8","l4":"12, ","c4":"#5a5d02","l5":"N4, ","c5":"#03636c","l6":"N14","c6":"#b0045c"},"geometry":{"type":"Point","coordinates":[18.583323,54.387253]}},{"type":"Feature","properties":{"lines":"5, 6, 9, 11, 12","arr":["5","6","9","11","12","N4","N14"],"mode":"tram","angle":-2.5,"extra":1,"ei":0,"l0":"5, ","c0":"#52ac3c","l1":"6, ","c1":"#9789ff","l2":"9, ","c2":"#b11526","l3":"11, ","c3":"#19a9a8","l4":"12, ","c4":"#5a5d02","l5":"N4, ","c5":"#03636c","l6":"N14","c6":"#b0045c"},"geometry":{"type":"Point","coordinates":[18.589693,54.387019]}},{"type":"Feature","properties":{"lines":"5, 6, 9, 11, 12","arr":["5","6","9","11","12","N4","N14"],"mode":"tram","angle":-2.5,"extra":1,"ei":1,"l0":"5, ","c0":"#52ac3c","l1":"6, ","c1":"#9789ff","l2":"9, ","c2":"#b11526","l3":"11, ","c3":"#19a9a8","l4":"12, ","c4":"#5a5d02","l5":"N4, ","c5":"#03636c","l6":"N14","c6":"#b0045c"},"geometry":{"type":"Point","coordinates":[18.586455,54.386936]}},{"type":"Feature","properties":{"lines":"5, 6, 9, 11, 12","arr":["5","6","9","11","12","N4","N14"],"mode":"tram","angle":49.4,"extra":1,"ei":2,"l0":"5, ","c0":"#52ac3c","l1":"6, ","c1":"#9789ff","l2":"9, ","c2":"#b11526","l3":"11, ","c3":"#19a9a8","l4":"12, ","c4":"#5a5d02","l5":"N4, ","c5":"#03636c","l6":"N14","c6":"#b0045c"},"geometry":{"type":"Point","coordinates":[18.581281,54.388642]}},{"type":"Feature","properties":{"lines":"5, 6, 9, 11, 12","arr":["5","6","9","11","12","N4","N14"],"mode":"tram","angle":49.9,"extra":1,"ei":3,"l0":"5, ","c0":"#52ac3c","l1":"6, ","c1":"#9789ff","l2":"9, ","c2":"#b11526","l3":"11, ","c3":"#19a9a8","l4":"12, ","c4":"#5a5d02","l5":"N4, ","c5":"#03636c","l6":"N14","c6":"#b0045c"},"geometry":{"type":"Point","coordinates":[18.579194,54.390087]}},{"type":"Feature","properties":{"lines":"5, 7, 10, 60","arr":["5","7","10","60","148","N6"],"mode":"tram","angle":30,"l0":"5, ","c0":"#52ac3c","l1":"7, ","c1":"#992492","l2":"10, ","c2":"#119efc","l3":"60, ","c3":"#b11526","l4":"148, ","c4":"#119efc","l5":"N6","c5":"#05617d"},"geometry":{"type":"Point","coordinates":[18.671577,54.398526]}},{"type":"Feature","properties":{"lines":"5, 10, 60","arr":["5","10","60","148","N6"],"mode":"tram","angle":-69.4,"l0":"5, ","c0":"#52ac3c","l1":"10, ","c1":"#119efc","l2":"60, ","c2":"#b11526","l3":"148, ","c3":"#119efc","l4":"N6","c4":"#05617d"},"geometry":{"type":"Point","coordinates":[18.674053,54.39835]}},{"type":"Feature","properties":{"lines":"7, 10, 60","arr":["7","10","60","283","600","N6"],"mode":"tram","angle":-57.6,"l0":"7, ","c0":"#992492","l1":"10, ","c1":"#119efc","l2":"60, ","c2":"#b11526","l3":"283, ","c3":"#1da8b6","l4":"600, ","c4":"#cf8a11","l5":"N6","c5":"#05617d"},"geometry":{"type":"Point","coordinates":[18.631551,54.377579]}},{"type":"Feature","properties":{"lines":"7, 10, 60","arr":["7","10","60","283","600","N6"],"mode":"tram","angle":89.9,"extra":1,"ei":0,"l0":"7, ","c0":"#992492","l1":"10, ","c1":"#119efc","l2":"60, ","c2":"#b11526","l3":"283, ","c3":"#1da8b6","l4":"600, ","c4":"#cf8a11","l5":"N6","c5":"#05617d"},"geometry":{"type":"Point","coordinates":[18.630575,54.376355]}},{"type":"Feature","properties":{"lines":"7, 10, 60","arr":["7","10","60","600","N6"],"mode":"tram","angle":-49.2,"l0":"7, ","c0":"#992492","l1":"10, ","c1":"#119efc","l2":"60, ","c2":"#b11526","l3":"600, ","c3":"#cf8a11","l4":"N6","c4":"#05617d"},"geometry":{"type":"Point","coordinates":[18.640057,54.383468]}},{"type":"Feature","properties":{"lines":"7, 10, 60","arr":["7","10","60","600","N6"],"mode":"tram","angle":-50.6,"extra":1,"ei":0,"l0":"7, ","c0":"#992492","l1":"10, ","c1":"#119efc","l2":"60, ","c2":"#b11526","l3":"600, ","c3":"#cf8a11","l4":"N6","c4":"#05617d"},"geometry":{"type":"Point","coordinates":[18.635099,54.380081]}},{"type":"Feature","properties":{"lines":"7, 10, 60","arr":["7","10","60","600","N6"],"mode":"tram","angle":-49.3,"extra":1,"ei":1,"l0":"7, ","c0":"#992492","l1":"10, ","c1":"#119efc","l2":"60, ","c2":"#b11526","l3":"600, ","c3":"#cf8a11","l4":"N6","c4":"#05617d"},"geometry":{"type":"Point","coordinates":[18.63719,54.381524]}},{"type":"Feature","properties":{"lines":"7, 10, 60","arr":["7","10","60","600","N6"],"mode":"tram","angle":-39.3,"extra":1,"ei":2,"l0":"7, ","c0":"#992492","l1":"10, ","c1":"#119efc","l2":"60, ","c2":"#b11526","l3":"600, ","c3":"#cf8a11","l4":"N6","c4":"#05617d"},"geometry":{"type":"Point","coordinates":[18.641501,54.384339]}},{"type":"Feature","properties":{"lines":"7, 10, 60","arr":["7","10","60","600","N6"],"mode":"tram","angle":-36.1,"extra":1,"ei":3,"l0":"7, ","c0":"#992492","l1":"10, ","c1":"#119efc","l2":"60, ","c2":"#b11526","l3":"600, ","c3":"#cf8a11","l4":"N6","c4":"#05617d"},"geometry":{"type":"Point","coordinates":[18.644117,54.385454]}},{"type":"Feature","properties":{"lines":"7, 10, 60","arr":["7","10","60","600","N6"],"mode":"tram","angle":-32.1,"extra":1,"ei":4,"l0":"7, ","c0":"#992492","l1":"10, ","c1":"#119efc","l2":"60, ","c2":"#b11526","l3":"600, ","c3":"#cf8a11","l4":"N6","c4":"#05617d"},"geometry":{"type":"Point","coordinates":[18.646749,54.386555]}},{"type":"Feature","properties":{"lines":"7, 10, 60","arr":["7","10","60","158","258","600","658","N6"],"mode":"tram","angle":-35.8,"l0":"7, ","c0":"#992492","l1":"10, ","c1":"#119efc","l2":"60, ","c2":"#b11526","l3":"158, ","c3":"#4d4aba","l4":"258, ","c4":"#02af5a","l5":"600, ","c5":"#cf8a11","l6":"658, ","c6":"#b0045c","l7":"N6","c7":"#05617d"},"geometry":{"type":"Point","coordinates":[18.648459,54.387206]}},{"type":"Feature","properties":{"lines":"7, 10, 60","arr":["7","10","60","148","N6"],"mode":"tram","angle":-20.7,"l0":"7, ","c0":"#992492","l1":"10, ","c1":"#119efc","l2":"60, ","c2":"#b11526","l3":"148, ","c3":"#119efc","l4":"N6","c4":"#05617d"},"geometry":{"type":"Point","coordinates":[18.667218,54.398869]}},{"type":"Feature","properties":{"lines":"8","arr":["8","108","111","112","123","138","154","167","178","184","186","189","199","210","212","267","289","600","606","N6"],"mode":"tram","angle":52.6,"l0":"8, ","c0":"#19a9a8","l1":"108, ","c1":"#ff5e9b","l2":"111, ","c2":"#ff5e9b","l3":"112, ","c3":"#0357b2","l4":"123, ","c4":"#7b7f09","l5":"138, ","c5":"#066559","l6":"154, ","c6":"#999f01","l7":"167, ","c7":"#119efc","l8":"178, ","c8":"#119efc","l9":"184, ","c9":"#999f01","l10":"186, ","c10":"#fe6761","l11":"189, ","c11":"#076734","l12":"199, ","c12":"#c17aef","l13":"210, ","c13":"#02af5a","l14":"212, ","c14":"#446303","l15":"267, ","c15":"#7b3aa8","l16":"289, ","c16":"#e16cd6","l17":"600, ","c17":"#cf8a11","l18":"606, ","c18":"#c17aef","l19":"N6","c19":"#05617d"},"geometry":{"type":"Point","coordinates":[18.64627,54.361632]}},{"type":"Feature","properties":{"lines":"8","arr":["8","106","108","111","112","123","130","138","154","167","178","184","186","189","199","210","212","267","289","600","606","N6"],"mode":"tram","angle":56.8,"mi":1,"l0":"8, ","c0":"#19a9a8","l1":"106, ","c1":"#10a5d2","l2":"108, ","c2":"#ff5e9b","l3":"111, ","c3":"#ff5e9b","l4":"112, ","c4":"#0357b2","l5":"123, ","c5":"#7b7f09","l6":"130, ","c6":"#ff627e","l7":"138, ","c7":"#066559","l8":"154, ","c8":"#999f01","l9":"167, ","c9":"#119efc","l10":"178, ","c10":"#119efc","l11":"184, ","c11":"#999f01","l12":"186, ","c12":"#fe6761","l13":"189, ","c13":"#076734","l14":"199, ","c14":"#c17aef","l15":"210, ","c15":"#02af5a","l16":"212, ","c16":"#446303","l17":"267, ","c17":"#7b3aa8","l18":"289, ","c18":"#e16cd6","l19":"600, ","c19":"#cf8a11","l20":"606, ","c20":"#c17aef","l21":"N6","c21":"#05617d"},"geometry":{"type":"Point","coordinates":[18.647764,54.360467]}},{"type":"Feature","properties":{"lines":"8","arr":["8","100","108","111","112","123","130","138","154","167","178","184","186","189","199","208","210","212","289","600","N6"],"mode":"tram","angle":-66.4,"l0":"8, ","c0":"#19a9a8","l1":"100, ","c1":"#126804","l2":"108, ","c2":"#ff5e9b","l3":"111, ","c3":"#ff5e9b","l4":"112, ","c4":"#0357b2","l5":"123, ","c5":"#7b7f09","l6":"130, ","c6":"#ff627e","l7":"138, ","c7":"#066559","l8":"154, ","c8":"#999f01","l9":"167, ","c9":"#119efc","l10":"178, ","c10":"#119efc","l11":"184, ","c11":"#999f01","l12":"186, ","c12":"#fe6761","l13":"189, ","c13":"#076734","l14":"199, ","c14":"#c17aef","l15":"208, ","c15":"#736adf","l16":"210, ","c16":"#02af5a","l17":"212, ","c17":"#446303","l18":"289, ","c18":"#e16cd6","l19":"600, ","c19":"#cf8a11","l20":"N6","c20":"#05617d"},"geometry":{"type":"Point","coordinates":[18.647821,54.359342]}},{"type":"Feature","properties":{"lines":"8","arr":["8","100","106","108","111","112","123","130","138","154","167","178","184","186","189","199","208","210","212","267","289","600","606","N6"],"mode":"tram","angle":-66.6,"mi":1,"l0":"8, ","c0":"#19a9a8","l1":"100, ","c1":"#126804","l2":"106, ","c2":"#10a5d2","l3":"108, ","c3":"#ff5e9b","l4":"111, ","c4":"#ff5e9b","l5":"112, ","c5":"#0357b2","l6":"123, ","c6":"#7b7f09","l7":"130, ","c7":"#ff627e","l8":"138, ","c8":"#066559","l9":"154, ","c9":"#999f01","l10":"167, ","c10":"#119efc","l11":"178, ","c11":"#119efc","l12":"184, ","c12":"#999f01","l13":"186, ","c13":"#fe6761","l14":"189, ","c14":"#076734","l15":"199, ","c15":"#c17aef","l16":"208, ","c16":"#736adf","l17":"210, ","c17":"#02af5a","l18":"212, ","c18":"#446303","l19":"267, ","c19":"#7b3aa8","l20":"289, ","c20":"#e16cd6","l21":"600, ","c21":"#cf8a11","l22":"606, ","c22":"#c17aef","l23":"N6","c23":"#05617d"},"geometry":{"type":"Point","coordinates":[18.647207,54.358517]}},{"type":"Feature","properties":{"lines":"8","arr":["8","100","108","111","112","123","130","138","154","167","178","184","186","189","199","208","210","212","289","600","N6"],"mode":"tram","angle":-42.9,"side":-1,"mi":2,"l0":"8, ","c0":"#19a9a8","l1":"100, ","c1":"#126804","l2":"108, ","c2":"#ff5e9b","l3":"111, ","c3":"#ff5e9b","l4":"112, ","c4":"#0357b2","l5":"123, ","c5":"#7b7f09","l6":"130, ","c6":"#ff627e","l7":"138, ","c7":"#066559","l8":"154, ","c8":"#999f01","l9":"167, ","c9":"#119efc","l10":"178, ","c10":"#119efc","l11":"184, ","c11":"#999f01","l12":"186, ","c12":"#fe6761","l13":"189, ","c13":"#076734","l14":"199, ","c14":"#c17aef","l15":"208, ","c15":"#736adf","l16":"210, ","c16":"#02af5a","l17":"212, ","c17":"#446303","l18":"289, ","c18":"#e16cd6","l19":"600, ","c19":"#cf8a11","l20":"N6","c20":"#05617d"},"geometry":{"type":"Point","coordinates":[18.646322,54.357845]}},{"type":"Feature","properties":{"lines":"8","arr":["8","108","111","112","123","138","154","167","178","184","186","189","199","210","212","267","289","600","606","N6"],"mode":"tram","angle":53.6,"mi":1,"l0":"8, ","c0":"#19a9a8","l1":"108, ","c1":"#ff5e9b","l2":"111, ","c2":"#ff5e9b","l3":"112, ","c3":"#0357b2","l4":"123, ","c4":"#7b7f09","l5":"138, ","c5":"#066559","l6":"154, ","c6":"#999f01","l7":"167, ","c7":"#119efc","l8":"178, ","c8":"#119efc","l9":"184, ","c9":"#999f01","l10":"186, ","c10":"#fe6761","l11":"189, ","c11":"#076734","l12":"199, ","c12":"#c17aef","l13":"210, ","c13":"#02af5a","l14":"212, ","c14":"#446303","l15":"267, ","c15":"#7b3aa8","l16":"289, ","c16":"#e16cd6","l17":"600, ","c17":"#cf8a11","l18":"606, ","c18":"#c17aef","l19":"N6","c19":"#05617d"},"geometry":{"type":"Point","coordinates":[18.646345,54.361624]}},{"type":"Feature","properties":{"lines":"8","arr":["8","106","108","111","112","123","130","138","154","167","178","184","186","189","199","210","212","267","289","600","606","N6"],"mode":"tram","angle":57.5,"l0":"8, ","c0":"#19a9a8","l1":"106, ","c1":"#10a5d2","l2":"108, ","c2":"#ff5e9b","l3":"111, ","c3":"#ff5e9b","l4":"112, ","c4":"#0357b2","l5":"123, ","c5":"#7b7f09","l6":"130, ","c6":"#ff627e","l7":"138, ","c7":"#066559","l8":"154, ","c8":"#999f01","l9":"167, ","c9":"#119efc","l10":"178, ","c10":"#119efc","l11":"184, ","c11":"#999f01","l12":"186, ","c12":"#fe6761","l13":"189, ","c13":"#076734","l14":"199, ","c14":"#c17aef","l15":"210, ","c15":"#02af5a","l16":"212, ","c16":"#446303","l17":"267, ","c17":"#7b3aa8","l18":"289, ","c18":"#e16cd6","l19":"600, ","c19":"#cf8a11","l20":"606, ","c20":"#c17aef","l21":"N6","c21":"#05617d"},"geometry":{"type":"Point","coordinates":[18.647946,54.360368]}},{"type":"Feature","properties":{"lines":"8","arr":["8","100","108","111","112","123","130","138","154","167","178","184","186","189","199","208","210","212","289","600","N6"],"mode":"tram","angle":-66.4,"side":-1,"mi":1,"l0":"8, ","c0":"#19a9a8","l1":"100, ","c1":"#126804","l2":"108, ","c2":"#ff5e9b","l3":"111, ","c3":"#ff5e9b","l4":"112, ","c4":"#0357b2","l5":"123, ","c5":"#7b7f09","l6":"130, ","c6":"#ff627e","l7":"138, ","c7":"#066559","l8":"154, ","c8":"#999f01","l9":"167, ","c9":"#119efc","l10":"178, ","c10":"#119efc","l11":"184, ","c11":"#999f01","l12":"186, ","c12":"#fe6761","l13":"189, ","c13":"#076734","l14":"199, ","c14":"#c17aef","l15":"208, ","c15":"#736adf","l16":"210, ","c16":"#02af5a","l17":"212, ","c17":"#446303","l18":"289, ","c18":"#e16cd6","l19":"600, ","c19":"#cf8a11","l20":"N6","c20":"#05617d"},"geometry":{"type":"Point","coordinates":[18.647959,54.359439]}},{"type":"Feature","properties":{"lines":"8","arr":["8","100","106","108","111","112","123","130","138","154","167","178","184","186","189","199","208","210","212","267","289","600","606","N6"],"mode":"tram","angle":-66.8,"l0":"8, ","c0":"#19a9a8","l1":"100, ","c1":"#126804","l2":"106, ","c2":"#10a5d2","l3":"108, ","c3":"#ff5e9b","l4":"111, ","c4":"#ff5e9b","l5":"112, ","c5":"#0357b2","l6":"123, ","c6":"#7b7f09","l7":"130, ","c7":"#ff627e","l8":"138, ","c8":"#066559","l9":"154, ","c9":"#999f01","l10":"167, ","c10":"#119efc","l11":"178, ","c11":"#119efc","l12":"184, ","c12":"#999f01","l13":"186, ","c13":"#fe6761","l14":"189, ","c14":"#076734","l15":"199, ","c15":"#c17aef","l16":"208, ","c16":"#736adf","l17":"210, ","c17":"#02af5a","l18":"212, ","c18":"#446303","l19":"267, ","c19":"#7b3aa8","l20":"289, ","c20":"#e16cd6","l21":"600, ","c21":"#cf8a11","l22":"606, ","c22":"#c17aef","l23":"N6","c23":"#05617d"},"geometry":{"type":"Point","coordinates":[18.647269,54.358511]}},{"type":"Feature","properties":{"lines":"8","arr":["8","100","106","108","111","112","123","130","132","138","154","166","167","178","184","186","189","199","208","210","212","289","600","M32","N1","N3","N4","N5","N6","N8","N9","N14","N16","N78","N89","T8"],"mode":"tram","angle":-87,"side":-1,"l0":"8, ","c0":"#19a9a8","l1":"100, ","c1":"#126804","l2":"106, ","c2":"#10a5d2","l3":"108, ","c3":"#ff5e9b","l4":"111, ","c4":"#ff5e9b","l5":"112, ","c5":"#0357b2","l6":"123, ","c6":"#7b7f09","l7":"130, ","c7":"#ff627e","l8":"132, ","c8":"#119efc","l9":"138, ","c9":"#066559","l10":"154, ","c10":"#999f01","l11":"166, ","c11":"#79a620","l12":"167, ","c12":"#119efc","l13":"178, ","c13":"#119efc","l14":"184, ","c14":"#999f01","l15":"186, ","c15":"#fe6761","l16":"189, ","c16":"#076734","l17":"199, ","c17":"#c17aef","l18":"208, ","c18":"#736adf","l19":"210, ","c19":"#02af5a","l20":"212, ","c20":"#446303","l21":"289, ","c21":"#e16cd6","l22":"600, ","c22":"#cf8a11","l23":"M32, ","c23":"#02af5a","l24":"N1, ","c24":"#7c5001","l25":"N3, ","c25":"#b20b42","l26":"N4, ","c26":"#03636c","l27":"N5, ","c27":"#f57145","l28":"N6, ","c28":"#05617d","l29":"N8, ","c29":"#cf8a11","l30":"N9, ","c30":"#a72d06","l31":"N14, ","c31":"#b0045c","l32":"N16, ","c32":"#7c5001","l33":"N78, ","c33":"#992492","l34":"N89, ","c34":"#b20b42","l35":"T8","c35":"#ab0377"},"geometry":{"type":"Point","coordinates":[18.645998,54.357205]}},{"type":"Feature","properties":{"lines":"8","arr":["8","100","106","108","111","112","123","130","132","138","154","166","167","178","183","184","186","189","199","208","210","212","267","289","600","606","M32","N1","N3","N4","N5","N6","N8","N9","N14","N16","N78","N89","T8"],"mode":"tram","angle":-82.4,"side":-1,"l0":"8, ","c0":"#19a9a8","l1":"100, ","c1":"#126804","l2":"106, ","c2":"#10a5d2","l3":"108, ","c3":"#ff5e9b","l4":"111, ","c4":"#ff5e9b","l5":"112, ","c5":"#0357b2","l6":"123, ","c6":"#7b7f09","l7":"130, ","c7":"#ff627e","l8":"132, ","c8":"#119efc","l9":"138, ","c9":"#066559","l10":"154, ","c10":"#999f01","l11":"166, ","c11":"#79a620","l12":"167, ","c12":"#119efc","l13":"178, ","c13":"#119efc","l14":"183, ","c14":"#f57145","l15":"184, ","c15":"#999f01","l16":"186, ","c16":"#fe6761","l17":"189, ","c17":"#076734","l18":"199, ","c18":"#c17aef","l19":"208, ","c19":"#736adf","l20":"210, ","c20":"#02af5a","l21":"212, ","c21":"#446303","l22":"267, ","c22":"#7b3aa8","l23":"289, ","c23":"#e16cd6","l24":"600, ","c24":"#cf8a11","l25":"606, ","c25":"#c17aef","l26":"M32, ","c26":"#02af5a","l27":"N1, ","c27":"#7c5001","l28":"N3, ","c28":"#b20b42","l29":"N4, ","c29":"#03636c","l30":"N5, ","c30":"#f57145","l31":"N6, ","c31":"#05617d","l32":"N8, ","c32":"#cf8a11","l33":"N9, ","c33":"#a72d06","l34":"N14, ","c34":"#b0045c","l35":"N16, ","c35":"#7c5001","l36":"N78, ","c36":"#992492","l37":"N89, ","c37":"#b20b42","l38":"T8","c38":"#ab0377"},"geometry":{"type":"Point","coordinates":[18.645929,54.356648]}},{"type":"Feature","properties":{"lines":"10","arr":["10","130","131","184","210","227","283","N2"],"mode":"tram","angle":35.9,"l0":"10, ","c0":"#119efc","l1":"130, ","c1":"#ff627e","l2":"131, ","c2":"#7b3aa8","l3":"184, ","c3":"#999f01","l4":"210, ","c4":"#02af5a","l5":"227, ","c5":"#e47e2b","l6":"283, ","c6":"#1da8b6","l7":"N2","c7":"#119efc"},"geometry":{"type":"Point","coordinates":[18.580084,54.357821]}},{"type":"Feature","properties":{"lines":"10","arr":["10","131","184","210","227","283"],"mode":"tram","angle":55.8,"l0":"10, ","c0":"#119efc","l1":"131, ","c1":"#7b3aa8","l2":"184, ","c2":"#999f01","l3":"210, ","c3":"#02af5a","l4":"227, ","c4":"#e47e2b","l5":"283","c5":"#1da8b6"},"geometry":{"type":"Point","coordinates":[18.577093,54.360629]}},{"type":"Feature","properties":{"lines":"10","arr":["10","131","184","210","227","283"],"mode":"tram","angle":63.1,"extra":1,"ei":0,"l0":"10, ","c0":"#119efc","l1":"131, ","c1":"#7b3aa8","l2":"184, ","c2":"#999f01","l3":"210, ","c3":"#02af5a","l4":"227, ","c4":"#e47e2b","l5":"283","c5":"#1da8b6"},"geometry":{"type":"Point","coordinates":[18.578933,54.358838]}},{"type":"Feature","properties":{"lines":"10","arr":["10","131","184","210","227","283"],"mode":"tram","angle":55.6,"extra":1,"ei":1,"l0":"10, ","c0":"#119efc","l1":"131, ","c1":"#7b3aa8","l2":"184, ","c2":"#999f01","l3":"210, ","c3":"#02af5a","l4":"227, ","c4":"#e47e2b","l5":"283","c5":"#1da8b6"},"geometry":{"type":"Point","coordinates":[18.575458,54.362019]}},{"type":"Feature","properties":{"lines":"10","arr":["10","116","131","184","210","227","283"],"mode":"tram","angle":72.7,"side":-1,"l0":"10, ","c0":"#119efc","l1":"116, ","c1":"#7c5001","l2":"131, ","c2":"#7b3aa8","l3":"184, ","c3":"#999f01","l4":"210, ","c4":"#02af5a","l5":"227, ","c5":"#e47e2b","l6":"283","c6":"#1da8b6"},"geometry":{"type":"Point","coordinates":[18.573603,54.363723]}},{"type":"Feature","properties":{"lines":"8, 9","arr":["8","9","100","106","108","111","112","123","130","132","138","154","166","167","178","184","186","189","199","208","210","212","289","600","M32","N1","N3","N4","N5","N6","N8","N9","N14","N16","N78","N89","T8"],"mode":"tram","angle":-86.6,"l0":"8, ","c0":"#19a9a8","l1":"9, ","c1":"#b11526","l2":"100, ","c2":"#126804","l3":"106, ","c3":"#10a5d2","l4":"108, ","c4":"#ff5e9b","l5":"111, ","c5":"#ff5e9b","l6":"112, ","c6":"#0357b2","l7":"123, ","c7":"#7b7f09","l8":"130, ","c8":"#ff627e","l9":"132, ","c9":"#119efc","l10":"138, ","c10":"#066559","l11":"154, ","c11":"#999f01","l12":"166, ","c12":"#79a620","l13":"167, ","c13":"#119efc","l14":"178, ","c14":"#119efc","l15":"184, ","c15":"#999f01","l16":"186, ","c16":"#fe6761","l17":"189, ","c17":"#076734","l18":"199, ","c18":"#c17aef","l19":"208, ","c19":"#736adf","l20":"210, ","c20":"#02af5a","l21":"212, ","c21":"#446303","l22":"289, ","c22":"#e16cd6","l23":"600, ","c23":"#cf8a11","l24":"M32, ","c24":"#02af5a","l25":"N1, ","c25":"#7c5001","l26":"N3, ","c26":"#b20b42","l27":"N4, ","c27":"#03636c","l28":"N5, ","c28":"#f57145","l29":"N6, ","c29":"#05617d","l30":"N8, ","c30":"#cf8a11","l31":"N9, ","c31":"#a72d06","l32":"N14, ","c32":"#b0045c","l33":"N16, ","c33":"#7c5001","l34":"N78, ","c34":"#992492","l35":"N89, ","c35":"#b20b42","l36":"T8","c36":"#ab0377"},"geometry":{"type":"Point","coordinates":[18.645945,54.357112]}},{"type":"Feature","properties":{"lines":"8, 9","arr":["8","9","100","106","108","111","112","123","130","132","138","154","166","167","178","183","184","186","189","199","208","210","212","267","289","600","606","M32","N1","N3","N4","N5","N6","N8","N9","N14","N16","N56","N78","N89","T8"],"mode":"tram","angle":-82,"side":-1,"l0":"8, ","c0":"#19a9a8","l1":"9, ","c1":"#b11526","l2":"100, ","c2":"#126804","l3":"106, ","c3":"#10a5d2","l4":"108, ","c4":"#ff5e9b","l5":"111, ","c5":"#ff5e9b","l6":"112, ","c6":"#0357b2","l7":"123, ","c7":"#7b7f09","l8":"130, ","c8":"#ff627e","l9":"132, ","c9":"#119efc","l10":"138, ","c10":"#066559","l11":"154, ","c11":"#999f01","l12":"166, ","c12":"#79a620","l13":"167, ","c13":"#119efc","l14":"178, ","c14":"#119efc","l15":"183, ","c15":"#f57145","l16":"184, ","c16":"#999f01","l17":"186, ","c17":"#fe6761","l18":"189, ","c18":"#076734","l19":"199, ","c19":"#c17aef","l20":"208, ","c20":"#736adf","l21":"210, ","c21":"#02af5a","l22":"212, ","c22":"#446303","l23":"267, ","c23":"#7b3aa8","l24":"289, ","c24":"#e16cd6","l25":"600, ","c25":"#cf8a11","l26":"606, ","c26":"#c17aef","l27":"M32, ","c27":"#02af5a","l28":"N1, ","c28":"#7c5001","l29":"N3, ","c29":"#b20b42","l30":"N4, ","c30":"#03636c","l31":"N5, ","c31":"#f57145","l32":"N6, ","c32":"#05617d","l33":"N8, ","c33":"#cf8a11","l34":"N9, ","c34":"#a72d06","l35":"N14, ","c35":"#b0045c","l36":"N16, ","c36":"#7c5001","l37":"N56, ","c37":"#4d4aba","l38":"N78, ","c38":"#992492","l39":"N89, ","c39":"#b20b42","l40":"T8","c40":"#ab0377"},"geometry":{"type":"Point","coordinates":[18.645605,54.355442]}},{"type":"Feature","properties":{"lines":"9","arr":["9","106","N1","N4","N14"],"mode":"tram","angle":54.1,"side":-1,"l0":"9, ","c0":"#b11526","l1":"106, ","c1":"#10a5d2","l2":"N1, ","c2":"#7c5001","l3":"N4, ","c3":"#03636c","l4":"N14","c4":"#b0045c"},"geometry":{"type":"Point","coordinates":[18.643104,54.360512]}},{"type":"Feature","properties":{"lines":"9","arr":["9","106","183","N1","N4","N14"],"mode":"tram","angle":57.3,"l0":"9, ","c0":"#b11526","l1":"106, ","c1":"#10a5d2","l2":"183, ","c2":"#f57145","l3":"N1, ","c3":"#7c5001","l4":"N4, ","c4":"#03636c","l5":"N14","c5":"#b0045c"},"geometry":{"type":"Point","coordinates":[18.644692,54.359241]}},{"type":"Feature","properties":{"lines":"9","arr":["9","100","106","108","111","112","123","130","132","138","154","167","178","184","186","189","199","208","210","212","289","600","M32","N1","N3","N4","N5","N6","N8","N14","N16","N78","N89","T8"],"mode":"tram","angle":77.9,"l0":"9, ","c0":"#b11526","l1":"100, ","c1":"#126804","l2":"106, ","c2":"#10a5d2","l3":"108, ","c3":"#ff5e9b","l4":"111, ","c4":"#ff5e9b","l5":"112, ","c5":"#0357b2","l6":"123, ","c6":"#7b7f09","l7":"130, ","c7":"#ff627e","l8":"132, ","c8":"#119efc","l9":"138, ","c9":"#066559","l10":"154, ","c10":"#999f01","l11":"167, ","c11":"#119efc","l12":"178, ","c12":"#119efc","l13":"184, ","c13":"#999f01","l14":"186, ","c14":"#fe6761","l15":"189, ","c15":"#076734","l16":"199, ","c16":"#c17aef","l17":"208, ","c17":"#736adf","l18":"210, ","c18":"#02af5a","l19":"212, ","c19":"#446303","l20":"289, ","c20":"#e16cd6","l21":"600, ","c21":"#cf8a11","l22":"M32, ","c22":"#02af5a","l23":"N1, ","c23":"#7c5001","l24":"N3, ","c24":"#b20b42","l25":"N4, ","c25":"#03636c","l26":"N5, ","c26":"#f57145","l27":"N6, ","c27":"#05617d","l28":"N8, ","c28":"#cf8a11","l29":"N14, ","c29":"#b0045c","l30":"N16, ","c30":"#7c5001","l31":"N78, ","c31":"#992492","l32":"N89, ","c32":"#b20b42","l33":"T8","c33":"#ab0377"},"geometry":{"type":"Point","coordinates":[18.64588,54.357836]}},{"type":"Feature","properties":{"lines":"9","arr":["9","100","106","108","111","112","123","130","132","138","154","166","167","178","184","186","189","199","208","210","212","289","600","M32","N1","N3","N4","N5","N6","N8","N9","N14","N16","N78","N89","T8"],"mode":"tram","angle":-86.6,"l0":"9, ","c0":"#b11526","l1":"100, ","c1":"#126804","l2":"106, ","c2":"#10a5d2","l3":"108, ","c3":"#ff5e9b","l4":"111, ","c4":"#ff5e9b","l5":"112, ","c5":"#0357b2","l6":"123, ","c6":"#7b7f09","l7":"130, ","c7":"#ff627e","l8":"132, ","c8":"#119efc","l9":"138, ","c9":"#066559","l10":"154, ","c10":"#999f01","l11":"166, ","c11":"#79a620","l12":"167, ","c12":"#119efc","l13":"178, ","c13":"#119efc","l14":"184, ","c14":"#999f01","l15":"186, ","c15":"#fe6761","l16":"189, ","c16":"#076734","l17":"199, ","c17":"#c17aef","l18":"208, ","c18":"#736adf","l19":"210, ","c19":"#02af5a","l20":"212, ","c20":"#446303","l21":"289, ","c21":"#e16cd6","l22":"600, ","c22":"#cf8a11","l23":"M32, ","c23":"#02af5a","l24":"N1, ","c24":"#7c5001","l25":"N3, ","c25":"#b20b42","l26":"N4, ","c26":"#03636c","l27":"N5, ","c27":"#f57145","l28":"N6, ","c28":"#05617d","l29":"N8, ","c29":"#cf8a11","l30":"N9, ","c30":"#a72d06","l31":"N14, ","c31":"#b0045c","l32":"N16, ","c32":"#7c5001","l33":"N78, ","c33":"#992492","l34":"N89, ","c34":"#b20b42","l35":"T8","c35":"#ab0377"},"geometry":{"type":"Point","coordinates":[18.645884,54.357052]}},{"type":"Feature","properties":{"lines":"9","arr":["9","100","106","108","111","112","123","130","132","138","154","166","167","178","183","184","186","189","199","208","210","212","267","289","600","606","M32","N1","N3","N4","N5","N6","N8","N9","N14","N16","N56","N78","N89","T8"],"mode":"tram","angle":-82,"l0":"9, ","c0":"#b11526","l1":"100, ","c1":"#126804","l2":"106, ","c2":"#10a5d2","l3":"108, ","c3":"#ff5e9b","l4":"111, ","c4":"#ff5e9b","l5":"112, ","c5":"#0357b2","l6":"123, ","c6":"#7b7f09","l7":"130, ","c7":"#ff627e","l8":"132, ","c8":"#119efc","l9":"138, ","c9":"#066559","l10":"154, ","c10":"#999f01","l11":"166, ","c11":"#79a620","l12":"167, ","c12":"#119efc","l13":"178, ","c13":"#119efc","l14":"183, ","c14":"#f57145","l15":"184, ","c15":"#999f01","l16":"186, ","c16":"#fe6761","l17":"189, ","c17":"#076734","l18":"199, ","c18":"#c17aef","l19":"208, ","c19":"#736adf","l20":"210, ","c20":"#02af5a","l21":"212, ","c21":"#446303","l22":"267, ","c22":"#7b3aa8","l23":"289, ","c23":"#e16cd6","l24":"600, ","c24":"#cf8a11","l25":"606, ","c25":"#c17aef","l26":"M32, ","c26":"#02af5a","l27":"N1, ","c27":"#7c5001","l28":"N3, ","c28":"#b20b42","l29":"N4, ","c29":"#03636c","l30":"N5, ","c30":"#f57145","l31":"N6, ","c31":"#05617d","l32":"N8, ","c32":"#cf8a11","l33":"N9, ","c33":"#a72d06","l34":"N14, ","c34":"#b0045c","l35":"N16, ","c35":"#7c5001","l36":"N56, ","c36":"#4d4aba","l37":"N78, ","c37":"#992492","l38":"N89, ","c38":"#b20b42","l39":"T8","c39":"#ab0377"},"geometry":{"type":"Point","coordinates":[18.64554,54.355437]}},{"type":"Feature","properties":{"lines":"10, 12, 63","arr":["10","12","63","130","167","183","199","210","267","N3","N6","N16"],"mode":"tram","angle":-9.6,"l0":"10, ","c0":"#119efc","l1":"12, ","c1":"#5a5d02","l2":"63, ","c2":"#cf8a11","l3":"130, ","c3":"#ff627e","l4":"167, ","c4":"#119efc","l5":"183, ","c5":"#f57145","l6":"199, ","c6":"#c17aef","l7":"210, ","c7":"#02af5a","l8":"267, ","c8":"#7b3aa8","l9":"N3, ","c9":"#b20b42","l10":"N6, ","c10":"#05617d","l11":"N16","c11":"#7c5001"},"geometry":{"type":"Point","coordinates":[18.639463,54.351493]}},{"type":"Feature","properties":{"lines":"10, 12, 63","arr":["10","12","63","130","167","183","199","210","267","N3","N6","N16"],"mode":"tram","angle":-16.9,"extra":1,"ei":0,"l0":"10, ","c0":"#119efc","l1":"12, ","c1":"#5a5d02","l2":"63, ","c2":"#cf8a11","l3":"130, ","c3":"#ff627e","l4":"167, ","c4":"#119efc","l5":"183, ","c5":"#f57145","l6":"199, ","c6":"#c17aef","l7":"210, ","c7":"#02af5a","l8":"267, ","c8":"#7b3aa8","l9":"N3, ","c9":"#b20b42","l10":"N6, ","c10":"#05617d","l11":"N16","c11":"#7c5001"},"geometry":{"type":"Point","coordinates":[18.637432,54.351282]}},{"type":"Feature","properties":{"lines":"10, 12, 63","arr":["10","12","63","167","267","N3"],"mode":"tram","angle":-3.6,"side":-1,"l0":"10, ","c0":"#119efc","l1":"12, ","c1":"#5a5d02","l2":"63, ","c2":"#cf8a11","l3":"167, ","c3":"#119efc","l4":"267, ","c4":"#7b3aa8","l5":"N3","c5":"#b20b42"},"geometry":{"type":"Point","coordinates":[18.622243,54.348926]}},{"type":"Feature","properties":{"lines":"10, 12, 63","arr":["10","12","63","167","267","N3"],"mode":"tram","angle":-9.2,"side":-1,"extra":1,"ei":0,"l0":"10, ","c0":"#119efc","l1":"12, ","c1":"#5a5d02","l2":"63, ","c2":"#cf8a11","l3":"167, ","c3":"#119efc","l4":"267, ","c4":"#7b3aa8","l5":"N3","c5":"#b20b42"},"geometry":{"type":"Point","coordinates":[18.635149,54.350981]}},{"type":"Feature","properties":{"lines":"10, 12, 63","arr":["10","12","63","167","267","N3"],"mode":"tram","angle":-21.5,"side":-1,"extra":1,"ei":1,"l0":"10, ","c0":"#119efc","l1":"12, ","c1":"#5a5d02","l2":"63, ","c2":"#cf8a11","l3":"167, ","c3":"#119efc","l4":"267, ","c4":"#7b3aa8","l5":"N3","c5":"#b20b42"},"geometry":{"type":"Point","coordinates":[18.632035,54.350479]}},{"type":"Feature","properties":{"lines":"10, 12, 63","arr":["10","12","63","167","267","N3"],"mode":"tram","angle":-15.5,"side":-1,"extra":1,"ei":2,"l0":"10, ","c0":"#119efc","l1":"12, ","c1":"#5a5d02","l2":"63, ","c2":"#cf8a11","l3":"167, ","c3":"#119efc","l4":"267, ","c4":"#7b3aa8","l5":"N3","c5":"#b20b42"},"geometry":{"type":"Point","coordinates":[18.628996,54.349827]}},{"type":"Feature","properties":{"lines":"10, 12, 63","arr":["10","12","63","167","267","N3"],"mode":"tram","angle":-15.3,"side":-1,"extra":1,"ei":3,"l0":"10, ","c0":"#119efc","l1":"12, ","c1":"#5a5d02","l2":"63, ","c2":"#cf8a11","l3":"167, ","c3":"#119efc","l4":"267, ","c4":"#7b3aa8","l5":"N3","c5":"#b20b42"},"geometry":{"type":"Point","coordinates":[18.625867,54.349336]}},{"type":"Feature","properties":{"lines":"10, 12, 63","arr":["10","12","63","167","267","N3"],"mode":"tram","angle":-4,"side":-1,"extra":1,"ei":4,"l0":"10, ","c0":"#119efc","l1":"12, ","c1":"#5a5d02","l2":"63, ","c2":"#cf8a11","l3":"167, ","c3":"#119efc","l4":"267, ","c4":"#7b3aa8","l5":"N3","c5":"#b20b42"},"geometry":{"type":"Point","coordinates":[18.619472,54.348817]}},{"type":"Feature","properties":{"lines":"10, 12, 63","arr":["10","12","63","167","267","N3"],"mode":"tram","angle":5.9,"side":-1,"extra":1,"ei":5,"l0":"10, ","c0":"#119efc","l1":"12, ","c1":"#5a5d02","l2":"63, ","c2":"#cf8a11","l3":"167, ","c3":"#119efc","l4":"267, ","c4":"#7b3aa8","l5":"N3","c5":"#b20b42"},"geometry":{"type":"Point","coordinates":[18.616239,54.348818]}},{"type":"Feature","properties":{"lines":"10, 12, 63","arr":["10","12","63","167","267","N3"],"mode":"tram","angle":5.6,"side":-1,"extra":1,"ei":6,"l0":"10, ","c0":"#119efc","l1":"12, ","c1":"#5a5d02","l2":"63, ","c2":"#cf8a11","l3":"167, ","c3":"#119efc","l4":"267, ","c4":"#7b3aa8","l5":"N3","c5":"#b20b42"},"geometry":{"type":"Point","coordinates":[18.613014,54.349006]}},{"type":"Feature","properties":{"lines":"10, 12, 63","arr":["10","12","63","167","267","N3"],"mode":"tram","angle":-6.4,"side":-1,"extra":1,"ei":7,"l0":"10, ","c0":"#119efc","l1":"12, ","c1":"#5a5d02","l2":"63, ","c2":"#cf8a11","l3":"167, ","c3":"#119efc","l4":"267, ","c4":"#7b3aa8","l5":"N3","c5":"#b20b42"},"geometry":{"type":"Point","coordinates":[18.609786,54.349113]}},{"type":"Feature","properties":{"lines":"10, 12, 63","arr":["10","12","63","168","174","175","195"],"mode":"tram","angle":-43.8,"l0":"10, ","c0":"#119efc","l1":"12, ","c1":"#5a5d02","l2":"63, ","c2":"#cf8a11","l3":"168, ","c3":"#076734","l4":"174, ","c4":"#7c5001","l5":"175, ","c5":"#79a620","l6":"195","c6":"#ff627e"},"geometry":{"type":"Point","coordinates":[18.606901,54.347897]}},{"type":"Feature","properties":{"lines":"10, 12, 63","arr":["10","12","63","115","162","168","227","262"],"mode":"tram","angle":36.1,"l0":"10, ","c0":"#119efc","l1":"12, ","c1":"#5a5d02","l2":"63, ","c2":"#cf8a11","l3":"115, ","c3":"#4d4aba","l4":"162, ","c4":"#e16cd6","l5":"168, ","c5":"#076734","l6":"227, ","c6":"#e47e2b","l7":"262","c7":"#07ad80"},"geometry":{"type":"Point","coordinates":[18.600561,54.349331]}},{"type":"Feature","properties":{"lines":"10, 12, 63","arr":["10","12","63","115","162","168","227","262"],"mode":"tram","angle":63.9,"extra":1,"ei":0,"l0":"10, ","c0":"#119efc","l1":"12, ","c1":"#5a5d02","l2":"63, ","c2":"#cf8a11","l3":"115, ","c3":"#4d4aba","l4":"162, ","c4":"#e16cd6","l5":"168, ","c5":"#076734","l6":"227, ","c6":"#e47e2b","l7":"262","c7":"#07ad80"},"geometry":{"type":"Point","coordinates":[18.602246,54.348331]}},{"type":"Feature","properties":{"lines":"10, 12, 63","arr":["10","12","63","162","227","262","283","N16"],"mode":"tram","angle":62.4,"l0":"10, ","c0":"#119efc","l1":"12, ","c1":"#5a5d02","l2":"63, ","c2":"#cf8a11","l3":"162, ","c3":"#e16cd6","l4":"227, ","c4":"#e47e2b","l5":"262, ","c5":"#07ad80","l6":"283, ","c6":"#1da8b6","l7":"N16","c7":"#7c5001"},"geometry":{"type":"Point","coordinates":[18.59058,54.353159]}},{"type":"Feature","properties":{"lines":"10, 12, 63","arr":["10","12","63","162","227","262","283","N16"],"mode":"tram","angle":19.6,"extra":1,"ei":0,"l0":"10, ","c0":"#119efc","l1":"12, ","c1":"#5a5d02","l2":"63, ","c2":"#cf8a11","l3":"162, ","c3":"#e16cd6","l4":"227, ","c4":"#e47e2b","l5":"262, ","c5":"#07ad80","l6":"283, ","c6":"#1da8b6","l7":"N16","c7":"#7c5001"},"geometry":{"type":"Point","coordinates":[18.594933,54.350604]}},{"type":"Feature","properties":{"lines":"10, 12, 63","arr":["10","12","63","162","227","262","283","N16"],"mode":"tram","angle":48.8,"extra":1,"ei":1,"l0":"10, ","c0":"#119efc","l1":"12, ","c1":"#5a5d02","l2":"63, ","c2":"#cf8a11","l3":"162, ","c3":"#e16cd6","l4":"227, ","c4":"#e47e2b","l5":"262, ","c5":"#07ad80","l6":"283, ","c6":"#1da8b6","l7":"N16","c7":"#7c5001"},"geometry":{"type":"Point","coordinates":[18.592143,54.351508]}},{"type":"Feature","properties":{"lines":"10, 12, 63","arr":["10","12","63","162","227","262","283","N16"],"mode":"tram","angle":62.5,"extra":1,"ei":2,"l0":"10, ","c0":"#119efc","l1":"12, ","c1":"#5a5d02","l2":"63, ","c2":"#cf8a11","l3":"162, ","c3":"#e16cd6","l4":"227, ","c4":"#e47e2b","l5":"262, ","c5":"#07ad80","l6":"283, ","c6":"#1da8b6","l7":"N16","c7":"#7c5001"},"geometry":{"type":"Point","coordinates":[18.589081,54.354833]}},{"type":"Feature","properties":{"lines":"10, 12, 63","arr":["10","12","63","162","227","262","283","N16"],"mode":"tram","angle":62.2,"extra":1,"ei":3,"l0":"10, ","c0":"#119efc","l1":"12, ","c1":"#5a5d02","l2":"63, ","c2":"#cf8a11","l3":"162, ","c3":"#e16cd6","l4":"227, ","c4":"#e47e2b","l5":"262, ","c5":"#07ad80","l6":"283, ","c6":"#1da8b6","l7":"N16","c7":"#7c5001"},"geometry":{"type":"Point","coordinates":[18.587578,54.356506]}},{"type":"Feature","properties":{"lines":"10, 12, 63","arr":["10","12","63","127","130","131","162","184","210","227","262","283","N2","N6","N16"],"mode":"tram","angle":30.2,"side":-1,"l0":"10, ","c0":"#119efc","l1":"12, ","c1":"#5a5d02","l2":"63, ","c2":"#cf8a11","l3":"127, ","c3":"#126804","l4":"130, ","c4":"#ff627e","l5":"131, ","c5":"#7b3aa8","l6":"162, ","c6":"#e16cd6","l7":"184, ","c7":"#999f01","l8":"210, ","c8":"#02af5a","l9":"227, ","c9":"#e47e2b","l10":"262, ","c10":"#07ad80","l11":"283, ","c11":"#1da8b6","l12":"N2, ","c12":"#119efc","l13":"N6, ","c13":"#05617d","l14":"N16","c14":"#7c5001"},"geometry":{"type":"Point","coordinates":[18.58628,54.357514]}},{"type":"Feature","properties":{"lines":"10, 12, 63","arr":["10","12","63","127","130","131","184","210","227","283","N2","N6","N16"],"mode":"tram","angle":-2.6,"side":-1,"l0":"10, ","c0":"#119efc","l1":"12, ","c1":"#5a5d02","l2":"63, ","c2":"#cf8a11","l3":"127, ","c3":"#126804","l4":"130, ","c4":"#ff627e","l5":"131, ","c5":"#7b3aa8","l6":"184, ","c6":"#999f01","l7":"210, ","c7":"#02af5a","l8":"227, ","c8":"#e47e2b","l9":"283, ","c9":"#1da8b6","l10":"N2, ","c10":"#119efc","l11":"N6, ","c11":"#05617d","l12":"N16","c12":"#7c5001"},"geometry":{"type":"Point","coordinates":[18.583829,54.357659]}},{"type":"Feature","properties":{"lines":"10, 12, 63","arr":["10","12","63","127","130","131","184","210","227","283","N2","N6"],"mode":"tram","angle":5,"side":-1,"l0":"10, ","c0":"#119efc","l1":"12, ","c1":"#5a5d02","l2":"63, ","c2":"#cf8a11","l3":"127, ","c3":"#126804","l4":"130, ","c4":"#ff627e","l5":"131, ","c5":"#7b3aa8","l6":"184, ","c6":"#999f01","l7":"210, ","c7":"#02af5a","l8":"227, ","c8":"#e47e2b","l9":"283, ","c9":"#1da8b6","l10":"N2, ","c10":"#119efc","l11":"N6","c11":"#05617d"},"geometry":{"type":"Point","coordinates":[18.581208,54.357648]}},{"type":"Feature","properties":{"lines":"12","arr":["12","148","227","N6","N14"],"mode":"tram","angle":62.2,"l0":"12, ","c0":"#5a5d02","l1":"148, ","c1":"#119efc","l2":"227, ","c2":"#e47e2b","l3":"N6, ","c3":"#05617d","l4":"N14","c4":"#b0045c"},"geometry":{"type":"Point","coordinates":[18.585769,54.418112]}},{"type":"Feature","properties":{"lines":"12","arr":["12","148","227","N6","N14"],"mode":"tram","angle":54.4,"extra":1,"ei":0,"l0":"12, ","c0":"#5a5d02","l1":"148, ","c1":"#119efc","l2":"227, ","c2":"#e47e2b","l3":"N6, ","c3":"#05617d","l4":"N14","c4":"#b0045c"},"geometry":{"type":"Point","coordinates":[18.584654,54.419176]}},{"type":"Feature","properties":{"lines":"12","arr":["12","148","227","N6","N14"],"mode":"tram","angle":80.8,"mi":1,"l0":"12, ","c0":"#5a5d02","l1":"148, ","c1":"#119efc","l2":"227, ","c2":"#e47e2b","l3":"N6, ","c3":"#05617d","l4":"N14","c4":"#b0045c"},"geometry":{"type":"Point","coordinates":[18.587613,54.413707]}},{"type":"Feature","properties":{"lines":"12","arr":["12","148","227","N6","N14"],"mode":"tram","angle":84,"extra":1,"ei":0,"l0":"12, ","c0":"#5a5d02","l1":"148, ","c1":"#119efc","l2":"227, ","c2":"#e47e2b","l3":"N6, ","c3":"#05617d","l4":"N14","c4":"#b0045c"},"geometry":{"type":"Point","coordinates":[18.58789,54.412346]}},{"type":"Feature","properties":{"lines":"12","arr":["12","148","199","227","N6","N14"],"mode":"tram","angle":84.2,"l0":"12, ","c0":"#5a5d02","l1":"148, ","c1":"#119efc","l2":"199, ","c2":"#c17aef","l3":"227, ","c3":"#e47e2b","l4":"N6, ","c4":"#05617d","l5":"N14","c5":"#b0045c"},"geometry":{"type":"Point","coordinates":[18.588109,54.411025]}},{"type":"Feature","properties":{"lines":"106, 138, 158, 258, 600, 658","arr":["106","138","158","258","600","658"],"mode":"bus","angle":76.2,"l0":"106, ","c0":"#10a5d2","l1":"138, ","c1":"#066559","l2":"158, ","c2":"#4d4aba","l3":"258, ","c3":"#02af5a","l4":"600, ","c4":"#cf8a11","l5":"658","c5":"#b0045c"},"geometry":{"type":"Point","coordinates":[18.679787,54.378434]}},{"type":"Feature","properties":{"lines":"127, 130, 155, 268, N6","arr":["127","130","155","268","N6"],"mode":"bus","angle":62.5,"l0":"127, ","c0":"#126804","l1":"130, ","c1":"#ff627e","l2":"155, ","c2":"#999f01","l3":"268, ","c3":"#19a9a8","l4":"N6","c4":"#05617d"},"geometry":{"type":"Point","coordinates":[18.550912,54.349111]}},{"type":"Feature","properties":{"lines":"127, 162, 184, 262, N2, N6","arr":["127","162","184","262","N2","N6"],"mode":"bus","angle":15.7,"l0":"127, ","c0":"#126804","l1":"162, ","c1":"#e16cd6","l2":"184, ","c2":"#999f01","l3":"262, ","c3":"#07ad80","l4":"N2, ","c4":"#119efc","l5":"N6","c5":"#05617d"},"geometry":{"type":"Point","coordinates":[18.590631,54.361355]}},{"type":"Feature","properties":{"lines":"158, 258, 600, 658, N6","arr":["158","258","600","658","N6"],"mode":"bus","angle":78.8,"l0":"158, ","c0":"#4d4aba","l1":"258, ","c1":"#02af5a","l2":"600, ","c2":"#cf8a11","l3":"658, ","c3":"#b0045c","l4":"N6","c4":"#05617d"},"geometry":{"type":"Point","coordinates":[18.651047,54.388045]}},{"type":"Feature","properties":{"lines":"169, 179, 210, 269, N1","arr":["169","179","210","269","N1"],"mode":"bus","angle":52.5,"l0":"169, ","c0":"#fe6761","l1":"179, ","c1":"#11a2e3","l2":"210, ","c2":"#02af5a","l3":"269, ","c3":"#066559","l4":"N1","c4":"#7c5001"},"geometry":{"type":"Point","coordinates":[18.479485,54.416041]}},{"type":"Feature","properties":{"lines":"169, 171, 179, 210, N1","arr":["169","171","179","210","N1"],"mode":"bus","angle":-51.5,"l0":"169, ","c0":"#fe6761","l1":"171, ","c1":"#4d4aba","l2":"179, ","c2":"#11a2e3","l3":"210, ","c3":"#02af5a","l4":"N1","c4":"#7c5001"},"geometry":{"type":"Point","coordinates":[18.47781,54.429426]}},{"type":"Feature","properties":{"lines":"27, 109, 121, 152, 192, 203, 209","arr":["27","109","121","152","192","203","209"],"mode":"bus","angle":-58.1,"l0":"27, ","c0":"#02af5a","l1":"109, ","c1":"#11a2e3","l2":"121, ","c2":"#7c5001","l3":"152, ","c3":"#9789ff","l4":"192, ","c4":"#992492","l5":"203, ","c5":"#fe6761","l6":"209","c6":"#04664a"},"geometry":{"type":"Point","coordinates":[18.534857,54.491563]}},{"type":"Feature","properties":{"lines":"83, 84, 86, 173, J, M","arr":["83","84","86","173","J","M"],"mode":"bus","angle":28,"l0":"83, ","c0":"#08859d","l1":"84, ","c1":"#fe6761","l2":"86, ","c2":"#c17aef","l3":"173, ","c3":"#8e4604","l4":"J, ","c4":"#b0045c","l5":"M","c5":"#126804"},"geometry":{"type":"Point","coordinates":[18.40422,54.577058]}},{"type":"Feature","properties":{"lines":"144, 177, 185, 187, 287","arr":["144","177","185","187","287"],"mode":"bus","angle":72.3,"l0":"144, ","c0":"#05617d","l1":"177, ","c1":"#ff5e9b","l2":"185, ","c2":"#5a5d02","l3":"187, ","c3":"#b11526","l4":"287","c4":"#9789ff"},"geometry":{"type":"Point","coordinates":[18.556541,54.441824]}},{"type":"Feature","properties":{"lines":"21, 177, 181, G, S","arr":["21","177","181","G","S"],"mode":"bus","angle":85,"l0":"21, ","c0":"#095d97","l1":"177, ","c1":"#ff5e9b","l2":"181, ","c2":"#1da8b6","l3":"G, ","c3":"#0a8a66","l4":"S","c4":"#b59607"},"geometry":{"type":"Point","coordinates":[18.561946,54.431154]}},{"type":"Feature","properties":{"lines":"150, 190, 192, N20, N40, N94","arr":["150","190","192","N20","N40","N94"],"mode":"bus","angle":-85,"l0":"150, ","c0":"#b20b42","l1":"190, ","c1":"#b59607","l2":"192, ","c2":"#992492","l3":"N20, ","c3":"#e16cd6","l4":"N40, ","c4":"#79a620","l5":"N94","c5":"#126804"},"geometry":{"type":"Point","coordinates":[18.507633,54.493715]}}]}