{"type":"FeatureCollection","features":[{"type":"Feature","geometry":{"type":"Point","coordinates":[18.645703,54.356977]},"properties":{"name":"Dworzec Główny","lines":"100","arr":["100"],"terminus":1,"mode":"bus","color":"#0059a9","colorDark":"#00294f","angle":272.7,"snapDist":10,"label":1}},{"type":"Feature","geometry":{"type":"Point","coordinates":[18.645319,54.355227]},"properties":{"name":"Dworzec Główny","lines":"100, N1, N4, N14, T8","arr":["100","N1","N4","N14","T8"],"terminus":0,"mode":"bus","color":"#0059a9","colorDark":"#00294f","angle":277.8,"snapDist":10,"label":0}},{"type":"Feature","geometry":{"type":"Point","coordinates":[18.644122,54.35178]},"properties":{"name":"Hucisko","lines":"100, 130, 167, 183, 184, 199, 210, 267, N3, N6, N16","arr":["100","130","167","183","184","199","210","267","N3","N6","N16"],"terminus":0,"mode":"bus","color":"#0059a9","colorDark":"#00294f","angle":178.1,"snapDist":7,"label":1}},{"type":"Feature","geometry":{"type":"Point","coordinates":[18.649069,54.351473]},"properties":{"name":"Targ Drzewny","lines":"100","arr":["100"],"terminus":0,"mode":"bus","color":"#0059a9","colorDark":"#00294f","angle":210,"snapDist":4,"label":1}},{"type":"Feature","geometry":{"type":"Point","coordinates":[18.652654,54.351729]},"properties":{"name":"Szeroka","lines":"100","arr":["100"],"terminus":0,"mode":"bus","color":"#0059a9","colorDark":"#00294f","angle":94.8,"snapDist":3,"label":1}},{"type":"Feature","geometry":{"type":"Point","coordinates":[18.656682,54.353759]},"properties":{"name":"Tartaczna","lines":"100","arr":["100"],"terminus":1,"mode":"bus","color":"#0059a9","colorDark":"#00294f","angle":171,"snapDist":4,"label":1}},{"type":"Feature","geometry":{"type":"Point","coordinates":[18.662316,54.354951]},"properties":{"name":"Most Wapienniczy","lines":"100","arr":["100"],"terminus":0,"mode":"bus","color":"#0059a9","colorDark":"#00294f","angle":69,"snapDist":6,"label":1}},{"type":"Feature","geometry":{"type":"Point","coordinates":[18.658915,54.357566]},"properties":{"name":"Muzeum II Wojny Światowej","lines":"100, 106, 130, 208, 600","arr":["100","106","130","208","600"],"terminus":0,"mode":"bus","color":"#0059a9","colorDark":"#00294f","angle":23.9,"snapDist":5,"label":0}},{"type":"Feature","geometry":{"type":"Point","coordinates":[18.652067,54.358441]},"properties":{"name":"Aksamitna","lines":"100, 130, 208","arr":["100","130","208"],"terminus":0,"mode":"bus","color":"#0059a9","colorDark":"#00294f","angle":358.7,"snapDist":7,"label":1}},{"type":"Feature","geometry":{"type":"Point","coordinates":[18.647662,54.359341]},"properties":{"name":"Plac Solidarności","lines":"100, 108, 111, 112, 123, 130, 138, 154, 166, 167, 178, 184, 186, 189, 199, 208, 212, 289, 600, 606, N6","arr":["100","108","111","112","123","130","138","154","166","167","178","184","186","189","199","208","212","289","600","606","N6"],"terminus":0,"mode":"bus","color":"#0059a9","colorDark":"#00294f","angle":290.9,"snapDist":13,"label":1}},{"type":"Feature","geometry":{"type":"Point","coordinates":[18.659337,54.357441]},"properties":{"name":"Muzeum II Wojny Światowej","lines":"106, 130, 208, 600","arr":["106","130","208","600"],"terminus":1,"mode":"bus","color":"#0059a9","colorDark":"#00294f","angle":207.6,"snapDist":7,"label":1}},{"type":"Feature","geometry":{"type":"Point","coordinates":[18.65568,54.358608]},"properties":{"name":"Rybaki Górne","lines":"106, 600","arr":["106","600"],"terminus":0,"mode":"bus","color":"#0059a9","colorDark":"#00294f","angle":120.5,"snapDist":6,"label":1}},{"type":"Feature","geometry":{"type":"Point","coordinates":[18.650056,54.362878]},"properties":{"name":"Europejskie Centrum Solidarności","lines":"106","arr":["106"],"terminus":0,"mode":"bus","color":"#0059a9","colorDark":"#00294f","angle":38.6,"snapDist":5,"label":1}},{"type":"Feature","geometry":{"type":"Point","coordinates":[18.645569,54.356302]},"properties":{"name":"Dworzec Główny","lines":"106, 111, 112, 138, 166, 186, 212, 600, 606, N8, N9","arr":["106","111","112","138","166","186","212","600","606","N8","N9"],"terminus":0,"mode":"bus","color":"#0059a9","colorDark":"#00294f","angle":277.5,"snapDist":10,"label":0}},{"type":"Feature","geometry":{"type":"Point","coordinates":[18.645814,54.350292]},"properties":{"name":"Brama Wyżynna","lines":"106, 108, 111, 112, 123, 132, 138, 154, 166, 178, 183, 186, 189, 208, 212, 289, 606, M32, N1, N4, N5, N8, N9, N14, N56, N78, N89, T8","arr":["106","108","111","112","123","132","138","154","166","178","183","186","189","208","212","289","606","M32","N1","N4","N5","N8","N9","N14","N56","N78","N89","T8"],"terminus":0,"mode":"bus","color":"#0059a9","colorDark":"#00294f","angle":282.4,"snapDist":7,"label":1}},{"type":"Feature","geometry":{"type":"Point","coordinates":[18.648842,54.344511]},"properties":{"name":"Muzeum Narodowe","lines":"106, 111, N9, N78","arr":["106","111","N9","N78"],"terminus":0,"mode":"bus","color":"#0059a9","colorDark":"#00294f","angle":208.2,"snapDist":5,"label":1}},{"type":"Feature","geometry":{"type":"Point","coordinates":[18.652699,54.342698]},"properties":{"name":"Ożdżyńskiego","lines":"106, 111, N9, N78","arr":["106","111","N9","N78"],"terminus":0,"mode":"bus","color":"#0059a9","colorDark":"#00294f","angle":223.4,"snapDist":7,"label":1}},{"type":"Feature","geometry":{"type":"Point","coordinates":[18.655317,54.341231]},"properties":{"name":"Dobra","lines":"106, 111, N9, N78","arr":["106","111","N9","N78"],"terminus":0,"mode":"bus","color":"#0059a9","colorDark":"#00294f","angle":228.2,"snapDist":4,"label":1}},{"type":"Feature","geometry":{"type":"Point","coordinates":[18.657935,54.340595]},"properties":{"name":"Wróbla","lines":"106, 111, N9, N78","arr":["106","111","N9","N78"],"terminus":0,"mode":"bus","color":"#0059a9","colorDark":"#00294f","angle":141.2,"snapDist":3,"label":1}},{"type":"Feature","geometry":{"type":"Point","coordinates":[18.6627,54.343326]},"properties":{"name":"Chłodna","lines":"106, 111, N9, N78","arr":["106","111","N9","N78"],"terminus":0,"mode":"bus","color":"#0059a9","colorDark":"#00294f","angle":105.8,"snapDist":3,"label":1}},{"type":"Feature","geometry":{"type":"Point","coordinates":[18.6637,54.345297]},"properties":{"name":"Akademia Muzyczna","lines":"106, 111, 138, N9, N78","arr":["106","111","138","N9","N78"],"terminus":0,"mode":"bus","color":"#0059a9","colorDark":"#00294f","angle":107.6,"snapDist":3,"label":1}},{"type":"Feature","geometry":{"type":"Point","coordinates":[18.663118,54.3473]},"properties":{"name":"Długie Ogrody","lines":"106, 111, 138, N9, N78","arr":["106","111","138","N9","N78"],"terminus":0,"mode":"bus","color":"#0059a9","colorDark":"#00294f","angle":71.8,"snapDist":3,"label":1}},{"type":"Feature","geometry":{"type":"Point","coordinates":[18.668077,54.348283]},"properties":{"name":"Brama Żuławska","lines":"106, 111, 138, N9, N78","arr":["106","111","138","N9","N78"],"terminus":0,"mode":"bus","color":"#0059a9","colorDark":"#00294f","angle":165,"snapDist":6,"label":1}},{"type":"Feature","geometry":{"type":"Point","coordinates":[18.673603,54.349032]},"properties":{"name":"Mostek","lines":"106, 111, 112, 138, 166, 178, 186, 212, N8, N9, N78","arr":["106","111","112","138","166","178","186","212","N8","N9","N78"],"terminus":0,"mode":"bus","color":"#0059a9","colorDark":"#00294f","angle":169.1,"snapDist":9,"label":1}},{"type":"Feature","geometry":{"type":"Point","coordinates":[18.684251,54.348912]},"properties":{"name":"Miałki Szlak","lines":"106, 111, 112, 138, 166, 186, 212, N8, N9, T8","arr":["106","111","112","138","166","186","212","N8","N9","T8"],"terminus":0,"mode":"bus","color":"#0059a9","colorDark":"#00294f","angle":184.4,"snapDist":9,"label":1}},{"type":"Feature","geometry":{"type":"Point","coordinates":[18.6921,54.349001]},"properties":{"name":"Węzeł Elbląska","lines":"106, 111, 112, 138, 166, 186, 212, N8, N9, T8","arr":["106","111","112","138","166","186","212","N8","N9","T8"],"terminus":0,"mode":"bus","color":"#0059a9","colorDark":"#00294f","angle":168.2,"snapDist":9,"label":1}},{"type":"Feature","geometry":{"type":"Point","coordinates":[18.690548,54.359841]},"properties":{"name":"Sucharskiego","lines":"106, 111, 138, 158, 258, 911, N8, T8","arr":["106","111","138","158","258","911","N8","T8"],"terminus":0,"mode":"bus","color":"#0059a9","colorDark":"#00294f","angle":333.5,"snapDist":7,"label":1}},{"type":"Feature","geometry":{"type":"Point","coordinates":[18.686848,54.357961]},"properties":{"name":"Lenartowicza","lines":"106, 111, 138, 911, N8","arr":["106","111","138","911","N8"],"terminus":0,"mode":"bus","color":"#0059a9","colorDark":"#00294f","angle":318.7,"snapDist":8,"label":1}},{"type":"Feature","geometry":{"type":"Point","coordinates":[18.683424,54.357413]},"properties":{"name":"Przeróbka","lines":"106, 111, 138, 911, N8","arr":["106","111","138","911","N8"],"terminus":0,"mode":"bus","color":"#0059a9","colorDark":"#00294f","angle":14.7,"snapDist":6,"label":1}},{"type":"Feature","geometry":{"type":"Point","coordinates":[18.679469,54.356766]},"properties":{"name":"Siennicka","lines":"106, 111, 911, N8","arr":["106","111","911","N8"],"terminus":1,"mode":"bus","color":"#0059a9","colorDark":"#00294f","angle":278.3,"snapDist":6,"label":1}},{"type":"Feature","geometry":{"type":"Point","coordinates":[18.682176,54.357151]},"properties":{"name":"Przeróbka","lines":"106, 111, 138, 911, N8","arr":["106","111","138","911","N8"],"terminus":0,"mode":"bus","color":"#0059a9","colorDark":"#00294f","angle":135,"snapDist":5,"label":0}},{"type":"Feature","geometry":{"type":"Point","coordinates":[18.686191,54.357625]},"properties":{"name":"Lenartowicza","lines":"106, 111, 138, 911, N8","arr":["106","111","138","911","N8"],"terminus":0,"mode":"bus","color":"#0059a9","colorDark":"#00294f","angle":138.7,"snapDist":8,"label":0}},{"type":"Feature","geometry":{"type":"Point","coordinates":[18.690884,54.359672]},"properties":{"name":"Sucharskiego","lines":"106, 111, 138, 911, N8, T8","arr":["106","111","138","911","N8","T8"],"terminus":0,"mode":"bus","color":"#0059a9","colorDark":"#00294f","angle":160.9,"snapDist":9,"label":0}},{"type":"Feature","geometry":{"type":"Point","coordinates":[18.691884,54.360845]},"properties":{"name":"Wosia Budzysza","lines":"106, 158, 258","arr":["106","158","258"],"terminus":0,"mode":"bus","color":"#0059a9","colorDark":"#00294f","angle":69.9,"snapDist":6,"label":1}},{"type":"Feature","geometry":{"type":"Point","coordinates":[18.692386,54.366872]},"properties":{"name":"Andruszkiewicza","lines":"106, 158, 258","arr":["106","158","258"],"terminus":0,"mode":"bus","color":"#0059a9","colorDark":"#00294f","angle":350.6,"snapDist":8,"label":1}},{"type":"Feature","geometry":{"type":"Point","coordinates":[18.688796,54.374408]},"properties":{"name":"Dambka","lines":"106, 158, 258","arr":["106","158","258"],"terminus":0,"mode":"bus","color":"#0059a9","colorDark":"#00294f","angle":149,"snapDist":7,"label":1}},{"type":"Feature","geometry":{"type":"Point","coordinates":[18.689046,54.379679]},"properties":{"name":"Grabarczyka","lines":"106, 138, 158, 258","arr":["106","138","158","258"],"terminus":0,"mode":"bus","color":"#0059a9","colorDark":"#00294f","angle":359.5,"snapDist":5,"label":1}},{"type":"Feature","geometry":{"type":"Point","coordinates":[18.6826,54.37647]},"properties":{"name":"Sucharskiego - PKP","lines":"106, 138, 158, 258","arr":["106","138","158","258"],"terminus":0,"mode":"bus","color":"#0059a9","colorDark":"#00294f","angle":57.9,"snapDist":10,"label":1}},{"type":"Feature","geometry":{"type":"Point","coordinates":[18.680483,54.38024]},"properties":{"name":"Ku Ujściu","lines":"106, 600, 606","arr":["106","600","606"],"terminus":0,"mode":"bus","color":"#0059a9","colorDark":"#00294f","angle":118.6,"snapDist":6,"label":1}},{"type":"Feature","geometry":{"type":"Point","coordinates":[18.688322,54.395002]},"properties":{"name":"Pokładowa","lines":"106, 138","arr":["106","138"],"terminus":0,"mode":"bus","color":"#0059a9","colorDark":"#00294f","angle":94.4,"snapDist":3,"label":1}},{"type":"Feature","geometry":{"type":"Point","coordinates":[18.68279,54.40345]},"properties":{"name":"Muzeum Westerplatte – Terminal Promowy","lines":"106, 138, 600, 606","arr":["106","138","600","606"],"terminus":1,"mode":"bus","color":"#0059a9","colorDark":"#00294f","angle":44.8,"snapDist":6,"label":1}},{"type":"Feature","geometry":{"type":"Point","coordinates":[18.682575,54.403]},"properties":{"name":"Muzeum Westerplatte – Terminal Promowy","lines":"106, 138, 600, 606","arr":["106","138","600","606"],"terminus":0,"mode":"bus","color":"#0059a9","colorDark":"#00294f","angle":232.6,"snapDist":7,"label":0}},{"type":"Feature","geometry":{"type":"Point","coordinates":[18.688285,54.394722]},"properties":{"name":"Pokładowa","lines":"106, 138","arr":["106","138"],"terminus":0,"mode":"bus","color":"#0059a9","colorDark":"#00294f","angle":274.4,"snapDist":6,"label":0}},{"type":"Feature","geometry":{"type":"Point","coordinates":[18.679595,54.377433]},"properties":{"name":"Ku Ujściu","lines":"106, 138, 158, 258, 606","arr":["106","138","158","258","606"],"terminus":0,"mode":"bus","color":"#0059a9","colorDark":"#00294f","angle":245.1,"snapDist":12,"label":0}},{"type":"Feature","geometry":{"type":"Point","coordinates":[18.683382,54.371846]},"properties":{"name":"Sucharskiego - PKP","lines":"106, 158, 258","arr":["106","158","258"],"terminus":0,"mode":"bus","color":"#0059a9","colorDark":"#00294f","angle":247.3,"snapDist":6,"label":1}},{"type":"Feature","geometry":{"type":"Point","coordinates":[18.690372,54.362144]},"properties":{"name":"Andruszkiewicza","lines":"106, 158, 258","arr":["106","158","258"],"terminus":0,"mode":"bus","color":"#0059a9","colorDark":"#00294f","angle":250.5,"snapDist":6,"label":1}},{"type":"Feature","geometry":{"type":"Point","coordinates":[18.69069,54.34895]},"properties":{"name":"Węzeł Elbląska","lines":"106, 111, 112, 138, 166, 186, 212, N8, N9, T8","arr":["106","111","112","138","166","186","212","N8","N9","T8"],"terminus":0,"mode":"bus","color":"#0059a9","colorDark":"#00294f","angle":354.3,"snapDist":9,"label":0}},{"type":"Feature","geometry":{"type":"Point","coordinates":[18.680176,54.349213]},"properties":{"name":"Miałki Szlak","lines":"106, 111, 112, 138, 166, 178, 186, 212, N8, N9, N78, T8","arr":["106","111","112","138","166","178","186","212","N8","N9","N78","T8"],"terminus":0,"mode":"bus","color":"#0059a9","colorDark":"#00294f","angle":5,"snapDist":6,"label":1}},{"type":"Feature","geometry":{"type":"Point","coordinates":[18.674433,54.349238]},"properties":{"name":"Mostek","lines":"106, 111, 112, 138, 166, 178, 186, 212, N8, N9, N78","arr":["106","111","112","138","166","178","186","212","N8","N9","N78"],"terminus":0,"mode":"bus","color":"#0059a9","colorDark":"#00294f","angle":353.1,"snapDist":14,"label":0}},{"type":"Feature","geometry":{"type":"Point","coordinates":[18.669211,54.348678]},"properties":{"name":"Brama Żuławska","lines":"106, 111, N9, N78","arr":["106","111","N9","N78"],"terminus":0,"mode":"bus","color":"#0059a9","colorDark":"#00294f","angle":348.7,"snapDist":5,"label":0}},{"type":"Feature","geometry":{"type":"Point","coordinates":[18.663755,54.347742]},"properties":{"name":"Długie Ogrody","lines":"106, 111, N9, N78","arr":["106","111","N9","N78"],"terminus":0,"mode":"bus","color":"#0059a9","colorDark":"#00294f","angle":346.7,"snapDist":4,"label":0}},{"type":"Feature","geometry":{"type":"Point","coordinates":[18.662656,54.343235]},"properties":{"name":"Chłodna","lines":"106, 111, N9, N78","arr":["106","111","N9","N78"],"terminus":0,"mode":"bus","color":"#0059a9","colorDark":"#00294f","angle":285.8,"snapDist":7,"label":0}},{"type":"Feature","geometry":{"type":"Point","coordinates":[18.657918,54.340587]},"properties":{"name":"Wróbla","lines":"106, 111, N9, N78","arr":["106","111","N9","N78"],"terminus":0,"mode":"bus","color":"#0059a9","colorDark":"#00294f","angle":321.2,"snapDist":2,"label":0}},{"type":"Feature","geometry":{"type":"Point","coordinates":[18.655541,54.341086]},"properties":{"name":"Dobra","lines":"106, 111, N9, N78","arr":["106","111","N9","N78"],"terminus":0,"mode":"bus","color":"#0059a9","colorDark":"#00294f","angle":48.2,"snapDist":6,"label":0}},{"type":"Feature","geometry":{"type":"Point","coordinates":[18.652363,54.342878]},"properties":{"name":"Ożdżyńskiego","lines":"106, 111, N9, N78","arr":["106","111","N9","N78"],"terminus":0,"mode":"bus","color":"#0059a9","colorDark":"#00294f","angle":42.1,"snapDist":4,"label":0}},{"type":"Feature","geometry":{"type":"Point","coordinates":[18.648114,54.34472]},"properties":{"name":"Muzeum Narodowe","lines":"106, 111, N9, N78","arr":["106","111","N9","N78"],"terminus":0,"mode":"bus","color":"#0059a9","colorDark":"#00294f","angle":25.2,"snapDist":6,"label":0}},{"type":"Feature","geometry":{"type":"Point","coordinates":[18.645467,54.345588]},"properties":{"name":"Toruńska","lines":"106, 108, 111, 123, 132, 154, 183, 189, 208, 289, M32, N1, N4, N9, N56, N78, N89","arr":["106","108","111","123","132","154","183","189","208","289","M32","N1","N4","N9","N56","N78","N89"],"terminus":0,"mode":"bus","color":"#0059a9","colorDark":"#00294f","angle":93.8,"snapDist":9,"label":1}},{"type":"Feature","geometry":{"type":"Point","coordinates":[18.64636,54.350681]},"properties":{"name":"Brama Wyżynna","lines":"106, 111, 112, 123, 132, 138, 154, 166, 178, 186, 189, 212, 289, M32, N1, N4, N5, N56, N89, T8","arr":["106","111","112","123","132","138","154","166","178","186","189","212","289","M32","N1","N4","N5","N56","N89","T8"],"terminus":0,"mode":"bus","color":"#0059a9","colorDark":"#00294f","angle":101.8,"snapDist":10,"label":0}},{"type":"Feature","geometry":{"type":"Point","coordinates":[18.645749,54.355277]},"properties":{"name":"Dworzec Główny","lines":"106, 108, 111, 112, 123, 132, 138, 154, 166, 167, 178, 184, 186, 189, 199, 208, 212, 289, 606, M32, N3, N6, N8, N16, N56, T8","arr":["106","108","111","112","123","132","138","154","166","167","178","184","186","189","199","208","212","289","606","M32","N3","N6","N8","N16","N56","T8"],"terminus":1,"mode":"bus","color":"#0059a9","colorDark":"#00294f","angle":98.4,"snapDist":5,"label":0}},{"type":"Feature","geometry":{"type":"Point","coordinates":[18.647297,54.358416]},"properties":{"name":"Plac Solidarności","lines":"106, 108, 111, 112, 123, 130, 138, 154, 166, 167, 178, 184, 186, 189, 199, 208, 212, 267, 289, 600, 606, N6","arr":["106","108","111","112","123","130","138","154","166","167","178","184","186","189","199","208","212","267","289","600","606","N6"],"terminus":0,"mode":"bus","color":"#0059a9","colorDark":"#00294f","angle":113.3,"snapDist":9,"label":0}},{"type":"Feature","geometry":{"type":"Point","coordinates":[18.651399,54.362252]},"properties":{"name":"Europejskie Centrum Solidarności","lines":"106, 130, 600","arr":["106","130","600"],"terminus":0,"mode":"bus","color":"#0059a9","colorDark":"#00294f","angle":218.7,"snapDist":9,"label":0}},{"type":"Feature","geometry":{"type":"Point","coordinates":[18.655838,54.358193]},"properties":{"name":"Rybaki Górne","lines":"106, 130, 208, 600","arr":["106","130","208","600"],"terminus":0,"mode":"bus","color":"#0059a9","colorDark":"#00294f","angle":197.7,"snapDist":9,"label":0}},{"type":"Feature","geometry":{"type":"Point","coordinates":[18.650973,54.247361]},"properties":{"name":"Pruszcz Gdański Komarowo","lines":"107, 507","arr":["107","507"],"terminus":1,"mode":"bus","color":"#0059a9","colorDark":"#00294f","angle":49.7,"snapDist":7,"label":1}},{"type":"Feature","geometry":{"type":"Point","coordinates":[18.648991,54.253482]},"properties":{"name":"Pruszcz Gdański Bohaterów Monte Cassino","lines":"107, 507","arr":["107","507"],"terminus":0,"mode":"bus","color":"#0059a9","colorDark":"#00294f","angle":95.4,"snapDist":5,"label":1}},{"type":"Feature","geometry":{"type":"Point","coordinates":[18.649369,54.258015]},"properties":{"name":"Pruszcz Gdański Dąbrowskiego","lines":"107, 507","arr":["107","507"],"terminus":0,"mode":"bus","color":"#0059a9","colorDark":"#00294f","angle":154.3,"snapDist":4,"label":1}},{"type":"Feature","geometry":{"type":"Point","coordinates":[18.651877,54.256787]},"properties":{"name":"Pruszcz Gdański Powstanców Warszawy/Drzymały","lines":"107, 507, 607","arr":["107","507","607"],"terminus":0,"mode":"bus","color":"#0059a9","colorDark":"#00294f","angle":216.7,"snapDist":13,"label":1}},{"type":"Feature","geometry":{"type":"Point","coordinates":[18.659819,54.255692]},"properties":{"name":"Pruszcz Gdański Powstańców Warszawy/Plater","lines":"107","arr":["107"],"terminus":0,"mode":"bus","color":"#0059a9","colorDark":"#00294f","angle":189.6,"snapDist":6,"label":1}},{"type":"Feature","geometry":{"type":"Point","coordinates":[18.672226,54.255025]},"properties":{"name":"Pruszcz Gdański Powstańców Warszawy/Gałczyńskiego","lines":"107","arr":["107"],"terminus":0,"mode":"bus","color":"#0059a9","colorDark":"#00294f","angle":100.8,"snapDist":5,"label":1}},{"type":"Feature","geometry":{"type":"Point","coordinates":[18.673551,54.259163]},"properties":{"name":"Pruszcz Gdański Osiedle Wschód","lines":"107, 507, 607","arr":["107","507","607"],"terminus":0,"mode":"bus","color":"#0059a9","colorDark":"#00294f","angle":103.5,"snapDist":6,"label":1}},{"type":"Feature","geometry":{"type":"Point","coordinates":[18.674895,54.263034]},"properties":{"name":"Pruszcz Gdański Wysockiego","lines":"107, 607","arr":["107","607"],"terminus":0,"mode":"bus","color":"#0059a9","colorDark":"#00294f","angle":100.3,"snapDist":6,"label":1}},{"type":"Feature","geometry":{"type":"Point","coordinates":[18.670192,54.264385]},"properties":{"name":"Pruszcz Gdański Broniewskiego","lines":"107, 607","arr":["107","607"],"terminus":0,"mode":"bus","color":"#0059a9","colorDark":"#00294f","angle":11,"snapDist":6,"label":1}},{"type":"Feature","geometry":{"type":"Point","coordinates":[18.667218,54.265291]},"properties":{"name":"Pruszcz Gdański Kopernika/Kasprowicza","lines":"107, 607","arr":["107","607"],"terminus":0,"mode":"bus","color":"#0059a9","colorDark":"#00294f","angle":142.6,"snapDist":10,"label":1}},{"type":"Feature","geometry":{"type":"Point","coordinates":[18.672762,54.268004]},"properties":{"name":"Pruszcz Gdański Kopernika/Wagnera","lines":"107, 607","arr":["107","607"],"terminus":0,"mode":"bus","color":"#0059a9","colorDark":"#00294f","angle":140.7,"snapDist":6,"label":1}},{"type":"Feature","geometry":{"type":"Point","coordinates":[18.662316,54.265275]},"properties":{"name":"Pruszcz Gdański Osiedle Kasprowicza","lines":"107, 507, 607","arr":["107","507","607"],"terminus":0,"mode":"bus","color":"#0059a9","colorDark":"#00294f","angle":12,"snapDist":8,"label":1}},{"type":"Feature","geometry":{"type":"Point","coordinates":[18.656274,54.265982]},"properties":{"name":"Pruszcz Gdański Obrońców Westerplatte","lines":"107, 507, 607","arr":["107","507","607"],"terminus":0,"mode":"bus","color":"#0059a9","colorDark":"#00294f","angle":10,"snapDist":8,"label":1}},{"type":"Feature","geometry":{"type":"Point","coordinates":[18.652325,54.267183]},"properties":{"name":"Pruszcz Gdański Osiedle Piastowskie","lines":"107, 607, N5","arr":["107","607","N5"],"terminus":1,"mode":"bus","color":"#0059a9","colorDark":"#00294f","angle":41.7,"snapDist":8,"label":1}},{"type":"Feature","geometry":{"type":"Point","coordinates":[18.640395,54.270081]},"properties":{"name":"Pruszcz Gdański Przemysłowa","lines":"107","arr":["107"],"terminus":0,"mode":"bus","color":"#0059a9","colorDark":"#00294f","angle":197.6,"snapDist":5,"label":1}},{"type":"Feature","geometry":{"type":"Point","coordinates":[18.645369,54.258036]},"properties":{"name":"Pruszcz Gdański Pruszcz Gdański Dworzec","lines":"107","arr":["107"],"terminus":0,"mode":"bus","color":"#0059a9","colorDark":"#00294f","angle":295.3,"snapDist":4,"label":0}},{"type":"Feature","geometry":{"type":"Point","coordinates":[18.638367,54.25081]},"properties":{"name":"Pruszcz Gdański Łukasiewicza","lines":"107","arr":["107"],"terminus":0,"mode":"bus","color":"#0059a9","colorDark":"#00294f","angle":346.9,"snapDist":5,"label":1}},{"type":"Feature","geometry":{"type":"Point","coordinates":[18.633027,54.25105]},"properties":{"name":"Pruszcz Gdański Nowowiejskiego","lines":"107, 132, 307","arr":["107","132","307"],"terminus":0,"mode":"bus","color":"#0059a9","colorDark":"#00294f","angle":92.2,"snapDist":12,"label":1}},{"type":"Feature","geometry":{"type":"Point","coordinates":[18.632516,54.255739]},"properties":{"name":"Pruszcz Gdański Faktoria","lines":"107, 132, 607","arr":["107","132","607"],"terminus":0,"mode":"bus","color":"#0059a9","colorDark":"#00294f","angle":110.2,"snapDist":4,"label":1}},{"type":"Feature","geometry":{"type":"Point","coordinates":[18.62715,54.25886]},"properties":{"name":"Pruszcz Gdański Obrońców Wybrzeża","lines":"107, 132, 607","arr":["107","132","607"],"terminus":0,"mode":"bus","color":"#0059a9","colorDark":"#00294f","angle":8.7,"snapDist":4,"label":1}},{"type":"Feature","geometry":{"type":"Point","coordinates":[18.625597,54.262468]},"properties":{"name":"Pruszcz Gdański Cicha (Cmentarz)","lines":"107, 132, 607","arr":["107","132","607"],"terminus":0,"mode":"bus","color":"#0059a9","colorDark":"#00294f","angle":101.2,"snapDist":5,"label":1}},{"type":"Feature","geometry":{"type":"Point","coordinates":[18.626457,54.266939]},"properties":{"name":"Pruszcz Gdański Rondo Kaszubskie","lines":"107, 132, 607","arr":["107","132","607"],"terminus":1,"mode":"bus","color":"#0059a9","colorDark":"#00294f","angle":39.4,"snapDist":8,"label":1}},{"type":"Feature","geometry":{"type":"Point","coordinates":[18.624396,54.269041]},"properties":{"name":"Pruszcz Gdański Rogozińskiego","lines":"107, 607","arr":["107","607"],"terminus":0,"mode":"bus","color":"#0059a9","colorDark":"#00294f","angle":134.4,"snapDist":6,"label":1}},{"type":"Feature","geometry":{"type":"Point","coordinates":[18.628116,54.267915]},"properties":{"name":"Pruszcz Gdański Osiedle Bursztynowe","lines":"107, 607","arr":["107","607"],"terminus":0,"mode":"bus","color":"#0059a9","colorDark":"#00294f","angle":214.2,"snapDist":7,"label":1}},{"type":"Feature","geometry":{"type":"Point","coordinates":[18.628112,54.266149]},"properties":{"name":"Pruszcz Gdański Rondo Kaszubskie","lines":"107, 132, N5","arr":["107","132","N5"],"terminus":0,"mode":"bus","color":"#0059a9","colorDark":"#00294f","angle":219.5,"snapDist":11,"label":0}},{"type":"Feature","geometry":{"type":"Point","coordinates":[18.634482,54.264935]},"properties":{"name":"Pruszcz Gdański Pogotowie Ratunkowe","lines":"107, 132, N5","arr":["107","132","N5"],"terminus":0,"mode":"bus","color":"#0059a9","colorDark":"#00294f","angle":181.5,"snapDist":8,"label":1}},{"type":"Feature","geometry":{"type":"Point","coordinates":[18.635402,54.263499]},"properties":{"name":"Pruszcz Gdański Wojska Polskiego","lines":"107, N5","arr":["107","N5"],"terminus":0,"mode":"bus","color":"#0059a9","colorDark":"#00294f","angle":282.6,"snapDist":6,"label":1}},{"type":"Feature","geometry":{"type":"Point","coordinates":[18.638718,54.261826]},"properties":{"name":"Pruszcz Gdański Chopina/Waląga","lines":"107, 307, M32","arr":["107","307","M32"],"terminus":0,"mode":"bus","color":"#0059a9","colorDark":"#00294f","angle":193.1,"snapDist":10,"label":1}},{"type":"Feature","geometry":{"type":"Point","coordinates":[18.64509,54.25825]},"properties":{"name":"Pruszcz Gdański Pruszcz Gdański Dworzec","lines":"107, 307, M32","arr":["107","307","M32"],"terminus":1,"mode":"bus","color":"#0059a9","colorDark":"#00294f","angle":341,"snapDist":5,"label":1}},{"type":"Feature","geometry":{"type":"Point","coordinates":[18.636207,54.262625]},"properties":{"name":"Pruszcz Gdański Krótka - Dom Wiedemanna","lines":"107, 607, M32, N5","arr":["107","607","M32","N5"],"terminus":0,"mode":"bus","color":"#0059a9","colorDark":"#00294f","angle":90.9,"snapDist":10,"label":1}},{"type":"Feature","geometry":{"type":"Point","coordinates":[18.634573,54.264934]},"properties":{"name":"Pruszcz Gdański Pogotowie Ratunkowe","lines":"107, 132, N5","arr":["107","132","N5"],"terminus":0,"mode":"bus","color":"#0059a9","colorDark":"#00294f","angle":1.6,"snapDist":10,"label":0}},{"type":"Feature","geometry":{"type":"Point","coordinates":[18.627775,54.266843]},"properties":{"name":"Pruszcz Gdański Rondo Kaszubskie","lines":"107","arr":["107"],"terminus":0,"mode":"bus","color":"#0059a9","colorDark":"#00294f","angle":122.1,"snapDist":4,"label":0}},{"type":"Feature","geometry":{"type":"Point","coordinates":[18.624113,54.268177]},"properties":{"name":"Pruszcz Gdański Rondo Bursztynowe","lines":"107, 132","arr":["107","132"],"terminus":0,"mode":"bus","color":"#0059a9","colorDark":"#00294f","angle":-137.2,"snapDist":11,"label":1}},{"type":"Feature","geometry":{"type":"Point","coordinates":[18.625926,54.263377]},"properties":{"name":"Pruszcz Gdański Cicha (Cmentarz)","lines":"107, 132, 607","arr":["107","132","607"],"terminus":0,"mode":"bus","color":"#0059a9","colorDark":"#00294f","angle":281.5,"snapDist":6,"label":0}},{"type":"Feature","geometry":{"type":"Point","coordinates":[18.625247,54.261263]},"properties":{"name":"Pruszcz Gdański Cyprysowa","lines":"107, 132, 607","arr":["107","132","607"],"terminus":0,"mode":"bus","color":"#0059a9","colorDark":"#00294f","angle":279,"snapDist":5,"label":1}},{"type":"Feature","geometry":{"type":"Point","coordinates":[18.627911,54.25879]},"properties":{"name":"Pruszcz Gdański Obrońców Wybrzeża","lines":"107, 132, 607","arr":["107","132","607"],"terminus":0,"mode":"bus","color":"#0059a9","colorDark":"#00294f","angle":189.3,"snapDist":8,"label":0}},{"type":"Feature","geometry":{"type":"Point","coordinates":[18.632266,54.255344]},"properties":{"name":"Pruszcz Gdański Faktoria","lines":"107, 132, 307, 607","arr":["107","132","307","607"],"terminus":0,"mode":"bus","color":"#0059a9","colorDark":"#00294f","angle":290.4,"snapDist":5,"label":0}},{"type":"Feature","geometry":{"type":"Point","coordinates":[18.637044,54.250634]},"properties":{"name":"Pruszcz Gdański Łukasiewicza","lines":"107","arr":["107"],"terminus":0,"mode":"bus","color":"#0059a9","colorDark":"#00294f","angle":167.2,"snapDist":5,"label":0}},{"type":"Feature","geometry":{"type":"Point","coordinates":[18.645487,54.258182]},"properties":{"name":"Pruszcz Gdański Pruszcz Gdański Dworzec","lines":"107, 307, M32","arr":["107","307","M32"],"terminus":0,"mode":"bus","color":"#0059a9","colorDark":"#00294f","angle":115.3,"snapDist":4,"label":0}},{"type":"Feature","geometry":{"type":"Point","coordinates":[18.640392,54.270081]},"properties":{"name":"Pruszcz Gdański Przemysłowa","lines":"107","arr":["107"],"terminus":0,"mode":"bus","color":"#0059a9","colorDark":"#00294f","angle":17.6,"snapDist":5,"label":0}},{"type":"Feature","geometry":{"type":"Point","coordinates":[18.652235,54.267229]},"properties":{"name":"Pruszcz Gdański Osiedle Piastowskie","lines":"107, 607, N5","arr":["107","607","N5"],"terminus":0,"mode":"bus","color":"#0059a9","colorDark":"#00294f","angle":220,"snapDist":10,"label":0}},{"type":"Feature","geometry":{"type":"Point","coordinates":[18.657283,54.265871]},"properties":{"name":"Pruszcz Gdański Obrońców Westerplatte","lines":"107, 507, 607","arr":["107","507","607"],"terminus":0,"mode":"bus","color":"#0059a9","colorDark":"#00294f","angle":190.2,"snapDist":8,"label":0}},{"type":"Feature","geometry":{"type":"Point","coordinates":[18.663361,54.265145]},"properties":{"name":"Pruszcz Gdański Osiedle Kasprowicza","lines":"107, 507, 607","arr":["107","507","607"],"terminus":0,"mode":"bus","color":"#0059a9","colorDark":"#00294f","angle":192,"snapDist":11,"label":0}},{"type":"Feature","geometry":{"type":"Point","coordinates":[18.67052,54.264348]},"properties":{"name":"Pruszcz Gdański Broniewskiego","lines":"107, 607","arr":["107","607"],"terminus":0,"mode":"bus","color":"#0059a9","colorDark":"#00294f","angle":190.5,"snapDist":9,"label":0}},{"type":"Feature","geometry":{"type":"Point","coordinates":[18.674882,54.262993]},"properties":{"name":"Pruszcz Gdański Wysockiego","lines":"107, 607","arr":["107","607"],"terminus":0,"mode":"bus","color":"#0059a9","colorDark":"#00294f","angle":280.3,"snapDist":6,"label":0}},{"type":"Feature","geometry":{"type":"Point","coordinates":[18.673666,54.259409]},"properties":{"name":"Pruszcz Gdański Osiedle Wschód","lines":"107, 507, 607","arr":["107","507","607"],"terminus":0,"mode":"bus","color":"#0059a9","colorDark":"#00294f","angle":285.3,"snapDist":8,"label":0}},{"type":"Feature","geometry":{"type":"Point","coordinates":[18.671192,54.254602]},"properties":{"name":"Pruszcz Gdański Powstańców Warszawy/Gałczyńskiego","lines":"107","arr":["107"],"terminus":0,"mode":"bus","color":"#0059a9","colorDark":"#00294f","angle":8.8,"snapDist":11,"label":0}},{"type":"Feature","geometry":{"type":"Point","coordinates":[18.657765,54.255887]},"properties":{"name":"Pruszcz Gdański Powstańców Warszawy/Plater","lines":"107, 507, 607","arr":["107","507","607"],"terminus":0,"mode":"bus","color":"#0059a9","colorDark":"#00294f","angle":9.8,"snapDist":9,"label":0}},{"type":"Feature","geometry":{"type":"Point","coordinates":[18.649115,54.257979]},"properties":{"name":"Pruszcz Gdański Dąbrowskiego","lines":"107, 507","arr":["107","507"],"terminus":0,"mode":"bus","color":"#0059a9","colorDark":"#00294f","angle":308.5,"snapDist":10,"label":0}},{"type":"Feature","geometry":{"type":"Point","coordinates":[18.648975,54.253396]},"properties":{"name":"Pruszcz Gdański Bohaterów Monte Cassino","lines":"107, 507","arr":["107","507"],"terminus":0,"mode":"bus","color":"#0059a9","colorDark":"#00294f","angle":277.5,"snapDist":5,"label":0}},{"type":"Feature","geometry":{"type":"Point","coordinates":[18.645672,54.361583]},"properties":{"name":"Jana z Kolna","lines":"108, 111, 112, 123, 132, 138, 154, 166, 167, 178, 184, 186, 189, 199, 210, 212, 267, 289, 606","arr":["108","111","112","123","132","138","154","166","167","178","184","186","189","199","210","212","267","289","606"],"terminus":1,"mode":"bus","color":"#0059a9","colorDark":"#00294f","angle":218.7,"snapDist":5,"label":1}},{"type":"Feature","geometry":{"type":"Point","coordinates":[18.645239,54.354883]},"properties":{"name":"Dworzec Główny","lines":"108, 132, 154, 189, 208, 289, M32, N5, N56, N89","arr":["108","132","154","189","208","289","M32","N5","N56","N89"],"terminus":1,"mode":"bus","color":"#0059a9","colorDark":"#00294f","angle":277.8,"snapDist":10,"label":1}},{"type":"Feature","geometry":{"type":"Point","coordinates":[18.645178,54.344641]},"properties":{"name":"Toruńska","lines":"108, 132, 154, 189, 208, 289, M32, N1, N4, N56, N89","arr":["108","132","154","189","208","289","M32","N1","N4","N56","N89"],"terminus":0,"mode":"bus","color":"#0059a9","colorDark":"#00294f","angle":273.3,"snapDist":10,"label":0}},{"type":"Feature","geometry":{"type":"Point","coordinates":[18.641574,54.341744]},"properties":{"name":"Zaroślak","lines":"108, 208, N4","arr":["108","208","N4"],"terminus":0,"mode":"bus","color":"#0059a9","colorDark":"#00294f","angle":303.5,"snapDist":7,"label":1}},{"type":"Feature","geometry":{"type":"Point","coordinates":[18.63547,54.340955]},"properties":{"name":"Cmentarna","lines":"108, 208, N4","arr":["108","208","N4"],"terminus":0,"mode":"bus","color":"#0059a9","colorDark":"#00294f","angle":41.3,"snapDist":4,"label":1}},{"type":"Feature","geometry":{"type":"Point","coordinates":[18.631749,54.343215]},"properties":{"name":"Stoczniowców","lines":"108, 208, N4","arr":["108","208","N4"],"terminus":0,"mode":"bus","color":"#0059a9","colorDark":"#00294f","angle":47.5,"snapDist":7,"label":1}},{"type":"Feature","geometry":{"type":"Point","coordinates":[18.628421,54.342251]},"properties":{"name":"Wronki","lines":"108, 208, N4","arr":["108","208","N4"],"terminus":0,"mode":"bus","color":"#0059a9","colorDark":"#00294f","angle":270,"snapDist":7,"label":1}},{"type":"Feature","geometry":{"type":"Point","coordinates":[18.626334,54.340903]},"properties":{"name":"Worcella","lines":"108, 208, N4","arr":["108","208","N4"],"terminus":0,"mode":"bus","color":"#0059a9","colorDark":"#00294f","angle":266,"snapDist":9,"label":1}},{"type":"Feature","geometry":{"type":"Point","coordinates":[18.626206,54.337619]},"properties":{"name":"Chełm Cienista","lines":"108, 208, 227, N4","arr":["108","208","227","N4"],"terminus":0,"mode":"bus","color":"#0059a9","colorDark":"#00294f","angle":352.2,"snapDist":8,"label":0}},{"type":"Feature","geometry":{"type":"Point","coordinates":[18.617248,54.338194]},"properties":{"name":"Sikorskiego","lines":"108, 208, 227, N4, N14","arr":["108","208","227","N4","N14"],"terminus":0,"mode":"bus","color":"#0059a9","colorDark":"#00294f","angle":348.2,"snapDist":4,"label":1}},{"type":"Feature","geometry":{"type":"Point","coordinates":[18.613511,54.337124]},"properties":{"name":"Kopeckiego","lines":"108","arr":["108"],"terminus":0,"mode":"bus","color":"#0059a9","colorDark":"#00294f","angle":196.4,"snapDist":5,"label":1}},{"type":"Feature","geometry":{"type":"Point","coordinates":[18.615922,54.333974]},"properties":{"name":"Chełm Więckowskiego","lines":"108","arr":["108"],"terminus":1,"mode":"bus","color":"#0059a9","colorDark":"#00294f","angle":273.9,"snapDist":6,"label":1}},{"type":"Feature","geometry":{"type":"Point","coordinates":[18.61298,54.337214]},"properties":{"name":"Kopeckiego","lines":"108","arr":["108"],"terminus":0,"mode":"bus","color":"#0059a9","colorDark":"#00294f","angle":14.8,"snapDist":5,"label":0}},{"type":"Feature","geometry":{"type":"Point","coordinates":[18.620279,54.338115]},"properties":{"name":"Sikorskiego","lines":"108, 208, 227, N4","arr":["108","208","227","N4"],"terminus":0,"mode":"bus","color":"#0059a9","colorDark":"#00294f","angle":181.9,"snapDist":6,"label":0}},{"type":"Feature","geometry":{"type":"Point","coordinates":[18.626873,54.33826]},"properties":{"name":"Chełm Cienista","lines":"108, 208, N4","arr":["108","208","N4"],"terminus":0,"mode":"bus","color":"#0059a9","colorDark":"#00294f","angle":61.2,"snapDist":11,"label":0}},{"type":"Feature","geometry":{"type":"Point","coordinates":[18.626307,54.34115]},"properties":{"name":"Worcella","lines":"108, 208, N4","arr":["108","208","N4"],"terminus":0,"mode":"bus","color":"#0059a9","colorDark":"#00294f","angle":86.4,"snapDist":3,"label":0}},{"type":"Feature","geometry":{"type":"Point","coordinates":[18.630512,54.342547]},"properties":{"name":"Reformacka","lines":"108, 208, N4","arr":["108","208","N4"],"terminus":0,"mode":"bus","color":"#0059a9","colorDark":"#00294f","angle":89.5,"snapDist":4,"label":1}},{"type":"Feature","geometry":{"type":"Point","coordinates":[18.63572,54.340827]},"properties":{"name":"Cmentarna","lines":"108, 208, N4","arr":["108","208","N4"],"terminus":0,"mode":"bus","color":"#0059a9","colorDark":"#00294f","angle":221.3,"snapDist":6,"label":0}},{"type":"Feature","geometry":{"type":"Point","coordinates":[18.641814,54.341955]},"properties":{"name":"Zaroślak","lines":"108, 208, N4","arr":["108","208","N4"],"terminus":0,"mode":"bus","color":"#0059a9","colorDark":"#00294f","angle":123.6,"snapDist":8,"label":0}},{"type":"Feature","geometry":{"type":"Point","coordinates":[18.646308,54.350536]},"properties":{"name":"Brama Wyżynna","lines":"108, 183, 208, 606, N8, N9, N14, N78","arr":["108","183","208","606","N8","N9","N14","N78"],"terminus":0,"mode":"bus","color":"#0059a9","colorDark":"#00294f","angle":101.8,"snapDist":10,"label":0}},{"type":"Feature","geometry":{"type":"Point","coordinates":[18.603376,54.382124]},"properties":{"name":"Wrzeszcz PKP","lines":"110, 116, 126, 136, 157, 158, 162, 258, N3","arr":["110","116","126","136","157","158","162","258","N3"],"terminus":1,"mode":"bus","color":"#0059a9","colorDark":"#00294f","angle":238.1,"snapDist":0,"label":1}},{"type":"Feature","geometry":{"type":"Point","coordinates":[18.604384,54.381276]},"properties":{"name":"Wrzeszcz PKP","lines":"110, 116, 126, 136, 149, 157, N3","arr":["110","116","126","136","149","157","N3"],"terminus":0,"mode":"bus","color":"#0059a9","colorDark":"#00294f","angle":134.2,"snapDist":4,"label":0}},{"type":"Feature","geometry":{"type":"Point","coordinates":[18.597002,54.382136]},"properties":{"name":"Galeria Bałtycka","lines":"110, 116, 126, 136, 149, 157, 227, N3","arr":["110","116","126","136","149","157","227","N3"],"terminus":0,"mode":"bus","color":"#0059a9","colorDark":"#00294f","angle":313.2,"snapDist":9,"label":1}},{"type":"Feature","geometry":{"type":"Point","coordinates":[18.587816,54.379131]},"properties":{"name":"Zabytkowa","lines":"110, 126, 157, 227, N3","arr":["110","126","157","227","N3"],"terminus":0,"mode":"bus","color":"#0059a9","colorDark":"#00294f","angle":329.1,"snapDist":7,"label":1}},{"type":"Feature","geometry":{"type":"Point","coordinates":[18.579031,54.378091]},"properties":{"name":"Cmentarz Srebrzysko","lines":"110, 126, 157, 227, N3","arr":["110","126","157","227","N3"],"terminus":0,"mode":"bus","color":"#0059a9","colorDark":"#00294f","angle":357,"snapDist":6,"label":1}},{"type":"Feature","geometry":{"type":"Point","coordinates":[18.572676,54.377364]},"properties":{"name":"Niedźwiednik PKM","lines":"110, 116, 126, 136, 157, 227, N3","arr":["110","116","126","136","157","227","N3"],"terminus":0,"mode":"bus","color":"#0059a9","colorDark":"#00294f","angle":334.5,"snapDist":7,"label":1}},{"type":"Feature","geometry":{"type":"Point","coordinates":[18.566619,54.373683]},"properties":{"name":"Potokowa","lines":"110, 126, 157, 210, N3","arr":["110","126","157","210","N3"],"terminus":0,"mode":"bus","color":"#0059a9","colorDark":"#00294f","angle":306.6,"snapDist":8,"label":1}},{"type":"Feature","geometry":{"type":"Point","coordinates":[18.555598,54.370962]},"properties":{"name":"Słowackiego Działki","lines":"110, 126, 157, 210, N3","arr":["110","126","157","210","N3"],"terminus":0,"mode":"bus","color":"#0059a9","colorDark":"#00294f","angle":30.1,"snapDist":6,"label":1}},{"type":"Feature","geometry":{"type":"Point","coordinates":[18.524943,54.376475]},"properties":{"name":"Harfowa","lines":"110, 126, 157, 210, N3","arr":["110","126","157","210","N3"],"terminus":0,"mode":"bus","color":"#0059a9","colorDark":"#00294f","angle":1.2,"snapDist":8,"label":1}},{"type":"Feature","geometry":{"type":"Point","coordinates":[18.521936,54.374759]},"properties":{"name":"Złota Karczma","lines":"110","arr":["110"],"terminus":0,"mode":"bus","color":"#0059a9","colorDark":"#00294f","angle":258.7,"snapDist":6,"label":1}},{"type":"Feature","geometry":{"type":"Point","coordinates":[18.522186,54.372396]},"properties":{"name":"Mjr Słabego","lines":"110","arr":["110"],"terminus":0,"mode":"bus","color":"#0059a9","colorDark":"#00294f","angle":98.3,"snapDist":2,"label":1}},{"type":"Feature","geometry":{"type":"Point","coordinates":[18.521859,54.374986]},"properties":{"name":"Złota Karczma","lines":"110","arr":["110"],"terminus":0,"mode":"bus","color":"#0059a9","colorDark":"#00294f","angle":78.7,"snapDist":5,"label":0}},{"type":"Feature","geometry":{"type":"Point","coordinates":[18.507553,54.376732]},"properties":{"name":"Agrarna","lines":"110, 120, 210, N3","arr":["110","120","210","N3"],"terminus":0,"mode":"bus","color":"#0059a9","colorDark":"#00294f","angle":11.6,"snapDist":7,"label":1}},{"type":"Feature","geometry":{"type":"Point","coordinates":[18.503916,54.37718]},"properties":{"name":"Astronautów","lines":"110, 120, 210, N3","arr":["110","120","210","N3"],"terminus":0,"mode":"bus","color":"#0059a9","colorDark":"#00294f","angle":11.5,"snapDist":5,"label":1}},{"type":"Feature","geometry":{"type":"Point","coordinates":[18.488904,54.378952]},"properties":{"name":"Firoga PKM","lines":"110, 120, 210, N3","arr":["110","120","210","N3"],"terminus":0,"mode":"bus","color":"#0059a9","colorDark":"#00294f","angle":11.2,"snapDist":8,"label":1}},{"type":"Feature","geometry":{"type":"Point","coordinates":[18.486038,54.384557]},"properties":{"name":"Wojnarskiego","lines":"110","arr":["110"],"terminus":0,"mode":"bus","color":"#0059a9","colorDark":"#00294f","angle":81.9,"snapDist":7,"label":1}},{"type":"Feature","geometry":{"type":"Point","coordinates":[18.482161,54.388977]},"properties":{"name":"Klukowo","lines":"110","arr":["110"],"terminus":0,"mode":"bus","color":"#0059a9","colorDark":"#00294f","angle":88,"snapDist":6,"label":1}},{"type":"Feature","geometry":{"type":"Point","coordinates":[18.475579,54.389971]},"properties":{"name":"Radiowa","lines":"110, 210","arr":["110","210"],"terminus":0,"mode":"bus","color":"#0059a9","colorDark":"#00294f","angle":17.2,"snapDist":7,"label":1}},{"type":"Feature","geometry":{"type":"Point","coordinates":[18.470683,54.385676]},"properties":{"name":"Spadochroniarzy","lines":"110, 210","arr":["110","210"],"terminus":0,"mode":"bus","color":"#0059a9","colorDark":"#00294f","angle":294.8,"snapDist":8,"label":1}},{"type":"Feature","geometry":{"type":"Point","coordinates":[18.467691,54.382751]},"properties":{"name":"Port Lotniczy","lines":"110, N3","arr":["110","N3"],"terminus":1,"mode":"bus","color":"#0059a9","colorDark":"#00294f","angle":201.9,"snapDist":2,"label":1}},{"type":"Feature","geometry":{"type":"Point","coordinates":[18.476044,54.382454]},"properties":{"name":"Terminal - Cargo","lines":"110, 120, 210, N3","arr":["110","120","210","N3"],"terminus":0,"mode":"bus","color":"#0059a9","colorDark":"#00294f","angle":191.4,"snapDist":9,"label":1}},{"type":"Feature","geometry":{"type":"Point","coordinates":[18.483323,54.379824]},"properties":{"name":"Śmigłowa","lines":"110, 120, 210, N3","arr":["110","120","210","N3"],"terminus":0,"mode":"bus","color":"#0059a9","colorDark":"#00294f","angle":227.5,"snapDist":9,"label":1}},{"type":"Feature","geometry":{"type":"Point","coordinates":[18.48846,54.378899]},"properties":{"name":"Firoga PKM","lines":"110, 120, 210, N3","arr":["110","120","210","N3"],"terminus":0,"mode":"bus","color":"#0059a9","colorDark":"#00294f","angle":190.7,"snapDist":10,"label":0}},{"type":"Feature","geometry":{"type":"Point","coordinates":[18.50298,54.377158]},"properties":{"name":"Astronautów","lines":"110, 120, 210, N3","arr":["110","120","210","N3"],"terminus":0,"mode":"bus","color":"#0059a9","colorDark":"#00294f","angle":192.2,"snapDist":8,"label":0}},{"type":"Feature","geometry":{"type":"Point","coordinates":[18.509758,54.376354]},"properties":{"name":"Agrarna","lines":"110, 126, 157, 210, N3","arr":["110","126","157","210","N3"],"terminus":0,"mode":"bus","color":"#0059a9","colorDark":"#00294f","angle":191.9,"snapDist":8,"label":0}},{"type":"Feature","geometry":{"type":"Point","coordinates":[18.523172,54.376138]},"properties":{"name":"Harfowa","lines":"110, 126, 157, 210, N3","arr":["110","126","157","210","N3"],"terminus":0,"mode":"bus","color":"#0059a9","colorDark":"#00294f","angle":180.1,"snapDist":7,"label":0}},{"type":"Feature","geometry":{"type":"Point","coordinates":[18.556323,54.370644]},"properties":{"name":"Słowackiego Działki","lines":"110, 126, 157, 210, N3","arr":["110","126","157","210","N3"],"terminus":0,"mode":"bus","color":"#0059a9","colorDark":"#00294f","angle":206.2,"snapDist":8,"label":0}},{"type":"Feature","geometry":{"type":"Point","coordinates":[18.568673,54.374691]},"properties":{"name":"Potokowa","lines":"110, 116, 126, 136, 157, 227, N3","arr":["110","116","126","136","157","227","N3"],"terminus":0,"mode":"bus","color":"#0059a9","colorDark":"#00294f","angle":119.3,"snapDist":9,"label":0}},{"type":"Feature","geometry":{"type":"Point","coordinates":[18.57456,54.377564]},"properties":{"name":"Niedźwiednik PKM","lines":"110, 126, 157, 227, N3","arr":["110","126","157","227","N3"],"terminus":0,"mode":"bus","color":"#0059a9","colorDark":"#00294f","angle":167.8,"snapDist":7,"label":0}},{"type":"Feature","geometry":{"type":"Point","coordinates":[18.580879,54.378041]},"properties":{"name":"Cmentarz Srebrzysko","lines":"110, 126, 157, 227, N3","arr":["110","126","157","227","N3"],"terminus":0,"mode":"bus","color":"#0059a9","colorDark":"#00294f","angle":177.3,"snapDist":8,"label":0}},{"type":"Feature","geometry":{"type":"Point","coordinates":[18.589919,54.379816]},"properties":{"name":"Zabytkowa","lines":"110, 116, 126, 136, 149, 157, 227, N3","arr":["110","116","126","136","149","157","227","N3"],"terminus":0,"mode":"bus","color":"#0059a9","colorDark":"#00294f","angle":126.6,"snapDist":7,"label":0}},{"type":"Feature","geometry":{"type":"Point","coordinates":[18.598847,54.382996]},"properties":{"name":"Galeria Bałtycka","lines":"110, 116, 126, 136, 149, 157, 158, 162, 199, 258, 262, N2, N3","arr":["110","116","126","136","149","157","158","162","199","258","262","N2","N3"],"terminus":0,"mode":"bus","color":"#0059a9","colorDark":"#00294f","angle":137.9,"snapDist":5,"label":0}},{"type":"Feature","geometry":{"type":"Point","coordinates":[18.681871,54.356399]},"properties":{"name":"Bajki","lines":"111","arr":["111"],"terminus":0,"mode":"bus","color":"#0059a9","colorDark":"#00294f","angle":194.1,"snapDist":6,"label":1}},{"type":"Feature","geometry":{"type":"Point","coordinates":[18.69017,54.35741]},"properties":{"name":"Dickensa","lines":"111","arr":["111"],"terminus":0,"mode":"bus","color":"#0059a9","colorDark":"#00294f","angle":137.3,"snapDist":4,"label":1}},{"type":"Feature","geometry":{"type":"Point","coordinates":[18.697878,54.358759]},"properties":{"name":"Kaczeńce - Sienna","lines":"111, 911","arr":["111","911"],"terminus":0,"mode":"bus","color":"#0059a9","colorDark":"#00294f","angle":171,"snapDist":5,"label":1}},{"type":"Feature","geometry":{"type":"Point","coordinates":[18.705282,54.359114]},"properties":{"name":"Tamka","lines":"111, 911","arr":["111","911"],"terminus":0,"mode":"bus","color":"#0059a9","colorDark":"#00294f","angle":139.8,"snapDist":5,"label":1}},{"type":"Feature","geometry":{"type":"Point","coordinates":[18.710221,54.360754]},"properties":{"name":"Zimna","lines":"111, 158, 258, 911, N8, T8","arr":["111","158","258","911","N8","T8"],"terminus":0,"mode":"bus","color":"#0059a9","colorDark":"#00294f","angle":152.1,"snapDist":8,"label":1}},{"type":"Feature","geometry":{"type":"Point","coordinates":[18.714574,54.361405]},"properties":{"name":"Stogi","lines":"111, 158, 258, 911, N8, T8","arr":["111","158","258","911","N8","T8"],"terminus":0,"mode":"bus","color":"#0059a9","colorDark":"#00294f","angle":169.6,"snapDist":10,"label":0}},{"type":"Feature","geometry":{"type":"Point","coordinates":[18.717873,54.361571]},"properties":{"name":"Kłosowa","lines":"111, 911, N8","arr":["111","911","N8"],"terminus":0,"mode":"bus","color":"#0059a9","colorDark":"#00294f","angle":175,"snapDist":9,"label":1}},{"type":"Feature","geometry":{"type":"Point","coordinates":[18.729634,54.361474]},"properties":{"name":"Sówki","lines":"111, 911, N8","arr":["111","911","N8"],"terminus":0,"mode":"bus","color":"#0059a9","colorDark":"#00294f","angle":188.2,"snapDist":7,"label":1}},{"type":"Feature","geometry":{"type":"Point","coordinates":[18.740746,54.359681]},"properties":{"name":"Steczka","lines":"111, 911, N8","arr":["111","911","N8"],"terminus":0,"mode":"bus","color":"#0059a9","colorDark":"#00294f","angle":199.3,"snapDist":7,"label":1}},{"type":"Feature","geometry":{"type":"Point","coordinates":[18.745766,54.359196]},"properties":{"name":"Kępna","lines":"111, 911, N8","arr":["111","911","N8"],"terminus":0,"mode":"bus","color":"#0059a9","colorDark":"#00294f","angle":196.3,"snapDist":7,"label":1}},{"type":"Feature","geometry":{"type":"Point","coordinates":[18.745477,54.355406]},"properties":{"name":"Górecka","lines":"111, 911, N8","arr":["111","911","N8"],"terminus":0,"mode":"bus","color":"#0059a9","colorDark":"#00294f","angle":290.9,"snapDist":4,"label":1}},{"type":"Feature","geometry":{"type":"Point","coordinates":[18.757949,54.353849]},"properties":{"name":"Baza Manipulacyjna","lines":"111, 911, N8","arr":["111","911","N8"],"terminus":0,"mode":"bus","color":"#0059a9","colorDark":"#00294f","angle":156,"snapDist":4,"label":1}},{"type":"Feature","geometry":{"type":"Point","coordinates":[18.763844,54.355912]},"properties":{"name":"Łęczycka","lines":"111, 911, N8","arr":["111","911","N8"],"terminus":0,"mode":"bus","color":"#0059a9","colorDark":"#00294f","angle":188,"snapDist":6,"label":1}},{"type":"Feature","geometry":{"type":"Point","coordinates":[18.770819,54.35511]},"properties":{"name":"Łowicka","lines":"111, 911, N8","arr":["111","911","N8"],"terminus":0,"mode":"bus","color":"#0059a9","colorDark":"#00294f","angle":193.2,"snapDist":5,"label":1}},{"type":"Feature","geometry":{"type":"Point","coordinates":[18.782144,54.354739]},"properties":{"name":"Górki Zachodnie","lines":"111, 911, N8","arr":["111","911","N8"],"terminus":1,"mode":"bus","color":"#0059a9","colorDark":"#00294f","angle":16.4,"snapDist":4,"label":1}},{"type":"Feature","geometry":{"type":"Point","coordinates":[18.770453,54.35516]},"properties":{"name":"Łowicka","lines":"111, 911, N8","arr":["111","911","N8"],"terminus":0,"mode":"bus","color":"#0059a9","colorDark":"#00294f","angle":13.7,"snapDist":5,"label":0}},{"type":"Feature","geometry":{"type":"Point","coordinates":[18.763245,54.355959]},"properties":{"name":"Łęczycka","lines":"111, 911, N8","arr":["111","911","N8"],"terminus":0,"mode":"bus","color":"#0059a9","colorDark":"#00294f","angle":9.6,"snapDist":4,"label":0}},{"type":"Feature","geometry":{"type":"Point","coordinates":[18.756999,54.353603]},"properties":{"name":"Baza Manipulacyjna","lines":"111, 911, N8","arr":["111","911","N8"],"terminus":0,"mode":"bus","color":"#0059a9","colorDark":"#00294f","angle":336,"snapDist":5,"label":0}},{"type":"Feature","geometry":{"type":"Point","coordinates":[18.745482,54.355413]},"properties":{"name":"Górecka","lines":"111, 911, N8","arr":["111","911","N8"],"terminus":0,"mode":"bus","color":"#0059a9","colorDark":"#00294f","angle":110.9,"snapDist":3,"label":0}},{"type":"Feature","geometry":{"type":"Point","coordinates":[18.747195,54.35896]},"properties":{"name":"Kępna","lines":"111, 911, N8","arr":["111","911","N8"],"terminus":0,"mode":"bus","color":"#0059a9","colorDark":"#00294f","angle":16.3,"snapDist":6,"label":0}},{"type":"Feature","geometry":{"type":"Point","coordinates":[18.740184,54.359796]},"properties":{"name":"Steczka","lines":"111, 911, N8","arr":["111","911","N8"],"terminus":0,"mode":"bus","color":"#0059a9","colorDark":"#00294f","angle":19.3,"snapDist":7,"label":0}},{"type":"Feature","geometry":{"type":"Point","coordinates":[18.730609,54.361406]},"properties":{"name":"Sówki","lines":"111, 911, N8","arr":["111","911","N8"],"terminus":0,"mode":"bus","color":"#0059a9","colorDark":"#00294f","angle":6.2,"snapDist":5,"label":0}},{"type":"Feature","geometry":{"type":"Point","coordinates":[18.717254,54.36154]},"properties":{"name":"Stogi","lines":"111, 911, N8","arr":["111","911","N8"],"terminus":0,"mode":"bus","color":"#0059a9","colorDark":"#00294f","angle":355.1,"snapDist":3,"label":0}},{"type":"Feature","geometry":{"type":"Point","coordinates":[18.710061,54.360705]},"properties":{"name":"Zimna","lines":"111, 158, 258, 911, N8, T8","arr":["111","158","258","911","N8","T8"],"terminus":0,"mode":"bus","color":"#0059a9","colorDark":"#00294f","angle":332.1,"snapDist":9,"label":0}},{"type":"Feature","geometry":{"type":"Point","coordinates":[18.704797,54.362864]},"properties":{"name":"Ugory eMOCja","lines":"111, 158, 258, 911, N8, T8","arr":["111","158","258","911","N8","T8"],"terminus":0,"mode":"bus","color":"#0059a9","colorDark":"#00294f","angle":23.8,"snapDist":3,"label":1}},{"type":"Feature","geometry":{"type":"Point","coordinates":[18.699258,54.3633]},"properties":{"name":"Kaczeńce","lines":"111, 158, 258, 911, N8, T8","arr":["111","158","258","911","N8","T8"],"terminus":0,"mode":"bus","color":"#0059a9","colorDark":"#00294f","angle":333.7,"snapDist":6,"label":1}},{"type":"Feature","geometry":{"type":"Point","coordinates":[18.64433,54.347569]},"properties":{"name":"Śródmieście SKM","lines":"112, 138, 166, 186, 212","arr":["112","138","166","186","212"],"terminus":0,"mode":"bus","color":"#0059a9","colorDark":"#00294f","angle":188.3,"snapDist":5,"label":0}},{"type":"Feature","geometry":{"type":"Point","coordinates":[18.651572,54.346442]},"properties":{"name":"Żabi Kruk","lines":"112, 138, 166, 178, 186, 212, N8, T8","arr":["112","138","166","178","186","212","N8","T8"],"terminus":0,"mode":"bus","color":"#0059a9","colorDark":"#00294f","angle":204.4,"snapDist":7,"label":1}},{"type":"Feature","geometry":{"type":"Point","coordinates":[18.656648,54.345398]},"properties":{"name":"Chmielna","lines":"112, 138, 166, 178, 186, 212, 606, N8, T8","arr":["112","138","166","178","186","212","606","N8","T8"],"terminus":0,"mode":"bus","color":"#0059a9","colorDark":"#00294f","angle":197.3,"snapDist":10,"label":1}},{"type":"Feature","geometry":{"type":"Point","coordinates":[18.664865,54.344604]},"properties":{"name":"Akademia Muzyczna","lines":"112, 166, 178, 186, 212, N8, T8","arr":["112","166","178","186","212","N8","T8"],"terminus":0,"mode":"bus","color":"#0059a9","colorDark":"#00294f","angle":160.8,"snapDist":9,"label":0}},{"type":"Feature","geometry":{"type":"Point","coordinates":[18.66949,54.34746]},"properties":{"name":"Brama Żuławska","lines":"112, 166, 178, 186, 212, 612, N8, T8","arr":["112","166","178","186","212","612","N8","T8"],"terminus":0,"mode":"bus","color":"#0059a9","colorDark":"#00294f","angle":106.4,"snapDist":10,"label":0}},{"type":"Feature","geometry":{"type":"Point","coordinates":[18.703924,54.351232]},"properties":{"name":"Błonia","lines":"112, 166, 186, 212, N9","arr":["112","166","186","212","N9"],"terminus":0,"mode":"bus","color":"#0059a9","colorDark":"#00294f","angle":157.5,"snapDist":9,"label":1}},{"type":"Feature","geometry":{"type":"Point","coordinates":[18.710774,54.351219]},"properties":{"name":"Tarcice","lines":"112, 186, 212, N9","arr":["112","186","212","N9"],"terminus":0,"mode":"bus","color":"#0059a9","colorDark":"#00294f","angle":211.7,"snapDist":9,"label":1}},{"type":"Feature","geometry":{"type":"Point","coordinates":[18.717777,54.347051]},"properties":{"name":"Michałki","lines":"112, 186, 212, N9","arr":["112","186","212","N9"],"terminus":0,"mode":"bus","color":"#0059a9","colorDark":"#00294f","angle":244.1,"snapDist":10,"label":1}},{"type":"Feature","geometry":{"type":"Point","coordinates":[18.723472,54.343203]},"properties":{"name":"Rafineria","lines":"112, 186, 212, N9","arr":["112","186","212","N9"],"terminus":0,"mode":"bus","color":"#0059a9","colorDark":"#00294f","angle":218.2,"snapDist":14,"label":1}},{"type":"Feature","geometry":{"type":"Point","coordinates":[18.738848,54.337436]},"properties":{"name":"Przejazdowo Makro","lines":"112, 212, N9","arr":["112","212","N9"],"terminus":0,"mode":"bus","color":"#0059a9","colorDark":"#00294f","angle":236.5,"snapDist":8,"label":1}},{"type":"Feature","geometry":{"type":"Point","coordinates":[18.74447,54.330008]},"properties":{"name":"Przejazdowo Sezonowa","lines":"112, 212, N9","arr":["112","212","N9"],"terminus":0,"mode":"bus","color":"#0059a9","colorDark":"#00294f","angle":272.2,"snapDist":11,"label":1}},{"type":"Feature","geometry":{"type":"Point","coordinates":[18.746284,54.323347]},"properties":{"name":"Przejazdowo Hotel","lines":"112, N9","arr":["112","N9"],"terminus":0,"mode":"bus","color":"#0059a9","colorDark":"#00294f","angle":260.7,"snapDist":12,"label":1}},{"type":"Feature","geometry":{"type":"Point","coordinates":[18.750603,54.322082]},"properties":{"name":"Przejazdowo Łąkowa","lines":"112, N9","arr":["112","N9"],"terminus":0,"mode":"bus","color":"#0059a9","colorDark":"#00294f","angle":189.7,"snapDist":8,"label":1}},{"type":"Feature","geometry":{"type":"Point","coordinates":[18.762554,54.322003]},"properties":{"name":"Bogatka III","lines":"112, N9","arr":["112","N9"],"terminus":0,"mode":"bus","color":"#0059a9","colorDark":"#00294f","angle":172.3,"snapDist":5,"label":1}},{"type":"Feature","geometry":{"type":"Point","coordinates":[18.776424,54.322326]},"properties":{"name":"Bogatka II","lines":"112, N9","arr":["112","N9"],"terminus":0,"mode":"bus","color":"#0059a9","colorDark":"#00294f","angle":114.1,"snapDist":2,"label":1}},{"type":"Feature","geometry":{"type":"Point","coordinates":[18.783505,54.328275]},"properties":{"name":"Bogatka I","lines":"112, N9","arr":["112","N9"],"terminus":0,"mode":"bus","color":"#0059a9","colorDark":"#00294f","angle":149.2,"snapDist":5,"label":1}},{"type":"Feature","geometry":{"type":"Point","coordinates":[18.802051,54.330675]},"properties":{"name":"Wiślinka Szkoła","lines":"112, 212, N9","arr":["112","212","N9"],"terminus":0,"mode":"bus","color":"#0059a9","colorDark":"#00294f","angle":161.1,"snapDist":11,"label":1}},{"type":"Feature","geometry":{"type":"Point","coordinates":[18.823543,54.33967]},"properties":{"name":"Wiślinka Piaskowa","lines":"112, 186, 212, N9","arr":["112","186","212","N9"],"terminus":0,"mode":"bus","color":"#0059a9","colorDark":"#00294f","angle":72.4,"snapDist":9,"label":1}},{"type":"Feature","geometry":{"type":"Point","coordinates":[18.826237,54.343657]},"properties":{"name":"Sobieszewo","lines":"112, 186, 212, 512, 607, 612, N9","arr":["112","186","212","512","607","612","N9"],"terminus":1,"mode":"bus","color":"#0059a9","colorDark":"#00294f","angle":160.3,"snapDist":4,"label":1}},{"type":"Feature","geometry":{"type":"Point","coordinates":[18.835875,54.343057]},"properties":{"name":"Falowa","lines":"112, 212, 512, N9","arr":["112","212","512","N9"],"terminus":0,"mode":"bus","color":"#0059a9","colorDark":"#00294f","angle":187.4,"snapDist":8,"label":1}},{"type":"Feature","geometry":{"type":"Point","coordinates":[18.839457,54.342785]},"properties":{"name":"Kanałowa","lines":"112, 212, N9","arr":["112","212","N9"],"terminus":0,"mode":"bus","color":"#0059a9","colorDark":"#00294f","angle":179.3,"snapDist":5,"label":1}},{"type":"Feature","geometry":{"type":"Point","coordinates":[18.853244,54.342549]},"properties":{"name":"Turystyczna","lines":"112, 212, N9","arr":["112","212","N9"],"terminus":0,"mode":"bus","color":"#0059a9","colorDark":"#00294f","angle":182.3,"snapDist":6,"label":1}},{"type":"Feature","geometry":{"type":"Point","coordinates":[18.85845,54.342421]},"properties":{"name":"Forsycji","lines":"112, 212, N9","arr":["112","212","N9"],"terminus":0,"mode":"bus","color":"#0059a9","colorDark":"#00294f","angle":182,"snapDist":5,"label":1}},{"type":"Feature","geometry":{"type":"Point","coordinates":[18.86456,54.342356]},"properties":{"name":"Pole Namiotowe","lines":"112, 212, N9","arr":["112","212","N9"],"terminus":0,"mode":"bus","color":"#0059a9","colorDark":"#00294f","angle":180.8,"snapDist":5,"label":1}},{"type":"Feature","geometry":{"type":"Point","coordinates":[18.874009,54.341376]},"properties":{"name":"Lazurowa","lines":"112, 212, N9","arr":["112","212","N9"],"terminus":0,"mode":"bus","color":"#0059a9","colorDark":"#00294f","angle":200.4,"snapDist":6,"label":1}},{"type":"Feature","geometry":{"type":"Point","coordinates":[18.886856,54.340171]},"properties":{"name":"Orlinki","lines":"112, 212, N9","arr":["112","212","N9"],"terminus":0,"mode":"bus","color":"#0059a9","colorDark":"#00294f","angle":190.9,"snapDist":5,"label":1}},{"type":"Feature","geometry":{"type":"Point","coordinates":[18.894493,54.339271]},"properties":{"name":"Kwiatowa","lines":"112, 212, N9","arr":["112","212","N9"],"terminus":0,"mode":"bus","color":"#0059a9","colorDark":"#00294f","angle":192.3,"snapDist":10,"label":1}},{"type":"Feature","geometry":{"type":"Point","coordinates":[18.904246,54.338015]},"properties":{"name":"Boguckiego","lines":"112, 212, N9","arr":["112","212","N9"],"terminus":0,"mode":"bus","color":"#0059a9","colorDark":"#00294f","angle":191.5,"snapDist":6,"label":1}},{"type":"Feature","geometry":{"type":"Point","coordinates":[18.909845,54.337124]},"properties":{"name":"Trałowa Szkoła","lines":"112, 212, N9","arr":["112","212","N9"],"terminus":0,"mode":"bus","color":"#0059a9","colorDark":"#00294f","angle":186.1,"snapDist":10,"label":1}},{"type":"Feature","geometry":{"type":"Point","coordinates":[18.915056,54.336706]},"properties":{"name":"Kempingowa","lines":"112, 212, N9","arr":["112","212","N9"],"terminus":0,"mode":"bus","color":"#0059a9","colorDark":"#00294f","angle":191.8,"snapDist":7,"label":1}},{"type":"Feature","geometry":{"type":"Point","coordinates":[18.926106,54.336054]},"properties":{"name":"Węgorzowa","lines":"112, 212, N9","arr":["112","212","N9"],"terminus":0,"mode":"bus","color":"#0059a9","colorDark":"#00294f","angle":186.2,"snapDist":6,"label":1}},{"type":"Feature","geometry":{"type":"Point","coordinates":[18.934096,54.334389]},"properties":{"name":"Przystań","lines":"112, 212, N9","arr":["112","212","N9"],"terminus":0,"mode":"bus","color":"#0059a9","colorDark":"#00294f","angle":280.7,"snapDist":6,"label":1}},{"type":"Feature","geometry":{"type":"Point","coordinates":[18.932886,54.329413]},"properties":{"name":"Świbnieńska I","lines":"112, 212, N9","arr":["112","212","N9"],"terminus":0,"mode":"bus","color":"#0059a9","colorDark":"#00294f","angle":274.9,"snapDist":4,"label":1}},{"type":"Feature","geometry":{"type":"Point","coordinates":[18.932322,54.325886]},"properties":{"name":"Świbnieńska II","lines":"112, 212, N9","arr":["112","212","N9"],"terminus":0,"mode":"bus","color":"#0059a9","colorDark":"#00294f","angle":276,"snapDist":6,"label":1}},{"type":"Feature","geometry":{"type":"Point","coordinates":[18.931728,54.322263]},"properties":{"name":"Uzdrowiskowa","lines":"112, 212, N9","arr":["112","212","N9"],"terminus":0,"mode":"bus","color":"#0059a9","colorDark":"#00294f","angle":276.7,"snapDist":4,"label":1}},{"type":"Feature","geometry":{"type":"Point","coordinates":[18.930542,54.314933]},"properties":{"name":"Świbnieńska III","lines":"112, 212, N9","arr":["112","212","N9"],"terminus":0,"mode":"bus","color":"#0059a9","colorDark":"#00294f","angle":274.3,"snapDist":8,"label":1}},{"type":"Feature","geometry":{"type":"Point","coordinates":[18.924249,54.309908]},"properties":{"name":"Przegalińska","lines":"112, 212, N9","arr":["112","212","N9"],"terminus":0,"mode":"bus","color":"#0059a9","colorDark":"#00294f","angle":26.5,"snapDist":3,"label":1}},{"type":"Feature","geometry":{"type":"Point","coordinates":[18.917126,54.311444]},"properties":{"name":"Przegalina","lines":"112, 212, N9","arr":["112","212","N9"],"terminus":1,"mode":"bus","color":"#0059a9","colorDark":"#00294f","angle":353.7,"snapDist":2,"label":1}},{"type":"Feature","geometry":{"type":"Point","coordinates":[18.917114,54.311309]},"properties":{"name":"Przegalina","lines":"112, 212, 512, N9","arr":["112","212","512","N9"],"terminus":1,"mode":"bus","color":"#0059a9","colorDark":"#00294f","angle":199.3,"snapDist":8,"label":0}},{"type":"Feature","geometry":{"type":"Point","coordinates":[18.925237,54.309926]},"properties":{"name":"Przegalińska","lines":"112, 212, N9","arr":["112","212","N9"],"terminus":0,"mode":"bus","color":"#0059a9","colorDark":"#00294f","angle":124.9,"snapDist":9,"label":0}},{"type":"Feature","geometry":{"type":"Point","coordinates":[18.930544,54.314947]},"properties":{"name":"Świbnieńska III","lines":"112, 212, N9","arr":["112","212","N9"],"terminus":0,"mode":"bus","color":"#0059a9","colorDark":"#00294f","angle":94.3,"snapDist":7,"label":0}},{"type":"Feature","geometry":{"type":"Point","coordinates":[18.931796,54.322602]},"properties":{"name":"Uzdrowiskowa","lines":"112, 212, N9","arr":["112","212","N9"],"terminus":0,"mode":"bus","color":"#0059a9","colorDark":"#00294f","angle":96.7,"snapDist":6,"label":0}},{"type":"Feature","geometry":{"type":"Point","coordinates":[18.932483,54.326853]},"properties":{"name":"Świbnieńska II","lines":"112, 212, N9","arr":["112","212","N9"],"terminus":0,"mode":"bus","color":"#0059a9","colorDark":"#00294f","angle":95.4,"snapDist":4,"label":0}},{"type":"Feature","geometry":{"type":"Point","coordinates":[18.932913,54.329597]},"properties":{"name":"Świbnieńska I","lines":"112, 212, N9","arr":["112","212","N9"],"terminus":0,"mode":"bus","color":"#0059a9","colorDark":"#00294f","angle":94.8,"snapDist":8,"label":0}},{"type":"Feature","geometry":{"type":"Point","coordinates":[18.934092,54.334377]},"properties":{"name":"Przystań","lines":"112, 212, N9","arr":["112","212","N9"],"terminus":0,"mode":"bus","color":"#0059a9","colorDark":"#00294f","angle":100.7,"snapDist":7,"label":0}},{"type":"Feature","geometry":{"type":"Point","coordinates":[18.925493,54.336094]},"properties":{"name":"Węgorzowa","lines":"112, 212, N9","arr":["112","212","N9"],"terminus":0,"mode":"bus","color":"#0059a9","colorDark":"#00294f","angle":6.3,"snapDist":6,"label":0}},{"type":"Feature","geometry":{"type":"Point","coordinates":[18.916479,54.336503]},"properties":{"name":"Kempingowa","lines":"112, 212, N9","arr":["112","212","N9"],"terminus":0,"mode":"bus","color":"#0059a9","colorDark":"#00294f","angle":13.9,"snapDist":6,"label":0}},{"type":"Feature","geometry":{"type":"Point","coordinates":[18.9108,54.337063]},"properties":{"name":"Trałowa Szkoła","lines":"112, 212, N9","arr":["112","212","N9"],"terminus":0,"mode":"bus","color":"#0059a9","colorDark":"#00294f","angle":5.8,"snapDist":6,"label":0}},{"type":"Feature","geometry":{"type":"Point","coordinates":[18.904178,54.338023]},"properties":{"name":"Boguckiego","lines":"112, 212, N9","arr":["112","212","N9"],"terminus":0,"mode":"bus","color":"#0059a9","colorDark":"#00294f","angle":11.5,"snapDist":5,"label":0}},{"type":"Feature","geometry":{"type":"Point","coordinates":[18.8938,54.339358]},"properties":{"name":"Kwiatowa","lines":"112, 212, N9","arr":["112","212","N9"],"terminus":0,"mode":"bus","color":"#0059a9","colorDark":"#00294f","angle":12.3,"snapDist":5,"label":0}},{"type":"Feature","geometry":{"type":"Point","coordinates":[18.886438,54.340217]},"properties":{"name":"Orlinki","lines":"112, 212, N9","arr":["112","212","N9"],"terminus":0,"mode":"bus","color":"#0059a9","colorDark":"#00294f","angle":10.9,"snapDist":4,"label":0}},{"type":"Feature","geometry":{"type":"Point","coordinates":[18.872863,54.341613]},"properties":{"name":"Lazurowa","lines":"112, 212, N9","arr":["112","212","N9"],"terminus":0,"mode":"bus","color":"#0059a9","colorDark":"#00294f","angle":15.6,"snapDist":5,"label":0}},{"type":"Feature","geometry":{"type":"Point","coordinates":[18.86483,54.342353]},"properties":{"name":"Pole Namiotowe","lines":"112, 212, N9","arr":["112","212","N9"],"terminus":0,"mode":"bus","color":"#0059a9","colorDark":"#00294f","angle":1.7,"snapDist":4,"label":0}},{"type":"Feature","geometry":{"type":"Point","coordinates":[18.858257,54.342425]},"properties":{"name":"Forsycji","lines":"112, 212, N9","arr":["112","212","N9"],"terminus":0,"mode":"bus","color":"#0059a9","colorDark":"#00294f","angle":2.2,"snapDist":3,"label":0}},{"type":"Feature","geometry":{"type":"Point","coordinates":[18.851941,54.342573]},"properties":{"name":"Turystyczna","lines":"112, 212, N9","arr":["112","212","N9"],"terminus":0,"mode":"bus","color":"#0059a9","colorDark":"#00294f","angle":1.5,"snapDist":4,"label":0}},{"type":"Feature","geometry":{"type":"Point","coordinates":[18.839148,54.342783]},"properties":{"name":"Kanałowa","lines":"112, 212, N9","arr":["112","212","N9"],"terminus":0,"mode":"bus","color":"#0059a9","colorDark":"#00294f","angle":358.8,"snapDist":4,"label":0}},{"type":"Feature","geometry":{"type":"Point","coordinates":[18.836167,54.343033]},"properties":{"name":"Falowa","lines":"112, 212, 512, N9","arr":["112","212","512","N9"],"terminus":0,"mode":"bus","color":"#0059a9","colorDark":"#00294f","angle":9,"snapDist":5,"label":0}},{"type":"Feature","geometry":{"type":"Point","coordinates":[18.823546,54.338593]},"properties":{"name":"Wiślinka Piaskowa","lines":"112, 186, 212, N9","arr":["112","186","212","N9"],"terminus":0,"mode":"bus","color":"#0059a9","colorDark":"#00294f","angle":282.1,"snapDist":10,"label":0}},{"type":"Feature","geometry":{"type":"Point","coordinates":[18.800235,54.330324]},"properties":{"name":"Wiślinka Szkoła","lines":"112, 212, N9","arr":["112","212","N9"],"terminus":0,"mode":"bus","color":"#0059a9","colorDark":"#00294f","angle":342.2,"snapDist":9,"label":0}},{"type":"Feature","geometry":{"type":"Point","coordinates":[18.782714,54.327997]},"properties":{"name":"Bogatka I","lines":"112, N9","arr":["112","N9"],"terminus":0,"mode":"bus","color":"#0059a9","colorDark":"#00294f","angle":327.5,"snapDist":3,"label":0}},{"type":"Feature","geometry":{"type":"Point","coordinates":[18.776708,54.322706]},"properties":{"name":"Bogatka II","lines":"112, N9","arr":["112","N9"],"terminus":0,"mode":"bus","color":"#0059a9","colorDark":"#00294f","angle":294,"snapDist":6,"label":0}},{"type":"Feature","geometry":{"type":"Point","coordinates":[18.763134,54.322048]},"properties":{"name":"Bogatka III","lines":"112, N9","arr":["112","N9"],"terminus":0,"mode":"bus","color":"#0059a9","colorDark":"#00294f","angle":352.6,"snapDist":3,"label":0}},{"type":"Feature","geometry":{"type":"Point","coordinates":[18.750451,54.322097]},"properties":{"name":"Przejazdowo Łąkowa","lines":"112, N9","arr":["112","N9"],"terminus":0,"mode":"bus","color":"#0059a9","colorDark":"#00294f","angle":9.7,"snapDist":6,"label":0}},{"type":"Feature","geometry":{"type":"Point","coordinates":[18.745924,54.324252]},"properties":{"name":"Przejazdowo Hotel","lines":"112, N9","arr":["112","N9"],"terminus":0,"mode":"bus","color":"#0059a9","colorDark":"#00294f","angle":73.9,"snapDist":16,"label":0}},{"type":"Feature","geometry":{"type":"Point","coordinates":[18.74434,54.328169]},"properties":{"name":"Przejazdowo Brzozowa","lines":"112, 212, N9","arr":["112","212","N9"],"terminus":0,"mode":"bus","color":"#0059a9","colorDark":"#00294f","angle":87.8,"snapDist":12,"label":1}},{"type":"Feature","geometry":{"type":"Point","coordinates":[18.743924,54.332331]},"properties":{"name":"Przejazdowo Sezonowa","lines":"112, 212, N9","arr":["112","212","N9"],"terminus":0,"mode":"bus","color":"#0059a9","colorDark":"#00294f","angle":71.7,"snapDist":8,"label":1}},{"type":"Feature","geometry":{"type":"Point","coordinates":[18.73555,54.339628]},"properties":{"name":"Przejazdowo Makro","lines":"112, 186, 212, N9","arr":["112","186","212","N9"],"terminus":0,"mode":"bus","color":"#0059a9","colorDark":"#00294f","angle":27.4,"snapDist":8,"label":1}},{"type":"Feature","geometry":{"type":"Point","coordinates":[18.72181,54.343971]},"properties":{"name":"Rafineria","lines":"112, 186, 212, N9","arr":["112","186","212","N9"],"terminus":0,"mode":"bus","color":"#0059a9","colorDark":"#00294f","angle":38.5,"snapDist":9,"label":0}},{"type":"Feature","geometry":{"type":"Point","coordinates":[18.717876,54.347159]},"properties":{"name":"Michałki","lines":"112, 186, 212, N9","arr":["112","186","212","N9"],"terminus":0,"mode":"bus","color":"#0059a9","colorDark":"#00294f","angle":63.9,"snapDist":10,"label":0}},{"type":"Feature","geometry":{"type":"Point","coordinates":[18.708547,54.352289]},"properties":{"name":"Tarcice","lines":"112, 166, 186, 212, N9","arr":["112","166","186","212","N9"],"terminus":0,"mode":"bus","color":"#0059a9","colorDark":"#00294f","angle":357.6,"snapDist":8,"label":0}},{"type":"Feature","geometry":{"type":"Point","coordinates":[18.7039,54.351342]},"properties":{"name":"Błonia","lines":"112, 166, 186, 212, N9","arr":["112","166","186","212","N9"],"terminus":0,"mode":"bus","color":"#0059a9","colorDark":"#00294f","angle":338.4,"snapDist":8,"label":0}},{"type":"Feature","geometry":{"type":"Point","coordinates":[18.668912,54.347499]},"properties":{"name":"Brama Żuławska","lines":"112, 138, 166, 178, 186, 212, 612, N8, T8","arr":["112","138","166","178","186","212","612","N8","T8"],"terminus":0,"mode":"bus","color":"#0059a9","colorDark":"#00294f","angle":280,"snapDist":6,"label":0}},{"type":"Feature","geometry":{"type":"Point","coordinates":[18.664579,54.344798]},"properties":{"name":"Akademia Muzyczna","lines":"112, 138, 166, 178, 186, 212, N8, T8","arr":["112","138","166","178","186","212","N8","T8"],"terminus":0,"mode":"bus","color":"#0059a9","colorDark":"#00294f","angle":348.1,"snapDist":8,"label":0}},{"type":"Feature","geometry":{"type":"Point","coordinates":[18.656864,54.345594]},"properties":{"name":"Chmielna","lines":"112, 138, 166, 178, 186, 212, 606, N8, T8","arr":["112","138","166","178","186","212","606","N8","T8"],"terminus":0,"mode":"bus","color":"#0059a9","colorDark":"#00294f","angle":14.1,"snapDist":11,"label":0}},{"type":"Feature","geometry":{"type":"Point","coordinates":[18.651632,54.346665]},"properties":{"name":"Żabi Kruk","lines":"112, 138, 166, 178, 186, 212, N8, T8","arr":["112","138","166","178","186","212","N8","T8"],"terminus":0,"mode":"bus","color":"#0059a9","colorDark":"#00294f","angle":25.2,"snapDist":11,"label":0}},{"type":"Feature","geometry":{"type":"Point","coordinates":[18.581233,54.305568]},"properties":{"name":"Olimpijska","lines":"113, 176, 213, N4, N14","arr":["113","176","213","N4","N14"],"terminus":1,"mode":"bus","color":"#0059a9","colorDark":"#00294f","angle":290.5,"snapDist":9,"label":1}},{"type":"Feature","geometry":{"type":"Point","coordinates":[18.582773,54.308274]},"properties":{"name":"Barzychowskiej","lines":"113, 176, 213, N14","arr":["113","176","213","N14"],"terminus":0,"mode":"bus","color":"#0059a9","colorDark":"#00294f","angle":102.6,"snapDist":4,"label":1}},{"type":"Feature","geometry":{"type":"Point","coordinates":[18.591879,54.307357]},"properties":{"name":"Podleckiego","lines":"113, N14","arr":["113","N14"],"terminus":0,"mode":"bus","color":"#0059a9","colorDark":"#00294f","angle":211.4,"snapDist":8,"label":1}},{"type":"Feature","geometry":{"type":"Point","coordinates":[18.59592,54.307726]},"properties":{"name":"Łucznicza","lines":"113, N14","arr":["113","N14"],"terminus":0,"mode":"bus","color":"#0059a9","colorDark":"#00294f","angle":158,"snapDist":6,"label":1}},{"type":"Feature","geometry":{"type":"Point","coordinates":[18.60116,54.309848]},"properties":{"name":"Topazowa","lines":"113, 175, N14","arr":["113","175","N14"],"terminus":0,"mode":"bus","color":"#0059a9","colorDark":"#00294f","angle":160.4,"snapDist":8,"label":1}},{"type":"Feature","geometry":{"type":"Point","coordinates":[18.602319,54.311741]},"properties":{"name":"Kolorowa","lines":"113, 175, N14","arr":["113","175","N14"],"terminus":0,"mode":"bus","color":"#0059a9","colorDark":"#00294f","angle":91.9,"snapDist":6,"label":1}},{"type":"Feature","geometry":{"type":"Point","coordinates":[18.602476,54.314048]},"properties":{"name":"Knyszyńska","lines":"113, 175, N14","arr":["113","175","N14"],"terminus":0,"mode":"bus","color":"#0059a9","colorDark":"#00294f","angle":9.2,"snapDist":4,"label":1}},{"type":"Feature","geometry":{"type":"Point","coordinates":[18.599397,54.314717]},"properties":{"name":"Szmaragdowa","lines":"113, 175, N14","arr":["113","175","N14"],"terminus":0,"mode":"bus","color":"#0059a9","colorDark":"#00294f","angle":4.4,"snapDist":5,"label":1}},{"type":"Feature","geometry":{"type":"Point","coordinates":[18.596376,54.312788]},"properties":{"name":"Srebrna","lines":"113, 175, N2, N14","arr":["113","175","N2","N14"],"terminus":0,"mode":"bus","color":"#0059a9","colorDark":"#00294f","angle":59.2,"snapDist":8,"label":1}},{"type":"Feature","geometry":{"type":"Point","coordinates":[18.593694,54.31584]},"properties":{"name":"Przebiśniegowa","lines":"113, 175, N2, N14","arr":["113","175","N2","N14"],"terminus":0,"mode":"bus","color":"#0059a9","colorDark":"#00294f","angle":79.8,"snapDist":4,"label":1}},{"type":"Feature","geometry":{"type":"Point","coordinates":[18.595009,54.320245]},"properties":{"name":"Niepołomicka","lines":"113, 155, 175, 176, 213, 255, 256, 262, 295, N1, N2, N14, N56","arr":["113","155","175","176","213","255","256","262","295","N1","N2","N14","N56"],"terminus":0,"mode":"bus","color":"#0059a9","colorDark":"#00294f","angle":150.3,"snapDist":6,"label":1}},{"type":"Feature","geometry":{"type":"Point","coordinates":[18.60275,54.323095]},"properties":{"name":"Orląt Lwowskich","lines":"113, 155, 175, 176, 213, 255, 256, 262, 295, N1, N2, N14, N56","arr":["113","155","175","176","213","255","256","262","295","N1","N2","N14","N56"],"terminus":0,"mode":"bus","color":"#0059a9","colorDark":"#00294f","angle":142.9,"snapDist":7,"label":1}},{"type":"Feature","geometry":{"type":"Point","coordinates":[18.605985,54.322631]},"properties":{"name":"Łostowice Świętokrzyska","lines":"113, 120, 155, 162, 175, 176, 195, 208, 213, 255, 256, 262, 295","arr":["113","120","155","162","175","176","195","208","213","255","256","262","295"],"terminus":1,"mode":"bus","color":"#0059a9","colorDark":"#00294f","angle":159.3,"snapDist":1,"label":1}},{"type":"Feature","geometry":{"type":"Point","coordinates":[18.606129,54.323337]},"properties":{"name":"Łostowice Świętokrzyska","lines":"113, 120, 155, 162, 175, 176, 195, 208, 213, 255, 256, 262, 295","arr":["113","120","155","162","175","176","195","208","213","255","256","262","295"],"terminus":0,"mode":"bus","color":"#0059a9","colorDark":"#00294f","angle":60.5,"snapDist":2,"label":0}},{"type":"Feature","geometry":{"type":"Point","coordinates":[18.605714,54.324417]},"properties":{"name":"Świętokrzyska","lines":"113, 162, 195, N1, N56","arr":["113","162","195","N1","N56"],"terminus":0,"mode":"bus","color":"#0059a9","colorDark":"#00294f","angle":118.2,"snapDist":6,"label":1}},{"type":"Feature","geometry":{"type":"Point","coordinates":[18.61113,54.327369]},"properties":{"name":"Platynowa","lines":"113, 154, N1, N56","arr":["113","154","N1","N56"],"terminus":0,"mode":"bus","color":"#0059a9","colorDark":"#00294f","angle":154.3,"snapDist":7,"label":1}},{"type":"Feature","geometry":{"type":"Point","coordinates":[18.617509,54.329123]},"properties":{"name":"Małomiejska","lines":"113, 154, N1, N56","arr":["113","154","N1","N56"],"terminus":0,"mode":"bus","color":"#0059a9","colorDark":"#00294f","angle":153.5,"snapDist":6,"label":1}},{"type":"Feature","geometry":{"type":"Point","coordinates":[18.626574,54.330234]},"properties":{"name":"Ptasia","lines":"113, 154, N1, N56","arr":["113","154","N1","N56"],"terminus":0,"mode":"bus","color":"#0059a9","colorDark":"#00294f","angle":178.4,"snapDist":9,"label":1}},{"type":"Feature","geometry":{"type":"Point","coordinates":[18.633701,54.328134]},"properties":{"name":"Rejtana","lines":"113, 132, 189, 289, M32, N5, N89","arr":["113","132","189","289","M32","N5","N89"],"terminus":0,"mode":"bus","color":"#0059a9","colorDark":"#00294f","angle":283.4,"snapDist":8,"label":1}},{"type":"Feature","geometry":{"type":"Point","coordinates":[18.632271,54.322922]},"properties":{"name":"Gościnna","lines":"113","arr":["113"],"terminus":1,"mode":"bus","color":"#0059a9","colorDark":"#00294f","angle":303.3,"snapDist":10,"label":1}},{"type":"Feature","geometry":{"type":"Point","coordinates":[18.631651,54.323305]},"properties":{"name":"Gościnna","lines":"113, 132, 189, 289, M32, N5, N89","arr":["113","132","189","289","M32","N5","N89"],"terminus":0,"mode":"bus","color":"#0059a9","colorDark":"#00294f","angle":113.9,"snapDist":10,"label":0}},{"type":"Feature","geometry":{"type":"Point","coordinates":[18.633983,54.328434]},"properties":{"name":"Rejtana","lines":"113, 132, 189, 289, M32, N5, N89","arr":["113","132","189","289","M32","N5","N89"],"terminus":0,"mode":"bus","color":"#0059a9","colorDark":"#00294f","angle":103.3,"snapDist":6,"label":0}},{"type":"Feature","geometry":{"type":"Point","coordinates":[18.628003,54.330263]},"properties":{"name":"Ptasia","lines":"113, 154, N1, N56","arr":["113","154","N1","N56"],"terminus":0,"mode":"bus","color":"#0059a9","colorDark":"#00294f","angle":357.9,"snapDist":7,"label":0}},{"type":"Feature","geometry":{"type":"Point","coordinates":[18.618544,54.329426]},"properties":{"name":"Małomiejska","lines":"113, 154, N1, N56","arr":["113","154","N1","N56"],"terminus":0,"mode":"bus","color":"#0059a9","colorDark":"#00294f","angle":333.3,"snapDist":5,"label":0}},{"type":"Feature","geometry":{"type":"Point","coordinates":[18.609419,54.326668]},"properties":{"name":"Platynowa","lines":"113, 162, 195, N1, N56","arr":["113","162","195","N1","N56"],"terminus":0,"mode":"bus","color":"#0059a9","colorDark":"#00294f","angle":315.8,"snapDist":9,"label":0}},{"type":"Feature","geometry":{"type":"Point","coordinates":[18.602861,54.323143]},"properties":{"name":"Orląt Lwowskich","lines":"113, 155, 175, 176, 213, 255, 256, 262, 295, N1, N2, N14, N56","arr":["113","155","175","176","213","255","256","262","295","N1","N2","N14","N56"],"terminus":0,"mode":"bus","color":"#0059a9","colorDark":"#00294f","angle":322.9,"snapDist":8,"label":0}},{"type":"Feature","geometry":{"type":"Point","coordinates":[18.595192,54.320306]},"properties":{"name":"Niepołomicka","lines":"113, 155, 175, 176, 213, 255, 256, 262, 295, N1, N2, N14, N56","arr":["113","155","175","176","213","255","256","262","295","N1","N2","N14","N56"],"terminus":0,"mode":"bus","color":"#0059a9","colorDark":"#00294f","angle":330.3,"snapDist":7,"label":0}},{"type":"Feature","geometry":{"type":"Point","coordinates":[18.593626,54.316136]},"properties":{"name":"Przebiśniegowa","lines":"113, 175, N2, N14","arr":["113","175","N2","N14"],"terminus":0,"mode":"bus","color":"#0059a9","colorDark":"#00294f","angle":264.1,"snapDist":7,"label":0}},{"type":"Feature","geometry":{"type":"Point","coordinates":[18.596356,54.312806]},"properties":{"name":"Srebrna","lines":"113, 175, N14","arr":["113","175","N14"],"terminus":0,"mode":"bus","color":"#0059a9","colorDark":"#00294f","angle":239.2,"snapDist":8,"label":0}},{"type":"Feature","geometry":{"type":"Point","coordinates":[18.602553,54.314041]},"properties":{"name":"Knyszyńska","lines":"113, 175, N14","arr":["113","175","N14"],"terminus":0,"mode":"bus","color":"#0059a9","colorDark":"#00294f","angle":189.3,"snapDist":6,"label":0}},{"type":"Feature","geometry":{"type":"Point","coordinates":[18.602331,54.311849]},"properties":{"name":"Kolorowa","lines":"113, 175, 289, N14","arr":["113","175","289","N14"],"terminus":0,"mode":"bus","color":"#0059a9","colorDark":"#00294f","angle":274.8,"snapDist":5,"label":0}},{"type":"Feature","geometry":{"type":"Point","coordinates":[18.600827,54.309779]},"properties":{"name":"Topazowa","lines":"113, 175, 289, N14","arr":["113","175","289","N14"],"terminus":0,"mode":"bus","color":"#0059a9","colorDark":"#00294f","angle":340.4,"snapDist":6,"label":0}},{"type":"Feature","geometry":{"type":"Point","coordinates":[18.595682,54.30767]},"properties":{"name":"Łucznicza","lines":"113, N14","arr":["113","N14"],"terminus":0,"mode":"bus","color":"#0059a9","colorDark":"#00294f","angle":338,"snapDist":6,"label":0}},{"type":"Feature","geometry":{"type":"Point","coordinates":[18.590493,54.307831]},"properties":{"name":"Podleckiego","lines":"113, N14","arr":["113","N14"],"terminus":0,"mode":"bus","color":"#0059a9","colorDark":"#00294f","angle":29,"snapDist":7,"label":0}},{"type":"Feature","geometry":{"type":"Point","coordinates":[18.58285,54.308477]},"properties":{"name":"Barzychowskiej","lines":"113, 176, 213, N14","arr":["113","176","213","N14"],"terminus":0,"mode":"bus","color":"#0059a9","colorDark":"#00294f","angle":282.4,"snapDist":10,"label":0}},{"type":"Feature","geometry":{"type":"Point","coordinates":[18.568885,54.31785]},"properties":{"name":"Jaworzniaków","lines":"115, 262","arr":["115","262"],"terminus":1,"mode":"bus","color":"#0059a9","colorDark":"#00294f","angle":189.9,"snapDist":5,"label":1}},{"type":"Feature","geometry":{"type":"Point","coordinates":[18.568637,54.317962]},"properties":{"name":"Jaworzniaków","lines":"115, 262, N1","arr":["115","262","N1"],"terminus":1,"mode":"bus","color":"#0059a9","colorDark":"#00294f","angle":329.9,"snapDist":3,"label":0}},{"type":"Feature","geometry":{"type":"Point","coordinates":[18.564695,54.319226]},"properties":{"name":"Baśniowa","lines":"115, 155, 156, N4","arr":["115","155","156","N4"],"terminus":0,"mode":"bus","color":"#0059a9","colorDark":"#00294f","angle":28.9,"snapDist":6,"label":1}},{"type":"Feature","geometry":{"type":"Point","coordinates":[18.559748,54.322177]},"properties":{"name":"Rębowo","lines":"115, 155, 156, N4","arr":["115","155","156","N4"],"terminus":0,"mode":"bus","color":"#0059a9","colorDark":"#00294f","angle":35.4,"snapDist":7,"label":1}},{"type":"Feature","geometry":{"type":"Point","coordinates":[18.552332,54.32234]},"properties":{"name":"Czermińskiego","lines":"115, 155, 156, N4","arr":["115","155","156","N4"],"terminus":0,"mode":"bus","color":"#0059a9","colorDark":"#00294f","angle":50.5,"snapDist":11,"label":1}},{"type":"Feature","geometry":{"type":"Point","coordinates":[18.549244,54.325276]},"properties":{"name":"Przywidzka","lines":"115, 155, 156, 174, N4","arr":["115","155","156","174","N4"],"terminus":0,"mode":"bus","color":"#0059a9","colorDark":"#00294f","angle":129,"snapDist":9,"label":1}},{"type":"Feature","geometry":{"type":"Point","coordinates":[18.551802,54.32841]},"properties":{"name":"Szadółki","lines":"115, 155, 156, 174, N4","arr":["115","155","156","174","N4"],"terminus":0,"mode":"bus","color":"#0059a9","colorDark":"#00294f","angle":99.5,"snapDist":7,"label":1}},{"type":"Feature","geometry":{"type":"Point","coordinates":[18.558504,54.331008]},"properties":{"name":"Leszczynowa","lines":"115, 120, 156, 174, N4","arr":["115","120","156","174","N4"],"terminus":0,"mode":"bus","color":"#0059a9","colorDark":"#00294f","angle":176.7,"snapDist":11,"label":1}},{"type":"Feature","geometry":{"type":"Point","coordinates":[18.563902,54.331719]},"properties":{"name":"Jabłoniowa Osiedle","lines":"115, 120, 156, 174, N4","arr":["115","120","156","174","N4"],"terminus":0,"mode":"bus","color":"#0059a9","colorDark":"#00294f","angle":163.7,"snapDist":11,"label":1}},{"type":"Feature","geometry":{"type":"Point","coordinates":[18.571225,54.331878]},"properties":{"name":"Ujeścisko","lines":"115, 120, 156, 174","arr":["115","120","156","174"],"terminus":0,"mode":"bus","color":"#0059a9","colorDark":"#00294f","angle":188.5,"snapDist":6,"label":0}},{"type":"Feature","geometry":{"type":"Point","coordinates":[18.571198,54.328788]},"properties":{"name":"Lawendowe Wzgórze","lines":"115, 120, 174, N2, N4","arr":["115","120","174","N2","N4"],"terminus":0,"mode":"bus","color":"#0059a9","colorDark":"#00294f","angle":188.1,"snapDist":8,"label":1}},{"type":"Feature","geometry":{"type":"Point","coordinates":[18.575495,54.32845]},"properties":{"name":"Nowosądecka","lines":"115, 120, 174, N2, N4","arr":["115","120","174","N2","N4"],"terminus":0,"mode":"bus","color":"#0059a9","colorDark":"#00294f","angle":185.8,"snapDist":4,"label":1}},{"type":"Feature","geometry":{"type":"Point","coordinates":[18.582468,54.328676]},"properties":{"name":"Jeleniogórska","lines":"115, 118, 120, 174, N2, N4","arr":["115","118","120","174","N2","N4"],"terminus":0,"mode":"bus","color":"#0059a9","colorDark":"#00294f","angle":153.2,"snapDist":10,"label":1}},{"type":"Feature","geometry":{"type":"Point","coordinates":[18.584976,54.33189]},"properties":{"name":"Piotrkowska","lines":"115, 118, 120, 174, N2, N4","arr":["115","118","120","174","N2","N4"],"terminus":0,"mode":"bus","color":"#0059a9","colorDark":"#00294f","angle":91,"snapDist":3,"label":1}},{"type":"Feature","geometry":{"type":"Point","coordinates":[18.592238,54.333959]},"properties":{"name":"Kielecka","lines":"115, 120, 174, 175, N2, N4","arr":["115","120","174","175","N2","N4"],"terminus":0,"mode":"bus","color":"#0059a9","colorDark":"#00294f","angle":227.3,"snapDist":8,"label":1}},{"type":"Feature","geometry":{"type":"Point","coordinates":[18.596054,54.333412]},"properties":{"name":"Przemyska","lines":"115, 162, 174, N14","arr":["115","162","174","N14"],"terminus":0,"mode":"bus","color":"#0059a9","colorDark":"#00294f","angle":95.4,"snapDist":6,"label":1}},{"type":"Feature","geometry":{"type":"Point","coordinates":[18.599543,54.337136]},"properties":{"name":"Wilanowska","lines":"115, 162, 174, 195, 227, 262, N14","arr":["115","162","174","195","227","262","N14"],"terminus":0,"mode":"bus","color":"#0059a9","colorDark":"#00294f","angle":128.2,"snapDist":7,"label":1}},{"type":"Feature","geometry":{"type":"Point","coordinates":[18.601228,54.339941]},"properties":{"name":"Cmentarz Łostowicki","lines":"115, 162, 174, 195, 227, 262","arr":["115","162","174","195","227","262"],"terminus":0,"mode":"bus","color":"#0059a9","colorDark":"#00294f","angle":97.1,"snapDist":4,"label":1}},{"type":"Feature","geometry":{"type":"Point","coordinates":[18.602762,54.348197]},"properties":{"name":"Emaus","lines":"115, 162, 168, 227, 262","arr":["115","162","168","227","262"],"terminus":0,"mode":"bus","color":"#0059a9","colorDark":"#00294f","angle":62.3,"snapDist":8,"label":1}},{"type":"Feature","geometry":{"type":"Point","coordinates":[18.595652,54.354577]},"properties":{"name":"Park Naukowo - Technologiczny","lines":"115, 168, 283","arr":["115","168","283"],"terminus":0,"mode":"bus","color":"#0059a9","colorDark":"#00294f","angle":87.9,"snapDist":10,"label":1}},{"type":"Feature","geometry":{"type":"Point","coordinates":[18.596901,54.355289]},"properties":{"name":"Kurpińskiego","lines":"115, 130, 184, 199, 210, N6, N16","arr":["115","130","184","199","210","N6","N16"],"terminus":0,"mode":"bus","color":"#0059a9","colorDark":"#00294f","angle":157.9,"snapDist":6,"label":1}},{"type":"Feature","geometry":{"type":"Point","coordinates":[18.603618,54.356029]},"properties":{"name":"Otwarta","lines":"115, 130, 184, 199, 210, N6, N16","arr":["115","130","184","199","210","N6","N16"],"terminus":0,"mode":"bus","color":"#0059a9","colorDark":"#00294f","angle":180.2,"snapDist":5,"label":1}},{"type":"Feature","geometry":{"type":"Point","coordinates":[18.60752,54.354132]},"properties":{"name":"Suchanino","lines":"115, 199","arr":["115","199"],"terminus":0,"mode":"bus","color":"#0059a9","colorDark":"#00294f","angle":254.5,"snapDist":10,"label":1}},{"type":"Feature","geometry":{"type":"Point","coordinates":[18.61429,54.353782]},"properties":{"name":"Nad Jarem","lines":"115, 199","arr":["115","199"],"terminus":0,"mode":"bus","color":"#0059a9","colorDark":"#00294f","angle":128.3,"snapDist":4,"label":1}},{"type":"Feature","geometry":{"type":"Point","coordinates":[18.619768,54.357113]},"properties":{"name":"Wyczółkowskiego","lines":"115, 130, 184, 199, 210, N6, N16","arr":["115","130","184","199","210","N6","N16"],"terminus":0,"mode":"bus","color":"#0059a9","colorDark":"#00294f","angle":112.6,"snapDist":7,"label":1}},{"type":"Feature","geometry":{"type":"Point","coordinates":[18.618551,54.359056]},"properties":{"name":"Cygańska Góra","lines":"115, 184","arr":["115","184"],"terminus":0,"mode":"bus","color":"#0059a9","colorDark":"#00294f","angle":17.7,"snapDist":4,"label":1}},{"type":"Feature","geometry":{"type":"Point","coordinates":[18.613693,54.360659]},"properties":{"name":"Pomorskie Szkoły Rzemiosł","lines":"115, 184","arr":["115","184"],"terminus":0,"mode":"bus","color":"#0059a9","colorDark":"#00294f","angle":20.7,"snapDist":5,"label":1}},{"type":"Feature","geometry":{"type":"Point","coordinates":[18.61619,54.363799]},"properties":{"name":"Szpital Zakaźny","lines":"115, 184, 283","arr":["115","184","283"],"terminus":0,"mode":"bus","color":"#0059a9","colorDark":"#00294f","angle":110.6,"snapDist":4,"label":0}},{"type":"Feature","geometry":{"type":"Point","coordinates":[18.619516,54.366301]},"properties":{"name":"Centrum Medycyny Inwazyjnej","lines":"115, 184, 283","arr":["115","184","283"],"terminus":0,"mode":"bus","color":"#0059a9","colorDark":"#00294f","angle":144.9,"snapDist":4,"label":1}},{"type":"Feature","geometry":{"type":"Point","coordinates":[18.624469,54.367133]},"properties":{"name":"Smoluchowskiego","lines":"115, 184, 283","arr":["115","184","283"],"terminus":0,"mode":"bus","color":"#0059a9","colorDark":"#00294f","angle":173.1,"snapDist":5,"label":0}},{"type":"Feature","geometry":{"type":"Point","coordinates":[18.629408,54.368108]},"properties":{"name":"Traugutta","lines":"115, 184, 283","arr":["115","184","283"],"terminus":0,"mode":"bus","color":"#0059a9","colorDark":"#00294f","angle":150.9,"snapDist":4,"label":1}},{"type":"Feature","geometry":{"type":"Point","coordinates":[18.623406,54.37314]},"properties":{"name":"Opera Bałtycka","lines":"115, N4, N14","arr":["115","N4","N14"],"terminus":0,"mode":"bus","color":"#0059a9","colorDark":"#00294f","angle":45.3,"snapDist":11,"label":1}},{"type":"Feature","geometry":{"type":"Point","coordinates":[18.616213,54.375781]},"properties":{"name":"Teatr Miniatura / Radio Gdańsk","lines":"115, N4, N14","arr":["115","N4","N14"],"terminus":0,"mode":"bus","color":"#0059a9","colorDark":"#00294f","angle":21.1,"snapDist":11,"label":1}},{"type":"Feature","geometry":{"type":"Point","coordinates":[18.614985,54.376723]},"properties":{"name":"Uphagena","lines":"115, 168, 199","arr":["115","168","199"],"terminus":0,"mode":"bus","color":"#0059a9","colorDark":"#00294f","angle":112.8,"snapDist":11,"label":1}},{"type":"Feature","geometry":{"type":"Point","coordinates":[18.605066,54.381307]},"properties":{"name":"Wrzeszcz PKP","lines":"115, 124, 168, 183","arr":["115","124","168","183"],"terminus":1,"mode":"bus","color":"#0059a9","colorDark":"#00294f","angle":35.2,"snapDist":2,"label":0}},{"type":"Feature","geometry":{"type":"Point","coordinates":[18.604222,54.38133]},"properties":{"name":"Wrzeszcz PKP","lines":"115, 162, 168, 199, 262, N2","arr":["115","162","168","199","262","N2"],"terminus":0,"mode":"bus","color":"#0059a9","colorDark":"#00294f","angle":133.5,"snapDist":4,"label":0}},{"type":"Feature","geometry":{"type":"Point","coordinates":[18.608139,54.377696]},"properties":{"name":"Jaśkowa Dolina","lines":"115, 168, 199, N4, N14","arr":["115","168","199","N4","N14"],"terminus":0,"mode":"bus","color":"#0059a9","colorDark":"#00294f","angle":205.7,"snapDist":10,"label":1}},{"type":"Feature","geometry":{"type":"Point","coordinates":[18.617694,54.37526]},"properties":{"name":"Teatr Miniatura / Radio Gdańsk","lines":"115, N4, N14","arr":["115","N4","N14"],"terminus":0,"mode":"bus","color":"#0059a9","colorDark":"#00294f","angle":199.9,"snapDist":11,"label":0}},{"type":"Feature","geometry":{"type":"Point","coordinates":[18.623305,54.372508]},"properties":{"name":"Opera Bałtycka","lines":"115, N4, N14","arr":["115","N4","N14"],"terminus":0,"mode":"bus","color":"#0059a9","colorDark":"#00294f","angle":225.2,"snapDist":8,"label":0}},{"type":"Feature","geometry":{"type":"Point","coordinates":[18.627302,54.370149]},"properties":{"name":"Centrum Onkologii","lines":"115, 283","arr":["115","283"],"terminus":0,"mode":"bus","color":"#0059a9","colorDark":"#00294f","angle":225.5,"snapDist":7,"label":1}},{"type":"Feature","geometry":{"type":"Point","coordinates":[18.62906,54.367995]},"properties":{"name":"Traugutta","lines":"115, 184, 283","arr":["115","184","283"],"terminus":0,"mode":"bus","color":"#0059a9","colorDark":"#00294f","angle":330.9,"snapDist":4,"label":0}},{"type":"Feature","geometry":{"type":"Point","coordinates":[18.627366,54.367444]},"properties":{"name":"Uniwersyteckie Centrum Kliniczne","lines":"115, 184, 283","arr":["115","184","283"],"terminus":0,"mode":"bus","color":"#0059a9","colorDark":"#00294f","angle":330.6,"snapDist":6,"label":1}},{"type":"Feature","geometry":{"type":"Point","coordinates":[18.623272,54.367045]},"properties":{"name":"Smoluchowskiego","lines":"115, 183, 184, 283","arr":["115","183","184","283"],"terminus":1,"mode":"bus","color":"#0059a9","colorDark":"#00294f","angle":353.3,"snapDist":6,"label":1}},{"type":"Feature","geometry":{"type":"Point","coordinates":[18.619204,54.366173]},"properties":{"name":"Centrum Medycyny Inwazyjnej","lines":"115, 183, 184, 283","arr":["115","183","184","283"],"terminus":0,"mode":"bus","color":"#0059a9","colorDark":"#00294f","angle":324.9,"snapDist":7,"label":0}},{"type":"Feature","geometry":{"type":"Point","coordinates":[18.616772,54.364686]},"properties":{"name":"Szpital Zakaźny","lines":"115, 183, 184, 283","arr":["115","183","184","283"],"terminus":1,"mode":"bus","color":"#0059a9","colorDark":"#00294f","angle":293.8,"snapDist":5,"label":1}},{"type":"Feature","geometry":{"type":"Point","coordinates":[18.613495,54.360703]},"properties":{"name":"Pomorskie Szkoły Rzemiosł","lines":"115, 183, 184","arr":["115","183","184"],"terminus":0,"mode":"bus","color":"#0059a9","colorDark":"#00294f","angle":200.8,"snapDist":7,"label":0}},{"type":"Feature","geometry":{"type":"Point","coordinates":[18.617911,54.359176]},"properties":{"name":"Cygańska Góra","lines":"115, 183, 184","arr":["115","183","184"],"terminus":0,"mode":"bus","color":"#0059a9","colorDark":"#00294f","angle":198.5,"snapDist":5,"label":0}},{"type":"Feature","geometry":{"type":"Point","coordinates":[18.617281,54.356132]},"properties":{"name":"Wyczółkowskiego","lines":"115, 130, 184, 199, 210, N6, N16","arr":["115","130","184","199","210","N6","N16"],"terminus":0,"mode":"bus","color":"#0059a9","colorDark":"#00294f","angle":345.4,"snapDist":6,"label":0}},{"type":"Feature","geometry":{"type":"Point","coordinates":[18.615476,54.354986]},"properties":{"name":"Nad Jarem","lines":"115, 199","arr":["115","199"],"terminus":0,"mode":"bus","color":"#0059a9","colorDark":"#00294f","angle":302.6,"snapDist":6,"label":0}},{"type":"Feature","geometry":{"type":"Point","coordinates":[18.607317,54.354783]},"properties":{"name":"Suchanino","lines":"115, 199","arr":["115","199"],"terminus":0,"mode":"bus","color":"#0059a9","colorDark":"#00294f","angle":81.5,"snapDist":7,"label":0}},{"type":"Feature","geometry":{"type":"Point","coordinates":[18.602979,54.356032]},"properties":{"name":"Otwarta","lines":"115, 130, 184, 199, 210, N6, N16","arr":["115","130","184","199","210","N6","N16"],"terminus":0,"mode":"bus","color":"#0059a9","colorDark":"#00294f","angle":0.6,"snapDist":6,"label":0}},{"type":"Feature","geometry":{"type":"Point","coordinates":[18.596523,54.355199]},"properties":{"name":"Kurpińskiego","lines":"115, 130, 184, 199, 210, N6, N16","arr":["115","130","184","199","210","N6","N16"],"terminus":0,"mode":"bus","color":"#0059a9","colorDark":"#00294f","angle":337.9,"snapDist":6,"label":0}},{"type":"Feature","geometry":{"type":"Point","coordinates":[18.595649,54.354631]},"properties":{"name":"Park Naukowo - Technologiczny","lines":"115, 168, 283","arr":["115","168","283"],"terminus":0,"mode":"bus","color":"#0059a9","colorDark":"#00294f","angle":267.9,"snapDist":11,"label":0}},{"type":"Feature","geometry":{"type":"Point","coordinates":[18.598327,54.349815]},"properties":{"name":"Nowolipie","lines":"115, 162, 168, 227, 262","arr":["115","162","168","227","262"],"terminus":0,"mode":"bus","color":"#0059a9","colorDark":"#00294f","angle":199.3,"snapDist":8,"label":1}},{"type":"Feature","geometry":{"type":"Point","coordinates":[18.603058,54.346706]},"properties":{"name":"Emaus","lines":"115, 162, 174, 195, 227, 262","arr":["115","162","174","195","227","262"],"terminus":0,"mode":"bus","color":"#0059a9","colorDark":"#00294f","angle":249.9,"snapDist":10,"label":0}},{"type":"Feature","geometry":{"type":"Point","coordinates":[18.601112,54.340125]},"properties":{"name":"Cmentarz Łostowicki","lines":"115, 162, 174, 195, 227, 262","arr":["115","162","174","195","227","262"],"terminus":0,"mode":"bus","color":"#0059a9","colorDark":"#00294f","angle":275.4,"snapDist":5,"label":0}},{"type":"Feature","geometry":{"type":"Point","coordinates":[18.59818,54.336431]},"properties":{"name":"Wilanowska","lines":"115, 162, 174, N14","arr":["115","162","174","N14"],"terminus":0,"mode":"bus","color":"#0059a9","colorDark":"#00294f","angle":305.8,"snapDist":8,"label":0}},{"type":"Feature","geometry":{"type":"Point","coordinates":[18.5944,54.332729]},"properties":{"name":"Przemyska","lines":"115, 120, 174, 175, N2, N4","arr":["115","120","174","175","N2","N4"],"terminus":0,"mode":"bus","color":"#0059a9","colorDark":"#00294f","angle":345,"snapDist":4,"label":0}},{"type":"Feature","geometry":{"type":"Point","coordinates":[18.590956,54.333674]},"properties":{"name":"Kielecka","lines":"115, 120, 174, N2, N4","arr":["115","120","174","N2","N4"],"terminus":0,"mode":"bus","color":"#0059a9","colorDark":"#00294f","angle":314.6,"snapDist":5,"label":0}},{"type":"Feature","geometry":{"type":"Point","coordinates":[18.584964,54.331481]},"properties":{"name":"Piotrkowska","lines":"115, 118, 120, 174, N2, N4","arr":["115","118","120","174","N2","N4"],"terminus":0,"mode":"bus","color":"#0059a9","colorDark":"#00294f","angle":271.1,"snapDist":6,"label":0}},{"type":"Feature","geometry":{"type":"Point","coordinates":[18.582665,54.328734]},"properties":{"name":"Jeleniogórska","lines":"115, 118, 120, 174, N2, N4","arr":["115","118","120","174","N2","N4"],"terminus":0,"mode":"bus","color":"#0059a9","colorDark":"#00294f","angle":333.2,"snapDist":6,"label":0}},{"type":"Feature","geometry":{"type":"Point","coordinates":[18.575045,54.328479]},"properties":{"name":"Nowosądecka","lines":"115, 120, 174, N2, N4","arr":["115","120","174","N2","N4"],"terminus":0,"mode":"bus","color":"#0059a9","colorDark":"#00294f","angle":6.9,"snapDist":4,"label":0}},{"type":"Feature","geometry":{"type":"Point","coordinates":[18.571023,54.328803]},"properties":{"name":"Lawendowe Wzgórze","lines":"115, 120, 174, N2, N4","arr":["115","120","174","N2","N4"],"terminus":0,"mode":"bus","color":"#0059a9","colorDark":"#00294f","angle":8.1,"snapDist":5,"label":0}},{"type":"Feature","geometry":{"type":"Point","coordinates":[18.571012,54.33144]},"properties":{"name":"Ujeścisko","lines":"115, 118, 120, 156, 174","arr":["115","118","120","156","174"],"terminus":0,"mode":"bus","color":"#0059a9","colorDark":"#00294f","angle":4.1,"snapDist":5,"label":0}},{"type":"Feature","geometry":{"type":"Point","coordinates":[18.563578,54.331664]},"properties":{"name":"Jabłoniowa Osiedle","lines":"115, 120, 156, 174, N4","arr":["115","120","156","174","N4"],"terminus":0,"mode":"bus","color":"#0059a9","colorDark":"#00294f","angle":343.7,"snapDist":8,"label":0}},{"type":"Feature","geometry":{"type":"Point","coordinates":[18.557005,54.330852]},"properties":{"name":"Leszczynowa","lines":"115, 120, 155, 156, 174, N4","arr":["115","120","155","156","174","N4"],"terminus":0,"mode":"bus","color":"#0059a9","colorDark":"#00294f","angle":329.8,"snapDist":10,"label":0}},{"type":"Feature","geometry":{"type":"Point","coordinates":[18.551768,54.328294]},"properties":{"name":"Szadółki","lines":"115, 155, 156, 174, N4","arr":["115","155","156","174","N4"],"terminus":0,"mode":"bus","color":"#0059a9","colorDark":"#00294f","angle":280.2,"snapDist":6,"label":0}},{"type":"Feature","geometry":{"type":"Point","coordinates":[18.549206,54.324625]},"properties":{"name":"Przywidzka","lines":"115, 155, 156, N4","arr":["115","155","156","N4"],"terminus":0,"mode":"bus","color":"#0059a9","colorDark":"#00294f","angle":236.2,"snapDist":10,"label":0}},{"type":"Feature","geometry":{"type":"Point","coordinates":[18.554707,54.322795]},"properties":{"name":"Czermińskiego","lines":"115, 155, 156, N4","arr":["115","155","156","N4"],"terminus":0,"mode":"bus","color":"#0059a9","colorDark":"#00294f","angle":136.6,"snapDist":6,"label":0}},{"type":"Feature","geometry":{"type":"Point","coordinates":[18.558913,54.32252]},"properties":{"name":"Rębowo","lines":"115, 155, 156, N4","arr":["115","155","156","N4"],"terminus":0,"mode":"bus","color":"#0059a9","colorDark":"#00294f","angle":215.4,"snapDist":9,"label":0}},{"type":"Feature","geometry":{"type":"Point","coordinates":[18.565522,54.318937]},"properties":{"name":"Baśniowa","lines":"115, 155, 156, N4","arr":["115","155","156","N4"],"terminus":0,"mode":"bus","color":"#0059a9","colorDark":"#00294f","angle":211.9,"snapDist":8,"label":0}},{"type":"Feature","geometry":{"type":"Point","coordinates":[18.586922,54.380061]},"properties":{"name":"Chrzanowskiego","lines":"116, 136","arr":["116","136"],"terminus":0,"mode":"bus","color":"#0059a9","colorDark":"#00294f","angle":343.7,"snapDist":8,"label":1}},{"type":"Feature","geometry":{"type":"Point","coordinates":[18.579141,54.378803]},"properties":{"name":"Srebrniki","lines":"116, 136","arr":["116","136"],"terminus":0,"mode":"bus","color":"#0059a9","colorDark":"#00294f","angle":347.9,"snapDist":6,"label":1}},{"type":"Feature","geometry":{"type":"Point","coordinates":[18.568216,54.373627]},"properties":{"name":"Potokowa","lines":"116, 184, 210, 227, 283","arr":["116","184","210","227","283"],"terminus":0,"mode":"bus","color":"#0059a9","colorDark":"#00294f","angle":231.1,"snapDist":12,"label":0}},{"type":"Feature","geometry":{"type":"Point","coordinates":[18.57108,54.3695]},"properties":{"name":"Ogrodowa","lines":"116, 184, 210, 227, 283","arr":["116","184","210","227","283"],"terminus":0,"mode":"bus","color":"#0059a9","colorDark":"#00294f","angle":270.9,"snapDist":6,"label":1}},{"type":"Feature","geometry":{"type":"Point","coordinates":[18.57357,54.36408]},"properties":{"name":"Brętowo PKM","lines":"116, 131, 184, 210, 227, 283","arr":["116","131","184","210","227","283"],"terminus":0,"mode":"bus","color":"#0059a9","colorDark":"#00294f","angle":56.9,"snapDist":7,"label":1}},{"type":"Feature","geometry":{"type":"Point","coordinates":[18.56771,54.366609]},"properties":{"name":"Dolne Młyny","lines":"116, 131","arr":["116","131"],"terminus":0,"mode":"bus","color":"#0059a9","colorDark":"#00294f","angle":12.5,"snapDist":4,"label":1}},{"type":"Feature","geometry":{"type":"Point","coordinates":[18.563268,54.366456]},"properties":{"name":"Potokowa - Matemblewska","lines":"116, 131","arr":["116","131"],"terminus":0,"mode":"bus","color":"#0059a9","colorDark":"#00294f","angle":333.8,"snapDist":9,"label":1}},{"type":"Feature","geometry":{"type":"Point","coordinates":[18.556255,54.363651]},"properties":{"name":"Karskiego","lines":"116, 131","arr":["116","131"],"terminus":0,"mode":"bus","color":"#0059a9","colorDark":"#00294f","angle":8.4,"snapDist":9,"label":1}},{"type":"Feature","geometry":{"type":"Point","coordinates":[18.548914,54.366675]},"properties":{"name":"Matemblewo","lines":"116, 131","arr":["116","131"],"terminus":1,"mode":"bus","color":"#0059a9","colorDark":"#00294f","angle":202.6,"snapDist":10,"label":1}},{"type":"Feature","geometry":{"type":"Point","coordinates":[18.556507,54.36363]},"properties":{"name":"Karskiego","lines":"116, 131","arr":["116","131"],"terminus":0,"mode":"bus","color":"#0059a9","colorDark":"#00294f","angle":188.3,"snapDist":10,"label":0}},{"type":"Feature","geometry":{"type":"Point","coordinates":[18.561724,54.365708]},"properties":{"name":"Potokowa - Matemblewska","lines":"116, 131","arr":["116","131"],"terminus":0,"mode":"bus","color":"#0059a9","colorDark":"#00294f","angle":126.4,"snapDist":3,"label":0}},{"type":"Feature","geometry":{"type":"Point","coordinates":[18.56842,54.366555]},"properties":{"name":"Dolne Młyny","lines":"116, 131","arr":["116","131"],"terminus":0,"mode":"bus","color":"#0059a9","colorDark":"#00294f","angle":178.7,"snapDist":8,"label":0}},{"type":"Feature","geometry":{"type":"Point","coordinates":[18.570155,54.371339]},"properties":{"name":"Ogrodowa","lines":"116, 184, 210, 227, 283","arr":["116","184","210","227","283"],"terminus":0,"mode":"bus","color":"#0059a9","colorDark":"#00294f","angle":61.2,"snapDist":12,"label":0}},{"type":"Feature","geometry":{"type":"Point","coordinates":[18.574579,54.37803]},"properties":{"name":"Niedźwiednik PKM","lines":"116, 136","arr":["116","136"],"terminus":0,"mode":"bus","color":"#0059a9","colorDark":"#00294f","angle":159.8,"snapDist":7,"label":0}},{"type":"Feature","geometry":{"type":"Point","coordinates":[18.580512,54.378974]},"properties":{"name":"Srebrniki","lines":"116, 136","arr":["116","136"],"terminus":0,"mode":"bus","color":"#0059a9","colorDark":"#00294f","angle":168,"snapDist":8,"label":0}},{"type":"Feature","geometry":{"type":"Point","coordinates":[18.586414,54.379979]},"properties":{"name":"Chrzanowskiego","lines":"116, 136","arr":["116","136"],"terminus":0,"mode":"bus","color":"#0059a9","colorDark":"#00294f","angle":163.7,"snapDist":5,"label":0}},{"type":"Feature","geometry":{"type":"Point","coordinates":[18.601991,54.421549]},"properties":{"name":"Jelitkowo Kapliczna","lines":"117","arr":["117"],"terminus":1,"mode":"bus","color":"#0059a9","colorDark":"#00294f","angle":136.2,"snapDist":5,"label":1}},{"type":"Feature","geometry":{"type":"Point","coordinates":[18.601598,54.421491]},"properties":{"name":"Jelitkowo Kapliczna","lines":"117, 143, N4","arr":["117","143","N4"],"terminus":0,"mode":"bus","color":"#0059a9","colorDark":"#00294f","angle":-51.6,"snapDist":9,"label":0}},{"type":"Feature","geometry":{"type":"Point","coordinates":[18.592143,54.417306]},"properties":{"name":"Tysiąclecia","lines":"117, 143, N4","arr":["117","143","N4"],"terminus":0,"mode":"bus","color":"#0059a9","colorDark":"#00294f","angle":338.3,"snapDist":8,"label":1}},{"type":"Feature","geometry":{"type":"Point","coordinates":[18.585988,54.416048]},"properties":{"name":"Piastowska","lines":"117, 143, N4","arr":["117","143","N4"],"terminus":0,"mode":"bus","color":"#0059a9","colorDark":"#00294f","angle":337.7,"snapDist":10,"label":1}},{"type":"Feature","geometry":{"type":"Point","coordinates":[18.580006,54.414055]},"properties":{"name":"Poznańska","lines":"117, 143, N4","arr":["117","143","N4"],"terminus":0,"mode":"bus","color":"#0059a9","colorDark":"#00294f","angle":236.9,"snapDist":6,"label":1}},{"type":"Feature","geometry":{"type":"Point","coordinates":[18.57317,54.411593]},"properties":{"name":"Oliwa PKP","lines":"117, 143, N4","arr":["117","143","N4"],"terminus":0,"mode":"bus","color":"#0059a9","colorDark":"#00294f","angle":346.4,"snapDist":5,"label":0}},{"type":"Feature","geometry":{"type":"Point","coordinates":[18.567431,54.409286]},"properties":{"name":"Oliwa","lines":"117, 622, N4","arr":["117","622","N4"],"terminus":0,"mode":"bus","color":"#0059a9","colorDark":"#00294f","angle":346.5,"snapDist":4,"label":0}},{"type":"Feature","geometry":{"type":"Point","coordinates":[18.555477,54.408933]},"properties":{"name":"Stary Rynek Oliwski","lines":"117, 169, 171, 179, 622, N1","arr":["117","169","171","179","622","N1"],"terminus":0,"mode":"bus","color":"#0059a9","colorDark":"#00294f","angle":29.9,"snapDist":8,"label":1}},{"type":"Feature","geometry":{"type":"Point","coordinates":[18.557266,54.413456]},"properties":{"name":"Cmentarz Oliwski","lines":"117","arr":["117"],"terminus":0,"mode":"bus","color":"#0059a9","colorDark":"#00294f","angle":100.2,"snapDist":6,"label":1}},{"type":"Feature","geometry":{"type":"Point","coordinates":[18.558487,54.416133]},"properties":{"name":"Sarnia","lines":"117","arr":["117"],"terminus":0,"mode":"bus","color":"#0059a9","colorDark":"#00294f","angle":107.8,"snapDist":7,"label":1}},{"type":"Feature","geometry":{"type":"Point","coordinates":[18.560427,54.419464]},"properties":{"name":"Bobrowa","lines":"117","arr":["117"],"terminus":0,"mode":"bus","color":"#0059a9","colorDark":"#00294f","angle":105.5,"snapDist":5,"label":1}},{"type":"Feature","geometry":{"type":"Point","coordinates":[18.563557,54.424864]},"properties":{"name":"Sopot Kasztanowa","lines":"117, 122","arr":["117","122"],"terminus":0,"mode":"bus","color":"#0059a9","colorDark":"#00294f","angle":76.2,"snapDist":5,"label":1}},{"type":"Feature","geometry":{"type":"Point","coordinates":[18.5627,54.42761]},"properties":{"name":"Sopot Smolna","lines":"117, 122","arr":["117","122"],"terminus":0,"mode":"bus","color":"#0059a9","colorDark":"#00294f","angle":81.7,"snapDist":6,"label":1}},{"type":"Feature","geometry":{"type":"Point","coordinates":[18.561853,54.4314]},"properties":{"name":"Sopot Reja","lines":"117, 122","arr":["117","122"],"terminus":0,"mode":"bus","color":"#0059a9","colorDark":"#00294f","angle":87.5,"snapDist":9,"label":1}},{"type":"Feature","geometry":{"type":"Point","coordinates":[18.561591,54.434045]},"properties":{"name":"Sopot 3 Maja","lines":"117, 122","arr":["117","122"],"terminus":0,"mode":"bus","color":"#0059a9","colorDark":"#00294f","angle":86.6,"snapDist":11,"label":1}},{"type":"Feature","geometry":{"type":"Point","coordinates":[18.564191,54.439139]},"properties":{"name":"Sopot PKP - Marynarzy","lines":"117, 122, 143","arr":["117","122","143"],"terminus":0,"mode":"bus","color":"#0059a9","colorDark":"#00294f","angle":82.9,"snapDist":6,"label":1}},{"type":"Feature","geometry":{"type":"Point","coordinates":[18.558843,54.441517]},"properties":{"name":"Sopot Sikorskiego","lines":"117, 122, 143","arr":["117","122","143"],"terminus":0,"mode":"bus","color":"#0059a9","colorDark":"#00294f","angle":11.7,"snapDist":5,"label":1}},{"type":"Feature","geometry":{"type":"Point","coordinates":[18.551301,54.440467]},"properties":{"name":"Sopot Żeromskiego","lines":"117","arr":["117"],"terminus":0,"mode":"bus","color":"#0059a9","colorDark":"#00294f","angle":338.5,"snapDist":5,"label":1}},{"type":"Feature","geometry":{"type":"Point","coordinates":[18.545512,54.440238]},"properties":{"name":"Sopot Herberta","lines":"117","arr":["117"],"terminus":0,"mode":"bus","color":"#0059a9","colorDark":"#00294f","angle":270.7,"snapDist":3,"label":1}},{"type":"Feature","geometry":{"type":"Point","coordinates":[18.54785,54.439153]},"properties":{"name":"Sopot Osiedle Mickiewicza","lines":"117","arr":["117"],"terminus":1,"mode":"bus","color":"#0059a9","colorDark":"#00294f","angle":190.5,"snapDist":4,"label":1}},{"type":"Feature","geometry":{"type":"Point","coordinates":[18.551761,54.44039]},"properties":{"name":"Sopot Żeromskiego","lines":"117","arr":["117"],"terminus":0,"mode":"bus","color":"#0059a9","colorDark":"#00294f","angle":122.6,"snapDist":5,"label":0}},{"type":"Feature","geometry":{"type":"Point","coordinates":[18.55788,54.441706]},"properties":{"name":"Sopot Sikorskiego","lines":"117, 122, 143","arr":["117","122","143"],"terminus":0,"mode":"bus","color":"#0059a9","colorDark":"#00294f","angle":199.7,"snapDist":6,"label":0}},{"type":"Feature","geometry":{"type":"Point","coordinates":[18.563646,54.441442]},"properties":{"name":"Sopot PKP","lines":"117, 122, 143","arr":["117","122","143"],"terminus":0,"mode":"bus","color":"#0059a9","colorDark":"#00294f","angle":260.2,"snapDist":7,"label":1}},{"type":"Feature","geometry":{"type":"Point","coordinates":[18.564307,54.4386]},"properties":{"name":"Sopot PKP - Marynarzy","lines":"117, 122, 143","arr":["117","122","143"],"terminus":0,"mode":"bus","color":"#0059a9","colorDark":"#00294f","angle":262.8,"snapDist":4,"label":0}},{"type":"Feature","geometry":{"type":"Point","coordinates":[18.561625,54.433717]},"properties":{"name":"Sopot 3 Maja","lines":"117, 122","arr":["117","122"],"terminus":0,"mode":"bus","color":"#0059a9","colorDark":"#00294f","angle":266.6,"snapDist":7,"label":0}},{"type":"Feature","geometry":{"type":"Point","coordinates":[18.561853,54.431402]},"properties":{"name":"Sopot Reja","lines":"117, 122","arr":["117","122"],"terminus":0,"mode":"bus","color":"#0059a9","colorDark":"#00294f","angle":267.5,"snapDist":12,"label":0}},{"type":"Feature","geometry":{"type":"Point","coordinates":[18.562367,54.428263]},"properties":{"name":"Sopot Smolna","lines":"117, 122","arr":["117","122"],"terminus":0,"mode":"bus","color":"#0059a9","colorDark":"#00294f","angle":262.7,"snapDist":9,"label":0}},{"type":"Feature","geometry":{"type":"Point","coordinates":[18.563025,54.425578]},"properties":{"name":"Sopot Hospicjum","lines":"117, 122","arr":["117","122"],"terminus":0,"mode":"bus","color":"#0059a9","colorDark":"#00294f","angle":257.4,"snapDist":4,"label":1}},{"type":"Feature","geometry":{"type":"Point","coordinates":[18.562104,54.422096]},"properties":{"name":"Czyżewskiego","lines":"117","arr":["117"],"terminus":0,"mode":"bus","color":"#0059a9","colorDark":"#00294f","angle":300.2,"snapDist":9,"label":1}},{"type":"Feature","geometry":{"type":"Point","coordinates":[18.559795,54.418306]},"properties":{"name":"Bobrowa","lines":"117","arr":["117"],"terminus":0,"mode":"bus","color":"#0059a9","colorDark":"#00294f","angle":288.2,"snapDist":9,"label":0}},{"type":"Feature","geometry":{"type":"Point","coordinates":[18.557263,54.413447]},"properties":{"name":"Cmentarz Oliwski","lines":"117","arr":["117"],"terminus":0,"mode":"bus","color":"#0059a9","colorDark":"#00294f","angle":280.2,"snapDist":8,"label":0}},{"type":"Feature","geometry":{"type":"Point","coordinates":[18.557117,54.410778]},"properties":{"name":"Archikatedra Oliwska","lines":"117","arr":["117"],"terminus":0,"mode":"bus","color":"#0059a9","colorDark":"#00294f","angle":273.2,"snapDist":4,"label":1}},{"type":"Feature","geometry":{"type":"Point","coordinates":[18.557894,54.408794]},"properties":{"name":"Stary Rynek Oliwski","lines":"117, 169, 171, 179, 622, N1","arr":["117","169","171","179","622","N1"],"terminus":0,"mode":"bus","color":"#0059a9","colorDark":"#00294f","angle":162.7,"snapDist":7,"label":0}},{"type":"Feature","geometry":{"type":"Point","coordinates":[18.561742,54.409541]},"properties":{"name":"Park Oliwski","lines":"117, 169, 622","arr":["117","169","622"],"terminus":0,"mode":"bus","color":"#0059a9","colorDark":"#00294f","angle":163.7,"snapDist":6,"label":1}},{"type":"Feature","geometry":{"type":"Point","coordinates":[18.565539,54.410146]},"properties":{"name":"Oliwa","lines":"117, 169, 622, N4","arr":["117","169","622","N4"],"terminus":0,"mode":"bus","color":"#0059a9","colorDark":"#00294f","angle":164.8,"snapDist":8,"label":0}},{"type":"Feature","geometry":{"type":"Point","coordinates":[18.574039,54.411716]},"properties":{"name":"Oliwa PKP","lines":"117, 143, N4","arr":["117","143","N4"],"terminus":0,"mode":"bus","color":"#0059a9","colorDark":"#00294f","angle":166.4,"snapDist":6,"label":0}},{"type":"Feature","geometry":{"type":"Point","coordinates":[18.580015,54.414522]},"properties":{"name":"Poznańska","lines":"117, 143, N4","arr":["117","143","N4"],"terminus":0,"mode":"bus","color":"#0059a9","colorDark":"#00294f","angle":146.3,"snapDist":3,"label":0}},{"type":"Feature","geometry":{"type":"Point","coordinates":[18.587942,54.416153]},"properties":{"name":"Piastowska","lines":"117, 143, N4","arr":["117","143","N4"],"terminus":0,"mode":"bus","color":"#0059a9","colorDark":"#00294f","angle":146.5,"snapDist":4,"label":0}},{"type":"Feature","geometry":{"type":"Point","coordinates":[18.593208,54.417418]},"properties":{"name":"Tysiąclecia","lines":"117, 143, N4","arr":["117","143","N4"],"terminus":0,"mode":"bus","color":"#0059a9","colorDark":"#00294f","angle":158.5,"snapDist":11,"label":0}},{"type":"Feature","geometry":{"type":"Point","coordinates":[18.601321,54.421965]},"properties":{"name":"Jelitkowo Kapliczna","lines":"117, 143, N4","arr":["117","143","N4"],"terminus":0,"mode":"bus","color":"#0059a9","colorDark":"#00294f","angle":33.9,"snapDist":6,"label":0}},{"type":"Feature","geometry":{"type":"Point","coordinates":[18.596483,54.423873]},"properties":{"name":"Jelitkowo","lines":"117, 143, N4","arr":["117","143","N4"],"terminus":0,"mode":"bus","color":"#0059a9","colorDark":"#00294f","angle":45.3,"snapDist":4,"label":0}},{"type":"Feature","geometry":{"type":"Point","coordinates":[18.592037,54.42658]},"properties":{"name":"Bursztynowa","lines":"117, 143","arr":["117","143"],"terminus":0,"mode":"bus","color":"#0059a9","colorDark":"#00294f","angle":54.2,"snapDist":8,"label":1}},{"type":"Feature","geometry":{"type":"Point","coordinates":[18.587191,54.429983]},"properties":{"name":"Sopot Hotel Marina","lines":"117, 143","arr":["117","143"],"terminus":0,"mode":"bus","color":"#0059a9","colorDark":"#00294f","angle":47.5,"snapDist":8,"label":1}},{"type":"Feature","geometry":{"type":"Point","coordinates":[18.583136,54.432098]},"properties":{"name":"Sopot Hestii","lines":"117, 143","arr":["117","143"],"terminus":1,"mode":"bus","color":"#0059a9","colorDark":"#00294f","angle":43.4,"snapDist":9,"label":1}},{"type":"Feature","geometry":{"type":"Point","coordinates":[18.57377,54.331481]},"properties":{"name":"Ujeścisko","lines":"118, 156","arr":["118","156"],"terminus":1,"mode":"bus","color":"#0059a9","colorDark":"#00294f","angle":353.8,"snapDist":1,"label":1}},{"type":"Feature","geometry":{"type":"Point","coordinates":[18.58473,54.325486]},"properties":{"name":"Człuchowska","lines":"118","arr":["118"],"terminus":0,"mode":"bus","color":"#0059a9","colorDark":"#00294f","angle":213.8,"snapDist":8,"label":1}},{"type":"Feature","geometry":{"type":"Point","coordinates":[18.586657,54.322672]},"properties":{"name":"Bramińskiego","lines":"118","arr":["118"],"terminus":0,"mode":"bus","color":"#0059a9","colorDark":"#00294f","angle":285.5,"snapDist":6,"label":1}},{"type":"Feature","geometry":{"type":"Point","coordinates":[18.584873,54.319326]},"properties":{"name":"Huenefelda","lines":"118","arr":["118"],"terminus":0,"mode":"bus","color":"#0059a9","colorDark":"#00294f","angle":352.5,"snapDist":4,"label":1}},{"type":"Feature","geometry":{"type":"Point","coordinates":[18.577295,54.319751]},"properties":{"name":"Zakoniczyn","lines":"118, 295, N1","arr":["118","295","N1"],"terminus":1,"mode":"bus","color":"#0059a9","colorDark":"#00294f","angle":29.8,"snapDist":7,"label":1}},{"type":"Feature","geometry":{"type":"Point","coordinates":[18.58512,54.319345]},"properties":{"name":"Huenefelda","lines":"118","arr":["118"],"terminus":0,"mode":"bus","color":"#0059a9","colorDark":"#00294f","angle":172.5,"snapDist":4,"label":0}},{"type":"Feature","geometry":{"type":"Point","coordinates":[18.586718,54.322806]},"properties":{"name":"Bramińskiego","lines":"118","arr":["118"],"terminus":0,"mode":"bus","color":"#0059a9","colorDark":"#00294f","angle":97.9,"snapDist":4,"label":0}},{"type":"Feature","geometry":{"type":"Point","coordinates":[18.587065,54.324412]},"properties":{"name":"Człuchowska","lines":"118","arr":["118"],"terminus":0,"mode":"bus","color":"#0059a9","colorDark":"#00294f","angle":98,"snapDist":4,"label":0}},{"type":"Feature","geometry":{"type":"Point","coordinates":[18.571188,54.331433]},"properties":{"name":"Ujeścisko","lines":"118, 156","arr":["118","156"],"terminus":0,"mode":"bus","color":"#0059a9","colorDark":"#00294f","angle":184.1,"snapDist":1,"label":0}},{"type":"Feature","geometry":{"type":"Point","coordinates":[18.603682,54.324382]},"properties":{"name":"Świętokrzyska","lines":"120, 162, 175, 208, 262, N2, N14","arr":["120","162","175","208","262","N2","N14"],"terminus":0,"mode":"bus","color":"#0059a9","colorDark":"#00294f","angle":34.3,"snapDist":6,"label":0}},{"type":"Feature","geometry":{"type":"Point","coordinates":[18.598427,54.32905]},"properties":{"name":"Płocka","lines":"120, 162, 175, N2, N4, N14","arr":["120","162","175","N2","N4","N14"],"terminus":0,"mode":"bus","color":"#0059a9","colorDark":"#00294f","angle":58.9,"snapDist":10,"label":1}},{"type":"Feature","geometry":{"type":"Point","coordinates":[18.569815,54.328447]},"properties":{"name":"Lawendowe Wzgórze","lines":"120, 156","arr":["120","156"],"terminus":0,"mode":"bus","color":"#0059a9","colorDark":"#00294f","angle":286,"snapDist":6,"label":0}},{"type":"Feature","geometry":{"type":"Point","coordinates":[18.568625,54.326268]},"properties":{"name":"Szkoła Podstawowa nr 6","lines":"120, 156","arr":["120","156"],"terminus":0,"mode":"bus","color":"#0059a9","colorDark":"#00294f","angle":285.3,"snapDist":6,"label":1}},{"type":"Feature","geometry":{"type":"Point","coordinates":[18.549956,54.328961]},"properties":{"name":"Szadółki","lines":"120","arr":["120"],"terminus":0,"mode":"bus","color":"#0059a9","colorDark":"#00294f","angle":13.8,"snapDist":3,"label":0}},{"type":"Feature","geometry":{"type":"Point","coordinates":[18.546431,54.331411]},"properties":{"name":"Potęgowska","lines":"120","arr":["120"],"terminus":0,"mode":"bus","color":"#0059a9","colorDark":"#00294f","angle":64.7,"snapDist":4,"label":1}},{"type":"Feature","geometry":{"type":"Point","coordinates":[18.542133,54.3334]},"properties":{"name":"Połczyńska","lines":"120","arr":["120"],"terminus":0,"mode":"bus","color":"#0059a9","colorDark":"#00294f","angle":26.4,"snapDist":1,"label":1}},{"type":"Feature","geometry":{"type":"Point","coordinates":[18.530357,54.33556]},"properties":{"name":"Stężycka","lines":"120","arr":["120"],"terminus":0,"mode":"bus","color":"#0059a9","colorDark":"#00294f","angle":14.3,"snapDist":5,"label":1}},{"type":"Feature","geometry":{"type":"Point","coordinates":[18.523275,54.337405]},"properties":{"name":"Łagowska","lines":"120","arr":["120"],"terminus":0,"mode":"bus","color":"#0059a9","colorDark":"#00294f","angle":349.8,"snapDist":3,"label":1}},{"type":"Feature","geometry":{"type":"Point","coordinates":[18.513616,54.337669]},"properties":{"name":"Kolbudzka","lines":"120","arr":["120"],"terminus":0,"mode":"bus","color":"#0059a9","colorDark":"#00294f","angle":23.2,"snapDist":3,"label":1}},{"type":"Feature","geometry":{"type":"Point","coordinates":[18.510806,54.338574]},"properties":{"name":"Lipuska","lines":"120, 168","arr":["120","168"],"terminus":0,"mode":"bus","color":"#0059a9","colorDark":"#00294f","angle":17.8,"snapDist":7,"label":1}},{"type":"Feature","geometry":{"type":"Point","coordinates":[18.508057,54.339775]},"properties":{"name":"Kiełpino Szkoła","lines":"120, 168, N3","arr":["120","168","N3"],"terminus":0,"mode":"bus","color":"#0059a9","colorDark":"#00294f","angle":109.3,"snapDist":4,"label":1}},{"type":"Feature","geometry":{"type":"Point","coordinates":[18.510552,54.34413]},"properties":{"name":"Otomińska","lines":"120, 168, N3","arr":["120","168","N3"],"terminus":0,"mode":"bus","color":"#0059a9","colorDark":"#00294f","angle":113.8,"snapDist":4,"label":1}},{"type":"Feature","geometry":{"type":"Point","coordinates":[18.510756,54.34795]},"properties":{"name":"Gostyńska Szpital","lines":"120, 168, N3","arr":["120","168","N3"],"terminus":0,"mode":"bus","color":"#0059a9","colorDark":"#00294f","angle":92.4,"snapDist":5,"label":1}},{"type":"Feature","geometry":{"type":"Point","coordinates":[18.509482,54.350313]},"properties":{"name":"Karczemki","lines":"120, 167, 267, N3","arr":["120","167","267","N3"],"terminus":0,"mode":"bus","color":"#0059a9","colorDark":"#00294f","angle":7.2,"snapDist":8,"label":1}},{"type":"Feature","geometry":{"type":"Point","coordinates":[18.500586,54.35219]},"properties":{"name":"Inżynierska","lines":"120, 167, 267, N3","arr":["120","167","267","N3"],"terminus":0,"mode":"bus","color":"#0059a9","colorDark":"#00294f","angle":25.3,"snapDist":9,"label":1}},{"type":"Feature","geometry":{"type":"Point","coordinates":[18.4938,54.353493]},"properties":{"name":"Fabryczna","lines":"120, 167, 267, N3","arr":["120","167","267","N3"],"terminus":0,"mode":"bus","color":"#0059a9","colorDark":"#00294f","angle":22.6,"snapDist":9,"label":1}},{"type":"Feature","geometry":{"type":"Point","coordinates":[18.490176,54.354901]},"properties":{"name":"Kokoszki","lines":"120, 157, 167, 267, N3","arr":["120","157","167","267","N3"],"terminus":0,"mode":"bus","color":"#0059a9","colorDark":"#00294f","angle":95,"snapDist":9,"label":1}},{"type":"Feature","geometry":{"type":"Point","coordinates":[18.491096,54.358102]},"properties":{"name":"Transportowców","lines":"120, 157, 167, 267, 268, N3","arr":["120","157","167","267","268","N3"],"terminus":0,"mode":"bus","color":"#0059a9","colorDark":"#00294f","angle":101.4,"snapDist":8,"label":1}},{"type":"Feature","geometry":{"type":"Point","coordinates":[18.492265,54.361728]},"properties":{"name":"Kokoszki PKP","lines":"120, 157, 167, 267, 268, N3","arr":["120","157","167","267","268","N3"],"terminus":0,"mode":"bus","color":"#0059a9","colorDark":"#00294f","angle":92.1,"snapDist":8,"label":1}},{"type":"Feature","geometry":{"type":"Point","coordinates":[18.49351,54.365362]},"properties":{"name":"Nowatorów","lines":"120, 126, 157, N3","arr":["120","126","157","N3"],"terminus":0,"mode":"bus","color":"#0059a9","colorDark":"#00294f","angle":168.1,"snapDist":9,"label":1}},{"type":"Feature","geometry":{"type":"Point","coordinates":[18.5017,54.367578]},"properties":{"name":"Budowlanych","lines":"120, 126, 157, N3","arr":["120","126","157","N3"],"terminus":0,"mode":"bus","color":"#0059a9","colorDark":"#00294f","angle":119,"snapDist":13,"label":1}},{"type":"Feature","geometry":{"type":"Point","coordinates":[18.504264,54.370832]},"properties":{"name":"Sąsiedzka","lines":"120, 126, 157, N3","arr":["120","126","157","N3"],"terminus":0,"mode":"bus","color":"#0059a9","colorDark":"#00294f","angle":113.9,"snapDist":11,"label":1}},{"type":"Feature","geometry":{"type":"Point","coordinates":[18.506969,54.3745]},"properties":{"name":"Matarnia PKM","lines":"120, 126, 157, N3","arr":["120","126","157","N3"],"terminus":0,"mode":"bus","color":"#0059a9","colorDark":"#00294f","angle":113.9,"snapDist":21,"label":1}},{"type":"Feature","geometry":{"type":"Point","coordinates":[18.48225,54.380938]},"properties":{"name":"Śmigłowa","lines":"120, 210, N3","arr":["120","210","N3"],"terminus":0,"mode":"bus","color":"#0059a9","colorDark":"#00294f","angle":58.6,"snapDist":7,"label":0}},{"type":"Feature","geometry":{"type":"Point","coordinates":[18.475822,54.3826]},"properties":{"name":"Terminal - Cargo","lines":"120, 210, N3","arr":["120","210","N3"],"terminus":0,"mode":"bus","color":"#0059a9","colorDark":"#00294f","angle":11.1,"snapDist":8,"label":0}},{"type":"Feature","geometry":{"type":"Point","coordinates":[18.467494,54.383082]},"properties":{"name":"Port Lotniczy","lines":"120","arr":["120"],"terminus":1,"mode":"bus","color":"#0059a9","colorDark":"#00294f","angle":291.8,"snapDist":2,"label":0}},{"type":"Feature","geometry":{"type":"Point","coordinates":[18.46776,54.382907]},"properties":{"name":"Port Lotniczy","lines":"120","arr":["120"],"terminus":0,"mode":"bus","color":"#0059a9","colorDark":"#00294f","angle":201.9,"snapDist":3,"label":0}},{"type":"Feature","geometry":{"type":"Point","coordinates":[18.508097,54.375999]},"properties":{"name":"Agrarna","lines":"120, 126, 157, N3","arr":["120","126","157","N3"],"terminus":0,"mode":"bus","color":"#0059a9","colorDark":"#00294f","angle":292.6,"snapDist":9,"label":0}},{"type":"Feature","geometry":{"type":"Point","coordinates":[18.505987,54.373181]},"properties":{"name":"Matarnia PKM","lines":"120, 126, 157, N3","arr":["120","126","157","N3"],"terminus":0,"mode":"bus","color":"#0059a9","colorDark":"#00294f","angle":293.5,"snapDist":10,"label":0}},{"type":"Feature","geometry":{"type":"Point","coordinates":[18.503987,54.370476]},"properties":{"name":"Sąsiedzka","lines":"120, 126, 157, N3","arr":["120","126","157","N3"],"terminus":0,"mode":"bus","color":"#0059a9","colorDark":"#00294f","angle":293.6,"snapDist":12,"label":0}},{"type":"Feature","geometry":{"type":"Point","coordinates":[18.501848,54.367734]},"properties":{"name":"Budowlanych","lines":"120, 126, 157, N3","arr":["120","126","157","N3"],"terminus":0,"mode":"bus","color":"#0059a9","colorDark":"#00294f","angle":299,"snapDist":14,"label":0}},{"type":"Feature","geometry":{"type":"Point","coordinates":[18.491925,54.364033]},"properties":{"name":"Nowatorów","lines":"120, 157, 167, 267, N3","arr":["120","157","167","267","N3"],"terminus":0,"mode":"bus","color":"#0059a9","colorDark":"#00294f","angle":264.4,"snapDist":12,"label":0}},{"type":"Feature","geometry":{"type":"Point","coordinates":[18.491545,54.359416]},"properties":{"name":"Transportowców","lines":"120, 157, 167, 267, 268, N3","arr":["120","157","167","267","268","N3"],"terminus":0,"mode":"bus","color":"#0059a9","colorDark":"#00294f","angle":281.5,"snapDist":8,"label":0}},{"type":"Feature","geometry":{"type":"Point","coordinates":[18.490842,54.353997]},"properties":{"name":"Kokoszki","lines":"120, 167, 267, N3","arr":["120","167","267","N3"],"terminus":0,"mode":"bus","color":"#0059a9","colorDark":"#00294f","angle":192.4,"snapDist":12,"label":0}},{"type":"Feature","geometry":{"type":"Point","coordinates":[18.494973,54.353136]},"properties":{"name":"Fabryczna","lines":"120, 167, 267, N3","arr":["120","167","267","N3"],"terminus":0,"mode":"bus","color":"#0059a9","colorDark":"#00294f","angle":200.2,"snapDist":8,"label":0}},{"type":"Feature","geometry":{"type":"Point","coordinates":[18.502198,54.351638]},"properties":{"name":"Inżynierska","lines":"120, 167, 267, N3","arr":["120","167","267","N3"],"terminus":0,"mode":"bus","color":"#0059a9","colorDark":"#00294f","angle":204.4,"snapDist":10,"label":0}},{"type":"Feature","geometry":{"type":"Point","coordinates":[18.510518,54.349354]},"properties":{"name":"Karczemki","lines":"120, 168, N3","arr":["120","168","N3"],"terminus":0,"mode":"bus","color":"#0059a9","colorDark":"#00294f","angle":260.8,"snapDist":9,"label":0}},{"type":"Feature","geometry":{"type":"Point","coordinates":[18.510738,54.347395]},"properties":{"name":"Gostyńska Szpital","lines":"120, 168, N3","arr":["120","168","N3"],"terminus":0,"mode":"bus","color":"#0059a9","colorDark":"#00294f","angle":271.3,"snapDist":6,"label":0}},{"type":"Feature","geometry":{"type":"Point","coordinates":[18.510068,54.34351]},"properties":{"name":"Otomińska","lines":"120, 168, N3","arr":["120","168","N3"],"terminus":0,"mode":"bus","color":"#0059a9","colorDark":"#00294f","angle":294.4,"snapDist":4,"label":0}},{"type":"Feature","geometry":{"type":"Point","coordinates":[18.507931,54.339563]},"properties":{"name":"Kiełpino Szkoła","lines":"120, 168, N3","arr":["120","168","N3"],"terminus":0,"mode":"bus","color":"#0059a9","colorDark":"#00294f","angle":287.6,"snapDist":6,"label":0}},{"type":"Feature","geometry":{"type":"Point","coordinates":[18.510841,54.338565]},"properties":{"name":"Lipuska","lines":"120","arr":["120"],"terminus":0,"mode":"bus","color":"#0059a9","colorDark":"#00294f","angle":211.6,"snapDist":2,"label":0}},{"type":"Feature","geometry":{"type":"Point","coordinates":[18.515398,54.337327]},"properties":{"name":"Kolbudzka","lines":"120","arr":["120"],"terminus":0,"mode":"bus","color":"#0059a9","colorDark":"#00294f","angle":191.1,"snapDist":5,"label":0}},{"type":"Feature","geometry":{"type":"Point","coordinates":[18.523394,54.337417]},"properties":{"name":"Łagowska","lines":"120","arr":["120"],"terminus":0,"mode":"bus","color":"#0059a9","colorDark":"#00294f","angle":169.8,"snapDist":5,"label":0}},{"type":"Feature","geometry":{"type":"Point","coordinates":[18.530361,54.335559]},"properties":{"name":"Stężycka","lines":"120","arr":["120"],"terminus":0,"mode":"bus","color":"#0059a9","colorDark":"#00294f","angle":194.3,"snapDist":7,"label":0}},{"type":"Feature","geometry":{"type":"Point","coordinates":[18.54149,54.333497]},"properties":{"name":"Połczyńska","lines":"120","arr":["120"],"terminus":0,"mode":"bus","color":"#0059a9","colorDark":"#00294f","angle":192.7,"snapDist":9,"label":0}},{"type":"Feature","geometry":{"type":"Point","coordinates":[18.546427,54.331417]},"properties":{"name":"Potęgowska","lines":"120","arr":["120"],"terminus":0,"mode":"bus","color":"#0059a9","colorDark":"#00294f","angle":244.7,"snapDist":8,"label":0}},{"type":"Feature","geometry":{"type":"Point","coordinates":[18.550798,54.32884]},"properties":{"name":"Szadółki","lines":"120","arr":["120"],"terminus":0,"mode":"bus","color":"#0059a9","colorDark":"#00294f","angle":194.7,"snapDist":5,"label":0}},{"type":"Feature","geometry":{"type":"Point","coordinates":[18.595316,54.331965]},"properties":{"name":"Przemyska","lines":"120, 162, 175, N2, N4, N14","arr":["120","162","175","N2","N4","N14"],"terminus":0,"mode":"bus","color":"#0059a9","colorDark":"#00294f","angle":258.9,"snapDist":3,"label":0}},{"type":"Feature","geometry":{"type":"Point","coordinates":[18.597889,54.329317]},"properties":{"name":"Płocka","lines":"120, 162, 175, N2, N14","arr":["120","162","175","N2","N14"],"terminus":0,"mode":"bus","color":"#0059a9","colorDark":"#00294f","angle":239,"snapDist":9,"label":0}},{"type":"Feature","geometry":{"type":"Point","coordinates":[18.639826,54.393112]},"properties":{"name":"Letnica Węzeł Harfa","lines":"122, 149, 158","arr":["122","149","158"],"terminus":1,"mode":"bus","color":"#0059a9","colorDark":"#00294f","angle":113.2,"snapDist":3,"label":1}},{"type":"Feature","geometry":{"type":"Point","coordinates":[18.631588,54.404751]},"properties":{"name":"PCK","lines":"122, 148, N2, N6","arr":["122","148","N2","N6"],"terminus":0,"mode":"bus","color":"#0059a9","colorDark":"#00294f","angle":23.8,"snapDist":5,"label":1}},{"type":"Feature","geometry":{"type":"Point","coordinates":[18.625606,54.404344]},"properties":{"name":"Dworska","lines":"122, 148, N2, N6","arr":["122","148","N2","N6"],"terminus":0,"mode":"bus","color":"#0059a9","colorDark":"#00294f","angle":6.4,"snapDist":7,"label":1}},{"type":"Feature","geometry":{"type":"Point","coordinates":[18.621923,54.403078]},"properties":{"name":"al. Płażyńskiego","lines":"122, 148, 158, 258","arr":["122","148","158","258"],"terminus":0,"mode":"bus","color":"#0059a9","colorDark":"#00294f","angle":58.6,"snapDist":8,"label":1}},{"type":"Feature","geometry":{"type":"Point","coordinates":[18.614768,54.406659]},"properties":{"name":"Czarny Dwór","lines":"122, 127, 158, 258, N6","arr":["122","127","158","258","N6"],"terminus":0,"mode":"bus","color":"#0059a9","colorDark":"#00294f","angle":301.5,"snapDist":9,"label":1}},{"type":"Feature","geometry":{"type":"Point","coordinates":[18.610108,54.402282]},"properties":{"name":"Zaspa Szpital","lines":"122, 127, 158, 258, N6","arr":["122","127","158","258","N6"],"terminus":0,"mode":"bus","color":"#0059a9","colorDark":"#00294f","angle":302.5,"snapDist":11,"label":0}},{"type":"Feature","geometry":{"type":"Point","coordinates":[18.606126,54.400126]},"properties":{"name":"Leszczyńskich","lines":"122","arr":["122"],"terminus":0,"mode":"bus","color":"#0059a9","colorDark":"#00294f","angle":32.9,"snapDist":5,"label":1}},{"type":"Feature","geometry":{"type":"Point","coordinates":[18.603924,54.402834]},"properties":{"name":"Meissnera","lines":"122","arr":["122"],"terminus":0,"mode":"bus","color":"#0059a9","colorDark":"#00294f","angle":144.3,"snapDist":7,"label":1}},{"type":"Feature","geometry":{"type":"Point","coordinates":[18.604211,54.405465]},"properties":{"name":"Olsztyńska","lines":"122","arr":["122"],"terminus":0,"mode":"bus","color":"#0059a9","colorDark":"#00294f","angle":70.3,"snapDist":4,"label":1}},{"type":"Feature","geometry":{"type":"Point","coordinates":[18.597881,54.405061]},"properties":{"name":"Opolska","lines":"122, 199, N14","arr":["122","199","N14"],"terminus":0,"mode":"bus","color":"#0059a9","colorDark":"#00294f","angle":341.8,"snapDist":9,"label":1}},{"type":"Feature","geometry":{"type":"Point","coordinates":[18.59342,54.404233]},"properties":{"name":"Kołobrzeska","lines":"122, 199, N14","arr":["122","199","N14"],"terminus":0,"mode":"bus","color":"#0059a9","colorDark":"#00294f","angle":349.8,"snapDist":6,"label":1}},{"type":"Feature","geometry":{"type":"Point","coordinates":[18.588003,54.403567]},"properties":{"name":"Krynicka","lines":"122, 149, 199, N14","arr":["122","149","199","N14"],"terminus":0,"mode":"bus","color":"#0059a9","colorDark":"#00294f","angle":343.1,"snapDist":7,"label":0}},{"type":"Feature","geometry":{"type":"Point","coordinates":[18.581853,54.402498]},"properties":{"name":"Szczecińska","lines":"122, 149, 199, N14","arr":["122","149","199","N14"],"terminus":0,"mode":"bus","color":"#0059a9","colorDark":"#00294f","angle":342.8,"snapDist":6,"label":1}},{"type":"Feature","geometry":{"type":"Point","coordinates":[18.576946,54.401605]},"properties":{"name":"Przymorze SKM","lines":"122, 149, 199, N14","arr":["122","149","199","N14"],"terminus":0,"mode":"bus","color":"#0059a9","colorDark":"#00294f","angle":7.1,"snapDist":8,"label":0}},{"type":"Feature","geometry":{"type":"Point","coordinates":[18.574022,54.401424]},"properties":{"name":"Hala Olivia","lines":"122","arr":["122"],"terminus":0,"mode":"bus","color":"#0059a9","colorDark":"#00294f","angle":66.7,"snapDist":10,"label":1}},{"type":"Feature","geometry":{"type":"Point","coordinates":[18.568398,54.409145]},"properties":{"name":"Oliwa","lines":"122","arr":["122"],"terminus":0,"mode":"bus","color":"#0059a9","colorDark":"#00294f","angle":64.1,"snapDist":13,"label":0}},{"type":"Feature","geometry":{"type":"Point","coordinates":[18.566274,54.415232]},"properties":{"name":"Opacka","lines":"122","arr":["122"],"terminus":0,"mode":"bus","color":"#0059a9","colorDark":"#00294f","angle":83.6,"snapDist":6,"label":1}},{"type":"Feature","geometry":{"type":"Point","coordinates":[18.565164,54.420053]},"properties":{"name":"Górskiego","lines":"122","arr":["122"],"terminus":0,"mode":"bus","color":"#0059a9","colorDark":"#00294f","angle":82.1,"snapDist":7,"label":1}},{"type":"Feature","geometry":{"type":"Point","coordinates":[18.556585,54.442327]},"properties":{"name":"Sopot Sikorskiego","lines":"122, 143","arr":["122","143"],"terminus":0,"mode":"bus","color":"#0059a9","colorDark":"#00294f","angle":82.6,"snapDist":9,"label":0}},{"type":"Feature","geometry":{"type":"Point","coordinates":[18.554562,54.445848]},"properties":{"name":"Sopot Uniwersytet Gdański","lines":"122, 143","arr":["122","143"],"terminus":0,"mode":"bus","color":"#0059a9","colorDark":"#00294f","angle":35.6,"snapDist":8,"label":1}},{"type":"Feature","geometry":{"type":"Point","coordinates":[18.551551,54.44696]},"properties":{"name":"Sopot Okrężna","lines":"122, 143","arr":["122","143"],"terminus":0,"mode":"bus","color":"#0059a9","colorDark":"#00294f","angle":23.5,"snapDist":7,"label":1}},{"type":"Feature","geometry":{"type":"Point","coordinates":[18.543615,54.448123]},"properties":{"name":"Sopot 23 Marca","lines":"122, 143","arr":["122","143"],"terminus":0,"mode":"bus","color":"#0059a9","colorDark":"#00294f","angle":356.9,"snapDist":6,"label":1}},{"type":"Feature","geometry":{"type":"Point","coordinates":[18.540588,54.447842]},"properties":{"name":"Sopot Przylesie","lines":"122","arr":["122"],"terminus":1,"mode":"bus","color":"#0059a9","colorDark":"#00294f","angle":160.7,"snapDist":4,"label":1}},{"type":"Feature","geometry":{"type":"Point","coordinates":[18.544326,54.448131]},"properties":{"name":"Sopot 23 Marca","lines":"122, 143","arr":["122","143"],"terminus":0,"mode":"bus","color":"#0059a9","colorDark":"#00294f","angle":181.5,"snapDist":4,"label":0}},{"type":"Feature","geometry":{"type":"Point","coordinates":[18.551339,54.447013]},"properties":{"name":"Sopot Okrężna","lines":"122, 143","arr":["122","143"],"terminus":0,"mode":"bus","color":"#0059a9","colorDark":"#00294f","angle":201,"snapDist":9,"label":0}},{"type":"Feature","geometry":{"type":"Point","coordinates":[18.556214,54.444333]},"properties":{"name":"Sopot Uniwersytet Gdański","lines":"122, 143","arr":["122","143"],"terminus":0,"mode":"bus","color":"#0059a9","colorDark":"#00294f","angle":263.8,"snapDist":2,"label":0}},{"type":"Feature","geometry":{"type":"Point","coordinates":[18.564108,54.422833]},"properties":{"name":"Nadwodna","lines":"122","arr":["122"],"terminus":0,"mode":"bus","color":"#0059a9","colorDark":"#00294f","angle":256.5,"snapDist":9,"label":1}},{"type":"Feature","geometry":{"type":"Point","coordinates":[18.565301,54.418772]},"properties":{"name":"Górskiego","lines":"122","arr":["122"],"terminus":0,"mode":"bus","color":"#0059a9","colorDark":"#00294f","angle":262.8,"snapDist":6,"label":0}},{"type":"Feature","geometry":{"type":"Point","coordinates":[18.566151,54.413776]},"properties":{"name":"Opacka","lines":"122","arr":["122"],"terminus":0,"mode":"bus","color":"#0059a9","colorDark":"#00294f","angle":259.8,"snapDist":6,"label":0}},{"type":"Feature","geometry":{"type":"Point","coordinates":[18.568216,54.409115]},"properties":{"name":"Oliwa","lines":"122","arr":["122"],"terminus":0,"mode":"bus","color":"#0059a9","colorDark":"#00294f","angle":243.3,"snapDist":7,"label":0}},{"type":"Feature","geometry":{"type":"Point","coordinates":[18.576435,54.401462]},"properties":{"name":"Przymorze SKM","lines":"122, 149, 199, 262, N14","arr":["122","149","199","262","N14"],"terminus":0,"mode":"bus","color":"#0059a9","colorDark":"#00294f","angle":159.6,"snapDist":6,"label":0}},{"type":"Feature","geometry":{"type":"Point","coordinates":[18.582125,54.402442]},"properties":{"name":"Szczecińska","lines":"122, 149, 199, N14","arr":["122","149","199","N14"],"terminus":0,"mode":"bus","color":"#0059a9","colorDark":"#00294f","angle":162.9,"snapDist":8,"label":0}},{"type":"Feature","geometry":{"type":"Point","coordinates":[18.587692,54.403407]},"properties":{"name":"Krynicka","lines":"122, 149, 199, N14","arr":["122","149","199","N14"],"terminus":1,"mode":"bus","color":"#0059a9","colorDark":"#00294f","angle":162.9,"snapDist":12,"label":1}},{"type":"Feature","geometry":{"type":"Point","coordinates":[18.594395,54.404391]},"properties":{"name":"Kołobrzeska","lines":"122, 199, N14","arr":["122","199","N14"],"terminus":0,"mode":"bus","color":"#0059a9","colorDark":"#00294f","angle":162,"snapDist":8,"label":0}},{"type":"Feature","geometry":{"type":"Point","coordinates":[18.597738,54.405033]},"properties":{"name":"Opolska","lines":"122, 199, N14","arr":["122","199","N14"],"terminus":0,"mode":"bus","color":"#0059a9","colorDark":"#00294f","angle":161.8,"snapDist":10,"label":0}},{"type":"Feature","geometry":{"type":"Point","coordinates":[18.604175,54.405522]},"properties":{"name":"Olsztyńska","lines":"122","arr":["122"],"terminus":0,"mode":"bus","color":"#0059a9","colorDark":"#00294f","angle":250.3,"snapDist":10,"label":0}},{"type":"Feature","geometry":{"type":"Point","coordinates":[18.60335,54.401599]},"properties":{"name":"Meissnera","lines":"122","arr":["122"],"terminus":0,"mode":"bus","color":"#0059a9","colorDark":"#00294f","angle":238.6,"snapDist":7,"label":0}},{"type":"Feature","geometry":{"type":"Point","coordinates":[18.607898,54.400029]},"properties":{"name":"Leszczyńskich","lines":"122, 124, 127, 158, 258, N6","arr":["122","124","127","158","258","N6"],"terminus":0,"mode":"bus","color":"#0059a9","colorDark":"#00294f","angle":121,"snapDist":9,"label":0}},{"type":"Feature","geometry":{"type":"Point","coordinates":[18.61199,54.403863]},"properties":{"name":"Zaspa Szpital","lines":"122, 124, 127, 158, 258, N6","arr":["122","124","127","158","258","N6"],"terminus":1,"mode":"bus","color":"#0059a9","colorDark":"#00294f","angle":121.5,"snapDist":8,"label":1}},{"type":"Feature","geometry":{"type":"Point","coordinates":[18.616454,54.406839]},"properties":{"name":"Czarny Dwór","lines":"122, 124, 148, 158, 258","arr":["122","124","148","158","258"],"terminus":0,"mode":"bus","color":"#0059a9","colorDark":"#00294f","angle":211.9,"snapDist":12,"label":0}},{"type":"Feature","geometry":{"type":"Point","coordinates":[18.623401,54.402776]},"properties":{"name":"al. Płażyńskiego","lines":"122, 148, N6","arr":["122","148","N6"],"terminus":0,"mode":"bus","color":"#0059a9","colorDark":"#00294f","angle":107.1,"snapDist":4,"label":0}},{"type":"Feature","geometry":{"type":"Point","coordinates":[18.627273,54.404216]},"properties":{"name":"Dworska","lines":"122, 148, N6","arr":["122","148","N6"],"terminus":0,"mode":"bus","color":"#0059a9","colorDark":"#00294f","angle":187.3,"snapDist":10,"label":0}},{"type":"Feature","geometry":{"type":"Point","coordinates":[18.632562,54.404458]},"properties":{"name":"PCK","lines":"122, 148, N6","arr":["122","148","N6"],"terminus":0,"mode":"bus","color":"#0059a9","colorDark":"#00294f","angle":209.9,"snapDist":5,"label":0}},{"type":"Feature","geometry":{"type":"Point","coordinates":[18.64536,54.3554]},"properties":{"name":"Dworzec Główny","lines":"123, 178, N78","arr":["123","178","N78"],"terminus":0,"mode":"bus","color":"#0059a9","colorDark":"#00294f","angle":277.8,"snapDist":9,"label":0}},{"type":"Feature","geometry":{"type":"Point","coordinates":[18.646153,54.342824]},"properties":{"name":"Urząd Wojewódzki / Marszałkowski","lines":"123, 183","arr":["123","183"],"terminus":0,"mode":"bus","color":"#0059a9","colorDark":"#00294f","angle":184.9,"snapDist":6,"label":1}},{"type":"Feature","geometry":{"type":"Point","coordinates":[18.648358,54.340938]},"properties":{"name":"Brama Nizinna","lines":"123, 183","arr":["123","183"],"terminus":0,"mode":"bus","color":"#0059a9","colorDark":"#00294f","angle":301.8,"snapDist":5,"label":1}},{"type":"Feature","geometry":{"type":"Point","coordinates":[18.649543,54.335258]},"properties":{"name":"Mostowa","lines":"123, 183","arr":["123","183"],"terminus":0,"mode":"bus","color":"#0059a9","colorDark":"#00294f","angle":210.3,"snapDist":9,"label":1}},{"type":"Feature","geometry":{"type":"Point","coordinates":[18.655087,54.334046]},"properties":{"name":"Olszyńska","lines":"123, 183","arr":["123","183"],"terminus":0,"mode":"bus","color":"#0059a9","colorDark":"#00294f","angle":191.2,"snapDist":5,"label":1}},{"type":"Feature","geometry":{"type":"Point","coordinates":[18.647986,54.334877]},"properties":{"name":"Przybrzeżna","lines":"123","arr":["123"],"terminus":0,"mode":"bus","color":"#0059a9","colorDark":"#00294f","angle":304,"snapDist":5,"label":1}},{"type":"Feature","geometry":{"type":"Point","coordinates":[18.642724,54.331784]},"properties":{"name":"Kolonia Mysia","lines":"123","arr":["123"],"terminus":0,"mode":"bus","color":"#0059a9","colorDark":"#00294f","angle":284.9,"snapDist":6,"label":1}},{"type":"Feature","geometry":{"type":"Point","coordinates":[18.641047,54.327396]},"properties":{"name":"Głucha","lines":"123","arr":["123"],"terminus":0,"mode":"bus","color":"#0059a9","colorDark":"#00294f","angle":280,"snapDist":6,"label":1}},{"type":"Feature","geometry":{"type":"Point","coordinates":[18.640875,54.324245]},"properties":{"name":"Równa","lines":"123","arr":["123"],"terminus":1,"mode":"bus","color":"#0059a9","colorDark":"#00294f","angle":173,"snapDist":6,"label":1}},{"type":"Feature","geometry":{"type":"Point","coordinates":[18.641167,54.32783]},"properties":{"name":"Głucha","lines":"123","arr":["123"],"terminus":0,"mode":"bus","color":"#0059a9","colorDark":"#00294f","angle":98.7,"snapDist":4,"label":0}},{"type":"Feature","geometry":{"type":"Point","coordinates":[18.642757,54.331856]},"properties":{"name":"Kolonia Mysia","lines":"123","arr":["123"],"terminus":0,"mode":"bus","color":"#0059a9","colorDark":"#00294f","angle":104.9,"snapDist":4,"label":0}},{"type":"Feature","geometry":{"type":"Point","coordinates":[18.648554,54.336321]},"properties":{"name":"Mostowa","lines":"123, 183","arr":["123","183"],"terminus":0,"mode":"bus","color":"#0059a9","colorDark":"#00294f","angle":56.9,"snapDist":5,"label":0}},{"type":"Feature","geometry":{"type":"Point","coordinates":[18.647957,54.340562]},"properties":{"name":"Brama Nizinna","lines":"123, 183","arr":["123","183"],"terminus":0,"mode":"bus","color":"#0059a9","colorDark":"#00294f","angle":123,"snapDist":8,"label":0}},{"type":"Feature","geometry":{"type":"Point","coordinates":[18.646075,54.34286]},"properties":{"name":"Urząd Wojewódzki / Marszałkowski","lines":"123, 183","arr":["123","183"],"terminus":0,"mode":"bus","color":"#0059a9","colorDark":"#00294f","angle":349.4,"snapDist":5,"label":0}},{"type":"Feature","geometry":{"type":"Point","coordinates":[18.604206,54.38132]},"properties":{"name":"Wrzeszcz PKP","lines":"124, 149, 158, 199, 258, N2","arr":["124","149","158","199","258","N2"],"terminus":0,"mode":"bus","color":"#0059a9","colorDark":"#00294f","angle":313.5,"snapDist":4,"label":0}},{"type":"Feature","geometry":{"type":"Point","coordinates":[18.599071,54.383277]},"properties":{"name":"Galeria Bałtycka","lines":"124, 127, 158, 227, 258, N2","arr":["124","127","158","227","258","N2"],"terminus":0,"mode":"bus","color":"#0059a9","colorDark":"#00294f","angle":127.4,"snapDist":8,"label":0}},{"type":"Feature","geometry":{"type":"Point","coordinates":[18.6031,54.385433]},"properties":{"name":"Kilińskiego","lines":"124, 127, N2","arr":["124","127","N2"],"terminus":0,"mode":"bus","color":"#0059a9","colorDark":"#00294f","angle":150.2,"snapDist":9,"label":1}},{"type":"Feature","geometry":{"type":"Point","coordinates":[18.611431,54.387512]},"properties":{"name":"Legionów","lines":"124, 149","arr":["124","149"],"terminus":0,"mode":"bus","color":"#0059a9","colorDark":"#00294f","angle":158.7,"snapDist":10,"label":1}},{"type":"Feature","geometry":{"type":"Point","coordinates":[18.616922,54.390318]},"properties":{"name":"Kopalniana","lines":"124","arr":["124"],"terminus":0,"mode":"bus","color":"#0059a9","colorDark":"#00294f","angle":95.4,"snapDist":6,"label":1}},{"type":"Feature","geometry":{"type":"Point","coordinates":[18.616946,54.394632]},"properties":{"name":"Ciołkowskiego","lines":"124, N6","arr":["124","N6"],"terminus":0,"mode":"bus","color":"#0059a9","colorDark":"#00294f","angle":0.2,"snapDist":17,"label":1}},{"type":"Feature","geometry":{"type":"Point","coordinates":[18.612688,54.395409]},"properties":{"name":"Drzewieckiego","lines":"124, N6","arr":["124","N6"],"terminus":0,"mode":"bus","color":"#0059a9","colorDark":"#00294f","angle":52.4,"snapDist":6,"label":1}},{"type":"Feature","geometry":{"type":"Point","coordinates":[18.6086,54.3992]},"properties":{"name":"Korczaka","lines":"124, N6","arr":["124","N6"],"terminus":0,"mode":"bus","color":"#0059a9","colorDark":"#00294f","angle":32.7,"snapDist":7,"label":1}},{"type":"Feature","geometry":{"type":"Point","coordinates":[18.622131,54.401263]},"properties":{"name":"al. Płażyńskiego","lines":"124, N2, N6","arr":["124","N2","N6"],"terminus":0,"mode":"bus","color":"#0059a9","colorDark":"#00294f","angle":269.8,"snapDist":7,"label":0}},{"type":"Feature","geometry":{"type":"Point","coordinates":[18.622264,54.38758]},"properties":{"name":"Kościuszki","lines":"124, N1","arr":["124","N1"],"terminus":0,"mode":"bus","color":"#0059a9","colorDark":"#00294f","angle":272.9,"snapDist":6,"label":1}},{"type":"Feature","geometry":{"type":"Point","coordinates":[18.620595,54.383348]},"properties":{"name":"Mickiewicza","lines":"124","arr":["124"],"terminus":0,"mode":"bus","color":"#0059a9","colorDark":"#00294f","angle":358.9,"snapDist":9,"label":1}},{"type":"Feature","geometry":{"type":"Point","coordinates":[18.615124,54.382585]},"properties":{"name":"Plac Komorowskiego","lines":"124","arr":["124"],"terminus":0,"mode":"bus","color":"#0059a9","colorDark":"#00294f","angle":247.3,"snapDist":7,"label":1}},{"type":"Feature","geometry":{"type":"Point","coordinates":[18.615322,54.377983]},"properties":{"name":"Biała","lines":"124","arr":["124"],"terminus":0,"mode":"bus","color":"#0059a9","colorDark":"#00294f","angle":49.6,"snapDist":6,"label":1}},{"type":"Feature","geometry":{"type":"Point","coordinates":[18.490562,54.365556]},"properties":{"name":"Nowatorów","lines":"126, 267","arr":["126","267"],"terminus":0,"mode":"bus","color":"#0059a9","colorDark":"#00294f","angle":41.4,"snapDist":9,"label":0}},{"type":"Feature","geometry":{"type":"Point","coordinates":[18.48787,54.366918]},"properties":{"name":"Zbieżna","lines":"126, 267","arr":["126","267"],"terminus":0,"mode":"bus","color":"#0059a9","colorDark":"#00294f","angle":40.9,"snapDist":5,"label":1}},{"type":"Feature","geometry":{"type":"Point","coordinates":[18.481168,54.370029]},"properties":{"name":"Rakietowa","lines":"126, 267","arr":["126","267"],"terminus":0,"mode":"bus","color":"#0059a9","colorDark":"#00294f","angle":34.2,"snapDist":8,"label":1}},{"type":"Feature","geometry":{"type":"Point","coordinates":[18.473264,54.372755]},"properties":{"name":"Kosmonautów","lines":"126, 267","arr":["126","267"],"terminus":0,"mode":"bus","color":"#0059a9","colorDark":"#00294f","angle":26.1,"snapDist":9,"label":1}},{"type":"Feature","geometry":{"type":"Point","coordinates":[18.467889,54.374141]},"properties":{"name":"Ogrody Działkowe Rębiechowo III","lines":"126, 267","arr":["126","267"],"terminus":0,"mode":"bus","color":"#0059a9","colorDark":"#00294f","angle":22.5,"snapDist":9,"label":1}},{"type":"Feature","geometry":{"type":"Point","coordinates":[18.462735,54.375371]},"properties":{"name":"Bysewo","lines":"126","arr":["126"],"terminus":0,"mode":"bus","color":"#0059a9","colorDark":"#00294f","angle":23.3,"snapDist":8,"label":0}},{"type":"Feature","geometry":{"type":"Point","coordinates":[18.453291,54.37764]},"properties":{"name":"Ogrody Działkowe Rębiechowo II","lines":"126","arr":["126"],"terminus":0,"mode":"bus","color":"#0059a9","colorDark":"#00294f","angle":22.2,"snapDist":6,"label":1}},{"type":"Feature","geometry":{"type":"Point","coordinates":[18.448299,54.378833]},"properties":{"name":"Ogrody Działkowe Rębiechowo I","lines":"126","arr":["126"],"terminus":0,"mode":"bus","color":"#0059a9","colorDark":"#00294f","angle":22.2,"snapDist":5,"label":1}},{"type":"Feature","geometry":{"type":"Point","coordinates":[18.432647,54.384212]},"properties":{"name":"Przyrodników","lines":"126","arr":["126"],"terminus":0,"mode":"bus","color":"#0059a9","colorDark":"#00294f","angle":38.6,"snapDist":5,"label":1}},{"type":"Feature","geometry":{"type":"Point","coordinates":[18.423454,54.386711]},"properties":{"name":"Rębiechowo Piaskowa","lines":"126","arr":["126"],"terminus":0,"mode":"bus","color":"#0059a9","colorDark":"#00294f","angle":30.9,"snapDist":4,"label":1}},{"type":"Feature","geometry":{"type":"Point","coordinates":[18.417561,54.388764]},"properties":{"name":"Rębiechowo PKP","lines":"126","arr":["126"],"terminus":0,"mode":"bus","color":"#0059a9","colorDark":"#00294f","angle":31.7,"snapDist":2,"label":1}},{"type":"Feature","geometry":{"type":"Point","coordinates":[18.410409,54.39141]},"properties":{"name":"Banino Szkoła","lines":"126","arr":["126"],"terminus":0,"mode":"bus","color":"#0059a9","colorDark":"#00294f","angle":32.2,"snapDist":7,"label":1}},{"type":"Feature","geometry":{"type":"Point","coordinates":[18.403175,54.39311]},"properties":{"name":"Banino Borowiecka","lines":"126","arr":["126"],"terminus":0,"mode":"bus","color":"#0059a9","colorDark":"#00294f","angle":6.4,"snapDist":9,"label":1}},{"type":"Feature","geometry":{"type":"Point","coordinates":[18.382218,54.393316]},"properties":{"name":"Banino Pszenna","lines":"126","arr":["126"],"terminus":0,"mode":"bus","color":"#0059a9","colorDark":"#00294f","angle":356.1,"snapDist":8,"label":1}},{"type":"Feature","geometry":{"type":"Point","coordinates":[18.360035,54.388523]},"properties":{"name":"Miszewo Rolnicza","lines":"126","arr":["126"],"terminus":0,"mode":"bus","color":"#0059a9","colorDark":"#00294f","angle":255.1,"snapDist":13,"label":1}},{"type":"Feature","geometry":{"type":"Point","coordinates":[18.361793,54.379814]},"properties":{"name":"Miszewo Przodkowska","lines":"126","arr":["126"],"terminus":0,"mode":"bus","color":"#0059a9","colorDark":"#00294f","angle":264.5,"snapDist":14,"label":1}},{"type":"Feature","geometry":{"type":"Point","coordinates":[18.363376,54.370086]},"properties":{"name":"Małkowo Gdyńska","lines":"126","arr":["126"],"terminus":0,"mode":"bus","color":"#0059a9","colorDark":"#00294f","angle":253.5,"snapDist":12,"label":1}},{"type":"Feature","geometry":{"type":"Point","coordinates":[18.364744,54.359638]},"properties":{"name":"Żukowo Słoneczna","lines":"126","arr":["126"],"terminus":0,"mode":"bus","color":"#0059a9","colorDark":"#00294f","angle":264.2,"snapDist":7,"label":1}},{"type":"Feature","geometry":{"type":"Point","coordinates":[18.366652,54.349998]},"properties":{"name":"Żukowo Derdowskiego","lines":"126","arr":["126"],"terminus":0,"mode":"bus","color":"#0059a9","colorDark":"#00294f","angle":263.7,"snapDist":8,"label":1}},{"type":"Feature","geometry":{"type":"Point","coordinates":[18.365278,54.346893]},"properties":{"name":"Żukowo Dworcowa","lines":"126","arr":["126"],"terminus":0,"mode":"bus","color":"#0059a9","colorDark":"#00294f","angle":316.8,"snapDist":10,"label":1}},{"type":"Feature","geometry":{"type":"Point","coordinates":[18.355033,54.341468]},"properties":{"name":"Żukowo Urząd Gminy","lines":"126","arr":["126"],"terminus":1,"mode":"bus","color":"#0059a9","colorDark":"#00294f","angle":111.9,"snapDist":7,"label":1}},{"type":"Feature","geometry":{"type":"Point","coordinates":[18.357716,54.342214]},"properties":{"name":"Żukowo Urząd Gminy","lines":"126","arr":["126"],"terminus":0,"mode":"bus","color":"#0059a9","colorDark":"#00294f","angle":160.2,"snapDist":11,"label":0}},{"type":"Feature","geometry":{"type":"Point","coordinates":[18.367026,54.348679]},"properties":{"name":"Żukowo Dworcowa","lines":"126","arr":["126"],"terminus":0,"mode":"bus","color":"#0059a9","colorDark":"#00294f","angle":77.1,"snapDist":11,"label":1}},{"type":"Feature","geometry":{"type":"Point","coordinates":[18.364553,54.361211]},"properties":{"name":"Żukowo Słoneczna","lines":"126","arr":["126"],"terminus":0,"mode":"bus","color":"#0059a9","colorDark":"#00294f","angle":94,"snapDist":8,"label":0}},{"type":"Feature","geometry":{"type":"Point","coordinates":[18.362986,54.370852]},"properties":{"name":"Małkowo Gdyńska","lines":"126","arr":["126"],"terminus":0,"mode":"bus","color":"#0059a9","colorDark":"#00294f","angle":73.4,"snapDist":8,"label":0}},{"type":"Feature","geometry":{"type":"Point","coordinates":[18.36164,54.38076]},"properties":{"name":"Miszewo Przodkowska","lines":"126","arr":["126"],"terminus":0,"mode":"bus","color":"#0059a9","colorDark":"#00294f","angle":84.6,"snapDist":11,"label":0}},{"type":"Feature","geometry":{"type":"Point","coordinates":[18.361437,54.389703]},"properties":{"name":"Miszewo","lines":"126","arr":["126"],"terminus":0,"mode":"bus","color":"#0059a9","colorDark":"#00294f","angle":144.3,"snapDist":7,"label":1}},{"type":"Feature","geometry":{"type":"Point","coordinates":[18.384974,54.393435]},"properties":{"name":"Banino Pszenna","lines":"126","arr":["126"],"terminus":0,"mode":"bus","color":"#0059a9","colorDark":"#00294f","angle":175,"snapDist":8,"label":0}},{"type":"Feature","geometry":{"type":"Point","coordinates":[18.402953,54.393124]},"properties":{"name":"Banino Borowiecka","lines":"126","arr":["126"],"terminus":0,"mode":"bus","color":"#0059a9","colorDark":"#00294f","angle":185.3,"snapDist":10,"label":0}},{"type":"Feature","geometry":{"type":"Point","coordinates":[18.411841,54.390877]},"properties":{"name":"Banino Szkoła","lines":"126","arr":["126"],"terminus":0,"mode":"bus","color":"#0059a9","colorDark":"#00294f","angle":212.6,"snapDist":7,"label":0}},{"type":"Feature","geometry":{"type":"Point","coordinates":[18.417787,54.388684]},"properties":{"name":"Rębiechowo PKP","lines":"126","arr":["126"],"terminus":0,"mode":"bus","color":"#0059a9","colorDark":"#00294f","angle":211.1,"snapDist":9,"label":0}},{"type":"Feature","geometry":{"type":"Point","coordinates":[18.423987,54.386525]},"properties":{"name":"Rębiechowo Piaskowa","lines":"126","arr":["126"],"terminus":0,"mode":"bus","color":"#0059a9","colorDark":"#00294f","angle":211,"snapDist":7,"label":0}},{"type":"Feature","geometry":{"type":"Point","coordinates":[18.431937,54.384545]},"properties":{"name":"Przyrodników","lines":"126","arr":["126"],"terminus":0,"mode":"bus","color":"#0059a9","colorDark":"#00294f","angle":219.3,"snapDist":10,"label":0}},{"type":"Feature","geometry":{"type":"Point","coordinates":[18.449306,54.378593]},"properties":{"name":"Ogrody Działkowe Rębiechowo I","lines":"126","arr":["126"],"terminus":0,"mode":"bus","color":"#0059a9","colorDark":"#00294f","angle":202.3,"snapDist":8,"label":0}},{"type":"Feature","geometry":{"type":"Point","coordinates":[18.454972,54.377239]},"properties":{"name":"Ogrody Działkowe Rębiechowo II","lines":"126","arr":["126"],"terminus":0,"mode":"bus","color":"#0059a9","colorDark":"#00294f","angle":202.3,"snapDist":10,"label":0}},{"type":"Feature","geometry":{"type":"Point","coordinates":[18.464054,54.375058]},"properties":{"name":"Bysewo","lines":"126, 267","arr":["126","267"],"terminus":0,"mode":"bus","color":"#0059a9","colorDark":"#00294f","angle":202,"snapDist":10,"label":0}},{"type":"Feature","geometry":{"type":"Point","coordinates":[18.468631,54.373963]},"properties":{"name":"Ogrody Działkowe Rębiechowo III","lines":"126, 267","arr":["126","267"],"terminus":0,"mode":"bus","color":"#0059a9","colorDark":"#00294f","angle":202.4,"snapDist":9,"label":0}},{"type":"Feature","geometry":{"type":"Point","coordinates":[18.47475,54.372329]},"properties":{"name":"Kosmonautów","lines":"126, 267","arr":["126","267"],"terminus":0,"mode":"bus","color":"#0059a9","colorDark":"#00294f","angle":206.3,"snapDist":12,"label":0}},{"type":"Feature","geometry":{"type":"Point","coordinates":[18.482886,54.36932]},"properties":{"name":"Rakietowa","lines":"126, 267","arr":["126","267"],"terminus":0,"mode":"bus","color":"#0059a9","colorDark":"#00294f","angle":216.7,"snapDist":11,"label":0}},{"type":"Feature","geometry":{"type":"Point","coordinates":[18.572263,54.411186]},"properties":{"name":"Oliwa PKP","lines":"127, 143, 199","arr":["127","143","199"],"terminus":1,"mode":"bus","color":"#0059a9","colorDark":"#00294f","angle":212.8,"snapDist":6,"label":1}},{"type":"Feature","geometry":{"type":"Point","coordinates":[18.573033,54.411014]},"properties":{"name":"Oliwa PKP","lines":"127, 199, N1","arr":["127","199","N1"],"terminus":0,"mode":"bus","color":"#0059a9","colorDark":"#00294f","angle":199.7,"snapDist":8,"label":0}},{"type":"Feature","geometry":{"type":"Point","coordinates":[18.576942,54.409453]},"properties":{"name":"Beniowskiego","lines":"127, 199, N1","arr":["127","199","N1"],"terminus":0,"mode":"bus","color":"#0059a9","colorDark":"#00294f","angle":183,"snapDist":6,"label":1}},{"type":"Feature","geometry":{"type":"Point","coordinates":[18.586648,54.408796]},"properties":{"name":"Bora-Komorowskiego","lines":"127, 199, N1","arr":["127","199","N1"],"terminus":0,"mode":"bus","color":"#0059a9","colorDark":"#00294f","angle":208.3,"snapDist":9,"label":1}},{"type":"Feature","geometry":{"type":"Point","coordinates":[18.591099,54.408306]},"properties":{"name":"Chłopska","lines":"127, 148, N6, N14","arr":["127","148","N6","N14"],"terminus":0,"mode":"bus","color":"#0059a9","colorDark":"#00294f","angle":175.6,"snapDist":8,"label":1}},{"type":"Feature","geometry":{"type":"Point","coordinates":[18.597401,54.409248]},"properties":{"name":"Obrońców Wybrzeża","lines":"127, 148, N6, N14","arr":["127","148","N6","N14"],"terminus":0,"mode":"bus","color":"#0059a9","colorDark":"#00294f","angle":166.1,"snapDist":9,"label":1}},{"type":"Feature","geometry":{"type":"Point","coordinates":[18.603391,54.410285]},"properties":{"name":"Przymorze Wielkie","lines":"127, 148, N6, N14","arr":["127","148","N6","N14"],"terminus":0,"mode":"bus","color":"#0059a9","colorDark":"#00294f","angle":163.2,"snapDist":5,"label":1}},{"type":"Feature","geometry":{"type":"Point","coordinates":[18.606769,54.399146]},"properties":{"name":"Leszczyńskich","lines":"127, 158, 258","arr":["127","158","258"],"terminus":0,"mode":"bus","color":"#0059a9","colorDark":"#00294f","angle":301.6,"snapDist":11,"label":0}},{"type":"Feature","geometry":{"type":"Point","coordinates":[18.603688,54.396294]},"properties":{"name":"Rzeczypospolitej","lines":"127, 158, 258","arr":["127","158","258"],"terminus":0,"mode":"bus","color":"#0059a9","colorDark":"#00294f","angle":304.8,"snapDist":9,"label":1}},{"type":"Feature","geometry":{"type":"Point","coordinates":[18.598438,54.392267]},"properties":{"name":"Pilotów","lines":"127, 158, 258","arr":["127","158","258"],"terminus":0,"mode":"bus","color":"#0059a9","colorDark":"#00294f","angle":301.8,"snapDist":12,"label":1}},{"type":"Feature","geometry":{"type":"Point","coordinates":[18.594452,54.389362]},"properties":{"name":"Zaspa SKM","lines":"127, 158, 227, 258","arr":["127","158","227","258"],"terminus":0,"mode":"bus","color":"#0059a9","colorDark":"#00294f","angle":229.2,"snapDist":8,"label":1}},{"type":"Feature","geometry":{"type":"Point","coordinates":[18.598845,54.387022]},"properties":{"name":"SDO Złota Jesień","lines":"127, 227","arr":["127","227"],"terminus":0,"mode":"bus","color":"#0059a9","colorDark":"#00294f","angle":209,"snapDist":7,"label":1}},{"type":"Feature","geometry":{"type":"Point","coordinates":[18.607804,54.388476]},"properties":{"name":"Rozstaje","lines":"127","arr":["127"],"terminus":0,"mode":"bus","color":"#0059a9","colorDark":"#00294f","angle":152.4,"snapDist":10,"label":1}},{"type":"Feature","geometry":{"type":"Point","coordinates":[18.604966,54.385963]},"properties":{"name":"Kilińskiego","lines":"127, N2","arr":["127","N2"],"terminus":0,"mode":"bus","color":"#0059a9","colorDark":"#00294f","angle":333.9,"snapDist":15,"label":0}},{"type":"Feature","geometry":{"type":"Point","coordinates":[18.599279,54.381526]},"properties":{"name":"Galeria Bałtycka","lines":"127, N4, N14","arr":["127","N4","N14"],"terminus":0,"mode":"bus","color":"#0059a9","colorDark":"#00294f","angle":219.5,"snapDist":9,"label":0}},{"type":"Feature","geometry":{"type":"Point","coordinates":[18.606768,54.377784]},"properties":{"name":"Jaśkowa Dolina","lines":"127, 162, 262, N2","arr":["127","162","262","N2"],"terminus":0,"mode":"bus","color":"#0059a9","colorDark":"#00294f","angle":304.1,"snapDist":9,"label":0}},{"type":"Feature","geometry":{"type":"Point","coordinates":[18.605596,54.374693]},"properties":{"name":"Sobótki","lines":"127, 162, 262, N2","arr":["127","162","262","N2"],"terminus":0,"mode":"bus","color":"#0059a9","colorDark":"#00294f","angle":298.8,"snapDist":8,"label":1}},{"type":"Feature","geometry":{"type":"Point","coordinates":[18.597158,54.370271]},"properties":{"name":"Na Wzgórzu - Teatr Leśny","lines":"127, 162, 262, N2","arr":["127","162","262","N2"],"terminus":0,"mode":"bus","color":"#0059a9","colorDark":"#00294f","angle":307.6,"snapDist":7,"label":1}},{"type":"Feature","geometry":{"type":"Point","coordinates":[18.593329,54.367815]},"properties":{"name":"Falista","lines":"127, 162, 262, N2","arr":["127","162","262","N2"],"terminus":0,"mode":"bus","color":"#0059a9","colorDark":"#00294f","angle":329.5,"snapDist":9,"label":1}},{"type":"Feature","geometry":{"type":"Point","coordinates":[18.589087,54.365457]},"properties":{"name":"Strzelnica","lines":"127, 162, 262, N2","arr":["127","162","262","N2"],"terminus":0,"mode":"bus","color":"#0059a9","colorDark":"#00294f","angle":275,"snapDist":10,"label":1}},{"type":"Feature","geometry":{"type":"Point","coordinates":[18.589666,54.360623]},"properties":{"name":"Dobrowolskiego","lines":"127, 162, 184, 262, N2, N6","arr":["127","162","184","262","N2","N6"],"terminus":0,"mode":"bus","color":"#0059a9","colorDark":"#00294f","angle":303.9,"snapDist":9,"label":1}},{"type":"Feature","geometry":{"type":"Point","coordinates":[18.587011,54.358336]},"properties":{"name":"Piecewska","lines":"127, 130, 162, 184, 210, 262, N2, N6","arr":["127","130","162","184","210","262","N2","N6"],"terminus":0,"mode":"bus","color":"#0059a9","colorDark":"#00294f","angle":303.8,"snapDist":6,"label":1}},{"type":"Feature","geometry":{"type":"Point","coordinates":[18.58263,54.357661]},"properties":{"name":"Warneńska","lines":"127, 130, 184, 210, 227, 283, N2, N6, N16","arr":["127","130","184","210","227","283","N2","N6","N16"],"terminus":1,"mode":"bus","color":"#0059a9","colorDark":"#00294f","angle":359.7,"snapDist":5,"label":1}},{"type":"Feature","geometry":{"type":"Point","coordinates":[18.578336,54.35579]},"properties":{"name":"Budapesztańska","lines":"127, 130, N2, N6","arr":["127","130","N2","N6"],"terminus":0,"mode":"bus","color":"#0059a9","colorDark":"#00294f","angle":295.1,"snapDist":14,"label":1}},{"type":"Feature","geometry":{"type":"Point","coordinates":[18.575893,54.352806]},"properties":{"name":"Migowo","lines":"127, 130, N2, N6","arr":["127","130","N2","N6"],"terminus":0,"mode":"bus","color":"#0059a9","colorDark":"#00294f","angle":295.5,"snapDist":13,"label":1}},{"type":"Feature","geometry":{"type":"Point","coordinates":[18.573094,54.350341]},"properties":{"name":"Królewskie Wzgórze","lines":"127, 130, N6","arr":["127","130","N6"],"terminus":0,"mode":"bus","color":"#0059a9","colorDark":"#00294f","angle":354.7,"snapDist":4,"label":1}},{"type":"Feature","geometry":{"type":"Point","coordinates":[18.568337,54.351139]},"properties":{"name":"Wołkowyska","lines":"127, 130, N6","arr":["127","130","N6"],"terminus":0,"mode":"bus","color":"#0059a9","colorDark":"#00294f","angle":337.5,"snapDist":9,"label":1}},{"type":"Feature","geometry":{"type":"Point","coordinates":[18.560422,54.350637]},"properties":{"name":"Zacna","lines":"127, 130, N6","arr":["127","130","N6"],"terminus":0,"mode":"bus","color":"#0059a9","colorDark":"#00294f","angle":358.1,"snapDist":9,"label":1}},{"type":"Feature","geometry":{"type":"Point","coordinates":[18.555009,54.350131]},"properties":{"name":"Staw Wróbla","lines":"127, 130, N6","arr":["127","130","N6"],"terminus":0,"mode":"bus","color":"#0059a9","colorDark":"#00294f","angle":334.2,"snapDist":11,"label":1}},{"type":"Feature","geometry":{"type":"Point","coordinates":[18.549537,54.349694]},"properties":{"name":"Jasieńska","lines":"127, 130, 155, 268","arr":["127","130","155","268"],"terminus":0,"mode":"bus","color":"#0059a9","colorDark":"#00294f","angle":61.5,"snapDist":11,"label":0}},{"type":"Feature","geometry":{"type":"Point","coordinates":[18.550024,54.353176]},"properties":{"name":"Jasień PKM","lines":"127, 130, 155, 268","arr":["127","130","155","268"],"terminus":1,"mode":"bus","color":"#0059a9","colorDark":"#00294f","angle":8.4,"snapDist":5,"label":1}},{"type":"Feature","geometry":{"type":"Point","coordinates":[18.552427,54.349538]},"properties":{"name":"Jasieńska","lines":"127, 130, N6","arr":["127","130","N6"],"terminus":1,"mode":"bus","color":"#0059a9","colorDark":"#00294f","angle":174.2,"snapDist":12,"label":1}},{"type":"Feature","geometry":{"type":"Point","coordinates":[18.556506,54.350553]},"properties":{"name":"Staw Wróbla","lines":"127, 130, N6","arr":["127","130","N6"],"terminus":0,"mode":"bus","color":"#0059a9","colorDark":"#00294f","angle":154.8,"snapDist":10,"label":0}},{"type":"Feature","geometry":{"type":"Point","coordinates":[18.563175,54.350691]},"properties":{"name":"Zacna","lines":"127, 130, N6","arr":["127","130","N6"],"terminus":0,"mode":"bus","color":"#0059a9","colorDark":"#00294f","angle":178.3,"snapDist":8,"label":0}},{"type":"Feature","geometry":{"type":"Point","coordinates":[18.570011,54.35079]},"properties":{"name":"Wołkowyska","lines":"127, 130, N6","arr":["127","130","N6"],"terminus":0,"mode":"bus","color":"#0059a9","colorDark":"#00294f","angle":207.7,"snapDist":11,"label":0}},{"type":"Feature","geometry":{"type":"Point","coordinates":[18.576344,54.352896]},"properties":{"name":"Migowo","lines":"127, 130, N2, N6","arr":["127","130","N2","N6"],"terminus":0,"mode":"bus","color":"#0059a9","colorDark":"#00294f","angle":115.6,"snapDist":9,"label":0}},{"type":"Feature","geometry":{"type":"Point","coordinates":[18.578647,54.355742]},"properties":{"name":"Budapesztańska","lines":"127, 130, N2, N6","arr":["127","130","N2","N6"],"terminus":0,"mode":"bus","color":"#0059a9","colorDark":"#00294f","angle":115.8,"snapDist":12,"label":0}},{"type":"Feature","geometry":{"type":"Point","coordinates":[18.582834,54.357662]},"properties":{"name":"Warneńska","lines":"127, 130, 131, 184, 210, 227, 283, N2, N6, N16","arr":["127","130","131","184","210","227","283","N2","N6","N16"],"terminus":1,"mode":"bus","color":"#0059a9","colorDark":"#00294f","angle":179.7,"snapDist":4,"label":0}},{"type":"Feature","geometry":{"type":"Point","coordinates":[18.587186,54.358302]},"properties":{"name":"Piecewska","lines":"127, 130, 162, 184, 210, 262, N2, N6","arr":["127","130","162","184","210","262","N2","N6"],"terminus":0,"mode":"bus","color":"#0059a9","colorDark":"#00294f","angle":125.7,"snapDist":9,"label":0}},{"type":"Feature","geometry":{"type":"Point","coordinates":[18.589827,54.360578]},"properties":{"name":"Dobrowolskiego","lines":"127, 162, 184, 262, N2, N6","arr":["127","162","184","262","N2","N6"],"terminus":0,"mode":"bus","color":"#0059a9","colorDark":"#00294f","angle":122.5,"snapDist":8,"label":0}},{"type":"Feature","geometry":{"type":"Point","coordinates":[18.594685,54.36184]},"properties":{"name":"Wileńska","lines":"127, 184, N6","arr":["127","184","N6"],"terminus":0,"mode":"bus","color":"#0059a9","colorDark":"#00294f","angle":175,"snapDist":2,"label":1}},{"type":"Feature","geometry":{"type":"Point","coordinates":[18.589075,54.36502]},"properties":{"name":"Strzelnica","lines":"127, 162, 262, N2","arr":["127","162","262","N2"],"terminus":0,"mode":"bus","color":"#0059a9","colorDark":"#00294f","angle":90.2,"snapDist":6,"label":0}},{"type":"Feature","geometry":{"type":"Point","coordinates":[18.592889,54.367664]},"properties":{"name":"Falista","lines":"127, 162, 262, N2","arr":["127","162","262","N2"],"terminus":0,"mode":"bus","color":"#0059a9","colorDark":"#00294f","angle":149.5,"snapDist":6,"label":0}},{"type":"Feature","geometry":{"type":"Point","coordinates":[18.597926,54.370717]},"properties":{"name":"Na Wzgórzu - Teatr Leśny","lines":"127, 162, 262, N2","arr":["127","162","262","N2"],"terminus":0,"mode":"bus","color":"#0059a9","colorDark":"#00294f","angle":139.3,"snapDist":9,"label":0}},{"type":"Feature","geometry":{"type":"Point","coordinates":[18.60532,54.374451]},"properties":{"name":"Sobótki","lines":"127, 162, 262, N2","arr":["127","162","262","N2"],"terminus":0,"mode":"bus","color":"#0059a9","colorDark":"#00294f","angle":132.2,"snapDist":9,"label":0}},{"type":"Feature","geometry":{"type":"Point","coordinates":[18.606479,54.378502]},"properties":{"name":"Jaśkowa Dolina","lines":"127, 162, 262, N2, N4, N14","arr":["127","162","262","N2","N4","N14"],"terminus":0,"mode":"bus","color":"#0059a9","colorDark":"#00294f","angle":36.2,"snapDist":10,"label":0}},{"type":"Feature","geometry":{"type":"Point","coordinates":[18.607939,54.388807]},"properties":{"name":"Rozstaje","lines":"127","arr":["127"],"terminus":0,"mode":"bus","color":"#0059a9","colorDark":"#00294f","angle":316.9,"snapDist":9,"label":0}},{"type":"Feature","geometry":{"type":"Point","coordinates":[18.601119,54.386841]},"properties":{"name":"Skarżyńskiego","lines":"127, 158, 227, 258","arr":["127","158","227","258"],"terminus":0,"mode":"bus","color":"#0059a9","colorDark":"#00294f","angle":354.7,"snapDist":9,"label":1}},{"type":"Feature","geometry":{"type":"Point","coordinates":[18.594438,54.389518]},"properties":{"name":"Zaspa SKM","lines":"127, 158, 227, 258","arr":["127","158","227","258"],"terminus":0,"mode":"bus","color":"#0059a9","colorDark":"#00294f","angle":48.2,"snapDist":4,"label":0}},{"type":"Feature","geometry":{"type":"Point","coordinates":[18.600204,54.393208]},"properties":{"name":"Dywizjonu 303","lines":"127, 158, 258","arr":["127","158","258"],"terminus":0,"mode":"bus","color":"#0059a9","colorDark":"#00294f","angle":209.7,"snapDist":12,"label":1}},{"type":"Feature","geometry":{"type":"Point","coordinates":[18.603696,54.396068]},"properties":{"name":"Rzeczypospolitej","lines":"127, 158, 258","arr":["127","158","258"],"terminus":0,"mode":"bus","color":"#0059a9","colorDark":"#00294f","angle":122,"snapDist":6,"label":0}},{"type":"Feature","geometry":{"type":"Point","coordinates":[18.613913,54.407565]},"properties":{"name":"Czarny Dwór","lines":"127, 148, N6","arr":["127","148","N6"],"terminus":0,"mode":"bus","color":"#0059a9","colorDark":"#00294f","angle":22.5,"snapDist":9,"label":0}},{"type":"Feature","geometry":{"type":"Point","coordinates":[18.603186,54.410487]},"properties":{"name":"Przymorze Wielkie","lines":"127, 148, N6, N14","arr":["127","148","N6","N14"],"terminus":0,"mode":"bus","color":"#0059a9","colorDark":"#00294f","angle":342.8,"snapDist":5,"label":0}},{"type":"Feature","geometry":{"type":"Point","coordinates":[18.594349,54.408809]},"properties":{"name":"Obrońców Wybrzeża","lines":"127, 148, N6, N14","arr":["127","148","N6","N14"],"terminus":0,"mode":"bus","color":"#0059a9","colorDark":"#00294f","angle":343.2,"snapDist":6,"label":0}},{"type":"Feature","geometry":{"type":"Point","coordinates":[18.591137,54.408431]},"properties":{"name":"Chłopska","lines":"127, 148, N6, N14","arr":["127","148","N6","N14"],"terminus":0,"mode":"bus","color":"#0059a9","colorDark":"#00294f","angle":1.6,"snapDist":5,"label":0}},{"type":"Feature","geometry":{"type":"Point","coordinates":[18.587308,54.408888]},"properties":{"name":"Bora-Komorowskiego","lines":"127, 199, N1","arr":["127","199","N1"],"terminus":0,"mode":"bus","color":"#0059a9","colorDark":"#00294f","angle":5.4,"snapDist":8,"label":0}},{"type":"Feature","geometry":{"type":"Point","coordinates":[18.579011,54.409393]},"properties":{"name":"Beniowskiego","lines":"127, 199, N1","arr":["127","199","N1"],"terminus":0,"mode":"bus","color":"#0059a9","colorDark":"#00294f","angle":2.3,"snapDist":6,"label":0}},{"type":"Feature","geometry":{"type":"Point","coordinates":[18.572925,54.411129]},"properties":{"name":"Oliwa PKP","lines":"127, 199, N1","arr":["127","199","N1"],"terminus":0,"mode":"bus","color":"#0059a9","colorDark":"#00294f","angle":49.7,"snapDist":6,"label":0}},{"type":"Feature","geometry":{"type":"Point","coordinates":[18.645394,54.355545]},"properties":{"name":"Dworzec Główny","lines":"130, 167, 184, 199, 210, 267, N3, N6, N16","arr":["130","167","184","199","210","267","N3","N6","N16"],"terminus":1,"mode":"bus","color":"#0059a9","colorDark":"#00294f","angle":277.7,"snapDist":9,"label":0}},{"type":"Feature","geometry":{"type":"Point","coordinates":[18.643548,54.35213]},"properties":{"name":"Hucisko","lines":"130, 167, 184, 199, 210, 267, N3, N6, N16","arr":["130","167","184","199","210","267","N3","N6","N16"],"terminus":0,"mode":"bus","color":"#0059a9","colorDark":"#00294f","angle":282.3,"snapDist":1,"label":0}},{"type":"Feature","geometry":{"type":"Point","coordinates":[18.635741,54.352398]},"properties":{"name":"Hevelianum","lines":"130, 199, 210, N6, N16","arr":["130","199","210","N6","N16"],"terminus":0,"mode":"bus","color":"#0059a9","colorDark":"#00294f","angle":42.1,"snapDist":10,"label":1}},{"type":"Feature","geometry":{"type":"Point","coordinates":[18.630202,54.355951]},"properties":{"name":"Płowce","lines":"130, 199, 210, N6, N16","arr":["130","199","210","N6","N16"],"terminus":0,"mode":"bus","color":"#0059a9","colorDark":"#00294f","angle":47.4,"snapDist":6,"label":1}},{"type":"Feature","geometry":{"type":"Point","coordinates":[18.623336,54.358623]},"properties":{"name":"Focha","lines":"130, 199, 210, N6, N16","arr":["130","199","210","N6","N16"],"terminus":0,"mode":"bus","color":"#0059a9","colorDark":"#00294f","angle":357.3,"snapDist":4,"label":1}},{"type":"Feature","geometry":{"type":"Point","coordinates":[18.612602,54.35585]},"properties":{"name":"Wagnera","lines":"130, 184, 210, N6, N16","arr":["130","184","210","N6","N16"],"terminus":0,"mode":"bus","color":"#0059a9","colorDark":"#00294f","angle":3,"snapDist":9,"label":1}},{"type":"Feature","geometry":{"type":"Point","coordinates":[18.613522,54.355821]},"properties":{"name":"Wagnera","lines":"130, 184, 210, N6, N16","arr":["130","184","210","N6","N16"],"terminus":0,"mode":"bus","color":"#0059a9","colorDark":"#00294f","angle":183.2,"snapDist":10,"label":0}},{"type":"Feature","geometry":{"type":"Point","coordinates":[18.622765,54.358607]},"properties":{"name":"Focha","lines":"130, 183, 199, 210, N6, N16","arr":["130","183","199","210","N6","N16"],"terminus":0,"mode":"bus","color":"#0059a9","colorDark":"#00294f","angle":177.1,"snapDist":7,"label":0}},{"type":"Feature","geometry":{"type":"Point","coordinates":[18.63035,54.355855]},"properties":{"name":"Płowce","lines":"130, 183, 199, 210, N6, N16","arr":["130","183","199","210","N6","N16"],"terminus":0,"mode":"bus","color":"#0059a9","colorDark":"#00294f","angle":229.8,"snapDist":9,"label":0}},{"type":"Feature","geometry":{"type":"Point","coordinates":[18.634954,54.352803]},"properties":{"name":"Hevelianum","lines":"130, 183, 199, 210, N6, N16","arr":["130","183","199","210","N6","N16"],"terminus":0,"mode":"bus","color":"#0059a9","colorDark":"#00294f","angle":222.2,"snapDist":6,"label":0}},{"type":"Feature","geometry":{"type":"Point","coordinates":[18.639216,54.35143]},"properties":{"name":"Urząd Miejski","lines":"130, 167, 183, 199, 210, 267, N3, N6, N16","arr":["130","167","183","199","210","267","N3","N6","N16"],"terminus":0,"mode":"bus","color":"#0059a9","colorDark":"#00294f","angle":170.5,"snapDist":8,"label":1}},{"type":"Feature","geometry":{"type":"Point","coordinates":[18.645802,54.355488]},"properties":{"name":"Dworzec Główny","lines":"130, 183, 210, 267, 600, N1, N4","arr":["130","183","210","267","600","N1","N4"],"terminus":0,"mode":"bus","color":"#0059a9","colorDark":"#00294f","angle":98.4,"snapDist":7,"label":0}},{"type":"Feature","geometry":{"type":"Point","coordinates":[18.582806,54.357787]},"properties":{"name":"Warneńska","lines":"131","arr":["131"],"terminus":1,"mode":"bus","color":"#0059a9","colorDark":"#00294f","angle":359.8,"snapDist":8,"label":0}},{"type":"Feature","geometry":{"type":"Point","coordinates":[18.577761,54.360285]},"properties":{"name":"Kolumba","lines":"131, 184, 210, 227, 283","arr":["131","184","210","227","283"],"terminus":0,"mode":"bus","color":"#0059a9","colorDark":"#00294f","angle":56.3,"snapDist":10,"label":1}},{"type":"Feature","geometry":{"type":"Point","coordinates":[18.572559,54.364761]},"properties":{"name":"Brętowo PKM","lines":"131, 184, 210, 227, 283","arr":["131","184","210","227","283"],"terminus":0,"mode":"bus","color":"#0059a9","colorDark":"#00294f","angle":252.6,"snapDist":12,"label":0}},{"type":"Feature","geometry":{"type":"Point","coordinates":[18.577477,54.360169]},"properties":{"name":"Kolumba","lines":"131, 184, 210, 227, 283","arr":["131","184","210","227","283"],"terminus":0,"mode":"bus","color":"#0059a9","colorDark":"#00294f","angle":235.7,"snapDist":10,"label":0}},{"type":"Feature","geometry":{"type":"Point","coordinates":[18.642429,54.341748]},"properties":{"name":"Zaroślak","lines":"132, 154, 189, 289, M32, N1, N56, N89","arr":["132","154","189","289","M32","N1","N56","N89"],"terminus":0,"mode":"bus","color":"#0059a9","colorDark":"#00294f","angle":299.8,"snapDist":9,"label":0}},{"type":"Feature","geometry":{"type":"Point","coordinates":[18.639699,54.339346]},"properties":{"name":"Brama Oruńska","lines":"132, 154, 189, 289, M32, N1, N56, N89","arr":["132","154","189","289","M32","N1","N56","N89"],"terminus":0,"mode":"bus","color":"#0059a9","colorDark":"#00294f","angle":305,"snapDist":12,"label":1}},{"type":"Feature","geometry":{"type":"Point","coordinates":[18.636201,54.335572]},"properties":{"name":"Stare Szkoty","lines":"132, 154, 189, 289, M32, N1, N56, N89","arr":["132","154","189","289","M32","N1","N56","N89"],"terminus":0,"mode":"bus","color":"#0059a9","colorDark":"#00294f","angle":293.9,"snapDist":12,"label":1}},{"type":"Feature","geometry":{"type":"Point","coordinates":[18.634487,54.332377]},"properties":{"name":"Sandomierska","lines":"132, 154, 189, 289, M32, N1, N5, N56, N89","arr":["132","154","189","289","M32","N1","N5","N56","N89"],"terminus":0,"mode":"bus","color":"#0059a9","colorDark":"#00294f","angle":292.1,"snapDist":8,"label":1}},{"type":"Feature","geometry":{"type":"Point","coordinates":[18.631434,54.323213]},"properties":{"name":"Gościnna","lines":"132, 189, 289, M32, N5, N89","arr":["132","189","289","M32","N5","N89"],"terminus":0,"mode":"bus","color":"#0059a9","colorDark":"#00294f","angle":292.9,"snapDist":11,"label":0}},{"type":"Feature","geometry":{"type":"Point","coordinates":[18.629586,54.317574]},"properties":{"name":"Nowiny","lines":"132, 189, M32, N5, N89","arr":["132","189","M32","N5","N89"],"terminus":0,"mode":"bus","color":"#0059a9","colorDark":"#00294f","angle":281.7,"snapDist":8,"label":1}},{"type":"Feature","geometry":{"type":"Point","coordinates":[18.629645,54.310952]},"properties":{"name":"Ukośna","lines":"132, 189, M32, N5, N89","arr":["132","189","M32","N5","N89"],"terminus":0,"mode":"bus","color":"#0059a9","colorDark":"#00294f","angle":262.4,"snapDist":6,"label":1}},{"type":"Feature","geometry":{"type":"Point","coordinates":[18.630942,54.3028]},"properties":{"name":"Niegowska","lines":"132, M32, N5","arr":["132","M32","N5"],"terminus":0,"mode":"bus","color":"#0059a9","colorDark":"#00294f","angle":262.1,"snapDist":8,"label":1}},{"type":"Feature","geometry":{"type":"Point","coordinates":[18.632742,54.298073]},"properties":{"name":"Węzeł Lipce","lines":"132, N5","arr":["132","N5"],"terminus":0,"mode":"bus","color":"#0059a9","colorDark":"#00294f","angle":252,"snapDist":11,"label":1}},{"type":"Feature","geometry":{"type":"Point","coordinates":[18.636699,54.290376]},"properties":{"name":"Ostróżek","lines":"132, N5","arr":["132","N5"],"terminus":0,"mode":"bus","color":"#0059a9","colorDark":"#00294f","angle":258.3,"snapDist":5,"label":1}},{"type":"Feature","geometry":{"type":"Point","coordinates":[18.637918,54.286319]},"properties":{"name":"Św. Wojciech","lines":"132, N5","arr":["132","N5"],"terminus":0,"mode":"bus","color":"#0059a9","colorDark":"#00294f","angle":275,"snapDist":5,"label":1}},{"type":"Feature","geometry":{"type":"Point","coordinates":[18.639587,54.278828]},"properties":{"name":"Pruszcz Gdański Radunica","lines":"132, M32, N5","arr":["132","M32","N5"],"terminus":0,"mode":"bus","color":"#0059a9","colorDark":"#00294f","angle":260,"snapDist":11,"label":1}},{"type":"Feature","geometry":{"type":"Point","coordinates":[18.637916,54.270816]},"properties":{"name":"Pruszcz Gdański Przemysłowa","lines":"132, M32, N5","arr":["132","M32","N5"],"terminus":0,"mode":"bus","color":"#0059a9","colorDark":"#00294f","angle":276.8,"snapDist":7,"label":0}},{"type":"Feature","geometry":{"type":"Point","coordinates":[18.622781,54.268934]},"properties":{"name":"Pruszcz Gdański Rondo Bursztynowe","lines":"132","arr":["132"],"terminus":0,"mode":"bus","color":"#0059a9","colorDark":"#00294f","angle":43.3,"snapDist":9,"label":0}},{"type":"Feature","geometry":{"type":"Point","coordinates":[18.616754,54.270891]},"properties":{"name":"Pruszcz Gdański Rotmanka - Rondo","lines":"132","arr":["132"],"terminus":0,"mode":"bus","color":"#0059a9","colorDark":"#00294f","angle":-163.6,"snapDist":11,"label":1}},{"type":"Feature","geometry":{"type":"Point","coordinates":[18.632842,54.249477]},"properties":{"name":"Pruszcz Gdański Nowowiejskiego","lines":"132, 307","arr":["132","307"],"terminus":0,"mode":"bus","color":"#0059a9","colorDark":"#00294f","angle":275.3,"snapDist":13,"label":0}},{"type":"Feature","geometry":{"type":"Point","coordinates":[18.634035,54.248494]},"properties":{"name":"Pruszcz Gdański Sikorskiego","lines":"132","arr":["132"],"terminus":0,"mode":"bus","color":"#0059a9","colorDark":"#00294f","angle":189.2,"snapDist":5,"label":1}},{"type":"Feature","geometry":{"type":"Point","coordinates":[18.637953,54.249346]},"properties":{"name":"Pruszcz Gdański Urząd Skarbowy","lines":"132","arr":["132"],"terminus":1,"mode":"bus","color":"#0059a9","colorDark":"#00294f","angle":85.2,"snapDist":7,"label":1}},{"type":"Feature","geometry":{"type":"Point","coordinates":[18.637852,54.270501]},"properties":{"name":"Pruszcz Gdański Przemysłowa","lines":"132, M32, N5","arr":["132","M32","N5"],"terminus":0,"mode":"bus","color":"#0059a9","colorDark":"#00294f","angle":96.8,"snapDist":13,"label":0}},{"type":"Feature","geometry":{"type":"Point","coordinates":[18.639448,54.279287]},"properties":{"name":"Pruszcz Gdański Radunica","lines":"132, M32, N5","arr":["132","M32","N5"],"terminus":0,"mode":"bus","color":"#0059a9","colorDark":"#00294f","angle":80,"snapDist":9,"label":0}},{"type":"Feature","geometry":{"type":"Point","coordinates":[18.637987,54.284777]},"properties":{"name":"Św. Wojciech","lines":"132, N5","arr":["132","N5"],"terminus":0,"mode":"bus","color":"#0059a9","colorDark":"#00294f","angle":85,"snapDist":6,"label":0}},{"type":"Feature","geometry":{"type":"Point","coordinates":[18.636007,54.291706]},"properties":{"name":"Ostróżek","lines":"132, M32, N5","arr":["132","M32","N5"],"terminus":0,"mode":"bus","color":"#0059a9","colorDark":"#00294f","angle":70.6,"snapDist":11,"label":0}},{"type":"Feature","geometry":{"type":"Point","coordinates":[18.6313,54.301395]},"properties":{"name":"Niegowska","lines":"132, M32, N5","arr":["132","M32","N5"],"terminus":0,"mode":"bus","color":"#0059a9","colorDark":"#00294f","angle":81,"snapDist":9,"label":0}},{"type":"Feature","geometry":{"type":"Point","coordinates":[18.630162,54.30588]},"properties":{"name":"Dwór Ferberów","lines":"132, M32","arr":["132","M32"],"terminus":0,"mode":"bus","color":"#0059a9","colorDark":"#00294f","angle":82,"snapDist":8,"label":1}},{"type":"Feature","geometry":{"type":"Point","coordinates":[18.62971,54.311608]},"properties":{"name":"Ukośna","lines":"132, 189, 289, M32, N5, N89","arr":["132","189","289","M32","N5","N89"],"terminus":0,"mode":"bus","color":"#0059a9","colorDark":"#00294f","angle":80.6,"snapDist":5,"label":0}},{"type":"Feature","geometry":{"type":"Point","coordinates":[18.629241,54.315809]},"properties":{"name":"Urząd Dozoru Technicznego","lines":"132, 189, 289, M32, N5, N89","arr":["132","189","289","M32","N5","N89"],"terminus":0,"mode":"bus","color":"#0059a9","colorDark":"#00294f","angle":93.5,"snapDist":8,"label":1}},{"type":"Feature","geometry":{"type":"Point","coordinates":[18.630184,54.31926]},"properties":{"name":"Nowiny","lines":"132, 189, 289, M32, N5, N89","arr":["132","189","289","M32","N5","N89"],"terminus":0,"mode":"bus","color":"#0059a9","colorDark":"#00294f","angle":101.7,"snapDist":11,"label":0}},{"type":"Feature","geometry":{"type":"Point","coordinates":[18.63472,54.332432]},"properties":{"name":"Sandomierska","lines":"132, 154, 189, 289, M32, N1, N5, N56, N89","arr":["132","154","189","289","M32","N1","N5","N56","N89"],"terminus":0,"mode":"bus","color":"#0059a9","colorDark":"#00294f","angle":108.5,"snapDist":11,"label":0}},{"type":"Feature","geometry":{"type":"Point","coordinates":[18.636511,54.335973]},"properties":{"name":"Stare Szkoty","lines":"132, 154, 189, 289, M32, N1, N56, N89","arr":["132","154","189","289","M32","N1","N56","N89"],"terminus":0,"mode":"bus","color":"#0059a9","colorDark":"#00294f","angle":114.5,"snapDist":11,"label":0}},{"type":"Feature","geometry":{"type":"Point","coordinates":[18.640283,54.339835]},"properties":{"name":"Brama Oruńska","lines":"132, 154, 189, 289, M32, N1, N56, N89","arr":["132","154","189","289","M32","N1","N56","N89"],"terminus":0,"mode":"bus","color":"#0059a9","colorDark":"#00294f","angle":124.8,"snapDist":14,"label":0}},{"type":"Feature","geometry":{"type":"Point","coordinates":[18.642533,54.341636]},"properties":{"name":"Zaroślak","lines":"132, 154, 189, 289, M32, N1, N56, N89","arr":["132","154","189","289","M32","N1","N56","N89"],"terminus":0,"mode":"bus","color":"#0059a9","colorDark":"#00294f","angle":119.7,"snapDist":11,"label":0}},{"type":"Feature","geometry":{"type":"Point","coordinates":[18.566722,54.374432]},"properties":{"name":"Potokowa","lines":"136, 184, 283","arr":["136","184","283"],"terminus":0,"mode":"bus","color":"#0059a9","colorDark":"#00294f","angle":7.1,"snapDist":8,"label":0}},{"type":"Feature","geometry":{"type":"Point","coordinates":[18.563721,54.375609]},"properties":{"name":"Góralska","lines":"136, 283","arr":["136","283"],"terminus":0,"mode":"bus","color":"#0059a9","colorDark":"#00294f","angle":343.1,"snapDist":5,"label":1}},{"type":"Feature","geometry":{"type":"Point","coordinates":[18.564024,54.373523]},"properties":{"name":"Leśna Góra - Przychodnia","lines":"136, 283","arr":["136","283"],"terminus":0,"mode":"bus","color":"#0059a9","colorDark":"#00294f","angle":-41,"snapDist":6,"label":1}},{"type":"Feature","geometry":{"type":"Point","coordinates":[18.558637,54.373676]},"properties":{"name":"Leśna Góra","lines":"136, 283","arr":["136","283"],"terminus":0,"mode":"bus","color":"#0059a9","colorDark":"#00294f","angle":180.1,"snapDist":6,"label":1}},{"type":"Feature","geometry":{"type":"Point","coordinates":[18.563814,54.373417]},"properties":{"name":"Leśna Góra - Przychodnia","lines":"136, 283","arr":["136","283"],"terminus":0,"mode":"bus","color":"#0059a9","colorDark":"#00294f","angle":139.3,"snapDist":5,"label":0}},{"type":"Feature","geometry":{"type":"Point","coordinates":[18.563901,54.375641]},"properties":{"name":"Góralska","lines":"136, 283","arr":["136","283"],"terminus":0,"mode":"bus","color":"#0059a9","colorDark":"#00294f","angle":163.1,"snapDist":3,"label":0}},{"type":"Feature","geometry":{"type":"Point","coordinates":[18.566003,54.377981]},"properties":{"name":"Podkarpacka","lines":"136, 184, 283","arr":["136","184","283"],"terminus":0,"mode":"bus","color":"#0059a9","colorDark":"#00294f","angle":91.5,"snapDist":8,"label":1}},{"type":"Feature","geometry":{"type":"Point","coordinates":[18.558899,54.380336]},"properties":{"name":"Niedźwiednik","lines":"136, 184, 283","arr":["136","184","283"],"terminus":1,"mode":"bus","color":"#0059a9","colorDark":"#00294f","angle":312.2,"snapDist":5,"label":1}},{"type":"Feature","geometry":{"type":"Point","coordinates":[18.559435,54.380069]},"properties":{"name":"Niedźwiednik","lines":"136, 184, 283","arr":["136","184","283"],"terminus":0,"mode":"bus","color":"#0059a9","colorDark":"#00294f","angle":172.5,"snapDist":7,"label":0}},{"type":"Feature","geometry":{"type":"Point","coordinates":[18.565855,54.377215]},"properties":{"name":"Podkarpacka","lines":"136, 184, 283","arr":["136","184","283"],"terminus":0,"mode":"bus","color":"#0059a9","colorDark":"#00294f","angle":288.2,"snapDist":10,"label":0}},{"type":"Feature","geometry":{"type":"Point","coordinates":[18.67903,54.357426]},"properties":{"name":"Siennicka","lines":"138","arr":["138"],"terminus":0,"mode":"bus","color":"#0059a9","colorDark":"#00294f","angle":34.9,"snapDist":3,"label":0}},{"type":"Feature","geometry":{"type":"Point","coordinates":[18.67269,54.360727]},"properties":{"name":"Przetoczna","lines":"138","arr":["138"],"terminus":0,"mode":"bus","color":"#0059a9","colorDark":"#00294f","angle":42.9,"snapDist":4,"label":1}},{"type":"Feature","geometry":{"type":"Point","coordinates":[18.673483,54.367787]},"properties":{"name":"Przejazd Kolejowy","lines":"138","arr":["138"],"terminus":0,"mode":"bus","color":"#0059a9","colorDark":"#00294f","angle":86.3,"snapDist":7,"label":1}},{"type":"Feature","geometry":{"type":"Point","coordinates":[18.670156,54.376718]},"properties":{"name":"Kujawska","lines":"138","arr":["138"],"terminus":0,"mode":"bus","color":"#0059a9","colorDark":"#00294f","angle":81.4,"snapDist":6,"label":1}},{"type":"Feature","geometry":{"type":"Point","coordinates":[18.692246,54.379778]},"properties":{"name":"Grabarczyka","lines":"138, 258","arr":["138","258"],"terminus":0,"mode":"bus","color":"#0059a9","colorDark":"#00294f","angle":165.7,"snapDist":5,"label":0}},{"type":"Feature","geometry":{"type":"Point","coordinates":[18.696574,54.380485]},"properties":{"name":"Kontenerowa","lines":"138, 258","arr":["138","258"],"terminus":0,"mode":"bus","color":"#0059a9","colorDark":"#00294f","angle":151.9,"snapDist":10,"label":1}},{"type":"Feature","geometry":{"type":"Point","coordinates":[18.706112,54.38306]},"properties":{"name":"Terminal DCT","lines":"138, 258","arr":["138","258"],"terminus":0,"mode":"bus","color":"#0059a9","colorDark":"#00294f","angle":141.7,"snapDist":11,"label":1}},{"type":"Feature","geometry":{"type":"Point","coordinates":[18.695084,54.380292]},"properties":{"name":"Kontenerowa","lines":"138, 258","arr":["138","258"],"terminus":0,"mode":"bus","color":"#0059a9","colorDark":"#00294f","angle":345.2,"snapDist":10,"label":0}},{"type":"Feature","geometry":{"type":"Point","coordinates":[18.678142,54.378121]},"properties":{"name":"Ku Ujściu","lines":"138","arr":["138"],"terminus":0,"mode":"bus","color":"#0059a9","colorDark":"#00294f","angle":341,"snapDist":7,"label":0}},{"type":"Feature","geometry":{"type":"Point","coordinates":[18.670215,54.376492]},"properties":{"name":"Kujawska","lines":"138","arr":["138"],"terminus":0,"mode":"bus","color":"#0059a9","colorDark":"#00294f","angle":261.4,"snapDist":9,"label":0}},{"type":"Feature","geometry":{"type":"Point","coordinates":[18.673526,54.367406]},"properties":{"name":"Przejazd Kolejowy","lines":"138","arr":["138"],"terminus":0,"mode":"bus","color":"#0059a9","colorDark":"#00294f","angle":266.2,"snapDist":8,"label":0}},{"type":"Feature","geometry":{"type":"Point","coordinates":[18.672801,54.360667]},"properties":{"name":"Przetoczna","lines":"138","arr":["138"],"terminus":0,"mode":"bus","color":"#0059a9","colorDark":"#00294f","angle":222.9,"snapDist":3,"label":0}},{"type":"Feature","geometry":{"type":"Point","coordinates":[18.579719,54.43414]},"properties":{"name":"Sopot Polna","lines":"143","arr":["143"],"terminus":0,"mode":"bus","color":"#0059a9","colorDark":"#00294f","angle":47.2,"snapDist":7,"label":1}},{"type":"Feature","geometry":{"type":"Point","coordinates":[18.572541,54.438275]},"properties":{"name":"Sopot Bitwy pod Płowcami","lines":"143","arr":["143"],"terminus":0,"mode":"bus","color":"#0059a9","colorDark":"#00294f","angle":316.5,"snapDist":10,"label":1}},{"type":"Feature","geometry":{"type":"Point","coordinates":[18.567739,54.436019]},"properties":{"name":"Sopot Władysława IV","lines":"143","arr":["143"],"terminus":0,"mode":"bus","color":"#0059a9","colorDark":"#00294f","angle":333.5,"snapDist":8,"label":1}},{"type":"Feature","geometry":{"type":"Point","coordinates":[18.539499,54.44788]},"properties":{"name":"Sopot Przylesie","lines":"143","arr":["143"],"terminus":0,"mode":"bus","color":"#0059a9","colorDark":"#00294f","angle":344.2,"snapDist":6,"label":0}},{"type":"Feature","geometry":{"type":"Point","coordinates":[18.527337,54.449371]},"properties":{"name":"Sopot Sanatorium Leśnik","lines":"143","arr":["143"],"terminus":1,"mode":"bus","color":"#0059a9","colorDark":"#00294f","angle":294.8,"snapDist":5,"label":1}},{"type":"Feature","geometry":{"type":"Point","coordinates":[18.540532,54.447993]},"properties":{"name":"Sopot Przylesie","lines":"143","arr":["143"],"terminus":0,"mode":"bus","color":"#0059a9","colorDark":"#00294f","angle":175.2,"snapDist":5,"label":0}},{"type":"Feature","geometry":{"type":"Point","coordinates":[18.567372,54.435913]},"properties":{"name":"Sopot Władysława IV","lines":"143","arr":["143"],"terminus":0,"mode":"bus","color":"#0059a9","colorDark":"#00294f","angle":154,"snapDist":9,"label":0}},{"type":"Feature","geometry":{"type":"Point","coordinates":[18.573863,54.43782]},"properties":{"name":"Sopot Bitwy pod Płowcami","lines":"143","arr":["143"],"terminus":0,"mode":"bus","color":"#0059a9","colorDark":"#00294f","angle":224.5,"snapDist":7,"label":0}},{"type":"Feature","geometry":{"type":"Point","coordinates":[18.579494,54.434281]},"properties":{"name":"Sopot Polna","lines":"143","arr":["143"],"terminus":0,"mode":"bus","color":"#0059a9","colorDark":"#00294f","angle":227.2,"snapDist":11,"label":0}},{"type":"Feature","geometry":{"type":"Point","coordinates":[18.583495,54.431902]},"properties":{"name":"Sopot Hestii","lines":"143","arr":["143"],"terminus":0,"mode":"bus","color":"#0059a9","colorDark":"#00294f","angle":223.1,"snapDist":6,"label":0}},{"type":"Feature","geometry":{"type":"Point","coordinates":[18.588105,54.429399]},"properties":{"name":"Sopot Hotel Marina","lines":"143","arr":["143"],"terminus":0,"mode":"bus","color":"#0059a9","colorDark":"#00294f","angle":227.5,"snapDist":10,"label":0}},{"type":"Feature","geometry":{"type":"Point","coordinates":[18.592962,54.425961]},"properties":{"name":"Bursztynowa","lines":"143","arr":["143"],"terminus":0,"mode":"bus","color":"#0059a9","colorDark":"#00294f","angle":224.4,"snapDist":8,"label":0}},{"type":"Feature","geometry":{"type":"Point","coordinates":[18.59604,54.423798]},"properties":{"name":"Jelitkowo","lines":"143, N4","arr":["143","N4"],"terminus":0,"mode":"bus","color":"#0059a9","colorDark":"#00294f","angle":194,"snapDist":4,"label":0}},{"type":"Feature","geometry":{"type":"Point","coordinates":[18.673519,54.396258]},"properties":{"name":"Nowy Port Szaniec Zachodni","lines":"148, N2, N6","arr":["148","N2","N6"],"terminus":1,"mode":"bus","color":"#0059a9","colorDark":"#00294f","angle":270.9,"snapDist":6,"label":1}},{"type":"Feature","geometry":{"type":"Point","coordinates":[18.672811,54.396146]},"properties":{"name":"Nowy Port Szaniec Zachodni","lines":"148, N6","arr":["148","N6"],"terminus":0,"mode":"bus","color":"#0059a9","colorDark":"#00294f","angle":133,"snapDist":4,"label":0}},{"type":"Feature","geometry":{"type":"Point","coordinates":[18.675137,54.399799]},"properties":{"name":"Władysława IV","lines":"148, N6","arr":["148","N6"],"terminus":0,"mode":"bus","color":"#0059a9","colorDark":"#00294f","angle":116.5,"snapDist":2,"label":1}},{"type":"Feature","geometry":{"type":"Point","coordinates":[18.668346,54.399081]},"properties":{"name":"Plac Wolności","lines":"148, N6","arr":["148","N6"],"terminus":0,"mode":"bus","color":"#0059a9","colorDark":"#00294f","angle":345.5,"snapDist":5,"label":1}},{"type":"Feature","geometry":{"type":"Point","coordinates":[18.662392,54.399919]},"properties":{"name":"Wyzwolenia","lines":"148, N2, N6","arr":["148","N2","N6"],"terminus":0,"mode":"bus","color":"#0059a9","colorDark":"#00294f","angle":37.1,"snapDist":7,"label":1}},{"type":"Feature","geometry":{"type":"Point","coordinates":[18.654598,54.403311]},"properties":{"name":"Zespół Szkół Morskich","lines":"148, N2, N6","arr":["148","N2","N6"],"terminus":0,"mode":"bus","color":"#0059a9","colorDark":"#00294f","angle":37.4,"snapDist":4,"label":1}},{"type":"Feature","geometry":{"type":"Point","coordinates":[18.643976,54.406167]},"properties":{"name":"Krasickiego","lines":"148, N2, N6","arr":["148","N2","N6"],"terminus":0,"mode":"bus","color":"#0059a9","colorDark":"#00294f","angle":25.3,"snapDist":3,"label":1}},{"type":"Feature","geometry":{"type":"Point","coordinates":[18.639336,54.407172]},"properties":{"name":"Brzeźno Dom Zdrojowy","lines":"148, N2, N6","arr":["148","N2","N6"],"terminus":0,"mode":"bus","color":"#0059a9","colorDark":"#00294f","angle":347.2,"snapDist":2,"label":1}},{"type":"Feature","geometry":{"type":"Point","coordinates":[18.587928,54.412977]},"properties":{"name":"Czerwony Dwór","lines":"148, 227, N6, N14","arr":["148","227","N6","N14"],"terminus":0,"mode":"bus","color":"#0059a9","colorDark":"#00294f","angle":82.5,"snapDist":7,"label":1}},{"type":"Feature","geometry":{"type":"Point","coordinates":[18.586779,54.416762]},"properties":{"name":"Piastowska","lines":"148, 227, N6, N14","arr":["148","227","N6","N14"],"terminus":0,"mode":"bus","color":"#0059a9","colorDark":"#00294f","angle":70.2,"snapDist":7,"label":0}},{"type":"Feature","geometry":{"type":"Point","coordinates":[18.582745,54.419784]},"properties":{"name":"Gospody","lines":"148, N6, N14","arr":["148","N6","N14"],"terminus":0,"mode":"bus","color":"#0059a9","colorDark":"#00294f","angle":331.5,"snapDist":5,"label":1}},{"type":"Feature","geometry":{"type":"Point","coordinates":[18.572569,54.416872]},"properties":{"name":"Subisława","lines":"148, N6, N14","arr":["148","N6","N14"],"terminus":0,"mode":"bus","color":"#0059a9","colorDark":"#00294f","angle":55.6,"snapDist":2,"label":1}},{"type":"Feature","geometry":{"type":"Point","coordinates":[18.570257,54.421123]},"properties":{"name":"Żabianka SKM","lines":"148, N6, N14","arr":["148","N6","N14"],"terminus":1,"mode":"bus","color":"#0059a9","colorDark":"#00294f","angle":79.2,"snapDist":8,"label":1}},{"type":"Feature","geometry":{"type":"Point","coordinates":[18.577598,54.424319]},"properties":{"name":"Rybacka","lines":"148","arr":["148"],"terminus":0,"mode":"bus","color":"#0059a9","colorDark":"#00294f","angle":222.5,"snapDist":6,"label":1}},{"type":"Feature","geometry":{"type":"Point","coordinates":[18.58434,54.419246]},"properties":{"name":"Pomorska","lines":"148, 227, N6, N14","arr":["148","227","N6","N14"],"terminus":0,"mode":"bus","color":"#0059a9","colorDark":"#00294f","angle":228.4,"snapDist":9,"label":1}},{"type":"Feature","geometry":{"type":"Point","coordinates":[18.586896,54.415139]},"properties":{"name":"Piastowska","lines":"148, 227, N6, N14","arr":["148","227","N6","N14"],"terminus":0,"mode":"bus","color":"#0059a9","colorDark":"#00294f","angle":254.9,"snapDist":9,"label":0}},{"type":"Feature","geometry":{"type":"Point","coordinates":[18.5878,54.411468]},"properties":{"name":"Czerwony Dwór","lines":"148, 199, 227, N6, N14","arr":["148","199","227","N6","N14"],"terminus":0,"mode":"bus","color":"#0059a9","colorDark":"#00294f","angle":263.1,"snapDist":9,"label":0}},{"type":"Feature","geometry":{"type":"Point","coordinates":[18.639103,54.407142]},"properties":{"name":"Brzeźno Dom Zdrojowy","lines":"148, N6","arr":["148","N6"],"terminus":0,"mode":"bus","color":"#0059a9","colorDark":"#00294f","angle":167.2,"snapDist":4,"label":0}},{"type":"Feature","geometry":{"type":"Point","coordinates":[18.64455,54.40601]},"properties":{"name":"Krasickiego","lines":"148, N6","arr":["148","N6"],"terminus":0,"mode":"bus","color":"#0059a9","colorDark":"#00294f","angle":205,"snapDist":6,"label":0}},{"type":"Feature","geometry":{"type":"Point","coordinates":[18.653977,54.403587]},"properties":{"name":"Zespół Szkół Morskich","lines":"148, N6","arr":["148","N6"],"terminus":0,"mode":"bus","color":"#0059a9","colorDark":"#00294f","angle":217.1,"snapDist":5,"label":0}},{"type":"Feature","geometry":{"type":"Point","coordinates":[18.661016,54.40053]},"properties":{"name":"Wyzwolenia","lines":"148, N6","arr":["148","N6"],"terminus":0,"mode":"bus","color":"#0059a9","colorDark":"#00294f","angle":216.1,"snapDist":6,"label":0}},{"type":"Feature","geometry":{"type":"Point","coordinates":[18.666527,54.398447]},"properties":{"name":"Marynarki Polskiej","lines":"148, N6","arr":["148","N6"],"terminus":0,"mode":"bus","color":"#0059a9","colorDark":"#00294f","angle":132.8,"snapDist":5,"label":1}},{"type":"Feature","geometry":{"type":"Point","coordinates":[18.670041,54.399061]},"properties":{"name":"Plac Wolności","lines":"148, N6","arr":["148","N6"],"terminus":0,"mode":"bus","color":"#0059a9","colorDark":"#00294f","angle":210,"snapDist":6,"label":0}},{"type":"Feature","geometry":{"type":"Point","coordinates":[18.673245,54.397985]},"properties":{"name":"Nowy Port Zajezdnia","lines":"148, N6","arr":["148","N6"],"terminus":0,"mode":"bus","color":"#0059a9","colorDark":"#00294f","angle":210,"snapDist":4,"label":1}},{"type":"Feature","geometry":{"type":"Point","coordinates":[18.577284,54.397316]},"properties":{"name":"Biblioteka Główna UG","lines":"149, 199, 262, N14","arr":["149","199","262","N14"],"terminus":0,"mode":"bus","color":"#0059a9","colorDark":"#00294f","angle":238.9,"snapDist":8,"label":1}},{"type":"Feature","geometry":{"type":"Point","coordinates":[18.581281,54.393875]},"properties":{"name":"Abrahama","lines":"149, 199, 262, N14","arr":["149","199","262","N14"],"terminus":0,"mode":"bus","color":"#0059a9","colorDark":"#00294f","angle":229.8,"snapDist":13,"label":1}},{"type":"Feature","geometry":{"type":"Point","coordinates":[18.572322,54.395262]},"properties":{"name":"Uniwersytet Gdański","lines":"149, N4, N14","arr":["149","N4","N14"],"terminus":0,"mode":"bus","color":"#0059a9","colorDark":"#00294f","angle":61.4,"snapDist":8,"label":1}},{"type":"Feature","geometry":{"type":"Point","coordinates":[18.56886,54.398713]},"properties":{"name":"Bażyńskiego","lines":"149, N4, N14","arr":["149","N4","N14"],"terminus":0,"mode":"bus","color":"#0059a9","colorDark":"#00294f","angle":59.2,"snapDist":4,"label":1}},{"type":"Feature","geometry":{"type":"Point","coordinates":[18.564133,54.3979]},"properties":{"name":"Jasia i Małgosi","lines":"149","arr":["149"],"terminus":0,"mode":"bus","color":"#0059a9","colorDark":"#00294f","angle":251.2,"snapDist":8,"label":1}},{"type":"Feature","geometry":{"type":"Point","coordinates":[18.567643,54.393883]},"properties":{"name":"Szpital Marynarki Wojennej","lines":"149","arr":["149"],"terminus":0,"mode":"bus","color":"#0059a9","colorDark":"#00294f","angle":233.5,"snapDist":10,"label":1}},{"type":"Feature","geometry":{"type":"Point","coordinates":[18.570452,54.390526]},"properties":{"name":"Siemiradzkiego","lines":"149","arr":["149"],"terminus":0,"mode":"bus","color":"#0059a9","colorDark":"#00294f","angle":323.8,"snapDist":5,"label":1}},{"type":"Feature","geometry":{"type":"Point","coordinates":[18.568639,54.389304]},"properties":{"name":"Doroszewskiego","lines":"149","arr":["149"],"terminus":0,"mode":"bus","color":"#0059a9","colorDark":"#00294f","angle":217.4,"snapDist":5,"label":1}},{"type":"Feature","geometry":{"type":"Point","coordinates":[18.571504,54.388115]},"properties":{"name":"Norblina","lines":"149","arr":["149"],"terminus":0,"mode":"bus","color":"#0059a9","colorDark":"#00294f","angle":134.9,"snapDist":5,"label":1}},{"type":"Feature","geometry":{"type":"Point","coordinates":[18.577585,54.387432]},"properties":{"name":"Mjr Hubala","lines":"149","arr":["149"],"terminus":0,"mode":"bus","color":"#0059a9","colorDark":"#00294f","angle":243.7,"snapDist":14,"label":1}},{"type":"Feature","geometry":{"type":"Point","coordinates":[18.585001,54.382933]},"properties":{"name":"Reymonta","lines":"149","arr":["149"],"terminus":0,"mode":"bus","color":"#0059a9","colorDark":"#00294f","angle":230.3,"snapDist":13,"label":1}},{"type":"Feature","geometry":{"type":"Point","coordinates":[18.606488,54.383003]},"properties":{"name":"Nad Stawem","lines":"149","arr":["149"],"terminus":0,"mode":"bus","color":"#0059a9","colorDark":"#00294f","angle":80.5,"snapDist":7,"label":1}},{"type":"Feature","geometry":{"type":"Point","coordinates":[18.61721,54.388053]},"properties":{"name":"Chrobrego","lines":"149","arr":["149"],"terminus":0,"mode":"bus","color":"#0059a9","colorDark":"#00294f","angle":184.2,"snapDist":7,"label":1}},{"type":"Feature","geometry":{"type":"Point","coordinates":[18.624233,54.387724]},"properties":{"name":"Ostroroga","lines":"149","arr":["149"],"terminus":0,"mode":"bus","color":"#0059a9","colorDark":"#00294f","angle":184.4,"snapDist":4,"label":1}},{"type":"Feature","geometry":{"type":"Point","coordinates":[18.629207,54.386954]},"properties":{"name":"Klonowicza","lines":"149","arr":["149"],"terminus":0,"mode":"bus","color":"#0059a9","colorDark":"#00294f","angle":205.9,"snapDist":8,"label":1}},{"type":"Feature","geometry":{"type":"Point","coordinates":[18.633407,54.390612]},"properties":{"name":"Wrzeszczańska","lines":"149","arr":["149"],"terminus":0,"mode":"bus","color":"#0059a9","colorDark":"#00294f","angle":99,"snapDist":2,"label":1}},{"type":"Feature","geometry":{"type":"Point","coordinates":[18.634164,54.396994]},"properties":{"name":"Nowa Gdańska","lines":"149","arr":["149"],"terminus":0,"mode":"bus","color":"#0059a9","colorDark":"#00294f","angle":41.5,"snapDist":5,"label":1}},{"type":"Feature","geometry":{"type":"Point","coordinates":[18.634349,54.396898]},"properties":{"name":"Nowa Gdańska","lines":"149","arr":["149"],"terminus":0,"mode":"bus","color":"#0059a9","colorDark":"#00294f","angle":222.8,"snapDist":6,"label":0}},{"type":"Feature","geometry":{"type":"Point","coordinates":[18.633406,54.390608]},"properties":{"name":"Wrzeszczańska","lines":"149","arr":["149"],"terminus":0,"mode":"bus","color":"#0059a9","colorDark":"#00294f","angle":279.8,"snapDist":5,"label":0}},{"type":"Feature","geometry":{"type":"Point","coordinates":[18.629433,54.38689]},"properties":{"name":"Klonowicza","lines":"149","arr":["149"],"terminus":0,"mode":"bus","color":"#0059a9","colorDark":"#00294f","angle":25.9,"snapDist":4,"label":0}},{"type":"Feature","geometry":{"type":"Point","coordinates":[18.622574,54.388293]},"properties":{"name":"Kościuszki","lines":"149, N1, N2","arr":["149","N1","N2"],"terminus":0,"mode":"bus","color":"#0059a9","colorDark":"#00294f","angle":90.1,"snapDist":3,"label":0}},{"type":"Feature","geometry":{"type":"Point","coordinates":[18.615757,54.388101]},"properties":{"name":"Chrobrego","lines":"149, N1, N2","arr":["149","N1","N2"],"terminus":0,"mode":"bus","color":"#0059a9","colorDark":"#00294f","angle":2.4,"snapDist":5,"label":0}},{"type":"Feature","geometry":{"type":"Point","coordinates":[18.609717,54.387157]},"properties":{"name":"Legionów","lines":"149, N2","arr":["149","N2"],"terminus":0,"mode":"bus","color":"#0059a9","colorDark":"#00294f","angle":327.4,"snapDist":6,"label":0}},{"type":"Feature","geometry":{"type":"Point","coordinates":[18.606355,54.38347]},"properties":{"name":"Nad Stawem","lines":"149","arr":["149"],"terminus":0,"mode":"bus","color":"#0059a9","colorDark":"#00294f","angle":264.7,"snapDist":6,"label":0}},{"type":"Feature","geometry":{"type":"Point","coordinates":[18.588052,54.380502]},"properties":{"name":"Chrzanowskiego","lines":"149","arr":["149"],"terminus":0,"mode":"bus","color":"#0059a9","colorDark":"#00294f","angle":92,"snapDist":10,"label":0}},{"type":"Feature","geometry":{"type":"Point","coordinates":[18.58499,54.382941]},"properties":{"name":"Reymonta","lines":"149","arr":["149"],"terminus":0,"mode":"bus","color":"#0059a9","colorDark":"#00294f","angle":50.3,"snapDist":7,"label":0}},{"type":"Feature","geometry":{"type":"Point","coordinates":[18.578976,54.386385]},"properties":{"name":"Mjr Hubala","lines":"149","arr":["149"],"terminus":0,"mode":"bus","color":"#0059a9","colorDark":"#00294f","angle":49.9,"snapDist":6,"label":0}},{"type":"Feature","geometry":{"type":"Point","coordinates":[18.571354,54.388214]},"properties":{"name":"Norblina","lines":"149","arr":["149"],"terminus":0,"mode":"bus","color":"#0059a9","colorDark":"#00294f","angle":334,"snapDist":3,"label":0}},{"type":"Feature","geometry":{"type":"Point","coordinates":[18.568813,54.389226]},"properties":{"name":"Doroszewskiego","lines":"149","arr":["149"],"terminus":0,"mode":"bus","color":"#0059a9","colorDark":"#00294f","angle":38.6,"snapDist":3,"label":0}},{"type":"Feature","geometry":{"type":"Point","coordinates":[18.57077,54.390659]},"properties":{"name":"Siemiradzkiego","lines":"149","arr":["149"],"terminus":0,"mode":"bus","color":"#0059a9","colorDark":"#00294f","angle":143.6,"snapDist":4,"label":0}},{"type":"Feature","geometry":{"type":"Point","coordinates":[18.567646,54.393881]},"properties":{"name":"Szpital Marynarki Wojennej","lines":"149","arr":["149"],"terminus":0,"mode":"bus","color":"#0059a9","colorDark":"#00294f","angle":53.5,"snapDist":8,"label":0}},{"type":"Feature","geometry":{"type":"Point","coordinates":[18.564019,54.398093]},"properties":{"name":"Jasia i Małgosi","lines":"149","arr":["149"],"terminus":0,"mode":"bus","color":"#0059a9","colorDark":"#00294f","angle":70.1,"snapDist":6,"label":0}},{"type":"Feature","geometry":{"type":"Point","coordinates":[18.567249,54.398959]},"properties":{"name":"Bażyńskiego","lines":"149","arr":["149"],"terminus":0,"mode":"bus","color":"#0059a9","colorDark":"#00294f","angle":167.2,"snapDist":4,"label":0}},{"type":"Feature","geometry":{"type":"Point","coordinates":[18.611362,54.326369]},"properties":{"name":"Platynowa","lines":"154, 162, N1","arr":["154","162","N1"],"terminus":0,"mode":"bus","color":"#0059a9","colorDark":"#00294f","angle":229.6,"snapDist":12,"label":0}},{"type":"Feature","geometry":{"type":"Point","coordinates":[18.618009,54.324661]},"properties":{"name":"Krzemowa","lines":"154, 162, N1","arr":["154","162","N1"],"terminus":0,"mode":"bus","color":"#0059a9","colorDark":"#00294f","angle":181,"snapDist":5,"label":1}},{"type":"Feature","geometry":{"type":"Point","coordinates":[18.620302,54.326112]},"properties":{"name":"Uranowa","lines":"154, 162, N1","arr":["154","162","N1"],"terminus":0,"mode":"bus","color":"#0059a9","colorDark":"#00294f","angle":91,"snapDist":6,"label":1}},{"type":"Feature","geometry":{"type":"Point","coordinates":[18.618495,54.325186]},"properties":{"name":"Orunia Górna","lines":"154, 162, N1","arr":["154","162","N1"],"terminus":1,"mode":"bus","color":"#0059a9","colorDark":"#00294f","angle":271.5,"snapDist":12,"label":1}},{"type":"Feature","geometry":{"type":"Point","coordinates":[18.645236,54.361995]},"properties":{"name":"Jana z Kolna","lines":"154","arr":["154"],"terminus":0,"mode":"bus","color":"#0059a9","colorDark":"#00294f","angle":322.9,"snapDist":2,"label":0}},{"type":"Feature","geometry":{"type":"Point","coordinates":[18.586859,54.318053]},"properties":{"name":"Wieżycka","lines":"155, 255, 256, 262, 295, N1, N56","arr":["155","255","256","262","295","N1","N56"],"terminus":0,"mode":"bus","color":"#0059a9","colorDark":"#00294f","angle":336.1,"snapDist":5,"label":1}},{"type":"Feature","geometry":{"type":"Point","coordinates":[18.56976,54.314065]},"properties":{"name":"Osiedle Świętokrzyskie","lines":"155, 156, 262, N1, N4","arr":["155","156","262","N1","N4"],"terminus":0,"mode":"bus","color":"#0059a9","colorDark":"#00294f","angle":54.7,"snapDist":7,"label":1}},{"type":"Feature","geometry":{"type":"Point","coordinates":[18.569468,54.316233]},"properties":{"name":"Elfów","lines":"155, 156, 262, N1, N4","arr":["155","156","262","N1","N4"],"terminus":0,"mode":"bus","color":"#0059a9","colorDark":"#00294f","angle":69.1,"snapDist":5,"label":1}},{"type":"Feature","geometry":{"type":"Point","coordinates":[18.559227,54.332767]},"properties":{"name":"Jeziorowa","lines":"155","arr":["155"],"terminus":0,"mode":"bus","color":"#0059a9","colorDark":"#00294f","angle":110.9,"snapDist":6,"label":1}},{"type":"Feature","geometry":{"type":"Point","coordinates":[18.559655,54.338307]},"properties":{"name":"Jaworowa","lines":"155","arr":["155"],"terminus":0,"mode":"bus","color":"#0059a9","colorDark":"#00294f","angle":96.4,"snapDist":4,"label":1}},{"type":"Feature","geometry":{"type":"Point","coordinates":[18.559137,54.340447]},"properties":{"name":"Pólnicy","lines":"155, 167, 168, 267, N3","arr":["155","167","168","267","N3"],"terminus":0,"mode":"bus","color":"#0059a9","colorDark":"#00294f","angle":45.9,"snapDist":8,"label":1}},{"type":"Feature","geometry":{"type":"Point","coordinates":[18.553552,54.341931]},"properties":{"name":"Źródlana","lines":"155, 167, 168, 267, N3","arr":["155","167","168","267","N3"],"terminus":0,"mode":"bus","color":"#0059a9","colorDark":"#00294f","angle":11.6,"snapDist":9,"label":1}},{"type":"Feature","geometry":{"type":"Point","coordinates":[18.547411,54.345138]},"properties":{"name":"Gronostajowa","lines":"155, 268","arr":["155","268"],"terminus":0,"mode":"bus","color":"#0059a9","colorDark":"#00294f","angle":95.3,"snapDist":9,"label":1}},{"type":"Feature","geometry":{"type":"Point","coordinates":[18.549598,54.348539]},"properties":{"name":"Jasieńska","lines":"155, 268","arr":["155","268"],"terminus":0,"mode":"bus","color":"#0059a9","colorDark":"#00294f","angle":319.6,"snapDist":12,"label":0}},{"type":"Feature","geometry":{"type":"Point","coordinates":[18.547419,54.345186]},"properties":{"name":"Gronostajowa","lines":"155, 268","arr":["155","268"],"terminus":0,"mode":"bus","color":"#0059a9","colorDark":"#00294f","angle":275.3,"snapDist":5,"label":0}},{"type":"Feature","geometry":{"type":"Point","coordinates":[18.553349,54.341955]},"properties":{"name":"Źródlana","lines":"155, 167, 168, 267, N3","arr":["155","167","168","267","N3"],"terminus":0,"mode":"bus","color":"#0059a9","colorDark":"#00294f","angle":191.6,"snapDist":8,"label":0}},{"type":"Feature","geometry":{"type":"Point","coordinates":[18.561123,54.341061]},"properties":{"name":"Jasień Pólnicy","lines":"155","arr":["155"],"terminus":0,"mode":"bus","color":"#0059a9","colorDark":"#00294f","angle":311.4,"snapDist":8,"label":1}},{"type":"Feature","geometry":{"type":"Point","coordinates":[18.55975,54.338783]},"properties":{"name":"Jaworowa","lines":"155","arr":["155"],"terminus":0,"mode":"bus","color":"#0059a9","colorDark":"#00294f","angle":277.7,"snapDist":4,"label":0}},{"type":"Feature","geometry":{"type":"Point","coordinates":[18.559528,54.334614]},"properties":{"name":"Jeziorowa","lines":"155","arr":["155"],"terminus":0,"mode":"bus","color":"#0059a9","colorDark":"#00294f","angle":248.6,"snapDist":3,"label":0}},{"type":"Feature","geometry":{"type":"Point","coordinates":[18.569873,54.315705]},"properties":{"name":"Elfów","lines":"155, 156, 262, N1, N4","arr":["155","156","262","N1","N4"],"terminus":0,"mode":"bus","color":"#0059a9","colorDark":"#00294f","angle":244.2,"snapDist":9,"label":0}},{"type":"Feature","geometry":{"type":"Point","coordinates":[18.571241,54.313738]},"properties":{"name":"Osiedle Świętokrzyskie","lines":"155, 255, 256, 262, N1, N56","arr":["155","255","256","262","N1","N56"],"terminus":0,"mode":"bus","color":"#0059a9","colorDark":"#00294f","angle":142,"snapDist":6,"label":0}},{"type":"Feature","geometry":{"type":"Point","coordinates":[18.587007,54.318091]},"properties":{"name":"Wieżycka","lines":"155, 255, 256, 262, 295, N1, N56","arr":["155","255","256","262","295","N1","N56"],"terminus":0,"mode":"bus","color":"#0059a9","colorDark":"#00294f","angle":155.7,"snapDist":4,"label":0}},{"type":"Feature","geometry":{"type":"Point","coordinates":[18.566966,54.309318]},"properties":{"name":"Kowale Osiedle Olimp","lines":"156, 255, N4","arr":["156","255","N4"],"terminus":0,"mode":"bus","color":"#0059a9","colorDark":"#00294f","angle":270.6,"snapDist":9,"label":1}},{"type":"Feature","geometry":{"type":"Point","coordinates":[18.56945,54.306572]},"properties":{"name":"Kowale Szkoła Metropolitalna","lines":"156, 213, 255","arr":["156","213","255"],"terminus":1,"mode":"bus","color":"#0059a9","colorDark":"#00294f","angle":275.8,"snapDist":7,"label":1}},{"type":"Feature","geometry":{"type":"Point","coordinates":[18.566947,54.308361]},"properties":{"name":"Kowale Plac Afrodyty","lines":"156, 255, N4","arr":["156","255","N4"],"terminus":0,"mode":"bus","color":"#0059a9","colorDark":"#00294f","angle":90.3,"snapDist":4,"label":1}},{"type":"Feature","geometry":{"type":"Point","coordinates":[18.566119,54.311331]},"properties":{"name":"Kowale Osiedle Olimp","lines":"156, 255, 256, N4, N56","arr":["156","255","256","N4","N56"],"terminus":0,"mode":"bus","color":"#0059a9","colorDark":"#00294f","angle":143.6,"snapDist":10,"label":1}},{"type":"Feature","geometry":{"type":"Point","coordinates":[18.488718,54.354542]},"properties":{"name":"Kokoszki","lines":"157","arr":["157"],"terminus":0,"mode":"bus","color":"#0059a9","colorDark":"#00294f","angle":1.4,"snapDist":13,"label":0}},{"type":"Feature","geometry":{"type":"Point","coordinates":[18.482943,54.353747]},"properties":{"name":"Stokłosy","lines":"157, 268","arr":["157","268"],"terminus":0,"mode":"bus","color":"#0059a9","colorDark":"#00294f","angle":71.3,"snapDist":5,"label":1}},{"type":"Feature","geometry":{"type":"Point","coordinates":[18.4827,54.356844]},"properties":{"name":"Geodetów","lines":"157, 268","arr":["157","268"],"terminus":0,"mode":"bus","color":"#0059a9","colorDark":"#00294f","angle":81.2,"snapDist":5,"label":1}},{"type":"Feature","geometry":{"type":"Point","coordinates":[18.477689,54.35812]},"properties":{"name":"Maszynowa","lines":"157, 268","arr":["157","268"],"terminus":0,"mode":"bus","color":"#0059a9","colorDark":"#00294f","angle":74.4,"snapDist":4,"label":1}},{"type":"Feature","geometry":{"type":"Point","coordinates":[18.472223,54.364187]},"properties":{"name":"Unimor","lines":"157, 167","arr":["157","167"],"terminus":0,"mode":"bus","color":"#0059a9","colorDark":"#00294f","angle":39.8,"snapDist":6,"label":1}},{"type":"Feature","geometry":{"type":"Point","coordinates":[18.469612,54.365475]},"properties":{"name":"Centrostal","lines":"157, 167","arr":["157","167"],"terminus":0,"mode":"bus","color":"#0059a9","colorDark":"#00294f","angle":40.5,"snapDist":11,"label":1}},{"type":"Feature","geometry":{"type":"Point","coordinates":[18.466517,54.367044]},"properties":{"name":"Instal","lines":"157, 167","arr":["157","167"],"terminus":0,"mode":"bus","color":"#0059a9","colorDark":"#00294f","angle":41.8,"snapDist":7,"label":1}},{"type":"Feature","geometry":{"type":"Point","coordinates":[18.461716,54.369458]},"properties":{"name":"Schronisko dla zwierząt Promyk","lines":"157, 167","arr":["157","167"],"terminus":0,"mode":"bus","color":"#0059a9","colorDark":"#00294f","angle":40.8,"snapDist":5,"label":1}},{"type":"Feature","geometry":{"type":"Point","coordinates":[18.462545,54.37396]},"properties":{"name":"Bysewo","lines":"157, 167","arr":["157","167"],"terminus":0,"mode":"bus","color":"#0059a9","colorDark":"#00294f","angle":110.9,"snapDist":6,"label":0}},{"type":"Feature","geometry":{"type":"Point","coordinates":[18.463598,54.374847]},"properties":{"name":"Bysewo","lines":"157, 167, 267","arr":["157","167","267"],"terminus":1,"mode":"bus","color":"#0059a9","colorDark":"#00294f","angle":111.2,"snapDist":4,"label":1}},{"type":"Feature","geometry":{"type":"Point","coordinates":[18.462385,54.373715]},"properties":{"name":"Bysewo","lines":"157, 167","arr":["157","167"],"terminus":0,"mode":"bus","color":"#0059a9","colorDark":"#00294f","angle":290.8,"snapDist":7,"label":0}},{"type":"Feature","geometry":{"type":"Point","coordinates":[18.46228,54.369174]},"properties":{"name":"Schronisko dla zwierząt Promyk","lines":"157, 167","arr":["157","167"],"terminus":0,"mode":"bus","color":"#0059a9","colorDark":"#00294f","angle":220.3,"snapDist":6,"label":0}},{"type":"Feature","geometry":{"type":"Point","coordinates":[18.467748,54.366412]},"properties":{"name":"Centrostal","lines":"157, 167","arr":["157","167"],"terminus":0,"mode":"bus","color":"#0059a9","colorDark":"#00294f","angle":221.2,"snapDist":8,"label":0}},{"type":"Feature","geometry":{"type":"Point","coordinates":[18.472466,54.364069]},"properties":{"name":"Unimor","lines":"157, 167","arr":["157","167"],"terminus":0,"mode":"bus","color":"#0059a9","colorDark":"#00294f","angle":219.8,"snapDist":8,"label":0}},{"type":"Feature","geometry":{"type":"Point","coordinates":[18.481099,54.36393]},"properties":{"name":"Kokoszki Poczta","lines":"157, 167","arr":["157","167"],"terminus":0,"mode":"bus","color":"#0059a9","colorDark":"#00294f","angle":175.1,"snapDist":8,"label":1}},{"type":"Feature","geometry":{"type":"Point","coordinates":[18.48249,54.357647]},"properties":{"name":"Geodetów","lines":"157, 268","arr":["157","268"],"terminus":0,"mode":"bus","color":"#0059a9","colorDark":"#00294f","angle":263.9,"snapDist":4,"label":0}},{"type":"Feature","geometry":{"type":"Point","coordinates":[18.482718,54.354043]},"properties":{"name":"Stokłosy","lines":"157, 268","arr":["157","268"],"terminus":0,"mode":"bus","color":"#0059a9","colorDark":"#00294f","angle":244.9,"snapDist":5,"label":0}},{"type":"Feature","geometry":{"type":"Point","coordinates":[18.716225,54.362533]},"properties":{"name":"Stogi","lines":"158, 258","arr":["158","258"],"terminus":1,"mode":"bus","color":"#0059a9","colorDark":"#00294f","angle":28.3,"snapDist":4,"label":1}},{"type":"Feature","geometry":{"type":"Point","coordinates":[18.71545,54.362039]},"properties":{"name":"Stogi","lines":"158, 258, T8","arr":["158","258","T8"],"terminus":0,"mode":"bus","color":"#0059a9","colorDark":"#00294f","angle":-81.7,"snapDist":11,"label":0}},{"type":"Feature","geometry":{"type":"Point","coordinates":[18.677843,54.378863]},"properties":{"name":"Ku Ujściu","lines":"158, 258, 600, 658","arr":["158","258","600","658"],"terminus":1,"mode":"bus","color":"#0059a9","colorDark":"#00294f","angle":30.7,"snapDist":7,"label":1}},{"type":"Feature","geometry":{"type":"Point","coordinates":[18.648286,54.387289]},"properties":{"name":"Polsat Plus Arena Gdańsk","lines":"158, 600, 658, N6","arr":["158","600","658","N6"],"terminus":1,"mode":"bus","color":"#0059a9","colorDark":"#00294f","angle":324.1,"snapDist":8,"label":1}},{"type":"Feature","geometry":{"type":"Point","coordinates":[18.641274,54.384307]},"properties":{"name":"Żaglowa - AmberExpo","lines":"158, 600, N6","arr":["158","600","N6"],"terminus":0,"mode":"bus","color":"#0059a9","colorDark":"#00294f","angle":319.2,"snapDist":6,"label":1}},{"type":"Feature","geometry":{"type":"Point","coordinates":[18.63601,54.387211]},"properties":{"name":"AmberExpo","lines":"158","arr":["158"],"terminus":0,"mode":"bus","color":"#0059a9","colorDark":"#00294f","angle":53.7,"snapDist":5,"label":1}},{"type":"Feature","geometry":{"type":"Point","coordinates":[18.625648,54.400423]},"properties":{"name":"Uczniowska","lines":"158, 258","arr":["158","258"],"terminus":0,"mode":"bus","color":"#0059a9","colorDark":"#00294f","angle":47.1,"snapDist":8,"label":1}},{"type":"Feature","geometry":{"type":"Point","coordinates":[18.591972,54.386524]},"properties":{"name":"Wojska Polskiego","lines":"158, 199, 258, 262, N4, N14","arr":["158","199","258","262","N4","N14"],"terminus":0,"mode":"bus","color":"#0059a9","colorDark":"#00294f","angle":230.2,"snapDist":10,"label":1}},{"type":"Feature","geometry":{"type":"Point","coordinates":[18.623713,54.401115]},"properties":{"name":"al. Płażyńskiego","lines":"158, 258","arr":["158","258"],"terminus":0,"mode":"bus","color":"#0059a9","colorDark":"#00294f","angle":223.2,"snapDist":6,"label":1}},{"type":"Feature","geometry":{"type":"Point","coordinates":[18.636476,54.386711]},"properties":{"name":"AmberExpo","lines":"158","arr":["158"],"terminus":0,"mode":"bus","color":"#0059a9","colorDark":"#00294f","angle":233.6,"snapDist":10,"label":0}},{"type":"Feature","geometry":{"type":"Point","coordinates":[18.641473,54.384186]},"properties":{"name":"Żaglowa - AmberExpo","lines":"158, 600, N6","arr":["158","600","N6"],"terminus":0,"mode":"bus","color":"#0059a9","colorDark":"#00294f","angle":136.6,"snapDist":7,"label":0}},{"type":"Feature","geometry":{"type":"Point","coordinates":[18.648585,54.387046]},"properties":{"name":"Polsat Plus Arena Gdańsk","lines":"158, 258, 600, 658, N6","arr":["158","258","600","658","N6"],"terminus":0,"mode":"bus","color":"#0059a9","colorDark":"#00294f","angle":144.5,"snapDist":9,"label":0}},{"type":"Feature","geometry":{"type":"Point","coordinates":[18.698657,54.36308]},"properties":{"name":"Kaczeńce","lines":"158, 258, N8, T8","arr":["158","258","N8","T8"],"terminus":0,"mode":"bus","color":"#0059a9","colorDark":"#00294f","angle":143.1,"snapDist":4,"label":0}},{"type":"Feature","geometry":{"type":"Point","coordinates":[18.704107,54.362973]},"properties":{"name":"Ugory eMOCja","lines":"158, 258, N8, T8","arr":["158","258","N8","T8"],"terminus":0,"mode":"bus","color":"#0059a9","colorDark":"#00294f","angle":192.9,"snapDist":5,"label":0}},{"type":"Feature","geometry":{"type":"Point","coordinates":[18.587428,54.356499]},"properties":{"name":"Belgradzka","lines":"162, 227, 262, 283, N16","arr":["162","227","262","283","N16"],"terminus":0,"mode":"bus","color":"#0059a9","colorDark":"#00294f","angle":241.6,"snapDist":9,"label":1}},{"type":"Feature","geometry":{"type":"Point","coordinates":[18.592314,54.351293]},"properties":{"name":"Piekarnicza","lines":"162, 227, 262, 283, N16","arr":["162","227","262","283","N16"],"terminus":0,"mode":"bus","color":"#0059a9","colorDark":"#00294f","angle":221.3,"snapDist":10,"label":1}},{"type":"Feature","geometry":{"type":"Point","coordinates":[18.591792,54.352089]},"properties":{"name":"Piekarnicza","lines":"162, 227, 262, 283, N16","arr":["162","227","262","283","N16"],"terminus":0,"mode":"bus","color":"#0059a9","colorDark":"#00294f","angle":60.5,"snapDist":7,"label":0}},{"type":"Feature","geometry":{"type":"Point","coordinates":[18.588604,54.355687]},"properties":{"name":"Belgradzka","lines":"162, 227, 262, 283, N16","arr":["162","227","262","283","N16"],"terminus":0,"mode":"bus","color":"#0059a9","colorDark":"#00294f","angle":63.6,"snapDist":9,"label":0}},{"type":"Feature","geometry":{"type":"Point","coordinates":[18.710191,54.352383]},"properties":{"name":"Tarcice","lines":"166","arr":["166"],"terminus":0,"mode":"bus","color":"#0059a9","colorDark":"#00294f","angle":171.8,"snapDist":7,"label":0}},{"type":"Feature","geometry":{"type":"Point","coordinates":[18.718647,54.353987]},"properties":{"name":"Sztutowska","lines":"166","arr":["166"],"terminus":1,"mode":"bus","color":"#0059a9","colorDark":"#00294f","angle":150.1,"snapDist":5,"label":1}},{"type":"Feature","geometry":{"type":"Point","coordinates":[18.632084,54.350616]},"properties":{"name":"Bema","lines":"167, 267, N3","arr":["167","267","N3"],"terminus":0,"mode":"bus","color":"#0059a9","colorDark":"#00294f","angle":339,"snapDist":13,"label":1}},{"type":"Feature","geometry":{"type":"Point","coordinates":[18.617036,54.348919]},"properties":{"name":"Zakopiańska","lines":"167, 267, N3","arr":["167","267","N3"],"terminus":0,"mode":"bus","color":"#0059a9","colorDark":"#00294f","angle":3.3,"snapDist":9,"label":1}},{"type":"Feature","geometry":{"type":"Point","coordinates":[18.606676,54.348468]},"properties":{"name":"Siedlce","lines":"167, 168, 267, N3","arr":["167","168","267","N3"],"terminus":0,"mode":"bus","color":"#0059a9","colorDark":"#00294f","angle":-32.7,"snapDist":10,"label":0}},{"type":"Feature","geometry":{"type":"Point","coordinates":[18.602139,54.347142]},"properties":{"name":"Emaus","lines":"167, 168, 175, 267, N3","arr":["167","168","175","267","N3"],"terminus":0,"mode":"bus","color":"#0059a9","colorDark":"#00294f","angle":290.4,"snapDist":4,"label":0}},{"type":"Feature","geometry":{"type":"Point","coordinates":[18.598231,54.345977]},"properties":{"name":"Zielony Stok","lines":"167, 168, 175, 267, N3","arr":["167","168","175","267","N3"],"terminus":0,"mode":"bus","color":"#0059a9","colorDark":"#00294f","angle":345.7,"snapDist":10,"label":1}},{"type":"Feature","geometry":{"type":"Point","coordinates":[18.590662,54.344963]},"properties":{"name":"Pagórkowa","lines":"167, 168, 175, 267, N3","arr":["167","168","175","267","N3"],"terminus":0,"mode":"bus","color":"#0059a9","colorDark":"#00294f","angle":343.7,"snapDist":6,"label":1}},{"type":"Feature","geometry":{"type":"Point","coordinates":[18.581197,54.343755]},"properties":{"name":"Myśliwska","lines":"167, 168, 175, 267, N3","arr":["167","168","175","267","N3"],"terminus":0,"mode":"bus","color":"#0059a9","colorDark":"#00294f","angle":313.1,"snapDist":8,"label":1}},{"type":"Feature","geometry":{"type":"Point","coordinates":[18.576641,54.339939]},"properties":{"name":"Lipowa","lines":"167, 168, 267, N3","arr":["167","168","267","N3"],"terminus":0,"mode":"bus","color":"#0059a9","colorDark":"#00294f","angle":297.8,"snapDist":8,"label":1}},{"type":"Feature","geometry":{"type":"Point","coordinates":[18.570877,54.33773]},"properties":{"name":"Zabornia","lines":"167, 168, 267, N3","arr":["167","168","267","N3"],"terminus":0,"mode":"bus","color":"#0059a9","colorDark":"#00294f","angle":343.1,"snapDist":11,"label":1}},{"type":"Feature","geometry":{"type":"Point","coordinates":[18.563681,54.338913]},"properties":{"name":"Damroki","lines":"167, 168, 267, N3","arr":["167","168","267","N3"],"terminus":0,"mode":"bus","color":"#0059a9","colorDark":"#00294f","angle":26.2,"snapDist":9,"label":1}},{"type":"Feature","geometry":{"type":"Point","coordinates":[18.547953,54.341799]},"properties":{"name":"Rondo Kuronia","lines":"167, 168, 268, N3","arr":["167","168","268","N3"],"terminus":0,"mode":"bus","color":"#0059a9","colorDark":"#00294f","angle":63.8,"snapDist":4,"label":1}},{"type":"Feature","geometry":{"type":"Point","coordinates":[18.541209,54.344547]},"properties":{"name":"Jasień Działki","lines":"167, 168, 268, N3","arr":["167","168","268","N3"],"terminus":0,"mode":"bus","color":"#0059a9","colorDark":"#00294f","angle":11.7,"snapDist":9,"label":1}},{"type":"Feature","geometry":{"type":"Point","coordinates":[18.533351,54.345811]},"properties":{"name":"Życzliwa","lines":"167, 168, 268, N3","arr":["167","168","268","N3"],"terminus":0,"mode":"bus","color":"#0059a9","colorDark":"#00294f","angle":19.9,"snapDist":8,"label":1}},{"type":"Feature","geometry":{"type":"Point","coordinates":[18.528442,54.347258]},"properties":{"name":"Węzeł Karczemki","lines":"167, 168, 268, N3","arr":["167","168","268","N3"],"terminus":0,"mode":"bus","color":"#0059a9","colorDark":"#00294f","angle":29.2,"snapDist":8,"label":1}},{"type":"Feature","geometry":{"type":"Point","coordinates":[18.528015,54.349093]},"properties":{"name":"Szczęśliwa","lines":"167, 168, 268, N3","arr":["167","168","268","N3"],"terminus":0,"mode":"bus","color":"#0059a9","colorDark":"#00294f","angle":185.3,"snapDist":9,"label":1}},{"type":"Feature","geometry":{"type":"Point","coordinates":[18.533563,54.348283]},"properties":{"name":"Przytulna","lines":"167, 168, 268, N3","arr":["167","168","268","N3"],"terminus":0,"mode":"bus","color":"#0059a9","colorDark":"#00294f","angle":197.3,"snapDist":8,"label":1}},{"type":"Feature","geometry":{"type":"Point","coordinates":[18.490393,54.364981]},"properties":{"name":"Nowatorów","lines":"167","arr":["167"],"terminus":0,"mode":"bus","color":"#0059a9","colorDark":"#00294f","angle":350,"snapDist":10,"label":0}},{"type":"Feature","geometry":{"type":"Point","coordinates":[18.479558,54.36386]},"properties":{"name":"Kokoszki Poczta","lines":"167","arr":["167"],"terminus":0,"mode":"bus","color":"#0059a9","colorDark":"#00294f","angle":356,"snapDist":7,"label":0}},{"type":"Feature","geometry":{"type":"Point","coordinates":[18.512452,54.349728]},"properties":{"name":"Karczemki","lines":"167, 168, 267, 268, N3","arr":["167","168","267","268","N3"],"terminus":0,"mode":"bus","color":"#0059a9","colorDark":"#00294f","angle":185.7,"snapDist":10,"label":0}},{"type":"Feature","geometry":{"type":"Point","coordinates":[18.533332,54.348325]},"properties":{"name":"Przytulna","lines":"167, 168, 268, N3","arr":["167","168","268","N3"],"terminus":0,"mode":"bus","color":"#0059a9","colorDark":"#00294f","angle":17.3,"snapDist":7,"label":0}},{"type":"Feature","geometry":{"type":"Point","coordinates":[18.52828,54.349081]},"properties":{"name":"Szczęśliwa","lines":"167, 168, 268, N3","arr":["167","168","268","N3"],"terminus":0,"mode":"bus","color":"#0059a9","colorDark":"#00294f","angle":4.4,"snapDist":6,"label":0}},{"type":"Feature","geometry":{"type":"Point","coordinates":[18.527978,54.34739]},"properties":{"name":"Węzeł Karczemki","lines":"167, 168, 268, N3","arr":["167","168","268","N3"],"terminus":0,"mode":"bus","color":"#0059a9","colorDark":"#00294f","angle":203.6,"snapDist":10,"label":0}},{"type":"Feature","geometry":{"type":"Point","coordinates":[18.536338,54.345206]},"properties":{"name":"Życzliwa","lines":"167, 168, 268, N3","arr":["167","168","268","N3"],"terminus":0,"mode":"bus","color":"#0059a9","colorDark":"#00294f","angle":194.4,"snapDist":10,"label":0}},{"type":"Feature","geometry":{"type":"Point","coordinates":[18.542303,54.344405]},"properties":{"name":"Jasień Działki","lines":"167, 168, 267, 268, N3","arr":["167","168","267","268","N3"],"terminus":0,"mode":"bus","color":"#0059a9","colorDark":"#00294f","angle":192.8,"snapDist":9,"label":0}},{"type":"Feature","geometry":{"type":"Point","coordinates":[18.547968,54.341781]},"properties":{"name":"Rondo Kuronia","lines":"167, 168, 267, 268, N3","arr":["167","168","267","268","N3"],"terminus":0,"mode":"bus","color":"#0059a9","colorDark":"#00294f","angle":243.8,"snapDist":6,"label":0}},{"type":"Feature","geometry":{"type":"Point","coordinates":[18.561177,54.33961]},"properties":{"name":"Pólnicy","lines":"167, 168, 267, N3","arr":["167","168","267","N3"],"terminus":0,"mode":"bus","color":"#0059a9","colorDark":"#00294f","angle":204.6,"snapDist":6,"label":0}},{"type":"Feature","geometry":{"type":"Point","coordinates":[18.564294,54.338737]},"properties":{"name":"Damroki","lines":"167, 168, 267, N3","arr":["167","168","267","N3"],"terminus":0,"mode":"bus","color":"#0059a9","colorDark":"#00294f","angle":206.3,"snapDist":8,"label":0}},{"type":"Feature","geometry":{"type":"Point","coordinates":[18.573435,54.33815]},"properties":{"name":"Zabornia","lines":"167, 168, 267, N3","arr":["167","168","267","N3"],"terminus":0,"mode":"bus","color":"#0059a9","colorDark":"#00294f","angle":166.4,"snapDist":6,"label":0}},{"type":"Feature","geometry":{"type":"Point","coordinates":[18.576237,54.339496]},"properties":{"name":"Lipowa","lines":"167, 168, 267, N3","arr":["167","168","267","N3"],"terminus":0,"mode":"bus","color":"#0059a9","colorDark":"#00294f","angle":118.6,"snapDist":9,"label":0}},{"type":"Feature","geometry":{"type":"Point","coordinates":[18.5819,54.344182]},"properties":{"name":"Myśliwska","lines":"167, 168, 175, 267, N3","arr":["167","168","175","267","N3"],"terminus":0,"mode":"bus","color":"#0059a9","colorDark":"#00294f","angle":135.1,"snapDist":6,"label":0}},{"type":"Feature","geometry":{"type":"Point","coordinates":[18.591431,54.345094]},"properties":{"name":"Pagórkowa","lines":"167, 168, 175, 267, N3","arr":["167","168","175","267","N3"],"terminus":0,"mode":"bus","color":"#0059a9","colorDark":"#00294f","angle":163.7,"snapDist":5,"label":0}},{"type":"Feature","geometry":{"type":"Point","coordinates":[18.596053,54.345666]},"properties":{"name":"Zielony Stok","lines":"167, 168, 175, 267, N3","arr":["167","168","175","267","N3"],"terminus":0,"mode":"bus","color":"#0059a9","colorDark":"#00294f","angle":174,"snapDist":9,"label":0}},{"type":"Feature","geometry":{"type":"Point","coordinates":[18.604248,54.347519]},"properties":{"name":"Emaus","lines":"167, 168, 174, 175, 195, 267, N3","arr":["167","168","174","175","195","267","N3"],"terminus":0,"mode":"bus","color":"#0059a9","colorDark":"#00294f","angle":154.6,"snapDist":8,"label":0}},{"type":"Feature","geometry":{"type":"Point","coordinates":[18.61904,54.348948]},"properties":{"name":"Zakopiańska","lines":"167, 267, N3","arr":["167","267","N3"],"terminus":0,"mode":"bus","color":"#0059a9","colorDark":"#00294f","angle":175.9,"snapDist":11,"label":0}},{"type":"Feature","geometry":{"type":"Point","coordinates":[18.613158,54.374778]},"properties":{"name":"Matejki","lines":"168, 199","arr":["168","199"],"terminus":0,"mode":"bus","color":"#0059a9","colorDark":"#00294f","angle":299,"snapDist":9,"label":1}},{"type":"Feature","geometry":{"type":"Point","coordinates":[18.611326,54.370112]},"properties":{"name":"Siedlicka","lines":"168, 199","arr":["168","199"],"terminus":0,"mode":"bus","color":"#0059a9","colorDark":"#00294f","angle":185.7,"snapDist":8,"label":1}},{"type":"Feature","geometry":{"type":"Point","coordinates":[18.612921,54.366994]},"properties":{"name":"Kręta","lines":"168, 199","arr":["168","199"],"terminus":0,"mode":"bus","color":"#0059a9","colorDark":"#00294f","angle":283.1,"snapDist":7,"label":1}},{"type":"Feature","geometry":{"type":"Point","coordinates":[18.611928,54.364024]},"properties":{"name":"Jarowa","lines":"168, 199, 283","arr":["168","199","283"],"terminus":0,"mode":"bus","color":"#0059a9","colorDark":"#00294f","angle":284.1,"snapDist":7,"label":1}},{"type":"Feature","geometry":{"type":"Point","coordinates":[18.611168,54.36198]},"properties":{"name":"Pomorskie Szkoły Rzemiosł","lines":"168, 199, 283","arr":["168","199","283"],"terminus":0,"mode":"bus","color":"#0059a9","colorDark":"#00294f","angle":275.4,"snapDist":6,"label":0}},{"type":"Feature","geometry":{"type":"Point","coordinates":[18.603764,54.359162]},"properties":{"name":"Schumana","lines":"168, 199, 283","arr":["168","199","283"],"terminus":0,"mode":"bus","color":"#0059a9","colorDark":"#00294f","angle":336.9,"snapDist":4,"label":1}},{"type":"Feature","geometry":{"type":"Point","coordinates":[18.599539,54.35739]},"properties":{"name":"Schuberta","lines":"168, 199, 283","arr":["168","199","283"],"terminus":0,"mode":"bus","color":"#0059a9","colorDark":"#00294f","angle":315.8,"snapDist":5,"label":1}},{"type":"Feature","geometry":{"type":"Point","coordinates":[18.607115,54.348494]},"properties":{"name":"Siedlce","lines":"168, 174, 175, 195","arr":["168","174","175","195"],"terminus":0,"mode":"bus","color":"#0059a9","colorDark":"#00294f","angle":106.9,"snapDist":3,"label":0}},{"type":"Feature","geometry":{"type":"Point","coordinates":[18.50096,54.339707]},"properties":{"name":"Łapińska","lines":"168, N3","arr":["168","N3"],"terminus":0,"mode":"bus","color":"#0059a9","colorDark":"#00294f","angle":15.1,"snapDist":6,"label":1}},{"type":"Feature","geometry":{"type":"Point","coordinates":[18.499203,54.342108]},"properties":{"name":"Kiełpino Górne","lines":"168","arr":["168"],"terminus":1,"mode":"bus","color":"#0059a9","colorDark":"#00294f","angle":64.4,"snapDist":7,"label":1}},{"type":"Feature","geometry":{"type":"Point","coordinates":[18.498878,54.342041]},"properties":{"name":"Kiełpino Górne","lines":"168, N3","arr":["168","N3"],"terminus":0,"mode":"bus","color":"#0059a9","colorDark":"#00294f","angle":-156.9,"snapDist":7,"label":0}},{"type":"Feature","geometry":{"type":"Point","coordinates":[18.502288,54.339494]},"properties":{"name":"Łapińska","lines":"168, N3","arr":["168","N3"],"terminus":0,"mode":"bus","color":"#0059a9","colorDark":"#00294f","angle":195.4,"snapDist":9,"label":0}},{"type":"Feature","geometry":{"type":"Point","coordinates":[18.606974,54.347841]},"properties":{"name":"Siedlce","lines":"168, 174, 175, 195","arr":["168","174","175","195"],"terminus":1,"mode":"bus","color":"#0059a9","colorDark":"#00294f","angle":340.4,"snapDist":8,"label":1}},{"type":"Feature","geometry":{"type":"Point","coordinates":[18.600244,54.357801]},"properties":{"name":"Schuberta","lines":"168, 199, 283","arr":["168","199","283"],"terminus":0,"mode":"bus","color":"#0059a9","colorDark":"#00294f","angle":135.4,"snapDist":3,"label":0}},{"type":"Feature","geometry":{"type":"Point","coordinates":[18.604376,54.359313]},"properties":{"name":"Schumana","lines":"168, 199, 283","arr":["168","199","283"],"terminus":0,"mode":"bus","color":"#0059a9","colorDark":"#00294f","angle":157,"snapDist":6,"label":0}},{"type":"Feature","geometry":{"type":"Point","coordinates":[18.609815,54.360985]},"properties":{"name":"Pomorskie Szkoły Rzemiosł","lines":"168, 199, 283","arr":["168","199","283"],"terminus":0,"mode":"bus","color":"#0059a9","colorDark":"#00294f","angle":140.5,"snapDist":6,"label":1}},{"type":"Feature","geometry":{"type":"Point","coordinates":[18.612173,54.364609]},"properties":{"name":"Jarowa","lines":"168, 199","arr":["168","199"],"terminus":0,"mode":"bus","color":"#0059a9","colorDark":"#00294f","angle":102.5,"snapDist":6,"label":0}},{"type":"Feature","geometry":{"type":"Point","coordinates":[18.612825,54.366752]},"properties":{"name":"Kręta","lines":"168, 199","arr":["168","199"],"terminus":0,"mode":"bus","color":"#0059a9","colorDark":"#00294f","angle":103.1,"snapDist":5,"label":0}},{"type":"Feature","geometry":{"type":"Point","coordinates":[18.612477,54.370019]},"properties":{"name":"Siedlicka","lines":"168, 199","arr":["168","199"],"terminus":0,"mode":"bus","color":"#0059a9","colorDark":"#00294f","angle":8.2,"snapDist":9,"label":0}},{"type":"Feature","geometry":{"type":"Point","coordinates":[18.567694,54.409706]},"properties":{"name":"Oliwa","lines":"169, 171, 179, 622","arr":["169","171","179","622"],"terminus":1,"mode":"bus","color":"#0059a9","colorDark":"#00294f","angle":241.8,"snapDist":6,"label":1}},{"type":"Feature","geometry":{"type":"Point","coordinates":[18.567048,54.409229]},"properties":{"name":"Oliwa","lines":"169, 171, 179, N1","arr":["169","171","179","N1"],"terminus":0,"mode":"bus","color":"#0059a9","colorDark":"#00294f","angle":345.4,"snapDist":3,"label":0}},{"type":"Feature","geometry":{"type":"Point","coordinates":[18.546846,54.411333]},"properties":{"name":"Karwieńska","lines":"169, 622","arr":["169","622"],"terminus":0,"mode":"bus","color":"#0059a9","colorDark":"#00294f","angle":13.4,"snapDist":8,"label":1}},{"type":"Feature","geometry":{"type":"Point","coordinates":[18.535304,54.413532]},"properties":{"name":"Oliwa ZOO","lines":"169, 622","arr":["169","622"],"terminus":1,"mode":"bus","color":"#0059a9","colorDark":"#00294f","angle":265.5,"snapDist":9,"label":1}},{"type":"Feature","geometry":{"type":"Point","coordinates":[18.536938,54.421777]},"properties":{"name":"Rynarzewo","lines":"169, 171, 179, N1","arr":["169","171","179","N1"],"terminus":0,"mode":"bus","color":"#0059a9","colorDark":"#00294f","angle":14.5,"snapDist":4,"label":1}},{"type":"Feature","geometry":{"type":"Point","coordinates":[18.49605,54.4288]},"properties":{"name":"Osowa Obwodnica","lines":"169, 171, 179, N1","arr":["169","171","179","N1"],"terminus":0,"mode":"bus","color":"#0059a9","colorDark":"#00294f","angle":2.4,"snapDist":9,"label":1}},{"type":"Feature","geometry":{"type":"Point","coordinates":[18.476176,54.429978]},"properties":{"name":"Sopocka","lines":"169, 171, 210, N1","arr":["169","171","210","N1"],"terminus":0,"mode":"bus","color":"#0059a9","colorDark":"#00294f","angle":39.8,"snapDist":7,"label":1}},{"type":"Feature","geometry":{"type":"Point","coordinates":[18.471093,54.432474]},"properties":{"name":"Nowa","lines":"169, 171, 210, 269, N1","arr":["169","171","210","269","N1"],"terminus":0,"mode":"bus","color":"#0059a9","colorDark":"#00294f","angle":41,"snapDist":8,"label":1}},{"type":"Feature","geometry":{"type":"Point","coordinates":[18.467655,54.434162]},"properties":{"name":"Barniewicka","lines":"169, 171, 210, 269, N1","arr":["169","171","210","269","N1"],"terminus":0,"mode":"bus","color":"#0059a9","colorDark":"#00294f","angle":41,"snapDist":8,"label":1}},{"type":"Feature","geometry":{"type":"Point","coordinates":[18.462073,54.430247]},"properties":{"name":"Niedziałkowskiego","lines":"169, 210","arr":["169","210"],"terminus":0,"mode":"bus","color":"#0059a9","colorDark":"#00294f","angle":301.4,"snapDist":7,"label":1}},{"type":"Feature","geometry":{"type":"Point","coordinates":[18.459957,54.427013]},"properties":{"name":"Biwakowa","lines":"169, 210","arr":["169","210"],"terminus":0,"mode":"bus","color":"#0059a9","colorDark":"#00294f","angle":303.4,"snapDist":4,"label":1}},{"type":"Feature","geometry":{"type":"Point","coordinates":[18.456716,54.424236]},"properties":{"name":"Konkordii","lines":"169, 210","arr":["169","210"],"terminus":0,"mode":"bus","color":"#0059a9","colorDark":"#00294f","angle":304.3,"snapDist":6,"label":1}},{"type":"Feature","geometry":{"type":"Point","coordinates":[18.451969,54.420717]},"properties":{"name":"Osowa PKP","lines":"169, 269","arr":["169","269"],"terminus":0,"mode":"bus","color":"#0059a9","colorDark":"#00294f","angle":302.6,"snapDist":4,"label":0}},{"type":"Feature","geometry":{"type":"Point","coordinates":[18.450462,54.418695]},"properties":{"name":"Nowy Świat","lines":"169, 179, 269, N1","arr":["169","179","269","N1"],"terminus":0,"mode":"bus","color":"#0059a9","colorDark":"#00294f","angle":301.7,"snapDist":6,"label":1}},{"type":"Feature","geometry":{"type":"Point","coordinates":[18.455185,54.41746]},"properties":{"name":"Oriona","lines":"169, 179, 269, N1","arr":["169","179","269","N1"],"terminus":0,"mode":"bus","color":"#0059a9","colorDark":"#00294f","angle":197.1,"snapDist":8,"label":1}},{"type":"Feature","geometry":{"type":"Point","coordinates":[18.459487,54.416813]},"properties":{"name":"Przesypownia","lines":"169, 179, 269, N1","arr":["169","179","269","N1"],"terminus":0,"mode":"bus","color":"#0059a9","colorDark":"#00294f","angle":186.4,"snapDist":13,"label":1}},{"type":"Feature","geometry":{"type":"Point","coordinates":[18.467951,54.416566]},"properties":{"name":"Keplera","lines":"169, 179, 269, N1","arr":["169","179","269","N1"],"terminus":0,"mode":"bus","color":"#0059a9","colorDark":"#00294f","angle":182.6,"snapDist":13,"label":1}},{"type":"Feature","geometry":{"type":"Point","coordinates":[18.478641,54.41617]},"properties":{"name":"Wodnika","lines":"169, 179, 269, N1","arr":["169","179","269","N1"],"terminus":0,"mode":"bus","color":"#0059a9","colorDark":"#00294f","angle":182.9,"snapDist":11,"label":1}},{"type":"Feature","geometry":{"type":"Point","coordinates":[18.480094,54.414954]},"properties":{"name":"Owczarnia","lines":"169","arr":["169"],"terminus":1,"mode":"bus","color":"#0059a9","colorDark":"#00294f","angle":257.3,"snapDist":13,"label":1}},{"type":"Feature","geometry":{"type":"Point","coordinates":[18.481053,54.412889]},"properties":{"name":"Owczarnia","lines":"169, 210","arr":["169","210"],"terminus":0,"mode":"bus","color":"#0059a9","colorDark":"#00294f","angle":78.2,"snapDist":4,"label":1}},{"type":"Feature","geometry":{"type":"Point","coordinates":[18.477606,54.416216]},"properties":{"name":"Wodnika","lines":"169, 179, 269, N1","arr":["169","179","269","N1"],"terminus":0,"mode":"bus","color":"#0059a9","colorDark":"#00294f","angle":4.6,"snapDist":9,"label":0}},{"type":"Feature","geometry":{"type":"Point","coordinates":[18.466126,54.416627]},"properties":{"name":"Keplera","lines":"169, 179, 269, N1","arr":["169","179","269","N1"],"terminus":0,"mode":"bus","color":"#0059a9","colorDark":"#00294f","angle":4,"snapDist":10,"label":0}},{"type":"Feature","geometry":{"type":"Point","coordinates":[18.456364,54.417272]},"properties":{"name":"Oriona","lines":"169, 179, 269, N1","arr":["169","179","269","N1"],"terminus":0,"mode":"bus","color":"#0059a9","colorDark":"#00294f","angle":16.1,"snapDist":9,"label":0}},{"type":"Feature","geometry":{"type":"Point","coordinates":[18.450398,54.418633]},"properties":{"name":"Nowy Świat","lines":"169, 179, 269, N1","arr":["169","179","269","N1"],"terminus":0,"mode":"bus","color":"#0059a9","colorDark":"#00294f","angle":120.9,"snapDist":5,"label":0}},{"type":"Feature","geometry":{"type":"Point","coordinates":[18.451976,54.420575]},"properties":{"name":"Osowa PKP","lines":"169, 179, 210, 269, N1","arr":["169","179","210","269","N1"],"terminus":1,"mode":"bus","color":"#0059a9","colorDark":"#00294f","angle":301,"snapDist":3,"label":1}},{"type":"Feature","geometry":{"type":"Point","coordinates":[18.453431,54.421397]},"properties":{"name":"Konstelacji","lines":"169, 210","arr":["169","210"],"terminus":0,"mode":"bus","color":"#0059a9","colorDark":"#00294f","angle":124,"snapDist":5,"label":1}},{"type":"Feature","geometry":{"type":"Point","coordinates":[18.457031,54.424506]},"properties":{"name":"Konkordii","lines":"169, 210","arr":["169","210"],"terminus":0,"mode":"bus","color":"#0059a9","colorDark":"#00294f","angle":124.3,"snapDist":4,"label":0}},{"type":"Feature","geometry":{"type":"Point","coordinates":[18.4609,54.428158]},"properties":{"name":"Biwakowa","lines":"169, 210","arr":["169","210"],"terminus":0,"mode":"bus","color":"#0059a9","colorDark":"#00294f","angle":102.7,"snapDist":3,"label":0}},{"type":"Feature","geometry":{"type":"Point","coordinates":[18.463163,54.431306]},"properties":{"name":"Niedziałkowskiego","lines":"169, 210","arr":["169","210"],"terminus":0,"mode":"bus","color":"#0059a9","colorDark":"#00294f","angle":121.1,"snapDist":3,"label":0}},{"type":"Feature","geometry":{"type":"Point","coordinates":[18.467504,54.434236]},"properties":{"name":"Barniewicka","lines":"169, 171, 210, 269","arr":["169","171","210","269"],"terminus":0,"mode":"bus","color":"#0059a9","colorDark":"#00294f","angle":219.5,"snapDist":7,"label":0}},{"type":"Feature","geometry":{"type":"Point","coordinates":[18.473422,54.43133]},"properties":{"name":"Nowa","lines":"169, 171, 210","arr":["169","171","210"],"terminus":0,"mode":"bus","color":"#0059a9","colorDark":"#00294f","angle":220.4,"snapDist":7,"label":0}},{"type":"Feature","geometry":{"type":"Point","coordinates":[18.478526,54.430079]},"properties":{"name":"Sopocka","lines":"169, 171, 179, N1","arr":["169","171","179","N1"],"terminus":0,"mode":"bus","color":"#0059a9","colorDark":"#00294f","angle":108.8,"snapDist":7,"label":0}},{"type":"Feature","geometry":{"type":"Point","coordinates":[18.482043,54.430985]},"properties":{"name":"Odyseusza","lines":"169, 171, 179, N1","arr":["169","171","179","N1"],"terminus":0,"mode":"bus","color":"#0059a9","colorDark":"#00294f","angle":208.2,"snapDist":9,"label":1}},{"type":"Feature","geometry":{"type":"Point","coordinates":[18.495733,54.428808]},"properties":{"name":"Osowa Obwodnica","lines":"169, 171, 179, N1","arr":["169","171","179","N1"],"terminus":0,"mode":"bus","color":"#0059a9","colorDark":"#00294f","angle":182.4,"snapDist":10,"label":0}},{"type":"Feature","geometry":{"type":"Point","coordinates":[18.538404,54.421438]},"properties":{"name":"Rynarzewo","lines":"169, 171, 179, N1","arr":["169","171","179","N1"],"terminus":0,"mode":"bus","color":"#0059a9","colorDark":"#00294f","angle":205.7,"snapDist":5,"label":0}},{"type":"Feature","geometry":{"type":"Point","coordinates":[18.5488,54.410746]},"properties":{"name":"Karwieńska","lines":"169, 171, 622","arr":["169","171","622"],"terminus":0,"mode":"bus","color":"#0059a9","colorDark":"#00294f","angle":215.4,"snapDist":7,"label":0}},{"type":"Feature","geometry":{"type":"Point","coordinates":[18.458403,54.439523]},"properties":{"name":"Iławska","lines":"171, 269","arr":["171","269"],"terminus":0,"mode":"bus","color":"#0059a9","colorDark":"#00294f","angle":34.6,"snapDist":5,"label":1}},{"type":"Feature","geometry":{"type":"Point","coordinates":[18.451401,54.441845]},"properties":{"name":"Myśliborska","lines":"171","arr":["171"],"terminus":0,"mode":"bus","color":"#0059a9","colorDark":"#00294f","angle":7.7,"snapDist":5,"label":1}},{"type":"Feature","geometry":{"type":"Point","coordinates":[18.444703,54.442283]},"properties":{"name":"Chwaszczyno Oliwska","lines":"171","arr":["171"],"terminus":0,"mode":"bus","color":"#0059a9","colorDark":"#00294f","angle":12.3,"snapDist":5,"label":1}},{"type":"Feature","geometry":{"type":"Point","coordinates":[18.43287,54.442354]},"properties":{"name":"Chwaszczyno Kaszubska Droga","lines":"171","arr":["171"],"terminus":0,"mode":"bus","color":"#0059a9","colorDark":"#00294f","angle":0.8,"snapDist":3,"label":1}},{"type":"Feature","geometry":{"type":"Point","coordinates":[18.419648,54.44412]},"properties":{"name":"Chwaszczyno Centrum","lines":"171","arr":["171"],"terminus":0,"mode":"bus","color":"#0059a9","colorDark":"#00294f","angle":128.1,"snapDist":13,"label":1}},{"type":"Feature","geometry":{"type":"Point","coordinates":[18.429247,54.448423]},"properties":{"name":"Chwaszczyno Synaka","lines":"171","arr":["171"],"terminus":0,"mode":"bus","color":"#0059a9","colorDark":"#00294f","angle":113.1,"snapDist":4,"label":1}},{"type":"Feature","geometry":{"type":"Point","coordinates":[18.424346,54.45131]},"properties":{"name":"Chwaszczyno Polna I","lines":"171","arr":["171"],"terminus":0,"mode":"bus","color":"#0059a9","colorDark":"#00294f","angle":19.5,"snapDist":6,"label":1}},{"type":"Feature","geometry":{"type":"Point","coordinates":[18.427546,54.452422]},"properties":{"name":"Chwaszczyno Nytbusz","lines":"171","arr":["171"],"terminus":0,"mode":"bus","color":"#0059a9","colorDark":"#00294f","angle":204.5,"snapDist":19,"label":1}},{"type":"Feature","geometry":{"type":"Point","coordinates":[18.440546,54.452227]},"properties":{"name":"Gdynia Rewerenda","lines":"171","arr":["171"],"terminus":0,"mode":"bus","color":"#0059a9","colorDark":"#00294f","angle":141.3,"snapDist":6,"label":1}},{"type":"Feature","geometry":{"type":"Point","coordinates":[18.444885,54.457389]},"properties":{"name":"Gdynia Bielińskiego","lines":"171","arr":["171"],"terminus":0,"mode":"bus","color":"#0059a9","colorDark":"#00294f","angle":144.7,"snapDist":4,"label":1}},{"type":"Feature","geometry":{"type":"Point","coordinates":[18.451316,54.461142]},"properties":{"name":"Gdynia Rdestowa - Kolonia","lines":"171","arr":["171"],"terminus":0,"mode":"bus","color":"#0059a9","colorDark":"#00294f","angle":142.6,"snapDist":15,"label":1}},{"type":"Feature","geometry":{"type":"Point","coordinates":[18.455082,54.462835]},"properties":{"name":"Gdynia Leśna Polana","lines":"171","arr":["171"],"terminus":0,"mode":"bus","color":"#0059a9","colorDark":"#00294f","angle":142.1,"snapDist":8,"label":1}},{"type":"Feature","geometry":{"type":"Point","coordinates":[18.457457,54.463964]},"properties":{"name":"Gdynia Rdestowa - Leśny Zakątek","lines":"171","arr":["171"],"terminus":0,"mode":"bus","color":"#0059a9","colorDark":"#00294f","angle":140.7,"snapDist":7,"label":1}},{"type":"Feature","geometry":{"type":"Point","coordinates":[18.461506,54.465872]},"properties":{"name":"Gdynia Szafranowa","lines":"171","arr":["171"],"terminus":0,"mode":"bus","color":"#0059a9","colorDark":"#00294f","angle":141,"snapDist":10,"label":1}},{"type":"Feature","geometry":{"type":"Point","coordinates":[18.466782,54.468362]},"properties":{"name":"Gdynia Paprykowa","lines":"171","arr":["171"],"terminus":0,"mode":"bus","color":"#0059a9","colorDark":"#00294f","angle":140.5,"snapDist":9,"label":1}},{"type":"Feature","geometry":{"type":"Point","coordinates":[18.467952,54.470797]},"properties":{"name":"Gdynia Kameliowa","lines":"171","arr":["171"],"terminus":0,"mode":"bus","color":"#0059a9","colorDark":"#00294f","angle":65.1,"snapDist":7,"label":1}},{"type":"Feature","geometry":{"type":"Point","coordinates":[18.466,54.473997]},"properties":{"name":"Gdynia Dąbrowa Centrum","lines":"171","arr":["171"],"terminus":0,"mode":"bus","color":"#0059a9","colorDark":"#00294f","angle":184.6,"snapDist":7,"label":1}},{"type":"Feature","geometry":{"type":"Point","coordinates":[18.469746,54.4749]},"properties":{"name":"Gdynia Anyżowa","lines":"171","arr":["171"],"terminus":0,"mode":"bus","color":"#0059a9","colorDark":"#00294f","angle":153.9,"snapDist":8,"label":1}},{"type":"Feature","geometry":{"type":"Point","coordinates":[18.477046,54.473503]},"properties":{"name":"Gdynia Karwiny Nowowiczlińska","lines":"171","arr":["171"],"terminus":0,"mode":"bus","color":"#0059a9","colorDark":"#00294f","angle":307.2,"snapDist":6,"label":0}},{"type":"Feature","geometry":{"type":"Point","coordinates":[18.477461,54.473059]},"properties":{"name":"Gdynia Karwiny Nowowiczlińska","lines":"171","arr":["171"],"terminus":1,"mode":"bus","color":"#0059a9","colorDark":"#00294f","angle":218.3,"snapDist":3,"label":1}},{"type":"Feature","geometry":{"type":"Point","coordinates":[18.476324,54.474451]},"properties":{"name":"Gdynia Karwiny Nowowiczlińska","lines":"171","arr":["171"],"terminus":0,"mode":"bus","color":"#0059a9","colorDark":"#00294f","angle":37,"snapDist":6,"label":0}},{"type":"Feature","geometry":{"type":"Point","coordinates":[18.468633,54.474591]},"properties":{"name":"Gdynia Anyżowa","lines":"171","arr":["171"],"terminus":0,"mode":"bus","color":"#0059a9","colorDark":"#00294f","angle":333.1,"snapDist":8,"label":0}},{"type":"Feature","geometry":{"type":"Point","coordinates":[18.465212,54.473377]},"properties":{"name":"Gdynia Dąbrowa Centrum","lines":"171","arr":["171"],"terminus":0,"mode":"bus","color":"#0059a9","colorDark":"#00294f","angle":285.1,"snapDist":8,"label":0}},{"type":"Feature","geometry":{"type":"Point","coordinates":[18.468279,54.470219]},"properties":{"name":"Gdynia Kameliowa","lines":"171","arr":["171"],"terminus":0,"mode":"bus","color":"#0059a9","colorDark":"#00294f","angle":260.7,"snapDist":9,"label":0}},{"type":"Feature","geometry":{"type":"Point","coordinates":[18.465458,54.467739]},"properties":{"name":"Gdynia Paprykowa","lines":"171","arr":["171"],"terminus":0,"mode":"bus","color":"#0059a9","colorDark":"#00294f","angle":320.3,"snapDist":10,"label":0}},{"type":"Feature","geometry":{"type":"Point","coordinates":[18.46018,54.465245]},"properties":{"name":"Gdynia Szafranowa","lines":"171","arr":["171"],"terminus":0,"mode":"bus","color":"#0059a9","colorDark":"#00294f","angle":320.6,"snapDist":10,"label":0}},{"type":"Feature","geometry":{"type":"Point","coordinates":[18.457327,54.463902]},"properties":{"name":"Gdynia Rdestowa - Leśny Zakątek","lines":"171","arr":["171"],"terminus":0,"mode":"bus","color":"#0059a9","colorDark":"#00294f","angle":320.7,"snapDist":10,"label":0}},{"type":"Feature","geometry":{"type":"Point","coordinates":[18.453481,54.462176]},"properties":{"name":"Gdynia Leśna Polana","lines":"171","arr":["171"],"terminus":0,"mode":"bus","color":"#0059a9","colorDark":"#00294f","angle":325,"snapDist":10,"label":0}},{"type":"Feature","geometry":{"type":"Point","coordinates":[18.449703,54.460265]},"properties":{"name":"Gdynia Rdestowa - Kolonia","lines":"171","arr":["171"],"terminus":0,"mode":"bus","color":"#0059a9","colorDark":"#00294f","angle":318.3,"snapDist":10,"label":0}},{"type":"Feature","geometry":{"type":"Point","coordinates":[18.443439,54.456733]},"properties":{"name":"Gdynia Bielińskiego","lines":"171","arr":["171"],"terminus":0,"mode":"bus","color":"#0059a9","colorDark":"#00294f","angle":309.9,"snapDist":4,"label":0}},{"type":"Feature","geometry":{"type":"Point","coordinates":[18.43911,54.451565]},"properties":{"name":"Chwaszczyno Rewerenda","lines":"171","arr":["171"],"terminus":0,"mode":"bus","color":"#0059a9","colorDark":"#00294f","angle":321.4,"snapDist":13,"label":1}},{"type":"Feature","geometry":{"type":"Point","coordinates":[18.425743,54.452739]},"properties":{"name":"Chwaszczyno Nytbusz","lines":"171","arr":["171"],"terminus":0,"mode":"bus","color":"#0059a9","colorDark":"#00294f","angle":9.7,"snapDist":9,"label":0}},{"type":"Feature","geometry":{"type":"Point","coordinates":[18.426076,54.450946]},"properties":{"name":"Chwaszczyno Polna I","lines":"171","arr":["171"],"terminus":0,"mode":"bus","color":"#0059a9","colorDark":"#00294f","angle":200,"snapDist":17,"label":0}},{"type":"Feature","geometry":{"type":"Point","coordinates":[18.428078,54.447521]},"properties":{"name":"Chwaszczyno Synaka","lines":"171","arr":["171"],"terminus":0,"mode":"bus","color":"#0059a9","colorDark":"#00294f","angle":336.7,"snapDist":9,"label":0}},{"type":"Feature","geometry":{"type":"Point","coordinates":[18.423139,54.446007]},"properties":{"name":"Chwaszczyno Wiejska","lines":"171","arr":["171"],"terminus":0,"mode":"bus","color":"#0059a9","colorDark":"#00294f","angle":321.5,"snapDist":5,"label":1}},{"type":"Feature","geometry":{"type":"Point","coordinates":[18.420886,54.443505]},"properties":{"name":"Chwaszczyno","lines":"171","arr":["171"],"terminus":0,"mode":"bus","color":"#0059a9","colorDark":"#00294f","angle":182.2,"snapDist":8,"label":1}},{"type":"Feature","geometry":{"type":"Point","coordinates":[18.434588,54.442615]},"properties":{"name":"Chwaszczyno Kaszubska Droga","lines":"171","arr":["171"],"terminus":0,"mode":"bus","color":"#0059a9","colorDark":"#00294f","angle":165.2,"snapDist":8,"label":0}},{"type":"Feature","geometry":{"type":"Point","coordinates":[18.446209,54.442092]},"properties":{"name":"Chwaszczyno Oliwska","lines":"171","arr":["171"],"terminus":0,"mode":"bus","color":"#0059a9","colorDark":"#00294f","angle":192.3,"snapDist":6,"label":0}},{"type":"Feature","geometry":{"type":"Point","coordinates":[18.452577,54.441751]},"properties":{"name":"Myśliborska","lines":"171","arr":["171"],"terminus":0,"mode":"bus","color":"#0059a9","colorDark":"#00294f","angle":187.9,"snapDist":6,"label":0}},{"type":"Feature","geometry":{"type":"Point","coordinates":[18.459101,54.439243]},"properties":{"name":"Iławska","lines":"171, 269","arr":["171","269"],"terminus":0,"mode":"bus","color":"#0059a9","colorDark":"#00294f","angle":214.5,"snapDist":5,"label":0}},{"type":"Feature","geometry":{"type":"Point","coordinates":[18.547714,54.32427]},"properties":{"name":"Przywidzka","lines":"174","arr":["174"],"terminus":0,"mode":"bus","color":"#0059a9","colorDark":"#00294f","angle":315.5,"snapDist":11,"label":0}},{"type":"Feature","geometry":{"type":"Point","coordinates":[18.542783,54.322983]},"properties":{"name":"Szadółki Obwodnica","lines":"174","arr":["174"],"terminus":0,"mode":"bus","color":"#0059a9","colorDark":"#00294f","angle":91.2,"snapDist":3,"label":1}},{"type":"Feature","geometry":{"type":"Point","coordinates":[18.538165,54.327948]},"properties":{"name":"Lubowidzka","lines":"174","arr":["174"],"terminus":0,"mode":"bus","color":"#0059a9","colorDark":"#00294f","angle":325.3,"snapDist":5,"label":1}},{"type":"Feature","geometry":{"type":"Point","coordinates":[18.528417,54.32634]},"properties":{"name":"Otomin Dziewicza","lines":"174","arr":["174"],"terminus":0,"mode":"bus","color":"#0059a9","colorDark":"#00294f","angle":349.8,"snapDist":4,"label":1}},{"type":"Feature","geometry":{"type":"Point","coordinates":[18.517191,54.324628]},"properties":{"name":"Otomin Sarnia","lines":"174","arr":["174"],"terminus":0,"mode":"bus","color":"#0059a9","colorDark":"#00294f","angle":328.9,"snapDist":4,"label":1}},{"type":"Feature","geometry":{"type":"Point","coordinates":[18.504868,54.321362]},"properties":{"name":"Otomin Słoneczna Pętla","lines":"174","arr":["174"],"terminus":0,"mode":"bus","color":"#0059a9","colorDark":"#00294f","angle":4.6,"snapDist":5,"label":1}},{"type":"Feature","geometry":{"type":"Point","coordinates":[18.481564,54.315886]},"properties":{"name":"Sulmin Trakt Konny","lines":"174","arr":["174"],"terminus":0,"mode":"bus","color":"#0059a9","colorDark":"#00294f","angle":341.7,"snapDist":10,"label":1}},{"type":"Feature","geometry":{"type":"Point","coordinates":[18.470791,54.313952]},"properties":{"name":"Sulmin","lines":"174","arr":["174"],"terminus":0,"mode":"bus","color":"#0059a9","colorDark":"#00294f","angle":353.9,"snapDist":7,"label":1}},{"type":"Feature","geometry":{"type":"Point","coordinates":[18.462899,54.314621]},"properties":{"name":"Sulmin Wrzosowe Wzgórze","lines":"174","arr":["174"],"terminus":0,"mode":"bus","color":"#0059a9","colorDark":"#00294f","angle":358.6,"snapDist":9,"label":1}},{"type":"Feature","geometry":{"type":"Point","coordinates":[18.451859,54.31831]},"properties":{"name":"Niestępowo Sulmińska","lines":"174","arr":["174"],"terminus":0,"mode":"bus","color":"#0059a9","colorDark":"#00294f","angle":19.5,"snapDist":11,"label":1}},{"type":"Feature","geometry":{"type":"Point","coordinates":[18.442969,54.315598]},"properties":{"name":"Niestępowo Gdańska","lines":"174","arr":["174"],"terminus":0,"mode":"bus","color":"#0059a9","colorDark":"#00294f","angle":359.9,"snapDist":6,"label":1}},{"type":"Feature","geometry":{"type":"Point","coordinates":[18.425368,54.319458]},"properties":{"name":"Niestępowo Do Zdroju","lines":"174","arr":["174"],"terminus":0,"mode":"bus","color":"#0059a9","colorDark":"#00294f","angle":28.4,"snapDist":6,"label":1}},{"type":"Feature","geometry":{"type":"Point","coordinates":[18.414239,54.325017]},"properties":{"name":"Stara Piła","lines":"174","arr":["174"],"terminus":1,"mode":"bus","color":"#0059a9","colorDark":"#00294f","angle":51.3,"snapDist":8,"label":1}},{"type":"Feature","geometry":{"type":"Point","coordinates":[18.424395,54.319767]},"properties":{"name":"Niestępowo Do Zdroju","lines":"174","arr":["174"],"terminus":0,"mode":"bus","color":"#0059a9","colorDark":"#00294f","angle":209.1,"snapDist":7,"label":0}},{"type":"Feature","geometry":{"type":"Point","coordinates":[18.434772,54.315462]},"properties":{"name":"Niestępowo Szkoła","lines":"174","arr":["174"],"terminus":0,"mode":"bus","color":"#0059a9","colorDark":"#00294f","angle":189.2,"snapDist":11,"label":1}},{"type":"Feature","geometry":{"type":"Point","coordinates":[18.444117,54.315701]},"properties":{"name":"Niestępowo Gdańska","lines":"174","arr":["174"],"terminus":0,"mode":"bus","color":"#0059a9","colorDark":"#00294f","angle":158.8,"snapDist":7,"label":0}},{"type":"Feature","geometry":{"type":"Point","coordinates":[18.449327,54.318073]},"properties":{"name":"Niestępowo Sulmińska","lines":"174","arr":["174"],"terminus":0,"mode":"bus","color":"#0059a9","colorDark":"#00294f","angle":149,"snapDist":8,"label":0}},{"type":"Feature","geometry":{"type":"Point","coordinates":[18.463337,54.31462]},"properties":{"name":"Sulmin Wrzosowe Wzgórze","lines":"174","arr":["174"],"terminus":0,"mode":"bus","color":"#0059a9","colorDark":"#00294f","angle":181.6,"snapDist":7,"label":0}},{"type":"Feature","geometry":{"type":"Point","coordinates":[18.471223,54.31398]},"properties":{"name":"Sulmin","lines":"174","arr":["174"],"terminus":0,"mode":"bus","color":"#0059a9","colorDark":"#00294f","angle":172.8,"snapDist":3,"label":0}},{"type":"Feature","geometry":{"type":"Point","coordinates":[18.478036,54.315208]},"properties":{"name":"Sulmin Trakt Gdański","lines":"174","arr":["174"],"terminus":0,"mode":"bus","color":"#0059a9","colorDark":"#00294f","angle":159.8,"snapDist":7,"label":1}},{"type":"Feature","geometry":{"type":"Point","coordinates":[18.48109,54.315794]},"properties":{"name":"Sulmin Trakt Konny","lines":"174","arr":["174"],"terminus":0,"mode":"bus","color":"#0059a9","colorDark":"#00294f","angle":161.7,"snapDist":9,"label":0}},{"type":"Feature","geometry":{"type":"Point","coordinates":[18.517317,54.324673]},"properties":{"name":"Otomin Sarnia","lines":"174","arr":["174"],"terminus":0,"mode":"bus","color":"#0059a9","colorDark":"#00294f","angle":147.4,"snapDist":7,"label":0}},{"type":"Feature","geometry":{"type":"Point","coordinates":[18.528679,54.326368]},"properties":{"name":"Otomin Dziewicza","lines":"174","arr":["174"],"terminus":0,"mode":"bus","color":"#0059a9","colorDark":"#00294f","angle":167.3,"snapDist":7,"label":0}},{"type":"Feature","geometry":{"type":"Point","coordinates":[18.538223,54.327972]},"properties":{"name":"Lubowidzka","lines":"174","arr":["174"],"terminus":0,"mode":"bus","color":"#0059a9","colorDark":"#00294f","angle":142.1,"snapDist":4,"label":0}},{"type":"Feature","geometry":{"type":"Point","coordinates":[18.542789,54.32315]},"properties":{"name":"Szadółki Obwodnica","lines":"174","arr":["174"],"terminus":0,"mode":"bus","color":"#0059a9","colorDark":"#00294f","angle":271.2,"snapDist":5,"label":0}},{"type":"Feature","geometry":{"type":"Point","coordinates":[18.583241,54.341968]},"properties":{"name":"Migdałowa","lines":"175","arr":["175"],"terminus":0,"mode":"bus","color":"#0059a9","colorDark":"#00294f","angle":232.6,"snapDist":7,"label":1}},{"type":"Feature","geometry":{"type":"Point","coordinates":[18.586342,54.339237]},"properties":{"name":"Cedrowa","lines":"175","arr":["175"],"terminus":0,"mode":"bus","color":"#0059a9","colorDark":"#00294f","angle":198.9,"snapDist":8,"label":1}},{"type":"Feature","geometry":{"type":"Point","coordinates":[18.600331,54.308144]},"properties":{"name":"Pastelowa","lines":"175, 289, N2","arr":["175","289","N2"],"terminus":0,"mode":"bus","color":"#0059a9","colorDark":"#00294f","angle":253.6,"snapDist":7,"label":1}},{"type":"Feature","geometry":{"type":"Point","coordinates":[18.604305,54.304504]},"properties":{"name":"Przemian","lines":"175, 289, N2","arr":["175","289","N2"],"terminus":0,"mode":"bus","color":"#0059a9","colorDark":"#00294f","angle":241.4,"snapDist":7,"label":1}},{"type":"Feature","geometry":{"type":"Point","coordinates":[18.606854,54.301603]},"properties":{"name":"Starogardzka","lines":"175, N2, N89","arr":["175","N2","N89"],"terminus":1,"mode":"bus","color":"#0059a9","colorDark":"#00294f","angle":75,"snapDist":6,"label":1}},{"type":"Feature","geometry":{"type":"Point","coordinates":[18.603945,54.304887]},"properties":{"name":"Przemian","lines":"175, N2","arr":["175","N2"],"terminus":0,"mode":"bus","color":"#0059a9","colorDark":"#00294f","angle":59.4,"snapDist":3,"label":0}},{"type":"Feature","geometry":{"type":"Point","coordinates":[18.601967,54.306454]},"properties":{"name":"Chychły","lines":"175, N2","arr":["175","N2"],"terminus":0,"mode":"bus","color":"#0059a9","colorDark":"#00294f","angle":36,"snapDist":8,"label":1}},{"type":"Feature","geometry":{"type":"Point","coordinates":[18.600194,54.308399]},"properties":{"name":"Pastelowa","lines":"175, N2","arr":["175","N2"],"terminus":0,"mode":"bus","color":"#0059a9","colorDark":"#00294f","angle":71.9,"snapDist":6,"label":0}},{"type":"Feature","geometry":{"type":"Point","coordinates":[18.591592,54.334737]},"properties":{"name":"Kielecka","lines":"175","arr":["175"],"terminus":0,"mode":"bus","color":"#0059a9","colorDark":"#00294f","angle":53.3,"snapDist":5,"label":0}},{"type":"Feature","geometry":{"type":"Point","coordinates":[18.585575,54.339422]},"properties":{"name":"Cedrowa","lines":"175","arr":["175"],"terminus":0,"mode":"bus","color":"#0059a9","colorDark":"#00294f","angle":25.7,"snapDist":7,"label":0}},{"type":"Feature","geometry":{"type":"Point","coordinates":[18.583242,54.341967]},"properties":{"name":"Migdałowa","lines":"175","arr":["175"],"terminus":0,"mode":"bus","color":"#0059a9","colorDark":"#00294f","angle":52.6,"snapDist":5,"label":0}},{"type":"Feature","geometry":{"type":"Point","coordinates":[18.591048,54.315496]},"properties":{"name":"Liliowa","lines":"176, 213","arr":["176","213"],"terminus":0,"mode":"bus","color":"#0059a9","colorDark":"#00294f","angle":257.2,"snapDist":6,"label":1}},{"type":"Feature","geometry":{"type":"Point","coordinates":[18.588874,54.310469]},"properties":{"name":"Hokejowa","lines":"176, 213","arr":["176","213"],"terminus":0,"mode":"bus","color":"#0059a9","colorDark":"#00294f","angle":302.1,"snapDist":6,"label":1}},{"type":"Feature","geometry":{"type":"Point","coordinates":[18.580134,54.302481]},"properties":{"name":"Borkowo Stylowa","lines":"176","arr":["176"],"terminus":0,"mode":"bus","color":"#0059a9","colorDark":"#00294f","angle":201,"snapDist":5,"label":1}},{"type":"Feature","geometry":{"type":"Point","coordinates":[18.589177,54.301427]},"properties":{"name":"Borkowo Słoneczna","lines":"176","arr":["176"],"terminus":0,"mode":"bus","color":"#0059a9","colorDark":"#00294f","angle":154,"snapDist":7,"label":1}},{"type":"Feature","geometry":{"type":"Point","coordinates":[18.594726,54.300641]},"properties":{"name":"Borkowo Kasztanowa","lines":"176","arr":["176"],"terminus":0,"mode":"bus","color":"#0059a9","colorDark":"#00294f","angle":273.4,"snapDist":5,"label":1}},{"type":"Feature","geometry":{"type":"Point","coordinates":[18.59534,54.298794]},"properties":{"name":"Borkowo Szkoła","lines":"176","arr":["176"],"terminus":1,"mode":"bus","color":"#0059a9","colorDark":"#00294f","angle":212,"snapDist":9,"label":1}},{"type":"Feature","geometry":{"type":"Point","coordinates":[18.599219,54.298391]},"properties":{"name":"Borkowo Topolowa","lines":"176","arr":["176"],"terminus":0,"mode":"bus","color":"#0059a9","colorDark":"#00294f","angle":-163.9,"snapDist":7,"label":1}},{"type":"Feature","geometry":{"type":"Point","coordinates":[18.603919,54.297839]},"properties":{"name":"Borkowo Skrzyżowanie","lines":"176","arr":["176"],"terminus":0,"mode":"bus","color":"#0059a9","colorDark":"#00294f","angle":190.2,"snapDist":4,"label":1}},{"type":"Feature","geometry":{"type":"Point","coordinates":[18.598712,54.298466]},"properties":{"name":"Borkowo Topolowa","lines":"176","arr":["176"],"terminus":0,"mode":"bus","color":"#0059a9","colorDark":"#00294f","angle":190,"snapDist":3,"label":0}},{"type":"Feature","geometry":{"type":"Point","coordinates":[18.595182,54.298851]},"properties":{"name":"Borkowo Szkoła","lines":"176","arr":["176"],"terminus":0,"mode":"bus","color":"#0059a9","colorDark":"#00294f","angle":30,"snapDist":5,"label":0}},{"type":"Feature","geometry":{"type":"Point","coordinates":[18.594528,54.300209]},"properties":{"name":"Borkowo Kasztanowa","lines":"176","arr":["176"],"terminus":0,"mode":"bus","color":"#0059a9","colorDark":"#00294f","angle":108,"snapDist":6,"label":0}},{"type":"Feature","geometry":{"type":"Point","coordinates":[18.589785,54.301584]},"properties":{"name":"Borkowo Słoneczna","lines":"176","arr":["176"],"terminus":0,"mode":"bus","color":"#0059a9","colorDark":"#00294f","angle":341.3,"snapDist":5,"label":0}},{"type":"Feature","geometry":{"type":"Point","coordinates":[18.579468,54.30263]},"properties":{"name":"Borkowo Stylowa","lines":"176","arr":["176"],"terminus":0,"mode":"bus","color":"#0059a9","colorDark":"#00294f","angle":21,"snapDist":5,"label":0}},{"type":"Feature","geometry":{"type":"Point","coordinates":[18.581264,54.305616]},"properties":{"name":"Olimpijska","lines":"176, 213","arr":["176","213"],"terminus":0,"mode":"bus","color":"#0059a9","colorDark":"#00294f","angle":110.5,"snapDist":5,"label":0}},{"type":"Feature","geometry":{"type":"Point","coordinates":[18.587952,54.309666]},"properties":{"name":"Hokejowa","lines":"176, 213","arr":["176","213"],"terminus":0,"mode":"bus","color":"#0059a9","colorDark":"#00294f","angle":122,"snapDist":6,"label":0}},{"type":"Feature","geometry":{"type":"Point","coordinates":[18.591157,54.315226]},"properties":{"name":"Liliowa","lines":"176, 213","arr":["176","213"],"terminus":0,"mode":"bus","color":"#0059a9","colorDark":"#00294f","angle":75.7,"snapDist":6,"label":0}},{"type":"Feature","geometry":{"type":"Point","coordinates":[18.683126,54.348704]},"properties":{"name":"Miałki Szlak","lines":"178, N78","arr":["178","N78"],"terminus":0,"mode":"bus","color":"#0059a9","colorDark":"#00294f","angle":272.8,"snapDist":8,"label":0}},{"type":"Feature","geometry":{"type":"Point","coordinates":[18.67473,54.345057]},"properties":{"name":"Maki","lines":"178, N78","arr":["178","N78"],"terminus":0,"mode":"bus","color":"#0059a9","colorDark":"#00294f","angle":345.6,"snapDist":5,"label":1}},{"type":"Feature","geometry":{"type":"Point","coordinates":[18.669158,54.341867]},"properties":{"name":"Olszynka Szkoła","lines":"178, 183, N78","arr":["178","183","N78"],"terminus":1,"mode":"bus","color":"#0059a9","colorDark":"#00294f","angle":257.4,"snapDist":14,"label":1}},{"type":"Feature","geometry":{"type":"Point","coordinates":[18.67409,54.337884]},"properties":{"name":"Sierpowa","lines":"178, 183, N78","arr":["178","183","N78"],"terminus":0,"mode":"bus","color":"#0059a9","colorDark":"#00294f","angle":235.8,"snapDist":4,"label":1}},{"type":"Feature","geometry":{"type":"Point","coordinates":[18.671133,54.334579]},"properties":{"name":"Bratki","lines":"178, 183, N78","arr":["178","183","N78"],"terminus":0,"mode":"bus","color":"#0059a9","colorDark":"#00294f","angle":326.3,"snapDist":7,"label":1}},{"type":"Feature","geometry":{"type":"Point","coordinates":[18.666204,54.332576]},"properties":{"name":"Stokrotki","lines":"178, 183, N78","arr":["178","183","N78"],"terminus":0,"mode":"bus","color":"#0059a9","colorDark":"#00294f","angle":323.2,"snapDist":5,"label":1}},{"type":"Feature","geometry":{"type":"Point","coordinates":[18.667395,54.330858]},"properties":{"name":"Gęsia","lines":"178, N78","arr":["178","N78"],"terminus":0,"mode":"bus","color":"#0059a9","colorDark":"#00294f","angle":235.4,"snapDist":7,"label":1}},{"type":"Feature","geometry":{"type":"Point","coordinates":[18.67039,54.328292]},"properties":{"name":"Łanowa I","lines":"178","arr":["178"],"terminus":0,"mode":"bus","color":"#0059a9","colorDark":"#00294f","angle":235.8,"snapDist":8,"label":1}},{"type":"Feature","geometry":{"type":"Point","coordinates":[18.672869,54.326167]},"properties":{"name":"Łanowa II","lines":"178","arr":["178"],"terminus":0,"mode":"bus","color":"#0059a9","colorDark":"#00294f","angle":236.6,"snapDist":5,"label":1}},{"type":"Feature","geometry":{"type":"Point","coordinates":[18.67732,54.322342]},"properties":{"name":"Łanowa III","lines":"178","arr":["178"],"terminus":0,"mode":"bus","color":"#0059a9","colorDark":"#00294f","angle":236.1,"snapDist":6,"label":1}},{"type":"Feature","geometry":{"type":"Point","coordinates":[18.681097,54.319105]},"properties":{"name":"Łanowa IV","lines":"178","arr":["178"],"terminus":0,"mode":"bus","color":"#0059a9","colorDark":"#00294f","angle":235.7,"snapDist":6,"label":1}},{"type":"Feature","geometry":{"type":"Point","coordinates":[18.685872,54.316304]},"properties":{"name":"Modra I","lines":"178","arr":["178"],"terminus":0,"mode":"bus","color":"#0059a9","colorDark":"#00294f","angle":146,"snapDist":5,"label":1}},{"type":"Feature","geometry":{"type":"Point","coordinates":[18.692736,54.321789]},"properties":{"name":"Modra II","lines":"178","arr":["178"],"terminus":0,"mode":"bus","color":"#0059a9","colorDark":"#00294f","angle":55.8,"snapDist":4,"label":1}},{"type":"Feature","geometry":{"type":"Point","coordinates":[18.687424,54.32634]},"properties":{"name":"Modra III","lines":"178","arr":["178"],"terminus":0,"mode":"bus","color":"#0059a9","colorDark":"#00294f","angle":56.1,"snapDist":5,"label":1}},{"type":"Feature","geometry":{"type":"Point","coordinates":[18.684037,54.329286]},"properties":{"name":"Modra IV","lines":"178","arr":["178"],"terminus":0,"mode":"bus","color":"#0059a9","colorDark":"#00294f","angle":55.9,"snapDist":3,"label":1}},{"type":"Feature","geometry":{"type":"Point","coordinates":[18.677235,54.335934]},"properties":{"name":"Olszynka Niwki","lines":"178, N78","arr":["178","N78"],"terminus":1,"mode":"bus","color":"#0059a9","colorDark":"#00294f","angle":146,"snapDist":3,"label":1}},{"type":"Feature","geometry":{"type":"Point","coordinates":[18.68667,54.339346]},"properties":{"name":"Zawodzie","lines":"178, N78","arr":["178","N78"],"terminus":0,"mode":"bus","color":"#0059a9","colorDark":"#00294f","angle":146.4,"snapDist":3,"label":1}},{"type":"Feature","geometry":{"type":"Point","coordinates":[18.681326,54.344406]},"properties":{"name":"Dworkowa","lines":"178, N78","arr":["178","N78"],"terminus":0,"mode":"bus","color":"#0059a9","colorDark":"#00294f","angle":55.9,"snapDist":2,"label":1}},{"type":"Feature","geometry":{"type":"Point","coordinates":[18.673069,54.344719]},"properties":{"name":"Na Szańcach","lines":"178, N78","arr":["178","N78"],"terminus":0,"mode":"bus","color":"#0059a9","colorDark":"#00294f","angle":329.1,"snapDist":4,"label":1}},{"type":"Feature","geometry":{"type":"Point","coordinates":[18.678804,54.345619]},"properties":{"name":"Żarnowiecka","lines":"178, N78","arr":["178","N78"],"terminus":0,"mode":"bus","color":"#0059a9","colorDark":"#00294f","angle":167.3,"snapDist":5,"label":1}},{"type":"Feature","geometry":{"type":"Point","coordinates":[18.479103,54.428972]},"properties":{"name":"Sopocka","lines":"179","arr":["179"],"terminus":0,"mode":"bus","color":"#0059a9","colorDark":"#00294f","angle":196.4,"snapDist":3,"label":1}},{"type":"Feature","geometry":{"type":"Point","coordinates":[18.486264,54.428103]},"properties":{"name":"Galaktyczna","lines":"179","arr":["179"],"terminus":0,"mode":"bus","color":"#0059a9","colorDark":"#00294f","angle":308.5,"snapDist":4,"label":1}},{"type":"Feature","geometry":{"type":"Point","coordinates":[18.478888,54.427927]},"properties":{"name":"Sopocka","lines":"179, 210, N1","arr":["179","210","N1"],"terminus":0,"mode":"bus","color":"#0059a9","colorDark":"#00294f","angle":266.9,"snapDist":8,"label":0}},{"type":"Feature","geometry":{"type":"Point","coordinates":[18.478725,54.423619]},"properties":{"name":"Jednorożca","lines":"179, 210, 269, N1","arr":["179","210","269","N1"],"terminus":0,"mode":"bus","color":"#0059a9","colorDark":"#00294f","angle":271.9,"snapDist":10,"label":1}},{"type":"Feature","geometry":{"type":"Point","coordinates":[18.478543,54.420121]},"properties":{"name":"Marsa","lines":"179, 210, 269, N1","arr":["179","210","269","N1"],"terminus":0,"mode":"bus","color":"#0059a9","colorDark":"#00294f","angle":270.1,"snapDist":11,"label":1}},{"type":"Feature","geometry":{"type":"Point","coordinates":[18.478566,54.420894]},"properties":{"name":"Marsa","lines":"179, 210, 269, N1","arr":["179","210","269","N1"],"terminus":0,"mode":"bus","color":"#0059a9","colorDark":"#00294f","angle":91.9,"snapDist":8,"label":0}},{"type":"Feature","geometry":{"type":"Point","coordinates":[18.478752,54.424151]},"properties":{"name":"Jednorożca","lines":"179, 210, 269, N1","arr":["179","210","269","N1"],"terminus":0,"mode":"bus","color":"#0059a9","colorDark":"#00294f","angle":91.1,"snapDist":7,"label":0}},{"type":"Feature","geometry":{"type":"Point","coordinates":[18.657137,54.333751]},"properties":{"name":"Olszyńska","lines":"183","arr":["183"],"terminus":0,"mode":"bus","color":"#0059a9","colorDark":"#00294f","angle":150.7,"snapDist":4,"label":0}},{"type":"Feature","geometry":{"type":"Point","coordinates":[18.661655,54.335148]},"properties":{"name":"Miedza","lines":"183","arr":["183"],"terminus":0,"mode":"bus","color":"#0059a9","colorDark":"#00294f","angle":145.9,"snapDist":4,"label":1}},{"type":"Feature","geometry":{"type":"Point","coordinates":[18.666201,54.332575]},"properties":{"name":"Stokrotki","lines":"183","arr":["183"],"terminus":0,"mode":"bus","color":"#0059a9","colorDark":"#00294f","angle":143.2,"snapDist":5,"label":0}},{"type":"Feature","geometry":{"type":"Point","coordinates":[18.670482,54.334747]},"properties":{"name":"Bratki","lines":"183","arr":["183"],"terminus":0,"mode":"bus","color":"#0059a9","colorDark":"#00294f","angle":56.1,"snapDist":2,"label":0}},{"type":"Feature","geometry":{"type":"Point","coordinates":[18.666844,54.337871]},"properties":{"name":"Bluszczowa","lines":"183","arr":["183"],"terminus":0,"mode":"bus","color":"#0059a9","colorDark":"#00294f","angle":55.8,"snapDist":3,"label":1}},{"type":"Feature","geometry":{"type":"Point","coordinates":[18.661994,54.335506]},"properties":{"name":"Miedza","lines":"183","arr":["183"],"terminus":0,"mode":"bus","color":"#0059a9","colorDark":"#00294f","angle":55.5,"snapDist":4,"label":0}},{"type":"Feature","geometry":{"type":"Point","coordinates":[18.658736,54.336329]},"properties":{"name":"Zagony","lines":"183","arr":["183"],"terminus":0,"mode":"bus","color":"#0059a9","colorDark":"#00294f","angle":277.6,"snapDist":6,"label":1}},{"type":"Feature","geometry":{"type":"Point","coordinates":[18.641856,54.362206]},"properties":{"name":"Brama Oliwska","lines":"183, 184, N1, N4, N14","arr":["183","184","N1","N4","N14"],"terminus":0,"mode":"bus","color":"#0059a9","colorDark":"#00294f","angle":46.1,"snapDist":9,"label":1}},{"type":"Feature","geometry":{"type":"Point","coordinates":[18.631811,54.363371]},"properties":{"name":"Dębinki","lines":"183","arr":["183"],"terminus":0,"mode":"bus","color":"#0059a9","colorDark":"#00294f","angle":333.8,"snapDist":6,"label":1}},{"type":"Feature","geometry":{"type":"Point","coordinates":[18.62665,54.366664]},"properties":{"name":"Uniwersyteckie Centrum Kliniczne","lines":"183","arr":["183"],"terminus":0,"mode":"bus","color":"#0059a9","colorDark":"#00294f","angle":76.6,"snapDist":4,"label":0}},{"type":"Feature","geometry":{"type":"Point","coordinates":[18.632793,54.367588]},"properties":{"name":"Uniwersytet Medyczny","lines":"183, 184, N1, N4, N14","arr":["183","184","N1","N4","N14"],"terminus":1,"mode":"bus","color":"#0059a9","colorDark":"#00294f","angle":45.4,"snapDist":12,"label":1}},{"type":"Feature","geometry":{"type":"Point","coordinates":[18.631694,54.367416]},"properties":{"name":"Uniwersytet Medyczny","lines":"184, N1, N4, N14","arr":["184","N1","N4","N14"],"terminus":0,"mode":"bus","color":"#0059a9","colorDark":"#00294f","angle":214.8,"snapDist":10,"label":0}},{"type":"Feature","geometry":{"type":"Point","coordinates":[18.639949,54.362659]},"properties":{"name":"Brama Oliwska","lines":"184, N1, N4, N14","arr":["184","N1","N4","N14"],"terminus":0,"mode":"bus","color":"#0059a9","colorDark":"#00294f","angle":225.6,"snapDist":10,"label":0}},{"type":"Feature","geometry":{"type":"Point","coordinates":[18.643241,54.357027]},"properties":{"name":"Dworzec PKS","lines":"184","arr":["184"],"terminus":0,"mode":"bus","color":"#0059a9","colorDark":"#00294f","angle":274.9,"snapDist":7,"label":1}},{"type":"Feature","geometry":{"type":"Point","coordinates":[18.736133,54.338288]},"properties":{"name":"Przejazdowo Makro","lines":"186","arr":["186"],"terminus":0,"mode":"bus","color":"#0059a9","colorDark":"#00294f","angle":214.6,"snapDist":6,"label":0}},{"type":"Feature","geometry":{"type":"Point","coordinates":[18.738283,54.338916]},"properties":{"name":"Przejazdowo Makro","lines":"186","arr":["186"],"terminus":0,"mode":"bus","color":"#0059a9","colorDark":"#00294f","angle":169.2,"snapDist":3,"label":0}},{"type":"Feature","geometry":{"type":"Point","coordinates":[18.749692,54.340839]},"properties":{"name":"Benzynowa","lines":"186","arr":["186"],"terminus":0,"mode":"bus","color":"#0059a9","colorDark":"#00294f","angle":155.3,"snapDist":8,"label":1}},{"type":"Feature","geometry":{"type":"Point","coordinates":[18.757209,54.342112]},"properties":{"name":"Oczyszczalnia","lines":"186","arr":["186"],"terminus":0,"mode":"bus","color":"#0059a9","colorDark":"#00294f","angle":179,"snapDist":4,"label":1}},{"type":"Feature","geometry":{"type":"Point","coordinates":[18.769914,54.342875]},"properties":{"name":"Naftowa","lines":"186","arr":["186"],"terminus":0,"mode":"bus","color":"#0059a9","colorDark":"#00294f","angle":137.9,"snapDist":4,"label":1}},{"type":"Feature","geometry":{"type":"Point","coordinates":[18.773993,54.34701]},"properties":{"name":"Płońska","lines":"186","arr":["186"],"terminus":0,"mode":"bus","color":"#0059a9","colorDark":"#00294f","angle":179.2,"snapDist":6,"label":1}},{"type":"Feature","geometry":{"type":"Point","coordinates":[18.785416,54.34687]},"properties":{"name":"Zagroble","lines":"186","arr":["186"],"terminus":0,"mode":"bus","color":"#0059a9","colorDark":"#00294f","angle":186.5,"snapDist":7,"label":1}},{"type":"Feature","geometry":{"type":"Point","coordinates":[18.794113,54.342228]},"properties":{"name":"Wiślinka Brzegowa","lines":"186","arr":["186"],"terminus":0,"mode":"bus","color":"#0059a9","colorDark":"#00294f","angle":235.8,"snapDist":5,"label":1}},{"type":"Feature","geometry":{"type":"Point","coordinates":[18.801736,54.338472]},"properties":{"name":"Wiślinka Pocztowa","lines":"186","arr":["186"],"terminus":0,"mode":"bus","color":"#0059a9","colorDark":"#00294f","angle":217.6,"snapDist":5,"label":1}},{"type":"Feature","geometry":{"type":"Point","coordinates":[18.808712,54.336257]},"properties":{"name":"Wiślinka Sportowa","lines":"186","arr":["186"],"terminus":0,"mode":"bus","color":"#0059a9","colorDark":"#00294f","angle":206.8,"snapDist":9,"label":1}},{"type":"Feature","geometry":{"type":"Point","coordinates":[18.819788,54.346163]},"properties":{"name":"Jodowa","lines":"186","arr":["186"],"terminus":0,"mode":"bus","color":"#0059a9","colorDark":"#00294f","angle":34.7,"snapDist":5,"label":1}},{"type":"Feature","geometry":{"type":"Point","coordinates":[18.815908,54.346952]},"properties":{"name":"Sobieszewska","lines":"186","arr":["186"],"terminus":0,"mode":"bus","color":"#0059a9","colorDark":"#00294f","angle":18.1,"snapDist":3,"label":1}},{"type":"Feature","geometry":{"type":"Point","coordinates":[18.81066,54.348113]},"properties":{"name":"Tęczowa","lines":"186","arr":["186"],"terminus":0,"mode":"bus","color":"#0059a9","colorDark":"#00294f","angle":30.9,"snapDist":4,"label":1}},{"type":"Feature","geometry":{"type":"Point","coordinates":[18.803929,54.348904]},"properties":{"name":"Nadwiślańska","lines":"186","arr":["186"],"terminus":0,"mode":"bus","color":"#0059a9","colorDark":"#00294f","angle":8.2,"snapDist":5,"label":1}},{"type":"Feature","geometry":{"type":"Point","coordinates":[18.797651,54.349234]},"properties":{"name":"Ornitologów","lines":"186","arr":["186"],"terminus":0,"mode":"bus","color":"#0059a9","colorDark":"#00294f","angle":14.5,"snapDist":2,"label":1}},{"type":"Feature","geometry":{"type":"Point","coordinates":[18.79088,54.350853]},"properties":{"name":"Górki Wschodnie","lines":"186","arr":["186"],"terminus":1,"mode":"bus","color":"#0059a9","colorDark":"#00294f","angle":220.2,"snapDist":7,"label":1}},{"type":"Feature","geometry":{"type":"Point","coordinates":[18.793085,54.350434]},"properties":{"name":"Górki Wschodnie","lines":"186","arr":["186"],"terminus":0,"mode":"bus","color":"#0059a9","colorDark":"#00294f","angle":191.8,"snapDist":8,"label":0}},{"type":"Feature","geometry":{"type":"Point","coordinates":[18.798706,54.349134]},"properties":{"name":"Ornitologów","lines":"186","arr":["186"],"terminus":0,"mode":"bus","color":"#0059a9","colorDark":"#00294f","angle":184.8,"snapDist":4,"label":0}},{"type":"Feature","geometry":{"type":"Point","coordinates":[18.803582,54.348932]},"properties":{"name":"Nadwiślańska","lines":"186","arr":["186"],"terminus":0,"mode":"bus","color":"#0059a9","colorDark":"#00294f","angle":187.9,"snapDist":4,"label":0}},{"type":"Feature","geometry":{"type":"Point","coordinates":[18.809285,54.348445]},"properties":{"name":"Tęczowa","lines":"186","arr":["186"],"terminus":0,"mode":"bus","color":"#0059a9","colorDark":"#00294f","angle":190.7,"snapDist":7,"label":0}},{"type":"Feature","geometry":{"type":"Point","coordinates":[18.813778,54.347158]},"properties":{"name":"Sobieszewska","lines":"186","arr":["186"],"terminus":0,"mode":"bus","color":"#0059a9","colorDark":"#00294f","angle":198.2,"snapDist":3,"label":0}},{"type":"Feature","geometry":{"type":"Point","coordinates":[18.82046,54.345901]},"properties":{"name":"Jodowa","lines":"186","arr":["186"],"terminus":0,"mode":"bus","color":"#0059a9","colorDark":"#00294f","angle":210.8,"snapDist":6,"label":0}},{"type":"Feature","geometry":{"type":"Point","coordinates":[18.80852,54.336314]},"properties":{"name":"Wiślinka Sportowa","lines":"186","arr":["186"],"terminus":0,"mode":"bus","color":"#0059a9","colorDark":"#00294f","angle":26.8,"snapDist":6,"label":0}},{"type":"Feature","geometry":{"type":"Point","coordinates":[18.801742,54.33847]},"properties":{"name":"Wiślinka Pocztowa","lines":"186","arr":["186"],"terminus":0,"mode":"bus","color":"#0059a9","colorDark":"#00294f","angle":37.6,"snapDist":7,"label":0}},{"type":"Feature","geometry":{"type":"Point","coordinates":[18.794043,54.342288]},"properties":{"name":"Wiślinka Brzegowa","lines":"186","arr":["186"],"terminus":0,"mode":"bus","color":"#0059a9","colorDark":"#00294f","angle":55.8,"snapDist":5,"label":0}},{"type":"Feature","geometry":{"type":"Point","coordinates":[18.785128,54.34689]},"properties":{"name":"Zagroble","lines":"186","arr":["186"],"terminus":0,"mode":"bus","color":"#0059a9","colorDark":"#00294f","angle":6.5,"snapDist":5,"label":0}},{"type":"Feature","geometry":{"type":"Point","coordinates":[18.773975,54.34701]},"properties":{"name":"Płońska","lines":"186","arr":["186"],"terminus":0,"mode":"bus","color":"#0059a9","colorDark":"#00294f","angle":359.2,"snapDist":4,"label":0}},{"type":"Feature","geometry":{"type":"Point","coordinates":[18.769617,54.342855]},"properties":{"name":"Naftowa","lines":"186","arr":["186"],"terminus":0,"mode":"bus","color":"#0059a9","colorDark":"#00294f","angle":298.2,"snapDist":6,"label":0}},{"type":"Feature","geometry":{"type":"Point","coordinates":[18.75799,54.342117]},"properties":{"name":"Oczyszczalnia","lines":"186","arr":["186"],"terminus":0,"mode":"bus","color":"#0059a9","colorDark":"#00294f","angle":0.4,"snapDist":6,"label":0}},{"type":"Feature","geometry":{"type":"Point","coordinates":[18.749507,54.340789]},"properties":{"name":"Benzynowa","lines":"186","arr":["186"],"terminus":0,"mode":"bus","color":"#0059a9","colorDark":"#00294f","angle":335.5,"snapDist":10,"label":0}},{"type":"Feature","geometry":{"type":"Point","coordinates":[18.619958,54.309952]},"properties":{"name":"Dom Pomocy Społecznej","lines":"189, N89","arr":["189","N89"],"terminus":0,"mode":"bus","color":"#0059a9","colorDark":"#00294f","angle":0.9,"snapDist":5,"label":1}},{"type":"Feature","geometry":{"type":"Point","coordinates":[18.613234,54.308249]},"properties":{"name":"Maćkowy","lines":"189, N89","arr":["189","N89"],"terminus":0,"mode":"bus","color":"#0059a9","colorDark":"#00294f","angle":303.1,"snapDist":7,"label":1}},{"type":"Feature","geometry":{"type":"Point","coordinates":[18.612239,54.304879]},"properties":{"name":"Jagiełły","lines":"189, N89","arr":["189","N89"],"terminus":0,"mode":"bus","color":"#0059a9","colorDark":"#00294f","angle":307.9,"snapDist":6,"label":1}},{"type":"Feature","geometry":{"type":"Point","coordinates":[18.608234,54.301892]},"properties":{"name":"Starogardzka","lines":"189, 289, N2, N89","arr":["189","289","N2","N89"],"terminus":1,"mode":"bus","color":"#0059a9","colorDark":"#00294f","angle":308.3,"snapDist":4,"label":0}},{"type":"Feature","geometry":{"type":"Point","coordinates":[18.611999,54.3047]},"properties":{"name":"Jagiełły","lines":"189, 289, N89","arr":["189","289","N89"],"terminus":0,"mode":"bus","color":"#0059a9","colorDark":"#00294f","angle":127.9,"snapDist":7,"label":0}},{"type":"Feature","geometry":{"type":"Point","coordinates":[18.613139,54.308146]},"properties":{"name":"Maćkowy","lines":"189, 289, N89","arr":["189","289","N89"],"terminus":0,"mode":"bus","color":"#0059a9","colorDark":"#00294f","angle":118,"snapDist":5,"label":0}},{"type":"Feature","geometry":{"type":"Point","coordinates":[18.620179,54.309953]},"properties":{"name":"Dom Pomocy Społecznej","lines":"189, 289, N89","arr":["189","289","N89"],"terminus":0,"mode":"bus","color":"#0059a9","colorDark":"#00294f","angle":179.5,"snapDist":6,"label":0}},{"type":"Feature","geometry":{"type":"Point","coordinates":[18.606957,54.345076]},"properties":{"name":"Soplicy","lines":"195","arr":["195"],"terminus":0,"mode":"bus","color":"#0059a9","colorDark":"#00294f","angle":161.7,"snapDist":4,"label":1}},{"type":"Feature","geometry":{"type":"Point","coordinates":[18.611654,54.345049]},"properties":{"name":"Domeyki","lines":"195","arr":["195"],"terminus":0,"mode":"bus","color":"#0059a9","colorDark":"#00294f","angle":270.4,"snapDist":6,"label":1}},{"type":"Feature","geometry":{"type":"Point","coordinates":[18.610613,54.343439]},"properties":{"name":"Zosi","lines":"195","arr":["195"],"terminus":0,"mode":"bus","color":"#0059a9","colorDark":"#00294f","angle":341.6,"snapDist":4,"label":1}},{"type":"Feature","geometry":{"type":"Point","coordinates":[18.601155,54.335562]},"properties":{"name":"Osiedle Jary","lines":"195, 208, 262, N4","arr":["195","208","262","N4"],"terminus":0,"mode":"bus","color":"#0059a9","colorDark":"#00294f","angle":228.5,"snapDist":7,"label":1}},{"type":"Feature","geometry":{"type":"Point","coordinates":[18.600524,54.331215]},"properties":{"name":"Rogalińska","lines":"195, 208, 262, N4","arr":["195","208","262","N4"],"terminus":0,"mode":"bus","color":"#0059a9","colorDark":"#00294f","angle":273,"snapDist":5,"label":1}},{"type":"Feature","geometry":{"type":"Point","coordinates":[18.603555,54.330006]},"properties":{"name":"Królowej Bony","lines":"195","arr":["195"],"terminus":0,"mode":"bus","color":"#0059a9","colorDark":"#00294f","angle":175.2,"snapDist":6,"label":1}},{"type":"Feature","geometry":{"type":"Point","coordinates":[18.60695,54.330302]},"properties":{"name":"Wawelska","lines":"195","arr":["195"],"terminus":0,"mode":"bus","color":"#0059a9","colorDark":"#00294f","angle":236.1,"snapDist":5,"label":1}},{"type":"Feature","geometry":{"type":"Point","coordinates":[18.609777,54.327558]},"properties":{"name":"Platynowa","lines":"195","arr":["195"],"terminus":0,"mode":"bus","color":"#0059a9","colorDark":"#00294f","angle":46.4,"snapDist":4,"label":0}},{"type":"Feature","geometry":{"type":"Point","coordinates":[18.607158,54.330122]},"properties":{"name":"Wawelska","lines":"195","arr":["195"],"terminus":0,"mode":"bus","color":"#0059a9","colorDark":"#00294f","angle":56.1,"snapDist":3,"label":0}},{"type":"Feature","geometry":{"type":"Point","coordinates":[18.602895,54.329965]},"properties":{"name":"Królowej Bony","lines":"195","arr":["195"],"terminus":0,"mode":"bus","color":"#0059a9","colorDark":"#00294f","angle":350.7,"snapDist":5,"label":0}},{"type":"Feature","geometry":{"type":"Point","coordinates":[18.600556,54.330871]},"properties":{"name":"Rogalińska","lines":"195, 208, 262, N4","arr":["195","208","262","N4"],"terminus":0,"mode":"bus","color":"#0059a9","colorDark":"#00294f","angle":74,"snapDist":7,"label":0}},{"type":"Feature","geometry":{"type":"Point","coordinates":[18.601676,54.335186]},"properties":{"name":"Osiedle Jary","lines":"195, 208, 262, N4","arr":["195","208","262","N4"],"terminus":0,"mode":"bus","color":"#0059a9","colorDark":"#00294f","angle":58.6,"snapDist":7,"label":0}},{"type":"Feature","geometry":{"type":"Point","coordinates":[18.611186,54.343549]},"properties":{"name":"Zosi","lines":"195","arr":["195"],"terminus":0,"mode":"bus","color":"#0059a9","colorDark":"#00294f","angle":162.2,"snapDist":4,"label":0}},{"type":"Feature","geometry":{"type":"Point","coordinates":[18.613406,54.345699]},"properties":{"name":"Świtezianki","lines":"195","arr":["195"],"terminus":0,"mode":"bus","color":"#0059a9","colorDark":"#00294f","angle":79.6,"snapDist":5,"label":1}},{"type":"Feature","geometry":{"type":"Point","coordinates":[18.608015,54.345023]},"properties":{"name":"Soplicy","lines":"195","arr":["195"],"terminus":0,"mode":"bus","color":"#0059a9","colorDark":"#00294f","angle":252,"snapDist":4,"label":0}},{"type":"Feature","geometry":{"type":"Point","coordinates":[18.588891,54.412439]},"properties":{"name":"Czerwony Dwór","lines":"199","arr":["199"],"terminus":0,"mode":"bus","color":"#0059a9","colorDark":"#00294f","angle":164,"snapDist":8,"label":0}},{"type":"Feature","geometry":{"type":"Point","coordinates":[18.593152,54.413184]},"properties":{"name":"Jagiellońska","lines":"199","arr":["199"],"terminus":0,"mode":"bus","color":"#0059a9","colorDark":"#00294f","angle":163.3,"snapDist":6,"label":1}},{"type":"Feature","geometry":{"type":"Point","coordinates":[18.598528,54.414124]},"properties":{"name":"Park Reagana","lines":"199","arr":["199"],"terminus":0,"mode":"bus","color":"#0059a9","colorDark":"#00294f","angle":163.5,"snapDist":5,"label":1}},{"type":"Feature","geometry":{"type":"Point","coordinates":[18.604937,54.409143]},"properties":{"name":"Biały Dwór","lines":"199, N14","arr":["199","N14"],"terminus":0,"mode":"bus","color":"#0059a9","colorDark":"#00294f","angle":252,"snapDist":8,"label":1}},{"type":"Feature","geometry":{"type":"Point","coordinates":[18.604353,54.40629]},"properties":{"name":"Olsztyńska","lines":"199, N14","arr":["199","N14"],"terminus":0,"mode":"bus","color":"#0059a9","colorDark":"#00294f","angle":342.2,"snapDist":11,"label":0}},{"type":"Feature","geometry":{"type":"Point","coordinates":[18.587042,54.389943]},"properties":{"name":"Chopina","lines":"199, 262","arr":["199","262"],"terminus":0,"mode":"bus","color":"#0059a9","colorDark":"#00294f","angle":229.5,"snapDist":8,"label":1}},{"type":"Feature","geometry":{"type":"Point","coordinates":[18.597305,54.383287]},"properties":{"name":"Galeria Bałtycka","lines":"199, 262, N4, N14","arr":["199","262","N4","N14"],"terminus":0,"mode":"bus","color":"#0059a9","colorDark":"#00294f","angle":45.1,"snapDist":9,"label":0}},{"type":"Feature","geometry":{"type":"Point","coordinates":[18.590638,54.387689]},"properties":{"name":"Wojska Polskiego","lines":"199, 262, N4, N14","arr":["199","262","N4","N14"],"terminus":0,"mode":"bus","color":"#0059a9","colorDark":"#00294f","angle":48.5,"snapDist":7,"label":0}},{"type":"Feature","geometry":{"type":"Point","coordinates":[18.58342,54.392615]},"properties":{"name":"Abrahama","lines":"199, 262, N4, N14","arr":["199","262","N4","N14"],"terminus":0,"mode":"bus","color":"#0059a9","colorDark":"#00294f","angle":49.9,"snapDist":11,"label":0}},{"type":"Feature","geometry":{"type":"Point","coordinates":[18.576068,54.398752]},"properties":{"name":"Biblioteka Główna UG","lines":"199, 262","arr":["199","262"],"terminus":0,"mode":"bus","color":"#0059a9","colorDark":"#00294f","angle":59.3,"snapDist":12,"label":0}},{"type":"Feature","geometry":{"type":"Point","coordinates":[18.604283,54.406277]},"properties":{"name":"Olsztyńska","lines":"199, N14","arr":["199","N14"],"terminus":0,"mode":"bus","color":"#0059a9","colorDark":"#00294f","angle":162.2,"snapDist":9,"label":0}},{"type":"Feature","geometry":{"type":"Point","coordinates":[18.605307,54.408478]},"properties":{"name":"Biały Dwór","lines":"199, N14","arr":["199","N14"],"terminus":0,"mode":"bus","color":"#0059a9","colorDark":"#00294f","angle":71.6,"snapDist":9,"label":0}},{"type":"Feature","geometry":{"type":"Point","coordinates":[18.598508,54.414121]},"properties":{"name":"Park Reagana","lines":"199","arr":["199"],"terminus":0,"mode":"bus","color":"#0059a9","colorDark":"#00294f","angle":343.5,"snapDist":6,"label":0}},{"type":"Feature","geometry":{"type":"Point","coordinates":[18.591744,54.412938]},"properties":{"name":"Jagiellońska","lines":"199","arr":["199"],"terminus":0,"mode":"bus","color":"#0059a9","colorDark":"#00294f","angle":343.4,"snapDist":5,"label":0}},{"type":"Feature","geometry":{"type":"Point","coordinates":[18.60976,54.338346]},"properties":{"name":"Cieszyńskiego","lines":"208, 227, N4, N14","arr":["208","227","N4","N14"],"terminus":0,"mode":"bus","color":"#0059a9","colorDark":"#00294f","angle":3.8,"snapDist":5,"label":1}},{"type":"Feature","geometry":{"type":"Point","coordinates":[18.599979,54.328949]},"properties":{"name":"Płocka","lines":"208, 262","arr":["208","262"],"terminus":0,"mode":"bus","color":"#0059a9","colorDark":"#00294f","angle":328.2,"snapDist":6,"label":0}},{"type":"Feature","geometry":{"type":"Point","coordinates":[18.599912,54.328923]},"properties":{"name":"Płocka","lines":"208, 262, N4","arr":["208","262","N4"],"terminus":0,"mode":"bus","color":"#0059a9","colorDark":"#00294f","angle":146.6,"snapDist":8,"label":0}},{"type":"Feature","geometry":{"type":"Point","coordinates":[18.602657,54.338082]},"properties":{"name":"Milskiego","lines":"208, 227, N4, N14","arr":["208","227","N4","N14"],"terminus":0,"mode":"bus","color":"#0059a9","colorDark":"#00294f","angle":166.4,"snapDist":6,"label":1}},{"type":"Feature","geometry":{"type":"Point","coordinates":[18.609797,54.338345]},"properties":{"name":"Cieszyńskiego","lines":"208, 227, N4, N14","arr":["208","227","N4","N14"],"terminus":0,"mode":"bus","color":"#0059a9","colorDark":"#00294f","angle":183.8,"snapDist":9,"label":0}},{"type":"Feature","geometry":{"type":"Point","coordinates":[18.64973,54.358515]},"properties":{"name":"Łagiewniki","lines":"208","arr":["208"],"terminus":0,"mode":"bus","color":"#0059a9","colorDark":"#00294f","angle":235.8,"snapDist":3,"label":1}},{"type":"Feature","geometry":{"type":"Point","coordinates":[18.467726,54.382825]},"properties":{"name":"Port Lotniczy","lines":"210","arr":["210"],"terminus":0,"mode":"bus","color":"#0059a9","colorDark":"#00294f","angle":201.9,"snapDist":4,"label":0}},{"type":"Feature","geometry":{"type":"Point","coordinates":[18.471802,54.387071]},"properties":{"name":"Spadochroniarzy","lines":"210","arr":["210"],"terminus":0,"mode":"bus","color":"#0059a9","colorDark":"#00294f","angle":115.4,"snapDist":4,"label":0}},{"type":"Feature","geometry":{"type":"Point","coordinates":[18.47614,54.38987]},"properties":{"name":"Radiowa","lines":"210","arr":["210"],"terminus":0,"mode":"bus","color":"#0059a9","colorDark":"#00294f","angle":197.2,"snapDist":6,"label":0}},{"type":"Feature","geometry":{"type":"Point","coordinates":[18.482739,54.389394]},"properties":{"name":"Klukowo","lines":"210","arr":["210"],"terminus":0,"mode":"bus","color":"#0059a9","colorDark":"#00294f","angle":144.4,"snapDist":5,"label":0}},{"type":"Feature","geometry":{"type":"Point","coordinates":[18.485413,54.393281]},"properties":{"name":"Radarowa","lines":"210","arr":["210"],"terminus":0,"mode":"bus","color":"#0059a9","colorDark":"#00294f","angle":118.8,"snapDist":4,"label":1}},{"type":"Feature","geometry":{"type":"Point","coordinates":[18.485043,54.398814]},"properties":{"name":"Telewizyjna","lines":"210","arr":["210"],"terminus":0,"mode":"bus","color":"#0059a9","colorDark":"#00294f","angle":79.8,"snapDist":4,"label":1}},{"type":"Feature","geometry":{"type":"Point","coordinates":[18.484676,54.411307]},"properties":{"name":"Meteorytowa","lines":"210","arr":["210"],"terminus":0,"mode":"bus","color":"#0059a9","colorDark":"#00294f","angle":345,"snapDist":5,"label":1}},{"type":"Feature","geometry":{"type":"Point","coordinates":[18.452647,54.420923]},"properties":{"name":"Osowa PKP","lines":"210","arr":["210"],"terminus":0,"mode":"bus","color":"#0059a9","colorDark":"#00294f","angle":336.9,"snapDist":5,"label":0}},{"type":"Feature","geometry":{"type":"Point","coordinates":[18.480422,54.414139]},"properties":{"name":"Owczarnia","lines":"210","arr":["210"],"terminus":0,"mode":"bus","color":"#0059a9","colorDark":"#00294f","angle":257,"snapDist":4,"label":0}},{"type":"Feature","geometry":{"type":"Point","coordinates":[18.485193,54.411369]},"properties":{"name":"Meteorytowa","lines":"210","arr":["210"],"terminus":0,"mode":"bus","color":"#0059a9","colorDark":"#00294f","angle":175.8,"snapDist":2,"label":0}},{"type":"Feature","geometry":{"type":"Point","coordinates":[18.48529,54.39816]},"properties":{"name":"Telewizyjna","lines":"210","arr":["210"],"terminus":0,"mode":"bus","color":"#0059a9","colorDark":"#00294f","angle":254.3,"snapDist":5,"label":0}},{"type":"Feature","geometry":{"type":"Point","coordinates":[18.485245,54.393103]},"properties":{"name":"Radarowa","lines":"210","arr":["210"],"terminus":0,"mode":"bus","color":"#0059a9","colorDark":"#00294f","angle":298.8,"snapDist":10,"label":0}},{"type":"Feature","geometry":{"type":"Point","coordinates":[18.48258,54.389327]},"properties":{"name":"Klukowo","lines":"210","arr":["210"],"terminus":0,"mode":"bus","color":"#0059a9","colorDark":"#00294f","angle":323.8,"snapDist":5,"label":0}},{"type":"Feature","geometry":{"type":"Point","coordinates":[18.467651,54.382673]},"properties":{"name":"Port Lotniczy","lines":"210, N3","arr":["210","N3"],"terminus":0,"mode":"bus","color":"#0059a9","colorDark":"#00294f","angle":201.9,"snapDist":5,"label":0}},{"type":"Feature","geometry":{"type":"Point","coordinates":[18.783927,54.329771]},"properties":{"name":"Bogatka Skrzyżowanie","lines":"212","arr":["212"],"terminus":0,"mode":"bus","color":"#0059a9","colorDark":"#00294f","angle":180,"snapDist":12,"label":1}},{"type":"Feature","geometry":{"type":"Point","coordinates":[18.782363,54.32977]},"properties":{"name":"Bogatka Skrzyżowanie","lines":"212","arr":["212"],"terminus":0,"mode":"bus","color":"#0059a9","colorDark":"#00294f","angle":359.9,"snapDist":8,"label":0}},{"type":"Feature","geometry":{"type":"Point","coordinates":[18.573638,54.303088]},"properties":{"name":"Kowale Osiedle Cytrusowe","lines":"213, N4","arr":["213","N4"],"terminus":0,"mode":"bus","color":"#0059a9","colorDark":"#00294f","angle":22.4,"snapDist":8,"label":1}},{"type":"Feature","geometry":{"type":"Point","coordinates":[18.574884,54.30279]},"properties":{"name":"Kowale Osiedle Cytrusowe","lines":"213, N4","arr":["213","N4"],"terminus":0,"mode":"bus","color":"#0059a9","colorDark":"#00294f","angle":202.3,"snapDist":6,"label":0}},{"type":"Feature","geometry":{"type":"Point","coordinates":[18.593961,54.423165]},"properties":{"name":"Jelitkowo","lines":"227","arr":["227"],"terminus":1,"mode":"bus","color":"#0059a9","colorDark":"#00294f","angle":145,"snapDist":4,"label":1}},{"type":"Feature","geometry":{"type":"Point","coordinates":[18.593809,54.423394]},"properties":{"name":"Jelitkowo","lines":"227","arr":["227"],"terminus":0,"mode":"bus","color":"#0059a9","colorDark":"#00294f","angle":320,"snapDist":6,"label":0}},{"type":"Feature","geometry":{"type":"Point","coordinates":[18.589037,54.407475]},"properties":{"name":"Bora-Komorowskiego","lines":"227","arr":["227"],"terminus":0,"mode":"bus","color":"#0059a9","colorDark":"#00294f","angle":257.5,"snapDist":10,"label":0}},{"type":"Feature","geometry":{"type":"Point","coordinates":[18.590401,54.404739]},"properties":{"name":"Kołobrzeska","lines":"227, N1","arr":["227","N1"],"terminus":0,"mode":"bus","color":"#0059a9","colorDark":"#00294f","angle":253.3,"snapDist":6,"label":0}},{"type":"Feature","geometry":{"type":"Point","coordinates":[18.588091,54.396684]},"properties":{"name":"Hynka","lines":"227","arr":["227"],"terminus":0,"mode":"bus","color":"#0059a9","colorDark":"#00294f","angle":324.7,"snapDist":8,"label":1}},{"type":"Feature","geometry":{"type":"Point","coordinates":[18.602589,54.386406]},"properties":{"name":"Skarżyńskiego","lines":"227","arr":["227"],"terminus":0,"mode":"bus","color":"#0059a9","colorDark":"#00294f","angle":301.1,"snapDist":9,"label":0}},{"type":"Feature","geometry":{"type":"Point","coordinates":[18.626226,54.337621]},"properties":{"name":"Chełm Cienista","lines":"227","arr":["227"],"terminus":1,"mode":"bus","color":"#0059a9","colorDark":"#00294f","angle":172.2,"snapDist":9,"label":1}},{"type":"Feature","geometry":{"type":"Point","coordinates":[18.588758,54.396974]},"properties":{"name":"Hynka","lines":"227","arr":["227"],"terminus":0,"mode":"bus","color":"#0059a9","colorDark":"#00294f","angle":142.3,"snapDist":9,"label":0}},{"type":"Feature","geometry":{"type":"Point","coordinates":[18.592005,54.402398]},"properties":{"name":"Kołobrzeska","lines":"227, N1","arr":["227","N1"],"terminus":0,"mode":"bus","color":"#0059a9","colorDark":"#00294f","angle":83.2,"snapDist":6,"label":1}},{"type":"Feature","geometry":{"type":"Point","coordinates":[18.589731,54.406875]},"properties":{"name":"Bora-Komorowskiego","lines":"227","arr":["227"],"terminus":0,"mode":"bus","color":"#0059a9","colorDark":"#00294f","angle":73.4,"snapDist":6,"label":1}},{"type":"Feature","geometry":{"type":"Point","coordinates":[18.585093,54.420175]},"properties":{"name":"Pomorska","lines":"227","arr":["227"],"terminus":0,"mode":"bus","color":"#0059a9","colorDark":"#00294f","angle":148.2,"snapDist":10,"label":0}},{"type":"Feature","geometry":{"type":"Point","coordinates":[18.571026,54.31364]},"properties":{"name":"Osiedle Świętokrzyskie","lines":"255, 256, N56","arr":["255","256","N56"],"terminus":0,"mode":"bus","color":"#0059a9","colorDark":"#00294f","angle":322,"snapDist":7,"label":0}},{"type":"Feature","geometry":{"type":"Point","coordinates":[18.560318,54.308786]},"properties":{"name":"Kowale Starowiejska","lines":"255, 256, N56","arr":["255","256","N56"],"terminus":0,"mode":"bus","color":"#0059a9","colorDark":"#00294f","angle":318.8,"snapDist":11,"label":1}},{"type":"Feature","geometry":{"type":"Point","coordinates":[18.552593,54.305663]},"properties":{"name":"Kowale Kasztelańska","lines":"255, 256, N56","arr":["255","256","N56"],"terminus":0,"mode":"bus","color":"#0059a9","colorDark":"#00294f","angle":333.5,"snapDist":6,"label":1}},{"type":"Feature","geometry":{"type":"Point","coordinates":[18.546657,54.302985]},"properties":{"name":"Kowale Szlachecka","lines":"255, 256","arr":["255","256"],"terminus":0,"mode":"bus","color":"#0059a9","colorDark":"#00294f","angle":239,"snapDist":10,"label":1}},{"type":"Feature","geometry":{"type":"Point","coordinates":[18.554287,54.294889]},"properties":{"name":"Jankowo Conradiego Pętla","lines":"255, 256","arr":["255","256"],"terminus":1,"mode":"bus","color":"#0059a9","colorDark":"#00294f","angle":34.2,"snapDist":5,"label":1}},{"type":"Feature","geometry":{"type":"Point","coordinates":[18.547091,54.303965]},"properties":{"name":"Kowale Szlachecka","lines":"255, 256, N56","arr":["255","256","N56"],"terminus":0,"mode":"bus","color":"#0059a9","colorDark":"#00294f","angle":151.9,"snapDist":9,"label":0}},{"type":"Feature","geometry":{"type":"Point","coordinates":[18.553951,54.306021]},"properties":{"name":"Kowale Kasztelańska","lines":"255, 256, N56","arr":["255","256","N56"],"terminus":0,"mode":"bus","color":"#0059a9","colorDark":"#00294f","angle":157.4,"snapDist":8,"label":0}},{"type":"Feature","geometry":{"type":"Point","coordinates":[18.564945,54.310829]},"properties":{"name":"Kowale Osiedle Olimp","lines":"256, N56","arr":["256","N56"],"terminus":0,"mode":"bus","color":"#0059a9","colorDark":"#00294f","angle":324.3,"snapDist":11,"label":0}},{"type":"Feature","geometry":{"type":"Point","coordinates":[18.56171,54.309441]},"properties":{"name":"Kowale Starowiejska","lines":"256, N56","arr":["256","N56"],"terminus":0,"mode":"bus","color":"#0059a9","colorDark":"#00294f","angle":144,"snapDist":9,"label":0}},{"type":"Feature","geometry":{"type":"Point","coordinates":[18.648578,54.388517]},"properties":{"name":"Rondo Mazowieckiego","lines":"258","arr":["258"],"terminus":0,"mode":"bus","color":"#0059a9","colorDark":"#00294f","angle":214.4,"snapDist":7,"label":1}},{"type":"Feature","geometry":{"type":"Point","coordinates":[18.688621,54.374346]},"properties":{"name":"Dambka","lines":"258","arr":["258"],"terminus":0,"mode":"bus","color":"#0059a9","colorDark":"#00294f","angle":329,"snapDist":6,"label":0}},{"type":"Feature","geometry":{"type":"Point","coordinates":[18.692563,54.366496]},"properties":{"name":"Andruszkiewicza","lines":"258","arr":["258"],"terminus":0,"mode":"bus","color":"#0059a9","colorDark":"#00294f","angle":355.6,"snapDist":5,"label":0}},{"type":"Feature","geometry":{"type":"Point","coordinates":[18.648886,54.388794]},"properties":{"name":"Rondo Mazowieckiego","lines":"258","arr":["258"],"terminus":0,"mode":"bus","color":"#0059a9","colorDark":"#00294f","angle":34.6,"snapDist":7,"label":0}},{"type":"Feature","geometry":{"type":"Point","coordinates":[18.576374,54.401842]},"properties":{"name":"Przymorze SKM","lines":"262","arr":["262"],"terminus":1,"mode":"bus","color":"#0059a9","colorDark":"#00294f","angle":249.7,"snapDist":5,"label":1}},{"type":"Feature","geometry":{"type":"Point","coordinates":[18.523377,54.354892]},"properties":{"name":"Kiełpinek","lines":"268","arr":["268"],"terminus":0,"mode":"bus","color":"#0059a9","colorDark":"#00294f","angle":17.4,"snapDist":5,"label":1}},{"type":"Feature","geometry":{"type":"Point","coordinates":[18.528337,54.355187]},"properties":{"name":"Kiełpinek PKM","lines":"268","arr":["268"],"terminus":0,"mode":"bus","color":"#0059a9","colorDark":"#00294f","angle":22.6,"snapDist":7,"label":1}},{"type":"Feature","geometry":{"type":"Point","coordinates":[18.525299,54.35417]},"properties":{"name":"Kiełpinek","lines":"268","arr":["268"],"terminus":0,"mode":"bus","color":"#0059a9","colorDark":"#00294f","angle":338,"snapDist":6,"label":0}},{"type":"Feature","geometry":{"type":"Point","coordinates":[18.512633,54.350966]},"properties":{"name":"Karczemki","lines":"268","arr":["268"],"terminus":0,"mode":"bus","color":"#0059a9","colorDark":"#00294f","angle":149.9,"snapDist":6,"label":0}},{"type":"Feature","geometry":{"type":"Point","coordinates":[18.512223,54.352642]},"properties":{"name":"Karczemki Szkoła","lines":"268","arr":["268"],"terminus":0,"mode":"bus","color":"#0059a9","colorDark":"#00294f","angle":321.7,"snapDist":5,"label":1}},{"type":"Feature","geometry":{"type":"Point","coordinates":[18.505502,54.353851]},"properties":{"name":"Maciejkowa","lines":"268","arr":["268"],"terminus":0,"mode":"bus","color":"#0059a9","colorDark":"#00294f","angle":23.1,"snapDist":5,"label":1}},{"type":"Feature","geometry":{"type":"Point","coordinates":[18.503802,54.356117]},"properties":{"name":"Św. Brata Alberta","lines":"268","arr":["268"],"terminus":0,"mode":"bus","color":"#0059a9","colorDark":"#00294f","angle":73.8,"snapDist":5,"label":1}},{"type":"Feature","geometry":{"type":"Point","coordinates":[18.49757,54.358605]},"properties":{"name":"Montażystów","lines":"268","arr":["268"],"terminus":0,"mode":"bus","color":"#0059a9","colorDark":"#00294f","angle":30,"snapDist":5,"label":1}},{"type":"Feature","geometry":{"type":"Point","coordinates":[18.492843,54.355706]},"properties":{"name":"Fundamentowa","lines":"268","arr":["268"],"terminus":0,"mode":"bus","color":"#0059a9","colorDark":"#00294f","angle":310.7,"snapDist":5,"label":1}},{"type":"Feature","geometry":{"type":"Point","coordinates":[18.479038,54.348287]},"properties":{"name":"Borska","lines":"268","arr":["268"],"terminus":0,"mode":"bus","color":"#0059a9","colorDark":"#00294f","angle":110.2,"snapDist":5,"label":1}},{"type":"Feature","geometry":{"type":"Point","coordinates":[18.476889,54.345714]},"properties":{"name":"Brodnicka","lines":"268","arr":["268"],"terminus":0,"mode":"bus","color":"#0059a9","colorDark":"#00294f","angle":309,"snapDist":5,"label":1}},{"type":"Feature","geometry":{"type":"Point","coordinates":[18.473083,54.342016]},"properties":{"name":"Smęgorzyno","lines":"268","arr":["268"],"terminus":0,"mode":"bus","color":"#0059a9","colorDark":"#00294f","angle":84.8,"snapDist":8,"label":1}},{"type":"Feature","geometry":{"type":"Point","coordinates":[18.477067,54.345842]},"properties":{"name":"Brodnicka","lines":"268","arr":["268"],"terminus":0,"mode":"bus","color":"#0059a9","colorDark":"#00294f","angle":129,"snapDist":6,"label":0}},{"type":"Feature","geometry":{"type":"Point","coordinates":[18.479742,54.352859]},"properties":{"name":"Stokłosy","lines":"268","arr":["268"],"terminus":0,"mode":"bus","color":"#0059a9","colorDark":"#00294f","angle":344.7,"snapDist":6,"label":1}},{"type":"Feature","geometry":{"type":"Point","coordinates":[18.469811,54.353671]},"properties":{"name":"Leźnieńska","lines":"268","arr":["268"],"terminus":0,"mode":"bus","color":"#0059a9","colorDark":"#00294f","angle":21.4,"snapDist":2,"label":1}},{"type":"Feature","geometry":{"type":"Point","coordinates":[18.461287,54.360659]},"properties":{"name":"Grzybowa","lines":"268","arr":["268"],"terminus":0,"mode":"bus","color":"#0059a9","colorDark":"#00294f","angle":67.5,"snapDist":4,"label":1}},{"type":"Feature","geometry":{"type":"Point","coordinates":[18.443302,54.365347]},"properties":{"name":"Czaple Bysewo","lines":"268","arr":["268"],"terminus":1,"mode":"bus","color":"#0059a9","colorDark":"#00294f","angle":-11,"snapDist":8,"label":1}},{"type":"Feature","geometry":{"type":"Point","coordinates":[18.461092,54.360979]},"properties":{"name":"Grzybowa","lines":"268","arr":["268"],"terminus":0,"mode":"bus","color":"#0059a9","colorDark":"#00294f","angle":254.1,"snapDist":3,"label":0}},{"type":"Feature","geometry":{"type":"Point","coordinates":[18.469738,54.353688]},"properties":{"name":"Leźnieńska","lines":"268","arr":["268"],"terminus":0,"mode":"bus","color":"#0059a9","colorDark":"#00294f","angle":201.5,"snapDist":2,"label":0}},{"type":"Feature","geometry":{"type":"Point","coordinates":[18.480696,54.353015]},"properties":{"name":"Stokłosy","lines":"268","arr":["268"],"terminus":0,"mode":"bus","color":"#0059a9","colorDark":"#00294f","angle":164.3,"snapDist":4,"label":0}},{"type":"Feature","geometry":{"type":"Point","coordinates":[18.491441,54.361937]},"properties":{"name":"Kokoszki PKP","lines":"268","arr":["268"],"terminus":0,"mode":"bus","color":"#0059a9","colorDark":"#00294f","angle":181.3,"snapDist":8,"label":0}},{"type":"Feature","geometry":{"type":"Point","coordinates":[18.496913,54.358541]},"properties":{"name":"Montażystów","lines":"268","arr":["268"],"terminus":0,"mode":"bus","color":"#0059a9","colorDark":"#00294f","angle":130.5,"snapDist":3,"label":0}},{"type":"Feature","geometry":{"type":"Point","coordinates":[18.503813,54.356094]},"properties":{"name":"Św. Brata Alberta","lines":"268","arr":["268"],"terminus":0,"mode":"bus","color":"#0059a9","colorDark":"#00294f","angle":253.8,"snapDist":5,"label":0}},{"type":"Feature","geometry":{"type":"Point","coordinates":[18.505246,54.353914]},"properties":{"name":"Maciejkowa","lines":"268","arr":["268"],"terminus":0,"mode":"bus","color":"#0059a9","colorDark":"#00294f","angle":203.1,"snapDist":4,"label":0}},{"type":"Feature","geometry":{"type":"Point","coordinates":[18.510769,54.352542]},"properties":{"name":"Karczemki Szkoła","lines":"268","arr":["268"],"terminus":0,"mode":"bus","color":"#0059a9","colorDark":"#00294f","angle":199.8,"snapDist":6,"label":0}},{"type":"Feature","geometry":{"type":"Point","coordinates":[18.451413,54.412172]},"properties":{"name":"Osiedle Barniewice","lines":"269","arr":["269"],"terminus":1,"mode":"bus","color":"#0059a9","colorDark":"#00294f","angle":100.7,"snapDist":4,"label":1}},{"type":"Feature","geometry":{"type":"Point","coordinates":[18.446874,54.414937]},"properties":{"name":"Saturna","lines":"269","arr":["269"],"terminus":0,"mode":"bus","color":"#0059a9","colorDark":"#00294f","angle":111.3,"snapDist":5,"label":1}},{"type":"Feature","geometry":{"type":"Point","coordinates":[18.47259,54.426186]},"properties":{"name":"Sołdka","lines":"269","arr":["269"],"terminus":0,"mode":"bus","color":"#0059a9","colorDark":"#00294f","angle":39.6,"snapDist":4,"label":1}},{"type":"Feature","geometry":{"type":"Point","coordinates":[18.469038,54.429398]},"properties":{"name":"Siedleckiego","lines":"269","arr":["269"],"terminus":0,"mode":"bus","color":"#0059a9","colorDark":"#00294f","angle":129.8,"snapDist":6,"label":1}},{"type":"Feature","geometry":{"type":"Point","coordinates":[18.457448,54.443959]},"properties":{"name":"Kukawka","lines":"269","arr":["269"],"terminus":1,"mode":"bus","color":"#0059a9","colorDark":"#00294f","angle":116.7,"snapDist":7,"label":1}},{"type":"Feature","geometry":{"type":"Point","coordinates":[18.469744,54.42989]},"properties":{"name":"Siedleckiego","lines":"269","arr":["269"],"terminus":0,"mode":"bus","color":"#0059a9","colorDark":"#00294f","angle":310,"snapDist":5,"label":0}},{"type":"Feature","geometry":{"type":"Point","coordinates":[18.472585,54.426188]},"properties":{"name":"Sołdka","lines":"269","arr":["269"],"terminus":0,"mode":"bus","color":"#0059a9","colorDark":"#00294f","angle":220.4,"snapDist":5,"label":0}},{"type":"Feature","geometry":{"type":"Point","coordinates":[18.44667,54.414627]},"properties":{"name":"Saturna","lines":"269","arr":["269"],"terminus":0,"mode":"bus","color":"#0059a9","colorDark":"#00294f","angle":290.6,"snapDist":5,"label":0}},{"type":"Feature","geometry":{"type":"Point","coordinates":[18.624861,54.372883]},"properties":{"name":"Opera Bałtycka","lines":"283, N1","arr":["283","N1"],"terminus":0,"mode":"bus","color":"#0059a9","colorDark":"#00294f","angle":131.1,"snapDist":10,"label":0}},{"type":"Feature","geometry":{"type":"Point","coordinates":[18.626533,54.375193]},"properties":{"name":"Politechnika SKM","lines":"283","arr":["283"],"terminus":0,"mode":"bus","color":"#0059a9","colorDark":"#00294f","angle":161.4,"snapDist":8,"label":1}},{"type":"Feature","geometry":{"type":"Point","coordinates":[18.634287,54.378936]},"properties":{"name":"Swojska","lines":"283","arr":["283"],"terminus":0,"mode":"bus","color":"#0059a9","colorDark":"#00294f","angle":219.6,"snapDist":4,"label":1}},{"type":"Feature","geometry":{"type":"Point","coordinates":[18.632007,54.376625]},"properties":{"name":"Węzeł Kliniczna","lines":"283","arr":["283"],"terminus":1,"mode":"bus","color":"#0059a9","colorDark":"#00294f","angle":317.9,"snapDist":6,"label":1}},{"type":"Feature","geometry":{"type":"Point","coordinates":[18.633265,54.378941]},"properties":{"name":"Swojska","lines":"283, 600, N6","arr":["283","600","N6"],"terminus":0,"mode":"bus","color":"#0059a9","colorDark":"#00294f","angle":310.1,"snapDist":7,"label":0}},{"type":"Feature","geometry":{"type":"Point","coordinates":[18.626195,54.375548]},"properties":{"name":"Politechnika SKM","lines":"283","arr":["283"],"terminus":0,"mode":"bus","color":"#0059a9","colorDark":"#00294f","angle":356.4,"snapDist":6,"label":0}},{"type":"Feature","geometry":{"type":"Point","coordinates":[18.628825,54.318613]},"properties":{"name":"Nowiny","lines":"289","arr":["289"],"terminus":0,"mode":"bus","color":"#0059a9","colorDark":"#00294f","angle":274.8,"snapDist":5,"label":0}},{"type":"Feature","geometry":{"type":"Point","coordinates":[18.619993,54.31694]},"properties":{"name":"Zbiornik Wody Orunia","lines":"289","arr":["289"],"terminus":0,"mode":"bus","color":"#0059a9","colorDark":"#00294f","angle":354.7,"snapDist":4,"label":1}},{"type":"Feature","geometry":{"type":"Point","coordinates":[18.60495,54.315871]},"properties":{"name":"Kampinoska","lines":"289","arr":["289"],"terminus":0,"mode":"bus","color":"#0059a9","colorDark":"#00294f","angle":268.5,"snapDist":5,"label":1}},{"type":"Feature","geometry":{"type":"Point","coordinates":[18.582498,54.317538]},"properties":{"name":"Porębskiego","lines":"295, N1","arr":["295","N1"],"terminus":0,"mode":"bus","color":"#0059a9","colorDark":"#00294f","angle":56.2,"snapDist":3,"label":1}},{"type":"Feature","geometry":{"type":"Point","coordinates":[18.582348,54.317669]},"properties":{"name":"Porębskiego","lines":"295","arr":["295"],"terminus":0,"mode":"bus","color":"#0059a9","colorDark":"#00294f","angle":235.7,"snapDist":6,"label":0}},{"type":"Feature","geometry":{"type":"Point","coordinates":[18.639126,54.26177]},"properties":{"name":"Pruszcz Gdański Chopina/Waląga","lines":"307, M32","arr":["307","M32"],"terminus":0,"mode":"bus","color":"#0059a9","colorDark":"#00294f","angle":13.1,"snapDist":7,"label":0}},{"type":"Feature","geometry":{"type":"Point","coordinates":[18.633914,54.259755]},"properties":{"name":"Pruszcz Gdański Pruszcz Gdański 1 maja","lines":"307","arr":["307"],"terminus":0,"mode":"bus","color":"#0059a9","colorDark":"#00294f","angle":290.3,"snapDist":5,"label":1}},{"type":"Feature","geometry":{"type":"Point","coordinates":[18.630413,54.245089]},"properties":{"name":"Pruszcz Gdański Batalionów Chłopskich","lines":"307","arr":["307"],"terminus":0,"mode":"bus","color":"#0059a9","colorDark":"#00294f","angle":7.8,"snapDist":3,"label":1}},{"type":"Feature","geometry":{"type":"Point","coordinates":[18.622623,54.245823]},"properties":{"name":"Pruszcz Gdański Zastawna","lines":"307","arr":["307"],"terminus":0,"mode":"bus","color":"#0059a9","colorDark":"#00294f","angle":2.2,"snapDist":5,"label":1}},{"type":"Feature","geometry":{"type":"Point","coordinates":[18.613664,54.240079]},"properties":{"name":"Pruszcz Gdański Zastawna/Rondo","lines":"307","arr":["307"],"terminus":0,"mode":"bus","color":"#0059a9","colorDark":"#00294f","angle":323.9,"snapDist":6,"label":1}},{"type":"Feature","geometry":{"type":"Point","coordinates":[18.606893,54.237833]},"properties":{"name":"Będzieszyn Panattoni","lines":"307","arr":["307"],"terminus":1,"mode":"bus","color":"#0059a9","colorDark":"#00294f","angle":58.4,"snapDist":4,"label":1}},{"type":"Feature","geometry":{"type":"Point","coordinates":[18.615714,54.241256]},"properties":{"name":"Pruszcz Gdański Zastawna/Rondo","lines":"307","arr":["307"],"terminus":0,"mode":"bus","color":"#0059a9","colorDark":"#00294f","angle":132.5,"snapDist":8,"label":0}},{"type":"Feature","geometry":{"type":"Point","coordinates":[18.62271,54.245821]},"properties":{"name":"Pruszcz Gdański Zastawna","lines":"307","arr":["307"],"terminus":0,"mode":"bus","color":"#0059a9","colorDark":"#00294f","angle":181.9,"snapDist":5,"label":0}},{"type":"Feature","geometry":{"type":"Point","coordinates":[18.626594,54.245418]},"properties":{"name":"Pruszcz Gdański Fabryczny","lines":"307","arr":["307"],"terminus":0,"mode":"bus","color":"#0059a9","colorDark":"#00294f","angle":188.4,"snapDist":5,"label":1}},{"type":"Feature","geometry":{"type":"Point","coordinates":[18.631667,54.245976]},"properties":{"name":"Pruszcz Gdański Batalionów Chłopskich","lines":"307","arr":["307"],"terminus":0,"mode":"bus","color":"#0059a9","colorDark":"#00294f","angle":108.3,"snapDist":10,"label":0}},{"type":"Feature","geometry":{"type":"Point","coordinates":[18.633829,54.255946]},"properties":{"name":"Pruszcz Gdański Matejki","lines":"307, 607","arr":["307","607"],"terminus":0,"mode":"bus","color":"#0059a9","colorDark":"#00294f","angle":106.3,"snapDist":12,"label":1}},{"type":"Feature","geometry":{"type":"Point","coordinates":[18.659186,54.256356]},"properties":{"name":"Pruszcz Gdański Powstańców Warszawy","lines":"507, 607","arr":["507","607"],"terminus":0,"mode":"bus","color":"#0059a9","colorDark":"#00294f","angle":101.3,"snapDist":10,"label":1}},{"type":"Feature","geometry":{"type":"Point","coordinates":[18.662243,54.257116]},"properties":{"name":"Pruszcz Gdański Paderewskiego","lines":"507, 607","arr":["507","607"],"terminus":0,"mode":"bus","color":"#0059a9","colorDark":"#00294f","angle":190.2,"snapDist":6,"label":1}},{"type":"Feature","geometry":{"type":"Point","coordinates":[18.669527,54.256348]},"properties":{"name":"Pruszcz Gdański Nałkowskiej","lines":"507, 607","arr":["507","607"],"terminus":0,"mode":"bus","color":"#0059a9","colorDark":"#00294f","angle":190.3,"snapDist":4,"label":1}},{"type":"Feature","geometry":{"type":"Point","coordinates":[18.668957,54.261945]},"properties":{"name":"Pruszcz Gdański Wyczółkowskiego","lines":"507","arr":["507"],"terminus":0,"mode":"bus","color":"#0059a9","colorDark":"#00294f","angle":10,"snapDist":3,"label":1}},{"type":"Feature","geometry":{"type":"Point","coordinates":[18.661975,54.262652]},"properties":{"name":"Pruszcz Gdański Słowackiego","lines":"507","arr":["507"],"terminus":0,"mode":"bus","color":"#0059a9","colorDark":"#00294f","angle":9.8,"snapDist":3,"label":1}},{"type":"Feature","geometry":{"type":"Point","coordinates":[18.66378,54.263789]},"properties":{"name":"Pruszcz Gdański Kopernika/Azaliowa","lines":"507, 607","arr":["507","607"],"terminus":0,"mode":"bus","color":"#0059a9","colorDark":"#00294f","angle":152.3,"snapDist":9,"label":1}},{"type":"Feature","geometry":{"type":"Point","coordinates":[18.65018,54.259135]},"properties":{"name":"Pruszcz Gdański Chopina/Żwirki i Wigury","lines":"507, 607","arr":["507","607"],"terminus":1,"mode":"bus","color":"#0059a9","colorDark":"#00294f","angle":288.2,"snapDist":3,"label":1}},{"type":"Feature","geometry":{"type":"Point","coordinates":[18.650265,54.258861]},"properties":{"name":"Pruszcz Gdański Chopina/Żwirki i Wigury","lines":"507, 607","arr":["507","607"],"terminus":0,"mode":"bus","color":"#0059a9","colorDark":"#00294f","angle":98,"snapDist":7,"label":0}},{"type":"Feature","geometry":{"type":"Point","coordinates":[18.665308,54.264464]},"properties":{"name":"Pruszcz Gdański Kopernika/Kasprowicza","lines":"507, 607","arr":["507","607"],"terminus":0,"mode":"bus","color":"#0059a9","colorDark":"#00294f","angle":-39.4,"snapDist":11,"label":0}},{"type":"Feature","geometry":{"type":"Point","coordinates":[18.661641,54.262686]},"properties":{"name":"Pruszcz Gdański Słowackiego","lines":"507","arr":["507"],"terminus":0,"mode":"bus","color":"#0059a9","colorDark":"#00294f","angle":189.8,"snapDist":3,"label":0}},{"type":"Feature","geometry":{"type":"Point","coordinates":[18.669177,54.261923]},"properties":{"name":"Pruszcz Gdański Wyczółkowskiego","lines":"507","arr":["507"],"terminus":0,"mode":"bus","color":"#0059a9","colorDark":"#00294f","angle":190,"snapDist":3,"label":0}},{"type":"Feature","geometry":{"type":"Point","coordinates":[18.668301,54.256478]},"properties":{"name":"Pruszcz Gdański Nałkowskiej","lines":"507, 607","arr":["507","607"],"terminus":0,"mode":"bus","color":"#0059a9","colorDark":"#00294f","angle":10.2,"snapDist":7,"label":0}},{"type":"Feature","geometry":{"type":"Point","coordinates":[18.662937,54.257043]},"properties":{"name":"Pruszcz Gdański Paderewskiego","lines":"507, 607","arr":["507","607"],"terminus":0,"mode":"bus","color":"#0059a9","colorDark":"#00294f","angle":10.2,"snapDist":3,"label":0}},{"type":"Feature","geometry":{"type":"Point","coordinates":[18.659446,54.257207]},"properties":{"name":"Pruszcz Gdański Powstańców Warszawy","lines":"507, 607","arr":["507","607"],"terminus":0,"mode":"bus","color":"#0059a9","colorDark":"#00294f","angle":280.4,"snapDist":8,"label":0}},{"type":"Feature","geometry":{"type":"Point","coordinates":[18.840302,54.334632]},"properties":{"name":"Sobieszewko Ośrodek","lines":"512","arr":["512"],"terminus":0,"mode":"bus","color":"#0059a9","colorDark":"#00294f","angle":251.9,"snapDist":5,"label":1}},{"type":"Feature","geometry":{"type":"Point","coordinates":[18.843951,54.328396]},"properties":{"name":"Sobieszewko","lines":"512","arr":["512"],"terminus":0,"mode":"bus","color":"#0059a9","colorDark":"#00294f","angle":261,"snapDist":4,"label":1}},{"type":"Feature","geometry":{"type":"Point","coordinates":[18.853298,54.324737]},"properties":{"name":"Wieniecka","lines":"512","arr":["512"],"terminus":0,"mode":"bus","color":"#0059a9","colorDark":"#00294f","angle":205.3,"snapDist":3,"label":1}},{"type":"Feature","geometry":{"type":"Point","coordinates":[18.865191,54.319364]},"properties":{"name":"Sobieszewska Pastwa 1","lines":"512","arr":["512"],"terminus":0,"mode":"bus","color":"#0059a9","colorDark":"#00294f","angle":235.8,"snapDist":3,"label":1}},{"type":"Feature","geometry":{"type":"Point","coordinates":[18.869324,54.315388]},"properties":{"name":"Marynarska","lines":"512","arr":["512"],"terminus":0,"mode":"bus","color":"#0059a9","colorDark":"#00294f","angle":232,"snapDist":4,"label":1}},{"type":"Feature","geometry":{"type":"Point","coordinates":[18.873419,54.312585]},"properties":{"name":"Sobieszewska Pastwa 2","lines":"512","arr":["512"],"terminus":0,"mode":"bus","color":"#0059a9","colorDark":"#00294f","angle":217.5,"snapDist":3,"label":1}},{"type":"Feature","geometry":{"type":"Point","coordinates":[18.893361,54.315754]},"properties":{"name":"Komary","lines":"512","arr":["512"],"terminus":0,"mode":"bus","color":"#0059a9","colorDark":"#00294f","angle":188.7,"snapDist":4,"label":1}},{"type":"Feature","geometry":{"type":"Point","coordinates":[18.90121,54.315816]},"properties":{"name":"Dulkowa","lines":"512","arr":["512"],"terminus":0,"mode":"bus","color":"#0059a9","colorDark":"#00294f","angle":186.2,"snapDist":3,"label":1}},{"type":"Feature","geometry":{"type":"Point","coordinates":[18.911691,54.313793]},"properties":{"name":"Przegalińska Schronisko","lines":"512","arr":["512"],"terminus":0,"mode":"bus","color":"#0059a9","colorDark":"#00294f","angle":207.3,"snapDist":3,"label":1}},{"type":"Feature","geometry":{"type":"Point","coordinates":[18.911349,54.313894]},"properties":{"name":"Przegalińska Schronisko","lines":"512","arr":["512"],"terminus":0,"mode":"bus","color":"#0059a9","colorDark":"#00294f","angle":26.6,"snapDist":5,"label":0}},{"type":"Feature","geometry":{"type":"Point","coordinates":[18.90228,54.315689]},"properties":{"name":"Dulkowa","lines":"512","arr":["512"],"terminus":0,"mode":"bus","color":"#0059a9","colorDark":"#00294f","angle":12.8,"snapDist":2,"label":0}},{"type":"Feature","geometry":{"type":"Point","coordinates":[18.893997,54.315702]},"properties":{"name":"Komary","lines":"512","arr":["512"],"terminus":0,"mode":"bus","color":"#0059a9","colorDark":"#00294f","angle":3.2,"snapDist":1,"label":0}},{"type":"Feature","geometry":{"type":"Point","coordinates":[18.873489,54.312561]},"properties":{"name":"Sobieszewska Pastwa 2","lines":"512","arr":["512"],"terminus":0,"mode":"bus","color":"#0059a9","colorDark":"#00294f","angle":29.8,"snapDist":3,"label":0}},{"type":"Feature","geometry":{"type":"Point","coordinates":[18.869221,54.315465]},"properties":{"name":"Marynarska","lines":"512","arr":["512"],"terminus":0,"mode":"bus","color":"#0059a9","colorDark":"#00294f","angle":52,"snapDist":2,"label":0}},{"type":"Feature","geometry":{"type":"Point","coordinates":[18.865599,54.319066]},"properties":{"name":"Sobieszewska Pastwa 1","lines":"512","arr":["512"],"terminus":0,"mode":"bus","color":"#0059a9","colorDark":"#00294f","angle":47.8,"snapDist":5,"label":0}},{"type":"Feature","geometry":{"type":"Point","coordinates":[18.854642,54.324361]},"properties":{"name":"Wieniecka","lines":"512","arr":["512"],"terminus":0,"mode":"bus","color":"#0059a9","colorDark":"#00294f","angle":26,"snapDist":3,"label":0}},{"type":"Feature","geometry":{"type":"Point","coordinates":[18.843927,54.328524]},"properties":{"name":"Sobieszewko","lines":"512","arr":["512"],"terminus":0,"mode":"bus","color":"#0059a9","colorDark":"#00294f","angle":85.3,"snapDist":2,"label":0}},{"type":"Feature","geometry":{"type":"Point","coordinates":[18.840028,54.335109]},"properties":{"name":"Sobieszewko Ośrodek","lines":"512","arr":["512"],"terminus":0,"mode":"bus","color":"#0059a9","colorDark":"#00294f","angle":71.5,"snapDist":3,"label":0}},{"type":"Feature","geometry":{"type":"Point","coordinates":[18.634144,54.371364]},"properties":{"name":"Stocznia Północna","lines":"600, N6","arr":["600","N6"],"terminus":0,"mode":"bus","color":"#0059a9","colorDark":"#00294f","angle":55.3,"snapDist":10,"label":1}},{"type":"Feature","geometry":{"type":"Point","coordinates":[18.634485,54.379475]},"properties":{"name":"Swojska","lines":"600, N6","arr":["600","N6"],"terminus":0,"mode":"bus","color":"#0059a9","colorDark":"#00294f","angle":128.7,"snapDist":5,"label":0}},{"type":"Feature","geometry":{"type":"Point","coordinates":[18.677653,54.393248]},"properties":{"name":"Twierdza Wisłoujście","lines":"600, 606","arr":["600","606"],"terminus":0,"mode":"bus","color":"#0059a9","colorDark":"#00294f","angle":2.8,"snapDist":2,"label":1}},{"type":"Feature","geometry":{"type":"Point","coordinates":[18.633723,54.37168]},"properties":{"name":"Stocznia Północna","lines":"600, N6","arr":["600","N6"],"terminus":0,"mode":"bus","color":"#0059a9","colorDark":"#00294f","angle":233.8,"snapDist":7,"label":0}},{"type":"Feature","geometry":{"type":"Point","coordinates":[18.639953,54.269859]},"properties":{"name":"Pruszcz Gdański Przemysłowa","lines":"607, N5","arr":["607","N5"],"terminus":0,"mode":"bus","color":"#0059a9","colorDark":"#00294f","angle":185.4,"snapDist":8,"label":0}},{"type":"Feature","geometry":{"type":"Point","coordinates":[18.658243,54.262598]},"properties":{"name":"Pruszcz Gdański Kopernika/Sienkiewicza","lines":"607","arr":["607"],"terminus":0,"mode":"bus","color":"#0059a9","colorDark":"#00294f","angle":339.9,"snapDist":3,"label":1}},{"type":"Feature","geometry":{"type":"Point","coordinates":[18.686005,54.27345]},"properties":{"name":"Rokitnica Bałtycka","lines":"607","arr":["607"],"terminus":0,"mode":"bus","color":"#0059a9","colorDark":"#00294f","angle":152.1,"snapDist":6,"label":1}},{"type":"Feature","geometry":{"type":"Point","coordinates":[18.720231,54.295476]},"properties":{"name":"Wiślina","lines":"607","arr":["607"],"terminus":0,"mode":"bus","color":"#0059a9","colorDark":"#00294f","angle":83.1,"snapDist":4,"label":1}},{"type":"Feature","geometry":{"type":"Point","coordinates":[18.732658,54.309516]},"properties":{"name":"Dziewięć Włók","lines":"607","arr":["607"],"terminus":0,"mode":"bus","color":"#0059a9","colorDark":"#00294f","angle":128,"snapDist":7,"label":1}},{"type":"Feature","geometry":{"type":"Point","coordinates":[18.732167,54.309149]},"properties":{"name":"Dziewięć Włók","lines":"607","arr":["607"],"terminus":0,"mode":"bus","color":"#0059a9","colorDark":"#00294f","angle":308,"snapDist":8,"label":0}},{"type":"Feature","geometry":{"type":"Point","coordinates":[18.720323,54.295019]},"properties":{"name":"Wiślina","lines":"607","arr":["607"],"terminus":0,"mode":"bus","color":"#0059a9","colorDark":"#00294f","angle":263.3,"snapDist":8,"label":0}},{"type":"Feature","geometry":{"type":"Point","coordinates":[18.689089,54.274103]},"properties":{"name":"Rokitnica Klubowa","lines":"607","arr":["607"],"terminus":0,"mode":"bus","color":"#0059a9","colorDark":"#00294f","angle":353.5,"snapDist":8,"label":1}},{"type":"Feature","geometry":{"type":"Point","coordinates":[18.652745,54.261427]},"properties":{"name":"Pruszcz Gdański Chopina/Rondo","lines":"607","arr":["607"],"terminus":0,"mode":"bus","color":"#0059a9","colorDark":"#00294f","angle":160.9,"snapDist":8,"label":1}},{"type":"Feature","geometry":{"type":"Point","coordinates":[18.658563,54.262667]},"properties":{"name":"Pruszcz Gdański Kopernika/Sienkiewicza","lines":"607","arr":["607"],"terminus":0,"mode":"bus","color":"#0059a9","colorDark":"#00294f","angle":159.9,"snapDist":9,"label":0}},{"type":"Feature","geometry":{"type":"Point","coordinates":[18.635987,54.261736]},"properties":{"name":"Pruszcz Gdański Chopina","lines":"607","arr":["607"],"terminus":0,"mode":"bus","color":"#0059a9","colorDark":"#00294f","angle":281.4,"snapDist":13,"label":1}},{"type":"Feature","geometry":{"type":"Point","coordinates":[18.633672,54.255634]},"properties":{"name":"Pruszcz Gdański Matejki","lines":"607","arr":["607"],"terminus":0,"mode":"bus","color":"#0059a9","colorDark":"#00294f","angle":286.3,"snapDist":8,"label":0}},{"type":"Feature","geometry":{"type":"Point","coordinates":[18.643546,54.347922]},"properties":{"name":"Śródmieście SKM","lines":"612","arr":["612"],"terminus":1,"mode":"bus","color":"#0059a9","colorDark":"#00294f","angle":8.4,"snapDist":4,"label":1}},{"type":"Feature","geometry":{"type":"Point","coordinates":[18.567657,54.411117]},"properties":{"name":"Oliwa","lines":"N1","arr":["N1"],"terminus":0,"mode":"bus","color":"#0059a9","colorDark":"#00294f","angle":158.2,"snapDist":2,"label":0}},{"type":"Feature","geometry":{"type":"Point","coordinates":[18.597864,54.396685]},"properties":{"name":"Startowa","lines":"N1","arr":["N1"],"terminus":0,"mode":"bus","color":"#0059a9","colorDark":"#00294f","angle":225.2,"snapDist":9,"label":1}},{"type":"Feature","geometry":{"type":"Point","coordinates":[18.607603,54.390222]},"properties":{"name":"Bajana","lines":"N1","arr":["N1"],"terminus":0,"mode":"bus","color":"#0059a9","colorDark":"#00294f","angle":241.3,"snapDist":8,"label":1}},{"type":"Feature","geometry":{"type":"Point","coordinates":[18.622125,54.38461]},"properties":{"name":"Mickiewicza","lines":"N1, N2","arr":["N1","N2"],"terminus":0,"mode":"bus","color":"#0059a9","colorDark":"#00294f","angle":94.2,"snapDist":4,"label":0}},{"type":"Feature","geometry":{"type":"Point","coordinates":[18.622499,54.396149]},"properties":{"name":"Grudziądzka","lines":"N1, N2, N6","arr":["N1","N2","N6"],"terminus":1,"mode":"bus","color":"#0059a9","colorDark":"#00294f","angle":89.8,"snapDist":5,"label":1}},{"type":"Feature","geometry":{"type":"Point","coordinates":[18.621718,54.382618]},"properties":{"name":"Mickiewicza","lines":"N1","arr":["N1"],"terminus":0,"mode":"bus","color":"#0059a9","colorDark":"#00294f","angle":270.1,"snapDist":6,"label":0}},{"type":"Feature","geometry":{"type":"Point","coordinates":[18.623404,54.376431]},"properties":{"name":"Wyspiańskiego","lines":"N1","arr":["N1"],"terminus":0,"mode":"bus","color":"#0059a9","colorDark":"#00294f","angle":257.2,"snapDist":9,"label":1}},{"type":"Feature","geometry":{"type":"Point","coordinates":[18.623531,54.376837]},"properties":{"name":"Wyspiańskiego","lines":"N1","arr":["N1"],"terminus":0,"mode":"bus","color":"#0059a9","colorDark":"#00294f","angle":75.6,"snapDist":6,"label":0}},{"type":"Feature","geometry":{"type":"Point","coordinates":[18.610151,54.387977]},"properties":{"name":"Legionów","lines":"N1","arr":["N1"],"terminus":0,"mode":"bus","color":"#0059a9","colorDark":"#00294f","angle":62.7,"snapDist":6,"label":0}},{"type":"Feature","geometry":{"type":"Point","coordinates":[18.605964,54.392143]},"properties":{"name":"Żwirki i Wigury","lines":"N1","arr":["N1"],"terminus":0,"mode":"bus","color":"#0059a9","colorDark":"#00294f","angle":49.1,"snapDist":5,"label":1}},{"type":"Feature","geometry":{"type":"Point","coordinates":[18.598113,54.396839]},"properties":{"name":"Startowa","lines":"N1","arr":["N1"],"terminus":0,"mode":"bus","color":"#0059a9","colorDark":"#00294f","angle":45.6,"snapDist":5,"label":0}},{"type":"Feature","geometry":{"type":"Point","coordinates":[18.563617,54.408707]},"properties":{"name":"Obrońców Westerplatte","lines":"N1","arr":["N1"],"terminus":0,"mode":"bus","color":"#0059a9","colorDark":"#00294f","angle":345.2,"snapDist":4,"label":1}},{"type":"Feature","geometry":{"type":"Point","coordinates":[18.666965,54.397807]},"properties":{"name":"Marynarki Polskiej","lines":"N2, N6","arr":["N2","N6"],"terminus":0,"mode":"bus","color":"#0059a9","colorDark":"#00294f","angle":30.8,"snapDist":6,"label":0}},{"type":"Feature","geometry":{"type":"Point","coordinates":[18.572468,54.3476]},"properties":{"name":"Łabędzia","lines":"N2","arr":["N2"],"terminus":0,"mode":"bus","color":"#0059a9","colorDark":"#00294f","angle":293.6,"snapDist":6,"label":1}},{"type":"Feature","geometry":{"type":"Point","coordinates":[18.570663,54.340715]},"properties":{"name":"Stolema","lines":"N2","arr":["N2"],"terminus":0,"mode":"bus","color":"#0059a9","colorDark":"#00294f","angle":252.9,"snapDist":7,"label":1}},{"type":"Feature","geometry":{"type":"Point","coordinates":[18.572272,54.336737]},"properties":{"name":"Zabornia","lines":"N2","arr":["N2"],"terminus":0,"mode":"bus","color":"#0059a9","colorDark":"#00294f","angle":290.2,"snapDist":6,"label":0}},{"type":"Feature","geometry":{"type":"Point","coordinates":[18.597245,54.311926]},"properties":{"name":"Srebrna","lines":"N2","arr":["N2"],"terminus":0,"mode":"bus","color":"#0059a9","colorDark":"#00294f","angle":240.1,"snapDist":9,"label":0}},{"type":"Feature","geometry":{"type":"Point","coordinates":[18.571853,54.338493]},"properties":{"name":"Zabornia","lines":"N2","arr":["N2"],"terminus":0,"mode":"bus","color":"#0059a9","colorDark":"#00294f","angle":72.8,"snapDist":4,"label":0}},{"type":"Feature","geometry":{"type":"Point","coordinates":[18.570472,54.341097]},"properties":{"name":"Stolema","lines":"N2","arr":["N2"],"terminus":0,"mode":"bus","color":"#0059a9","colorDark":"#00294f","angle":74.7,"snapDist":6,"label":0}},{"type":"Feature","geometry":{"type":"Point","coordinates":[18.572291,54.347353]},"properties":{"name":"Łabędzia","lines":"N2","arr":["N2"],"terminus":0,"mode":"bus","color":"#0059a9","colorDark":"#00294f","angle":112.4,"snapDist":6,"label":0}},{"type":"Feature","geometry":{"type":"Point","coordinates":[18.57631,54.392232]},"properties":{"name":"Strzyża PKM","lines":"N4, N14","arr":["N4","N14"],"terminus":0,"mode":"bus","color":"#0059a9","colorDark":"#00294f","angle":50.2,"snapDist":1,"label":1}},{"type":"Feature","geometry":{"type":"Point","coordinates":[18.563079,54.408363]},"properties":{"name":"Obrońców Westerplatte","lines":"N4","arr":["N4"],"terminus":0,"mode":"bus","color":"#0059a9","colorDark":"#00294f","angle":81.7,"snapDist":3,"label":0}},{"type":"Feature","geometry":{"type":"Point","coordinates":[18.594203,54.423579]},"properties":{"name":"Jelitkowo","lines":"N4","arr":["N4"],"terminus":1,"mode":"bus","color":"#0059a9","colorDark":"#00294f","angle":321.4,"snapDist":5,"label":0}},{"type":"Feature","geometry":{"type":"Point","coordinates":[18.562862,54.408269]},"properties":{"name":"Obrońców Westerplatte","lines":"N4","arr":["N4"],"terminus":0,"mode":"bus","color":"#0059a9","colorDark":"#00294f","angle":262.5,"snapDist":6,"label":0}},{"type":"Feature","geometry":{"type":"Point","coordinates":[18.567834,54.399551]},"properties":{"name":"Bażyńskiego","lines":"N4","arr":["N4"],"terminus":0,"mode":"bus","color":"#0059a9","colorDark":"#00294f","angle":246.5,"snapDist":5,"label":0}},{"type":"Feature","geometry":{"type":"Point","coordinates":[18.571567,54.395662]},"properties":{"name":"Uniwersytet Gdański","lines":"N4","arr":["N4"],"terminus":0,"mode":"bus","color":"#0059a9","colorDark":"#00294f","angle":238.8,"snapDist":8,"label":0}},{"type":"Feature","geometry":{"type":"Point","coordinates":[18.577949,54.390868]},"properties":{"name":"Strzyża PKM","lines":"N4, N14","arr":["N4","N14"],"terminus":0,"mode":"bus","color":"#0059a9","colorDark":"#00294f","angle":227.6,"snapDist":4,"label":0}},{"type":"Feature","geometry":{"type":"Point","coordinates":[18.581349,54.388487]},"properties":{"name":"Wilka-Krzyżanowskiego","lines":"N4, N14","arr":["N4","N14"],"terminus":0,"mode":"bus","color":"#0059a9","colorDark":"#00294f","angle":229.5,"snapDist":3,"label":1}},{"type":"Feature","geometry":{"type":"Point","coordinates":[18.58486,54.38684]},"properties":{"name":"Zamenhofa","lines":"N4, N14","arr":["N4","N14"],"terminus":0,"mode":"bus","color":"#0059a9","colorDark":"#00294f","angle":177.3,"snapDist":3,"label":1}},{"type":"Feature","geometry":{"type":"Point","coordinates":[18.645708,54.355116]},"properties":{"name":"Dworzec Główny","lines":"N5, N14","arr":["N5","N14"],"terminus":1,"mode":"bus","color":"#0059a9","colorDark":"#00294f","angle":98.4,"snapDist":7,"label":0}},{"type":"Feature","geometry":{"type":"Point","coordinates":[18.569593,54.422729]},"properties":{"name":"Żabianka SKM","lines":"N6, N14","arr":["N6","N14"],"terminus":1,"mode":"bus","color":"#0059a9","colorDark":"#00294f","angle":30.3,"snapDist":8,"label":0}},{"type":"Feature","geometry":{"type":"Point","coordinates":[18.570249,54.421144]},"properties":{"name":"Żabianka SKM","lines":"N6, N14","arr":["N6","N14"],"terminus":0,"mode":"bus","color":"#0059a9","colorDark":"#00294f","angle":258.7,"snapDist":14,"label":0}},{"type":"Feature","geometry":{"type":"Point","coordinates":[18.578045,54.418072]},"properties":{"name":"Pomorska - Osiedle","lines":"N6, N14","arr":["N6","N14"],"terminus":0,"mode":"bus","color":"#0059a9","colorDark":"#00294f","angle":148.7,"snapDist":8,"label":1}},{"type":"Feature","geometry":{"type":"Point","coordinates":[18.609929,54.398723]},"properties":{"name":"Korczaka","lines":"N6","arr":["N6"],"terminus":0,"mode":"bus","color":"#0059a9","colorDark":"#00294f","angle":211.4,"snapDist":10,"label":0}},{"type":"Feature","geometry":{"type":"Point","coordinates":[18.613212,54.395023]},"properties":{"name":"Drzewieckiego","lines":"N6","arr":["N6"],"terminus":0,"mode":"bus","color":"#0059a9","colorDark":"#00294f","angle":231.5,"snapDist":6,"label":0}},{"type":"Feature","geometry":{"type":"Point","coordinates":[18.657019,54.391865]},"properties":{"name":"Śnieżna","lines":"N6","arr":["N6"],"terminus":0,"mode":"bus","color":"#0059a9","colorDark":"#00294f","angle":308.2,"snapDist":7,"label":1}},{"type":"Feature","geometry":{"type":"Point","coordinates":[18.657887,54.392256]},"properties":{"name":"Śnieżna","lines":"N6","arr":["N6"],"terminus":0,"mode":"bus","color":"#0059a9","colorDark":"#00294f","angle":128.1,"snapDist":6,"label":0}},{"type":"Feature","geometry":{"type":"Point","coordinates":[18.666452,54.397989]},"properties":{"name":"Marynarki Polskiej","lines":"N6","arr":["N6"],"terminus":0,"mode":"bus","color":"#0059a9","colorDark":"#00294f","angle":213.6,"snapDist":5,"label":0}},{"type":"Feature","geometry":{"type":"Point","coordinates":[18.64567,54.354964]},"properties":{"name":"Dworzec Główny","lines":"N9, N78, N89","arr":["N9","N78","N89"],"terminus":1,"mode":"bus","color":"#0059a9","colorDark":"#00294f","angle":98.4,"snapDist":8,"label":0}},{"type":"Feature","geometry":{"type":"Point","coordinates":[18.636693,54.348817]},"properties":{"name":"Pohulanka","lines":"N14","arr":["N14"],"terminus":0,"mode":"bus","color":"#0059a9","colorDark":"#00294f","angle":356.7,"snapDist":10,"label":1}},{"type":"Feature","geometry":{"type":"Point","coordinates":[18.62556,54.345509]},"properties":{"name":"Odrzańska","lines":"N14","arr":["N14"],"terminus":0,"mode":"bus","color":"#0059a9","colorDark":"#00294f","angle":356.7,"snapDist":16,"label":1}},{"type":"Feature","geometry":{"type":"Point","coordinates":[18.618062,54.344844]},"properties":{"name":"Drwęcka","lines":"N14","arr":["N14"],"terminus":0,"mode":"bus","color":"#0059a9","colorDark":"#00294f","angle":321.1,"snapDist":8,"label":1}},{"type":"Feature","geometry":{"type":"Point","coordinates":[18.617242,54.342254]},"properties":{"name":"Chałubińskiego","lines":"N14","arr":["N14"],"terminus":0,"mode":"bus","color":"#0059a9","colorDark":"#00294f","angle":256.4,"snapDist":8,"label":1}},{"type":"Feature","geometry":{"type":"Point","coordinates":[18.618767,54.338828]},"properties":{"name":"Sikorskiego","lines":"N14","arr":["N14"],"terminus":0,"mode":"bus","color":"#0059a9","colorDark":"#00294f","angle":77.6,"snapDist":10,"label":0}},{"type":"Feature","geometry":{"type":"Point","coordinates":[18.617873,54.342124]},"properties":{"name":"Chałubińskiego","lines":"N14","arr":["N14"],"terminus":0,"mode":"bus","color":"#0059a9","colorDark":"#00294f","angle":86.2,"snapDist":6,"label":0}},{"type":"Feature","geometry":{"type":"Point","coordinates":[18.625757,54.34517]},"properties":{"name":"Odrzańska","lines":"N14","arr":["N14"],"terminus":0,"mode":"bus","color":"#0059a9","colorDark":"#00294f","angle":176,"snapDist":2,"label":0}},{"type":"Feature","geometry":{"type":"Point","coordinates":[18.637167,54.348555]},"properties":{"name":"Pohulanka","lines":"N14","arr":["N14"],"terminus":0,"mode":"bus","color":"#0059a9","colorDark":"#00294f","angle":170.9,"snapDist":8,"label":0}},{"type":"Feature","geometry":{"type":"Point","coordinates":[18.544725,54.303227]},"properties":{"name":"Kowale Szlachecka","lines":"N56","arr":["N56"],"terminus":0,"mode":"bus","color":"#0059a9","colorDark":"#00294f","angle":331.7,"snapDist":8,"label":0}},{"type":"Feature","geometry":{"type":"Point","coordinates":[18.531542,54.293456]},"properties":{"name":"Bąkowo","lines":"N56","arr":["N56"],"terminus":0,"mode":"bus","color":"#0059a9","colorDark":"#00294f","angle":308.6,"snapDist":9,"label":1}},{"type":"Feature","geometry":{"type":"Point","coordinates":[18.512471,54.289534]},"properties":{"name":"Lublewo Gdańskie Konwaliowa","lines":"N56","arr":["N56"],"terminus":0,"mode":"bus","color":"#0059a9","colorDark":"#00294f","angle":336,"snapDist":9,"label":1}},{"type":"Feature","geometry":{"type":"Point","coordinates":[18.499638,54.283933]},"properties":{"name":"Lublewo Gdańskie","lines":"N56","arr":["N56"],"terminus":0,"mode":"bus","color":"#0059a9","colorDark":"#00294f","angle":356.6,"snapDist":7,"label":1}},{"type":"Feature","geometry":{"type":"Point","coordinates":[18.488962,54.281276]},"properties":{"name":"Lublewo Gdańskie Polna","lines":"N56","arr":["N56"],"terminus":0,"mode":"bus","color":"#0059a9","colorDark":"#00294f","angle":312.2,"snapDist":9,"label":1}},{"type":"Feature","geometry":{"type":"Point","coordinates":[18.477324,54.276879]},"properties":{"name":"Kolbudy Szkoła","lines":"N56","arr":["N56"],"terminus":0,"mode":"bus","color":"#0059a9","colorDark":"#00294f","angle":334.8,"snapDist":7,"label":1}},{"type":"Feature","geometry":{"type":"Point","coordinates":[18.466309,54.272483]},"properties":{"name":"Kolbudy Plac Kaszubski","lines":"N56","arr":["N56"],"terminus":1,"mode":"bus","color":"#0059a9","colorDark":"#00294f","angle":16.7,"snapDist":8,"label":1}},{"type":"Feature","geometry":{"type":"Point","coordinates":[18.470357,54.270414]},"properties":{"name":"Kolbudy","lines":"N56","arr":["N56"],"terminus":0,"mode":"bus","color":"#0059a9","colorDark":"#00294f","angle":174.9,"snapDist":8,"label":1}},{"type":"Feature","geometry":{"type":"Point","coordinates":[18.490648,54.282419]},"properties":{"name":"Lublewo Gdańskie Polna","lines":"N56","arr":["N56"],"terminus":0,"mode":"bus","color":"#0059a9","colorDark":"#00294f","angle":131.6,"snapDist":8,"label":0}},{"type":"Feature","geometry":{"type":"Point","coordinates":[18.502959,54.284033]},"properties":{"name":"Lublewo Gdańskie","lines":"N56","arr":["N56"],"terminus":0,"mode":"bus","color":"#0059a9","colorDark":"#00294f","angle":176.6,"snapDist":11,"label":0}},{"type":"Feature","geometry":{"type":"Point","coordinates":[18.51378,54.28988]},"properties":{"name":"Lublewo Gdańskie Konwaliowa","lines":"N56","arr":["N56"],"terminus":0,"mode":"bus","color":"#0059a9","colorDark":"#00294f","angle":154.9,"snapDist":8,"label":0}},{"type":"Feature","geometry":{"type":"Point","coordinates":[18.530802,54.292946]},"properties":{"name":"Bąkowo","lines":"N56","arr":["N56"],"terminus":0,"mode":"bus","color":"#0059a9","colorDark":"#00294f","angle":132.4,"snapDist":8,"label":0}},{"type":"Feature","geometry":{"type":"Point","coordinates":[18.670097,54.34914]},"properties":{"name":"Elbląska","lines":"T8","arr":["T8"],"terminus":0,"mode":"bus","color":"#0059a9","colorDark":"#00294f","angle":93.9,"snapDist":7,"label":1}},{"type":"Feature","geometry":{"type":"Point","coordinates":[18.672498,54.352198]},"properties":{"name":"Głęboka","lines":"T8","arr":["T8"],"terminus":0,"mode":"bus","color":"#0059a9","colorDark":"#00294f","angle":228.3,"snapDist":4,"label":1}},{"type":"Feature","geometry":{"type":"Point","coordinates":[18.715742,54.363198]},"properties":{"name":"Rozłogi","lines":"T8","arr":["T8"],"terminus":0,"mode":"bus","color":"#0059a9","colorDark":"#00294f","angle":98.6,"snapDist":2,"label":1}},{"type":"Feature","geometry":{"type":"Point","coordinates":[18.729166,54.372396]},"properties":{"name":"Stogi Plaża","lines":"T8","arr":["T8"],"terminus":1,"mode":"bus","color":"#0059a9","colorDark":"#00294f","angle":113.5,"snapDist":3,"label":1}},{"type":"Feature","geometry":{"type":"Point","coordinates":[18.728703,54.372433]},"properties":{"name":"Stogi Plaża","lines":"T8","arr":["T8"],"terminus":0,"mode":"bus","color":"#0059a9","colorDark":"#00294f","angle":294.1,"snapDist":3,"label":0}},{"type":"Feature","geometry":{"type":"Point","coordinates":[18.671541,54.352154]},"properties":{"name":"Głęboka","lines":"T8","arr":["T8"],"terminus":0,"mode":"bus","color":"#0059a9","colorDark":"#00294f","angle":303.6,"snapDist":4,"label":0}},{"type":"Feature","geometry":{"type":"Point","coordinates":[18.530173,54.522438]},"properties":{"name":"Gdynia Dworzec Gł. PKP","lines":"21, 22, 30","arr":["21","22","30"],"terminus":1,"mode":"bus","color":"#149a3f","colorDark":"#0a5121","angle":216.1,"snapDist":8,"label":1}},{"type":"Feature","geometry":{"type":"Point","coordinates":[18.530496,54.521587]},"properties":{"name":"Gdynia Dworzec Gł. PKP","lines":"21, 22, 23, 24, 29, 30, 32, 33, 282, N20, N30","arr":["21","22","23","24","29","30","32","33","282","N20","N30"],"terminus":0,"mode":"bus","color":"#0059a9","colorDark":"#00294f","angle":215.4,"snapDist":5,"label":0}},{"type":"Feature","geometry":{"type":"Point","coordinates":[18.534637,54.519735]},"properties":{"name":"3 Maja","lines":"21, 25, 28, 29, 34, 105, 109, 125, 140, 147, 150, 160, 182, 190, 196, 326, 723, G, N10, N20, N30, N40, S, W","arr":["21","25","28","29","34","105","109","125","140","147","150","160","182","190","196","326","723","G","N10","N20","N30","N40","S","W"],"terminus":0,"mode":"bus","color":"#0059a9","colorDark":"#00294f","angle":185,"snapDist":8,"label":1}},{"type":"Feature","geometry":{"type":"Point","coordinates":[18.539817,54.519486]},"properties":{"name":"Centrum Handlowe Batory","lines":"21, 25, 28, 29, 326, 723, N10, N20, N30, N40","arr":["21","25","28","29","326","723","N10","N20","N30","N40"],"terminus":0,"mode":"bus","color":"#0059a9","colorDark":"#00294f","angle":184.7,"snapDist":8,"label":1}},{"type":"Feature","geometry":{"type":"Point","coordinates":[18.542273,54.518759]},"properties":{"name":"Skwer Kościuszki - InfoBox","lines":"21, 22, 23, 24, 29, 30, 32, 33, 326, N10, N20, N30, N40","arr":["21","22","23","24","29","30","32","33","326","N10","N20","N30","N40"],"terminus":0,"mode":"bus","color":"#0059a9","colorDark":"#00294f","angle":-75.9,"snapDist":10,"label":1}},{"type":"Feature","geometry":{"type":"Point","coordinates":[18.541432,54.51686]},"properties":{"name":"Wybickiego","lines":"21, 22, 23, 24, 29, 30, 32, 33, 326, N10, N20, N30, N40","arr":["21","22","23","24","29","30","32","33","326","N10","N20","N30","N40"],"terminus":0,"mode":"bus","color":"#0059a9","colorDark":"#00294f","angle":284,"snapDist":0,"label":1}},{"type":"Feature","geometry":{"type":"Point","coordinates":[18.540257,54.514235]},"properties":{"name":"Żwirki i Wigury","lines":"21, 22, 23, 24, 29, 30, 32, 33, 326, N10, N20, N30, N40","arr":["21","22","23","24","29","30","32","33","326","N10","N20","N30","N40"],"terminus":0,"mode":"bus","color":"#0059a9","colorDark":"#00294f","angle":285.7,"snapDist":2,"label":1}},{"type":"Feature","geometry":{"type":"Point","coordinates":[18.538915,54.511041]},"properties":{"name":"Traugutta","lines":"21, 22, 23, 24, 29, 30, 32, 33, 326, N10, N20, N30, N40","arr":["21","22","23","24","29","30","32","33","326","N10","N20","N30","N40"],"terminus":0,"mode":"bus","color":"#0059a9","colorDark":"#00294f","angle":284.1,"snapDist":10,"label":1}},{"type":"Feature","geometry":{"type":"Point","coordinates":[18.536675,54.50758]},"properties":{"name":"Wzgórze Św. Maksymiliana SKM","lines":"21, 23, 24, 29, 32, 33, 105, 119, 125, 133, 134, 152, 326, G, N10, N30, R, S, W, Z","arr":["21","23","24","29","32","33","105","119","125","133","134","152","326","G","N10","N30","R","S","W","Z"],"terminus":0,"mode":"bus","color":"#0059a9","colorDark":"#00294f","angle":270.4,"snapDist":6,"label":0}},{"type":"Feature","geometry":{"type":"Point","coordinates":[18.536001,54.50553]},"properties":{"name":"Wzgórze Św. Maksymiliana - Kapliczka","lines":"21, 23, 24, 26, 29, 32, 33, 105, 119, 125, 133, 134, 152, 326, N10, N30, S","arr":["21","23","24","26","29","32","33","105","119","125","133","134","152","326","N10","N30","S"],"terminus":0,"mode":"bus","color":"#0059a9","colorDark":"#00294f","angle":278.1,"snapDist":8,"label":1}},{"type":"Feature","geometry":{"type":"Point","coordinates":[18.536427,54.501945]},"properties":{"name":"Harcerska","lines":"21, 23, 24, 26, 29, 32, 33, 105, 119, 125, 133, 134, 152, 326, N10, N30","arr":["21","23","24","26","29","32","33","105","119","125","133","134","152","326","N10","N30"],"terminus":0,"mode":"bus","color":"#0059a9","colorDark":"#00294f","angle":265.4,"snapDist":7,"label":1}},{"type":"Feature","geometry":{"type":"Point","coordinates":[18.538267,54.496822]},"properties":{"name":"Centrum Nauki Experyment","lines":"21, 23, 24, 26, 29, 32, 33, 134, 152, 192, 326, G, N10, N30, R, S, Z","arr":["21","23","24","26","29","32","33","134","152","192","326","G","N10","N30","R","S","Z"],"terminus":0,"mode":"bus","color":"#0059a9","colorDark":"#00294f","angle":257.7,"snapDist":6,"label":1}},{"type":"Feature","geometry":{"type":"Point","coordinates":[18.540769,54.492079]},"properties":{"name":"Redłowo SKM - Park Technologiczny","lines":"21, 23, 24, 26, 27, 29, 32, 33, 134, 180, 203, 326, G, N10, N30, R, S, Z","arr":["21","23","24","26","27","29","32","33","134","180","203","326","G","N10","N30","R","S","Z"],"terminus":0,"mode":"bus","color":"#0059a9","colorDark":"#00294f","angle":247.4,"snapDist":6,"label":1}},{"type":"Feature","geometry":{"type":"Point","coordinates":[18.546437,54.484455]},"properties":{"name":"Zwycięstwa - Wielkopolska","lines":"21, 26, 31, 134, 326","arr":["21","26","31","134","326"],"terminus":0,"mode":"bus","color":"#0059a9","colorDark":"#00294f","angle":232.6,"snapDist":5,"label":1}},{"type":"Feature","geometry":{"type":"Point","coordinates":[18.549679,54.482549]},"properties":{"name":"Nawigatorów","lines":"21, 26, 31, 134, 326","arr":["21","26","31","134","326"],"terminus":0,"mode":"bus","color":"#0059a9","colorDark":"#00294f","angle":221.2,"snapDist":6,"label":1}},{"type":"Feature","geometry":{"type":"Point","coordinates":[18.55281,54.478693]},"properties":{"name":"Orłowo SKM - Orłowska","lines":"21, 26, 31, 134, 326, G, S","arr":["21","26","31","134","326","G","S"],"terminus":0,"mode":"bus","color":"#0059a9","colorDark":"#00294f","angle":251.7,"snapDist":5,"label":1}},{"type":"Feature","geometry":{"type":"Point","coordinates":[18.553171,54.475932]},"properties":{"name":"Orłowo SKM - \"Klif\"","lines":"21, 31, G, S","arr":["21","31","G","S"],"terminus":0,"mode":"bus","color":"#0059a9","colorDark":"#00294f","angle":264.6,"snapDist":2,"label":0}},{"type":"Feature","geometry":{"type":"Point","coordinates":[18.553933,54.473207]},"properties":{"name":"Kolibki","lines":"21, 31, G, S","arr":["21","31","G","S"],"terminus":0,"mode":"bus","color":"#0059a9","colorDark":"#00294f","angle":252.6,"snapDist":6,"label":1}},{"type":"Feature","geometry":{"type":"Point","coordinates":[18.553869,54.463208]},"properties":{"name":"Bernadowska","lines":"21, 31, G, S","arr":["21","31","G","S"],"terminus":0,"mode":"bus","color":"#0059a9","colorDark":"#00294f","angle":278,"snapDist":1,"label":1}},{"type":"Feature","geometry":{"type":"Point","coordinates":[18.554674,54.458512]},"properties":{"name":"Kamienny Potok SKM - Niepodległości","lines":"21, 31, 177, 187, G, S","arr":["21","31","177","187","G","S"],"terminus":1,"mode":"bus","color":"#0059a9","colorDark":"#00294f","angle":252,"snapDist":4,"label":1}},{"type":"Feature","geometry":{"type":"Point","coordinates":[18.5554,54.453042]},"properties":{"name":"Wejherowska","lines":"21, 31, 177, 185, G, S","arr":["21","31","177","185","G","S"],"terminus":0,"mode":"bus","color":"#0059a9","colorDark":"#00294f","angle":276.7,"snapDist":8,"label":1}},{"type":"Feature","geometry":{"type":"Point","coordinates":[18.555337,54.449605]},"properties":{"name":"Malczewskiego","lines":"21, 31, 177, 181, 185, 187, 287, G, S","arr":["21","31","177","181","185","187","287","G","S"],"terminus":0,"mode":"bus","color":"#0059a9","colorDark":"#00294f","angle":224.6,"snapDist":7,"label":1}},{"type":"Feature","geometry":{"type":"Point","coordinates":[18.559734,54.443025]},"properties":{"name":"Bohaterów Monte Cassino","lines":"21, 31, 181, G, S","arr":["21","31","181","G","S"],"terminus":0,"mode":"bus","color":"#0059a9","colorDark":"#00294f","angle":262,"snapDist":4,"label":1}},{"type":"Feature","geometry":{"type":"Point","coordinates":[18.560695,54.438564]},"properties":{"name":"Sopot PKP - Niepodległości","lines":"21, 31, 181, G, S","arr":["21","31","181","G","S"],"terminus":0,"mode":"bus","color":"#0059a9","colorDark":"#00294f","angle":264.4,"snapDist":5,"label":1}},{"type":"Feature","geometry":{"type":"Point","coordinates":[18.561626,54.433704]},"properties":{"name":"3 Maja","lines":"21, 181, G, S","arr":["21","181","G","S"],"terminus":0,"mode":"bus","color":"#0059a9","colorDark":"#00294f","angle":266.6,"snapDist":7,"label":1}},{"type":"Feature","geometry":{"type":"Point","coordinates":[18.561853,54.431403]},"properties":{"name":"Sopot Reja","lines":"21, 177, 181, G, S","arr":["21","177","181","G","S"],"terminus":1,"mode":"bus","color":"#0059a9","colorDark":"#00294f","angle":267.5,"snapDist":7,"label":1}},{"type":"Feature","geometry":{"type":"Point","coordinates":[18.561861,54.431367]},"properties":{"name":"Sopot Reja","lines":"21, 177, 181, G, S","arr":["21","177","181","G","S"],"terminus":1,"mode":"bus","color":"#0059a9","colorDark":"#00294f","angle":74.8,"snapDist":10,"label":0}},{"type":"Feature","geometry":{"type":"Point","coordinates":[18.561339,54.435549]},"properties":{"name":"3 Maja","lines":"21, 31, 181, G, S","arr":["21","31","181","G","S"],"terminus":0,"mode":"bus","color":"#0059a9","colorDark":"#00294f","angle":83.1,"snapDist":10,"label":0}},{"type":"Feature","geometry":{"type":"Point","coordinates":[18.560664,54.43873]},"properties":{"name":"Sopot PKP - Niepodległości","lines":"21, 31, 181, G, S","arr":["21","31","181","G","S"],"terminus":0,"mode":"bus","color":"#0059a9","colorDark":"#00294f","angle":83.6,"snapDist":10,"label":0}},{"type":"Feature","geometry":{"type":"Point","coordinates":[18.559956,54.442119]},"properties":{"name":"Bohaterów Monte Cassino","lines":"21, 31, 181, 185, 187, 700, G, S","arr":["21","31","181","185","187","700","G","S"],"terminus":0,"mode":"bus","color":"#0059a9","colorDark":"#00294f","angle":83.9,"snapDist":11,"label":0}},{"type":"Feature","geometry":{"type":"Point","coordinates":[18.558967,54.447073]},"properties":{"name":"Goyki","lines":"21, 31, 181, 185, 187, 287, 700, G, S","arr":["21","31","181","185","187","287","700","G","S"],"terminus":0,"mode":"bus","color":"#0059a9","colorDark":"#00294f","angle":79.2,"snapDist":10,"label":1}},{"type":"Feature","geometry":{"type":"Point","coordinates":[18.555511,54.449706]},"properties":{"name":"Malczewskiego","lines":"21, 31, 181, 185, 187, 287, 700, G, S","arr":["21","31","181","185","187","287","700","G","S"],"terminus":0,"mode":"bus","color":"#0059a9","colorDark":"#00294f","angle":50.4,"snapDist":6,"label":0}},{"type":"Feature","geometry":{"type":"Point","coordinates":[18.555351,54.452809]},"properties":{"name":"Wejherowska","lines":"21, 31, G, S","arr":["21","31","G","S"],"terminus":0,"mode":"bus","color":"#0059a9","colorDark":"#00294f","angle":97.2,"snapDist":8,"label":0}},{"type":"Feature","geometry":{"type":"Point","coordinates":[18.55459,54.459359]},"properties":{"name":"Kamienny Potok SKM - Niepodległości","lines":"21, 31, G, S","arr":["21","31","G","S"],"terminus":0,"mode":"bus","color":"#0059a9","colorDark":"#00294f","angle":72.4,"snapDist":12,"label":0}},{"type":"Feature","geometry":{"type":"Point","coordinates":[18.553997,54.463008]},"properties":{"name":"Bernadowska","lines":"21, 31, G, S","arr":["21","31","G","S"],"terminus":0,"mode":"bus","color":"#0059a9","colorDark":"#00294f","angle":97.2,"snapDist":7,"label":0}},{"type":"Feature","geometry":{"type":"Point","coordinates":[18.554043,54.473354]},"properties":{"name":"Kolibki","lines":"21, 31, G, S","arr":["21","31","G","S"],"terminus":0,"mode":"bus","color":"#0059a9","colorDark":"#00294f","angle":70.8,"snapDist":9,"label":0}},{"type":"Feature","geometry":{"type":"Point","coordinates":[18.553228,54.476713]},"properties":{"name":"Orłowo SKM - \"Klif\"","lines":"21, 26, 31, 134, 326, G, S","arr":["21","26","31","134","326","G","S"],"terminus":0,"mode":"bus","color":"#0059a9","colorDark":"#00294f","angle":84.8,"snapDist":9,"label":0}},{"type":"Feature","geometry":{"type":"Point","coordinates":[18.552449,54.479647]},"properties":{"name":"Orłowo SKM - Orłowska","lines":"21, 26, 31, 134, 326, G, S","arr":["21","26","31","134","326","G","S"],"terminus":0,"mode":"bus","color":"#0059a9","colorDark":"#00294f","angle":71.8,"snapDist":8,"label":0}},{"type":"Feature","geometry":{"type":"Point","coordinates":[18.549141,54.482943]},"properties":{"name":"Nawigatorów","lines":"21, 26, 31, 134, 326","arr":["21","26","31","134","326"],"terminus":0,"mode":"bus","color":"#0059a9","colorDark":"#00294f","angle":40.7,"snapDist":10,"label":0}},{"type":"Feature","geometry":{"type":"Point","coordinates":[18.544878,54.48648]},"properties":{"name":"Zwycięstwa - Wielkopolska","lines":"21, 23, 24, 26, 27, 29, 32, 33, 134, 180, 203, 326, 710, 740, N10, N30","arr":["21","23","24","26","27","29","32","33","134","180","203","326","710","740","N10","N30"],"terminus":0,"mode":"bus","color":"#0059a9","colorDark":"#00294f","angle":67,"snapDist":9,"label":1}},{"type":"Feature","geometry":{"type":"Point","coordinates":[18.540416,54.492849]},"properties":{"name":"Redłowo SKM - Park Technologiczny","lines":"21, 23, 24, 26, 29, 32, 33, 134, 180, 326, 710, 740, G, N10, N30, R, S, Z","arr":["21","23","24","26","29","32","33","134","180","326","710","740","G","N10","N30","R","S","Z"],"terminus":0,"mode":"bus","color":"#0059a9","colorDark":"#00294f","angle":68.5,"snapDist":9,"label":0}},{"type":"Feature","geometry":{"type":"Point","coordinates":[18.538141,54.497557]},"properties":{"name":"Centrum Nauki Experyment","lines":"21, 23, 24, 26, 29, 32, 33, 105, 125, 134, 152, 326, 710, 740, G, N10, N30, R, S, W, Z","arr":["21","23","24","26","29","32","33","105","125","134","152","326","710","740","G","N10","N30","R","S","W","Z"],"terminus":0,"mode":"bus","color":"#0059a9","colorDark":"#00294f","angle":77.4,"snapDist":7,"label":0}},{"type":"Feature","geometry":{"type":"Point","coordinates":[18.536371,54.503294]},"properties":{"name":"Harcerska","lines":"21, 23, 24, 26, 29, 32, 33, 105, 125, 134, 152, 326, 710, 740, N10, N30","arr":["21","23","24","26","29","32","33","105","125","134","152","326","710","740","N10","N30"],"terminus":0,"mode":"bus","color":"#0059a9","colorDark":"#00294f","angle":85,"snapDist":8,"label":0}},{"type":"Feature","geometry":{"type":"Point","coordinates":[18.537912,54.50865]},"properties":{"name":"Urząd Miasta - Świętojańska","lines":"21, 22, 23, 24, 29, 30, 32, 33, 128, 196, 204, 252, 282, 326, 710, N10, N20, N30, N40, N94","arr":["21","22","23","24","29","30","32","33","128","196","204","252","282","326","710","N10","N20","N30","N40","N94"],"terminus":0,"mode":"bus","color":"#0059a9","colorDark":"#00294f","angle":102.8,"snapDist":10,"label":1}},{"type":"Feature","geometry":{"type":"Point","coordinates":[18.539409,54.512236]},"properties":{"name":"Traugutta","lines":"21, 22, 23, 24, 29, 30, 32, 33, 326, 710, N10, N20, N30, N40, N94","arr":["21","22","23","24","29","30","32","33","326","710","N10","N20","N30","N40","N94"],"terminus":0,"mode":"bus","color":"#0059a9","colorDark":"#00294f","angle":103.7,"snapDist":8,"label":0}},{"type":"Feature","geometry":{"type":"Point","coordinates":[18.540825,54.515499]},"properties":{"name":"Żwirki i Wigury","lines":"21, 22, 23, 24, 29, 30, 32, 33, 326, 710, N10, N20, N30, N40, N94","arr":["21","22","23","24","29","30","32","33","326","710","N10","N20","N30","N40","N94"],"terminus":0,"mode":"bus","color":"#0059a9","colorDark":"#00294f","angle":104.3,"snapDist":8,"label":0}},{"type":"Feature","geometry":{"type":"Point","coordinates":[18.541925,54.517994]},"properties":{"name":"Skwer Kościuszki - InfoBox","lines":"21, 22, 23, 24, 29, 30, 32, 33, 326, 710, N10, N20, N30, N40, N94","arr":["21","22","23","24","29","30","32","33","326","710","N10","N20","N30","N40","N94"],"terminus":0,"mode":"bus","color":"#0059a9","colorDark":"#00294f","angle":104.6,"snapDist":6,"label":0}},{"type":"Feature","geometry":{"type":"Point","coordinates":[18.541741,54.519395]},"properties":{"name":"10 Lutego - Skwer Kościuszki","lines":"21, 25, 28, 29, 326, 710, N10, N20, N30, N40, N94","arr":["21","25","28","29","326","710","N10","N20","N30","N40","N94"],"terminus":0,"mode":"bus","color":"#0059a9","colorDark":"#00294f","angle":4.7,"snapDist":7,"label":1}},{"type":"Feature","geometry":{"type":"Point","coordinates":[18.534712,54.519731]},"properties":{"name":"3 Maja","lines":"21, 25, 28, 29, 34, 105, 109, 125, 190, 326, 710, G, N10, N20, N30, N40, N94, S, W","arr":["21","25","28","29","34","105","109","125","190","326","710","G","N10","N20","N30","N40","N94","S","W"],"terminus":0,"mode":"bus","color":"#0059a9","colorDark":"#00294f","angle":4.2,"snapDist":10,"label":0}},{"type":"Feature","geometry":{"type":"Point","coordinates":[18.531005,54.521723]},"properties":{"name":"Gdynia Dworzec Gł. PKP","lines":"21, 29","arr":["21","29"],"terminus":1,"mode":"bus","color":"#149a3f","colorDark":"#0a5121","angle":121.4,"snapDist":5,"label":0}},{"type":"Feature","geometry":{"type":"Point","coordinates":[18.444204,54.549905]},"properties":{"name":"Cisowa SKM","lines":"22, 27","arr":["22","27"],"terminus":1,"mode":"bus","color":"#149a3f","colorDark":"#0a5121","angle":13.1,"snapDist":2,"label":1}},{"type":"Feature","geometry":{"type":"Point","coordinates":[18.449961,54.547852]},"properties":{"name":"Piaskowa","lines":"22, 27","arr":["22","27"],"terminus":0,"mode":"bus","color":"#149a3f","colorDark":"#0a5121","angle":203.2,"snapDist":5,"label":1}},{"type":"Feature","geometry":{"type":"Point","coordinates":[18.454964,54.546605]},"properties":{"name":"Chylońska - Kcyńska","lines":"22, 27","arr":["22","27"],"terminus":0,"mode":"bus","color":"#149a3f","colorDark":"#0a5121","angle":203.8,"snapDist":5,"label":1}},{"type":"Feature","geometry":{"type":"Point","coordinates":[18.463129,54.544545]},"properties":{"name":"Chylonia Dworzec PKP","lines":"22, 27, 28, N20","arr":["22","27","28","N20"],"terminus":0,"mode":"bus","color":"#0059a9","colorDark":"#00294f","angle":203.5,"snapDist":3,"label":0}},{"type":"Feature","geometry":{"type":"Point","coordinates":[18.470482,54.542699]},"properties":{"name":"Pucka","lines":"22, 27, 28, N20","arr":["22","27","28","N20"],"terminus":0,"mode":"bus","color":"#0059a9","colorDark":"#00294f","angle":203.4,"snapDist":4,"label":1}},{"type":"Feature","geometry":{"type":"Point","coordinates":[18.477762,54.540471]},"properties":{"name":"Leszczynki SKM","lines":"22, 27, 28, N20","arr":["22","27","28","N20"],"terminus":0,"mode":"bus","color":"#0059a9","colorDark":"#00294f","angle":41.8,"snapDist":3,"label":1}},{"type":"Feature","geometry":{"type":"Point","coordinates":[18.47852,54.537608]},"properties":{"name":"Zamenhofa","lines":"22, 27, 28, N20","arr":["22","27","28","N20"],"terminus":0,"mode":"bus","color":"#0059a9","colorDark":"#00294f","angle":260.1,"snapDist":5,"label":1}},{"type":"Feature","geometry":{"type":"Point","coordinates":[18.480591,54.53525]},"properties":{"name":"Węzeł Żołnierzy Wyklętych","lines":"22, 25, 26, 27, 28, 30, 34, 102, 197, K, N20, S, W","arr":["22","25","26","27","28","30","34","102","197","K","N20","S","W"],"terminus":0,"mode":"bus","color":"#0059a9","colorDark":"#00294f","angle":210.8,"snapDist":5,"label":1}},{"type":"Feature","geometry":{"type":"Point","coordinates":[18.489786,54.532484]},"properties":{"name":"Morska - Estakada","lines":"22, 25, 26, 27, 28, 30, 34, 105, 109, 125, 141, 196, 309, 326, 723, G, N20, N30, N40, S, W","arr":["22","25","26","27","28","30","34","105","109","125","141","196","309","326","723","G","N20","N30","N40","S","W"],"terminus":0,"mode":"bus","color":"#0059a9","colorDark":"#00294f","angle":188.2,"snapDist":7,"label":0}},{"type":"Feature","geometry":{"type":"Point","coordinates":[18.49714,54.530792]},"properties":{"name":"Kalksztajnów","lines":"22, 25, 26, 27, 28, 30, 34, 102, 105, 109, 125, 141, 196, 326, 723, N20, N30, N40","arr":["22","25","26","27","28","30","34","102","105","109","125","141","196","326","723","N20","N30","N40"],"terminus":0,"mode":"bus","color":"#0059a9","colorDark":"#00294f","angle":205.1,"snapDist":8,"label":1}},{"type":"Feature","geometry":{"type":"Point","coordinates":[18.50456,54.528851]},"properties":{"name":"Mireckiego","lines":"22, 25, 26, 27, 28, 30, 34, 102, 105, 109, 125, 141, 196, 326, 723, N20, N30, N40","arr":["22","25","26","27","28","30","34","102","105","109","125","141","196","326","723","N20","N30","N40"],"terminus":0,"mode":"bus","color":"#0059a9","colorDark":"#00294f","angle":204.5,"snapDist":6,"label":1}},{"type":"Feature","geometry":{"type":"Point","coordinates":[18.511159,54.526949]},"properties":{"name":"Uniwersytet Morski","lines":"22, 25, 26, 27, 28, 30, 34, 105, 109, 125, 141, 196, 326, 723, N20, N30, N40","arr":["22","25","26","27","28","30","34","105","109","125","141","196","326","723","N20","N30","N40"],"terminus":0,"mode":"bus","color":"#0059a9","colorDark":"#00294f","angle":210,"snapDist":6,"label":1}},{"type":"Feature","geometry":{"type":"Point","coordinates":[18.516862,54.524848]},"properties":{"name":"Stocznia SKM - Morska","lines":"22, 25, 26, 27, 28, 30, 34, 105, 109, 125, 141, 196, 326, 723, G, N20, N30, N40, S, W","arr":["22","25","26","27","28","30","34","105","109","125","141","196","326","723","G","N20","N30","N40","S","W"],"terminus":0,"mode":"bus","color":"#0059a9","colorDark":"#00294f","angle":212.6,"snapDist":6,"label":1}},{"type":"Feature","geometry":{"type":"Point","coordinates":[18.522649,54.522735]},"properties":{"name":"Bpa Okoniewskiego","lines":"22, 25, 26, 27, 28, 30, 34, 105, 109, 125, 141, 196, 326, 723, N20, N30, N40","arr":["22","25","26","27","28","30","34","105","109","125","141","196","326","723","N20","N30","N40"],"terminus":0,"mode":"bus","color":"#0059a9","colorDark":"#00294f","angle":211.9,"snapDist":7,"label":1}},{"type":"Feature","geometry":{"type":"Point","coordinates":[18.528301,54.519294]},"properties":{"name":"Gdynia Dworzec Gł. PKP - Wolności","lines":"22, 26, 27, 30, 141","arr":["22","26","27","30","141"],"terminus":0,"mode":"bus","color":"#0059a9","colorDark":"#00294f","angle":240.3,"snapDist":5,"label":1}},{"type":"Feature","geometry":{"type":"Point","coordinates":[18.530234,54.517197]},"properties":{"name":"Warszawska","lines":"22, 26, 27, 30, 141","arr":["22","26","27","30","141"],"terminus":0,"mode":"bus","color":"#0059a9","colorDark":"#00294f","angle":250.8,"snapDist":6,"label":1}},{"type":"Feature","geometry":{"type":"Point","coordinates":[18.532112,54.512561]},"properties":{"name":"Witomińska","lines":"22, 26, 27, 30, 141","arr":["22","26","27","30","141"],"terminus":0,"mode":"bus","color":"#0059a9","colorDark":"#00294f","angle":256.6,"snapDist":5,"label":1}},{"type":"Feature","geometry":{"type":"Point","coordinates":[18.53454,54.50849]},"properties":{"name":"Węzeł Franciszki Cegielskiej","lines":"22, 26, 27, 30, 109, 190, 209","arr":["22","26","27","30","109","190","209"],"terminus":0,"mode":"bus","color":"#0059a9","colorDark":"#00294f","angle":270.2,"snapDist":13,"label":0}},{"type":"Feature","geometry":{"type":"Point","coordinates":[18.543194,54.522603]},"properties":{"name":"Plac Kaszubski - Świętojańska","lines":"22, 23, 24, 25, 28, 30, 32, 33, 723","arr":["22","23","24","25","28","30","32","33","723"],"terminus":0,"mode":"bus","color":"#149a3f","colorDark":"#0a5121","angle":84.7,"snapDist":8,"label":1}},{"type":"Feature","geometry":{"type":"Point","coordinates":[18.542446,54.523388]},"properties":{"name":"Plac Kaszubski - Jana z Kolna","lines":"22, 23, 24, 25, 28, 30, 32, 33, 102, 119, 146, 173, 190, 194, 204, 282, 723","arr":["22","23","24","25","28","30","32","33","102","119","146","173","190","194","204","282","723"],"terminus":0,"mode":"bus","color":"#0059a9","colorDark":"#00294f","angle":3.2,"snapDist":5,"label":1}},{"type":"Feature","geometry":{"type":"Point","coordinates":[18.532611,54.522933]},"properties":{"name":"Gdynia Dworzec Gł. PKP - Hala","lines":"22, 23, 24, 30, 33, 102, 133, 140, 147, 160, 190, 204, 723, 740, Z","arr":["22","23","24","30","33","102","133","140","147","160","190","204","723","740","Z"],"terminus":0,"mode":"bus","color":"#0059a9","colorDark":"#00294f","angle":349.8,"snapDist":4,"label":1}},{"type":"Feature","geometry":{"type":"Point","coordinates":[18.529802,54.522598]},"properties":{"name":"Gdynia Dworzec Gł. PKP","lines":"22, 30","arr":["22","30"],"terminus":1,"mode":"bus","color":"#149a3f","colorDark":"#0a5121","angle":215.9,"snapDist":8,"label":0}},{"type":"Feature","geometry":{"type":"Point","coordinates":[18.532275,54.522033]},"properties":{"name":"Gdynia Dworzec Gł. PKP - Hala","lines":"22, 23, 24, 30, 32, 33, 102, 146, 173, 190, 194, 204","arr":["22","23","24","30","32","33","102","146","173","190","194","204"],"terminus":0,"mode":"bus","color":"#0059a9","colorDark":"#00294f","angle":176.2,"snapDist":5,"label":0}},{"type":"Feature","geometry":{"type":"Point","coordinates":[18.540467,54.522368]},"properties":{"name":"Plac Kaszubski","lines":"22, 23, 24, 25, 28, 30, 32, 33, 102, 119, 146, 173, 190, 194, 204","arr":["22","23","24","25","28","30","32","33","102","119","146","173","190","194","204"],"terminus":1,"mode":"bus","color":"#0059a9","colorDark":"#00294f","angle":175.8,"snapDist":3,"label":1}},{"type":"Feature","geometry":{"type":"Point","coordinates":[18.543147,54.520876]},"properties":{"name":"Plac Kaszubski - Świętojańska","lines":"22, 23, 24, 25, 28, 30, 32, 33","arr":["22","23","24","25","28","30","32","33"],"terminus":0,"mode":"bus","color":"#149a3f","colorDark":"#0a5121","angle":279.2,"snapDist":2,"label":0}},{"type":"Feature","geometry":{"type":"Point","coordinates":[18.536974,54.508431]},"properties":{"name":"Wzgórze Św. Maksymiliana SKM","lines":"22, 26, 30, 119","arr":["22","26","30","119"],"terminus":1,"mode":"bus","color":"#0059a9","colorDark":"#00294f","angle":91,"snapDist":9,"label":1}},{"type":"Feature","geometry":{"type":"Point","coordinates":[18.532129,54.512521]},"properties":{"name":"Witomińska","lines":"22, 26, 27, 30, 141","arr":["22","26","27","30","141"],"terminus":0,"mode":"bus","color":"#0059a9","colorDark":"#00294f","angle":76.6,"snapDist":4,"label":0}},{"type":"Feature","geometry":{"type":"Point","coordinates":[18.530423,54.516899]},"properties":{"name":"Warszawska","lines":"22, 26, 27, 30, 141, 203, 204","arr":["22","26","27","30","141","203","204"],"terminus":0,"mode":"bus","color":"#0059a9","colorDark":"#00294f","angle":68,"snapDist":5,"label":0}},{"type":"Feature","geometry":{"type":"Point","coordinates":[18.527744,54.519788]},"properties":{"name":"Gdynia Dworzec Gł. PKP - Wolności","lines":"22, 26, 27, 30, 141, 204","arr":["22","26","27","30","141","204"],"terminus":0,"mode":"bus","color":"#0059a9","colorDark":"#00294f","angle":53.9,"snapDist":6,"label":0}},{"type":"Feature","geometry":{"type":"Point","coordinates":[18.521703,54.523186]},"properties":{"name":"Bpa Okoniewskiego","lines":"22, 25, 26, 27, 28, 30, 34, 105, 109, 125, 141, 326, 710, N20, N30, N40","arr":["22","25","26","27","28","30","34","105","109","125","141","326","710","N20","N30","N40"],"terminus":0,"mode":"bus","color":"#0059a9","colorDark":"#00294f","angle":32,"snapDist":5,"label":0}},{"type":"Feature","geometry":{"type":"Point","coordinates":[18.517377,54.524762]},"properties":{"name":"Stocznia SKM - Morska","lines":"22, 25, 26, 27, 28, 30, 34, 105, 109, 125, 141, 326, 710, G, N20, N30, N40, S, W","arr":["22","25","26","27","28","30","34","105","109","125","141","326","710","G","N20","N30","N40","S","W"],"terminus":0,"mode":"bus","color":"#0059a9","colorDark":"#00294f","angle":32.2,"snapDist":3,"label":0}},{"type":"Feature","geometry":{"type":"Point","coordinates":[18.508962,54.527824]},"properties":{"name":"Uniwersytet Morski","lines":"22, 25, 26, 27, 28, 30, 34, 105, 109, 125, 141, 326, 710, N20, N30, N40","arr":["22","25","26","27","28","30","34","105","109","125","141","326","710","N20","N30","N40"],"terminus":0,"mode":"bus","color":"#0059a9","colorDark":"#00294f","angle":19.4,"snapDist":5,"label":0}},{"type":"Feature","geometry":{"type":"Point","coordinates":[18.502645,54.529518]},"properties":{"name":"Mireckiego","lines":"22, 25, 26, 27, 28, 30, 34, 326, 710, N20, N30, N40, S, W","arr":["22","25","26","27","28","30","34","326","710","N20","N30","N40","S","W"],"terminus":0,"mode":"bus","color":"#0059a9","colorDark":"#00294f","angle":17.5,"snapDist":10,"label":0}},{"type":"Feature","geometry":{"type":"Point","coordinates":[18.495018,54.531544]},"properties":{"name":"Kalksztajnów","lines":"22, 25, 26, 27, 28, 30, 34, 105, 109, 125, 141, 326, 710, N20, N30, N40","arr":["22","25","26","27","28","30","34","105","109","125","141","326","710","N20","N30","N40"],"terminus":0,"mode":"bus","color":"#0059a9","colorDark":"#00294f","angle":23.6,"snapDist":2,"label":0}},{"type":"Feature","geometry":{"type":"Point","coordinates":[18.490794,54.532591]},"properties":{"name":"Morska - Estakada","lines":"22, 25, 26, 27, 28, 30, 34, N20, S, W","arr":["22","25","26","27","28","30","34","N20","S","W"],"terminus":0,"mode":"bus","color":"#0059a9","colorDark":"#00294f","angle":21.5,"snapDist":5,"label":0}},{"type":"Feature","geometry":{"type":"Point","coordinates":[18.482217,54.5348]},"properties":{"name":"Węzeł Żołnierzy Wyklętych","lines":"22, 25, 26, 27, 28, 30, 34, 197, K, N20, S, W","arr":["22","25","26","27","28","30","34","197","K","N20","S","W"],"terminus":0,"mode":"bus","color":"#0059a9","colorDark":"#00294f","angle":31.9,"snapDist":5,"label":0}},{"type":"Feature","geometry":{"type":"Point","coordinates":[18.478481,54.537731]},"properties":{"name":"Zamenhofa","lines":"22, 27, 28, N20","arr":["22","27","28","N20"],"terminus":0,"mode":"bus","color":"#0059a9","colorDark":"#00294f","angle":78.5,"snapDist":5,"label":0}},{"type":"Feature","geometry":{"type":"Point","coordinates":[18.476445,54.541067]},"properties":{"name":"Leszczynki SKM","lines":"22, 27, 28, N20","arr":["22","27","28","N20"],"terminus":0,"mode":"bus","color":"#0059a9","colorDark":"#00294f","angle":216.7,"snapDist":6,"label":0}},{"type":"Feature","geometry":{"type":"Point","coordinates":[18.467787,54.543376]},"properties":{"name":"Pucka","lines":"22, 27, 28, N20","arr":["22","27","28","N20"],"terminus":0,"mode":"bus","color":"#0059a9","colorDark":"#00294f","angle":23.2,"snapDist":1,"label":0}},{"type":"Feature","geometry":{"type":"Point","coordinates":[18.460693,54.54516]},"properties":{"name":"Chylonia Dworzec PKP","lines":"22, 27, N20","arr":["22","27","N20"],"terminus":0,"mode":"bus","color":"#0059a9","colorDark":"#00294f","angle":23.5,"snapDist":6,"label":0}},{"type":"Feature","geometry":{"type":"Point","coordinates":[18.453471,54.546981]},"properties":{"name":"Chylońska - Kcyńska","lines":"22, 27, N20","arr":["22","27","N20"],"terminus":0,"mode":"bus","color":"#0059a9","colorDark":"#00294f","angle":23.3,"snapDist":5,"label":0}},{"type":"Feature","geometry":{"type":"Point","coordinates":[18.448549,54.548198]},"properties":{"name":"Piaskowa","lines":"22, 27, N20","arr":["22","27","N20"],"terminus":0,"mode":"bus","color":"#0059a9","colorDark":"#00294f","angle":23.5,"snapDist":5,"label":0}},{"type":"Feature","geometry":{"type":"Point","coordinates":[18.444897,54.549484]},"properties":{"name":"Cisowa SKM","lines":"22, 25, 27","arr":["22","25","27"],"terminus":1,"mode":"bus","color":"#149a3f","colorDark":"#0a5121","angle":101.1,"snapDist":2,"label":0}},{"type":"Feature","geometry":{"type":"Point","coordinates":[18.517144,54.531833]},"properties":{"name":"Stocznia Gdynia","lines":"23, 24, 33","arr":["23","24","33"],"terminus":1,"mode":"bus","color":"#149a3f","colorDark":"#0a5121","angle":199.3,"snapDist":3,"label":1}},{"type":"Feature","geometry":{"type":"Point","coordinates":[18.518413,54.527896]},"properties":{"name":"Węzeł Ofiar Grudnia '70","lines":"23, 24, 33","arr":["23","24","33"],"terminus":0,"mode":"bus","color":"#149a3f","colorDark":"#0a5121","angle":259.3,"snapDist":3,"label":1}},{"type":"Feature","geometry":{"type":"Point","coordinates":[18.544485,54.484893]},"properties":{"name":"Zwycięstwa - Wielkopolska","lines":"23, 24, 27, 29, 31, 32, 33, 180, 203, 252, N10, N30","arr":["23","24","27","29","31","32","33","180","203","252","N10","N30"],"terminus":0,"mode":"bus","color":"#0059a9","colorDark":"#00294f","angle":349.5,"snapDist":5,"label":0}},{"type":"Feature","geometry":{"type":"Point","coordinates":[18.538647,54.483452]},"properties":{"name":"Plac Górnośląski","lines":"23, 24, 27, 29, 31, 32, 33, 180, 203, 252, N10, N30, R, Z","arr":["23","24","27","29","31","32","33","180","203","252","N10","N30","R","Z"],"terminus":0,"mode":"bus","color":"#0059a9","colorDark":"#00294f","angle":-26.4,"snapDist":10,"label":1}},{"type":"Feature","geometry":{"type":"Point","coordinates":[18.53111,54.481186]},"properties":{"name":"Łowicka","lines":"23, 24, 27, 29, 31, 32, 33, 180, N10, N30","arr":["23","24","27","29","31","32","33","180","N10","N30"],"terminus":0,"mode":"bus","color":"#0059a9","colorDark":"#00294f","angle":309.7,"snapDist":6,"label":1}},{"type":"Feature","geometry":{"type":"Point","coordinates":[18.523751,54.478313]},"properties":{"name":"Olgierda","lines":"23, 24, 27, 29, 31, 32, 33, 180, N10, N30","arr":["23","24","27","29","31","32","33","180","N10","N30"],"terminus":0,"mode":"bus","color":"#0059a9","colorDark":"#00294f","angle":328.5,"snapDist":10,"label":1}},{"type":"Feature","geometry":{"type":"Point","coordinates":[18.51612,54.475558]},"properties":{"name":"Lidzka","lines":"23, 24, 27, 29, 31, 32, 33, 180, N10, N30, R","arr":["23","24","27","29","31","32","33","180","N10","N30","R"],"terminus":0,"mode":"bus","color":"#0059a9","colorDark":"#00294f","angle":313.4,"snapDist":4,"label":1}},{"type":"Feature","geometry":{"type":"Point","coordinates":[18.513483,54.472632]},"properties":{"name":"Racławicka","lines":"23, 24, 27, 29, 31, 32, 33, 180, N10, N30","arr":["23","24","27","29","31","32","33","180","N10","N30"],"terminus":0,"mode":"bus","color":"#0059a9","colorDark":"#00294f","angle":300.6,"snapDist":7,"label":1}},{"type":"Feature","geometry":{"type":"Point","coordinates":[18.507621,54.469106]},"properties":{"name":"Karwiny PKM","lines":"23, 24, 27, 29, 31, 33, 145, 153, 180, 181, 700, N10, N30, R, Z","arr":["23","24","27","29","31","33","145","153","180","181","700","N10","N30","R","Z"],"terminus":0,"mode":"bus","color":"#0059a9","colorDark":"#00294f","angle":6.9,"snapDist":11,"label":1}},{"type":"Feature","geometry":{"type":"Point","coordinates":[18.498928,54.469794]},"properties":{"name":"Nałkowskiej","lines":"23, 24, 27, 29, 31, 33, 145, 153, 180, 181, 700, N10, N30","arr":["23","24","27","29","31","33","145","153","180","181","700","N10","N30"],"terminus":0,"mode":"bus","color":"#0059a9","colorDark":"#00294f","angle":9.7,"snapDist":9,"label":1}},{"type":"Feature","geometry":{"type":"Point","coordinates":[18.494724,54.470587]},"properties":{"name":"Źródło Marii","lines":"23, 24, 27, 29, 31, 33, 145, 153, 180, 181, 700, N10, N30, R, Z","arr":["23","24","27","29","31","33","145","153","180","181","700","N10","N30","R","Z"],"terminus":0,"mode":"bus","color":"#0059a9","colorDark":"#00294f","angle":20,"snapDist":9,"label":1}},{"type":"Feature","geometry":{"type":"Point","coordinates":[18.488536,54.471194]},"properties":{"name":"Myśliwska","lines":"23, 24, 27, 31, 181, 700, N10, N30, R, Z","arr":["23","24","27","31","181","700","N10","N30","R","Z"],"terminus":0,"mode":"bus","color":"#0059a9","colorDark":"#00294f","angle":2.3,"snapDist":6,"label":1}},{"type":"Feature","geometry":{"type":"Point","coordinates":[18.476705,54.474285]},"properties":{"name":"Karwiny Nowowiczlińska","lines":"23, 24, 27, 31, 181, N10, N30, R","arr":["23","24","27","31","181","N10","N30","R"],"terminus":0,"mode":"bus","color":"#0059a9","colorDark":"#00294f","angle":36.8,"snapDist":8,"label":0}},{"type":"Feature","geometry":{"type":"Point","coordinates":[18.468591,54.474578]},"properties":{"name":"Anyżowa","lines":"23, 24, 27, 31, 147, 171, 181, 191, 193, N10, N20, N30, X","arr":["23","24","27","31","147","171","181","191","193","N10","N20","N30","X"],"terminus":0,"mode":"bus","color":"#0059a9","colorDark":"#00294f","angle":333,"snapDist":9,"label":1}},{"type":"Feature","geometry":{"type":"Point","coordinates":[18.465193,54.473336]},"properties":{"name":"Dąbrowa Centrum","lines":"23, 27, 31, 160, 171, 181, 191, 193, K, N10, N30, R, X","arr":["23","27","31","160","171","181","191","193","K","N10","N30","R","X"],"terminus":0,"mode":"bus","color":"#0059a9","colorDark":"#00294f","angle":285.1,"snapDist":9,"label":0}},{"type":"Feature","geometry":{"type":"Point","coordinates":[18.468295,54.470143]},"properties":{"name":"Kameliowa","lines":"23, 27, 31, 160, 171, 181, 191, 193, K, N10, N30, R, X","arr":["23","27","31","160","171","181","191","193","K","N10","N30","R","X"],"terminus":0,"mode":"bus","color":"#0059a9","colorDark":"#00294f","angle":267.3,"snapDist":6,"label":1}},{"type":"Feature","geometry":{"type":"Point","coordinates":[18.465452,54.467737]},"properties":{"name":"Paprykowa","lines":"23, 27, 31, 160, 171, 181, 191, 193, K, N10, N30, R, X","arr":["23","27","31","160","171","181","191","193","K","N10","N30","R","X"],"terminus":0,"mode":"bus","color":"#0059a9","colorDark":"#00294f","angle":320.2,"snapDist":6,"label":1}},{"type":"Feature","geometry":{"type":"Point","coordinates":[18.460211,54.46526]},"properties":{"name":"Szafranowa","lines":"23, 27, 31, 160, 171, 181, 191, 193, K, N10, N30, R, X","arr":["23","27","31","160","171","181","191","193","K","N10","N30","R","X"],"terminus":0,"mode":"bus","color":"#0059a9","colorDark":"#00294f","angle":320.5,"snapDist":7,"label":1}},{"type":"Feature","geometry":{"type":"Point","coordinates":[18.457412,54.463943]},"properties":{"name":"Rdestowa - Leśny Zakątek","lines":"23, 27, 31, 160, 171, 181, 191, 193, K, N10, N30, R, X","arr":["23","27","31","160","171","181","191","193","K","N10","N30","R","X"],"terminus":0,"mode":"bus","color":"#0059a9","colorDark":"#00294f","angle":320.7,"snapDist":9,"label":1}},{"type":"Feature","geometry":{"type":"Point","coordinates":[18.453469,54.46217]},"properties":{"name":"Leśna Polana","lines":"23, 27, 31, 160, 171, 181, 191, 193, K, N10, N30, R, X","arr":["23","27","31","160","171","181","191","193","K","N10","N30","R","X"],"terminus":0,"mode":"bus","color":"#0059a9","colorDark":"#00294f","angle":321.2,"snapDist":7,"label":1}},{"type":"Feature","geometry":{"type":"Point","coordinates":[18.451382,54.460197]},"properties":{"name":"Rdestowa - Kolonia","lines":"23, 27, 31, 160, 181, K, N10, N30, R, X, Z","arr":["23","27","31","160","181","K","N10","N30","R","X","Z"],"terminus":0,"mode":"bus","color":"#0059a9","colorDark":"#00294f","angle":227.2,"snapDist":8,"label":1}},{"type":"Feature","geometry":{"type":"Point","coordinates":[18.457248,54.45725]},"properties":{"name":"Krzemowa","lines":"23, 27, 31, 160, 181, 700, K, N10, N30, R, X","arr":["23","27","31","160","181","700","K","N10","N30","R","X"],"terminus":0,"mode":"bus","color":"#0059a9","colorDark":"#00294f","angle":218.7,"snapDist":6,"label":1}},{"type":"Feature","geometry":{"type":"Point","coordinates":[18.455206,54.455467]},"properties":{"name":"Kacze Buki","lines":"23, 27, 31, 160, 181, 700, K, N10, N30, R, X","arr":["23","27","31","160","181","700","K","N10","N30","R","X"],"terminus":1,"mode":"bus","color":"#0059a9","colorDark":"#00294f","angle":315.7,"snapDist":3,"label":1}},{"type":"Feature","geometry":{"type":"Point","coordinates":[18.456884,54.456287]},"properties":{"name":"Kacze Buki","lines":"23, 27, 31, 121, 181, 710, 740, K, N10, N30, R, X","arr":["23","27","31","121","181","710","740","K","N10","N30","R","X"],"terminus":1,"mode":"bus","color":"#0059a9","colorDark":"#00294f","angle":129.7,"snapDist":8,"label":0}},{"type":"Feature","geometry":{"type":"Point","coordinates":[18.455885,54.45789]},"properties":{"name":"Krzemowa","lines":"23, 27, 31, 121, 181, 710, 740, K, N10, N30, R, X","arr":["23","27","31","121","181","710","740","K","N10","N30","R","X"],"terminus":0,"mode":"bus","color":"#0059a9","colorDark":"#00294f","angle":38.8,"snapDist":9,"label":0}},{"type":"Feature","geometry":{"type":"Point","coordinates":[18.451432,54.461098]},"properties":{"name":"Rdestowa - Kolonia","lines":"23, 27, 31, 121, 171, 181, 191, 193, 710, 740, K, N10, N30, R, X","arr":["23","27","31","121","171","181","191","193","710","740","K","N10","N30","R","X"],"terminus":0,"mode":"bus","color":"#0059a9","colorDark":"#00294f","angle":133.2,"snapDist":6,"label":0}},{"type":"Feature","geometry":{"type":"Point","coordinates":[18.455128,54.462856]},"properties":{"name":"Leśna Polana","lines":"23, 27, 31, 121, 171, 181, 191, 193, 710, 740, K, N10, N30, R, X","arr":["23","27","31","121","171","181","191","193","710","740","K","N10","N30","R","X"],"terminus":0,"mode":"bus","color":"#0059a9","colorDark":"#00294f","angle":140.9,"snapDist":2,"label":0}},{"type":"Feature","geometry":{"type":"Point","coordinates":[18.45734,54.463909]},"properties":{"name":"Rdestowa - Leśny Zakątek","lines":"23, 27, 31, 121, 171, 181, 191, 193, 710, 740, K, N10, N30, R, X","arr":["23","27","31","121","171","181","191","193","710","740","K","N10","N30","R","X"],"terminus":0,"mode":"bus","color":"#0059a9","colorDark":"#00294f","angle":140.7,"snapDist":7,"label":0}},{"type":"Feature","geometry":{"type":"Point","coordinates":[18.46155,54.465893]},"properties":{"name":"Szafranowa","lines":"23, 27, 31, 121, 171, 181, 191, 193, 710, 740, K, N10, N30, R, X","arr":["23","27","31","121","171","181","191","193","710","740","K","N10","N30","R","X"],"terminus":0,"mode":"bus","color":"#0059a9","colorDark":"#00294f","angle":140.9,"snapDist":6,"label":0}},{"type":"Feature","geometry":{"type":"Point","coordinates":[18.466842,54.468391]},"properties":{"name":"Paprykowa","lines":"23, 27, 31, 121, 171, 181, 191, 193, 710, 740, K, N10, N30, R, X","arr":["23","27","31","121","171","181","191","193","710","740","K","N10","N30","R","X"],"terminus":0,"mode":"bus","color":"#0059a9","colorDark":"#00294f","angle":140.4,"snapDist":6,"label":0}},{"type":"Feature","geometry":{"type":"Point","coordinates":[18.467941,54.470811]},"properties":{"name":"Kameliowa","lines":"23, 27, 31, 121, 171, 181, 191, 193, 710, 740, K, N10, N30, R, X","arr":["23","27","31","121","171","181","191","193","710","740","K","N10","N30","R","X"],"terminus":0,"mode":"bus","color":"#0059a9","colorDark":"#00294f","angle":65.2,"snapDist":8,"label":0}},{"type":"Feature","geometry":{"type":"Point","coordinates":[18.466226,54.473998]},"properties":{"name":"Dąbrowa Centrum","lines":"23, 24, 27, 31, 147, 171, 181, 191, 193, 710, 740, N10, N20, N30, R, X","arr":["23","24","27","31","147","171","181","191","193","710","740","N10","N20","N30","R","X"],"terminus":0,"mode":"bus","color":"#0059a9","colorDark":"#00294f","angle":177.2,"snapDist":5,"label":0}},{"type":"Feature","geometry":{"type":"Point","coordinates":[18.46977,54.474907]},"properties":{"name":"Anyżowa","lines":"23, 24, 27, 31, 147, 171, 181, 191, 193, 710, 740, N10, N20, N30, X","arr":["23","24","27","31","147","171","181","191","193","710","740","N10","N20","N30","X"],"terminus":0,"mode":"bus","color":"#0059a9","colorDark":"#00294f","angle":153.8,"snapDist":6,"label":0}},{"type":"Feature","geometry":{"type":"Point","coordinates":[18.478174,54.47352]},"properties":{"name":"Karwiny Nowowiczlińska","lines":"23, 24, 27, 31, 181, 710, 740, N10, N30, R","arr":["23","24","27","31","181","710","740","N10","N30","R"],"terminus":0,"mode":"bus","color":"#0059a9","colorDark":"#00294f","angle":217.2,"snapDist":7,"label":0}},{"type":"Feature","geometry":{"type":"Point","coordinates":[18.485724,54.471148]},"properties":{"name":"Górnicza","lines":"23, 24, 27, 31, 181, 710, 740, N10, N30","arr":["23","24","27","31","181","710","740","N10","N30"],"terminus":0,"mode":"bus","color":"#0059a9","colorDark":"#00294f","angle":183.2,"snapDist":7,"label":1}},{"type":"Feature","geometry":{"type":"Point","coordinates":[18.490713,54.471006]},"properties":{"name":"Myśliwska","lines":"23, 24, 27, 29, 31, 33, 145, 153, 180, 181, 710, 740, N10, N30, R, Z","arr":["23","24","27","29","31","33","145","153","180","181","710","740","N10","N30","R","Z"],"terminus":0,"mode":"bus","color":"#0059a9","colorDark":"#00294f","angle":182.6,"snapDist":8,"label":0}},{"type":"Feature","geometry":{"type":"Point","coordinates":[18.497353,54.469896]},"properties":{"name":"Źródło Marii","lines":"23, 24, 27, 29, 31, 33, 145, 153, 180, 181, 710, 740, N10, N30, R, Z","arr":["23","24","27","29","31","33","145","153","180","181","710","740","N10","N30","R","Z"],"terminus":0,"mode":"bus","color":"#0059a9","colorDark":"#00294f","angle":200.7,"snapDist":8,"label":0}},{"type":"Feature","geometry":{"type":"Point","coordinates":[18.501184,54.469451]},"properties":{"name":"Nałkowskiej","lines":"23, 24, 27, 29, 31, 33, 145, 153, 180, 181, 710, 740, N10, N30","arr":["23","24","27","29","31","33","145","153","180","181","710","740","N10","N30"],"terminus":0,"mode":"bus","color":"#0059a9","colorDark":"#00294f","angle":188.3,"snapDist":9,"label":0}},{"type":"Feature","geometry":{"type":"Point","coordinates":[18.507797,54.468887]},"properties":{"name":"Karwiny PKM","lines":"23, 24, 27, 29, 31, 32, 33, 145, 180, 181, 710, 740, N10, N30, R, Z","arr":["23","24","27","29","31","32","33","145","180","181","710","740","N10","N30","R","Z"],"terminus":0,"mode":"bus","color":"#0059a9","colorDark":"#00294f","angle":194.2,"snapDist":10,"label":0}},{"type":"Feature","geometry":{"type":"Point","coordinates":[18.514742,54.473508]},"properties":{"name":"Racławicka","lines":"23, 24, 27, 29, 31, 32, 33, 180, 710, 740, N10, N30","arr":["23","24","27","29","31","32","33","180","710","740","N10","N30"],"terminus":0,"mode":"bus","color":"#0059a9","colorDark":"#00294f","angle":117.6,"snapDist":2,"label":0}},{"type":"Feature","geometry":{"type":"Point","coordinates":[18.517256,54.475727]},"properties":{"name":"Lidzka","lines":"23, 24, 27, 29, 31, 32, 33, 180, 710, 740, N10, N30, R","arr":["23","24","27","29","31","32","33","180","710","740","N10","N30","R"],"terminus":0,"mode":"bus","color":"#0059a9","colorDark":"#00294f","angle":140.3,"snapDist":2,"label":0}},{"type":"Feature","geometry":{"type":"Point","coordinates":[18.524028,54.478297]},"properties":{"name":"Olgierda","lines":"23, 24, 27, 29, 31, 32, 33, 180, 710, 740, N10, N30","arr":["23","24","27","29","31","32","33","180","710","740","N10","N30"],"terminus":0,"mode":"bus","color":"#0059a9","colorDark":"#00294f","angle":148.4,"snapDist":10,"label":0}},{"type":"Feature","geometry":{"type":"Point","coordinates":[18.531094,54.480966]},"properties":{"name":"Łowicka","lines":"23, 24, 27, 29, 31, 32, 33, 180, 710, 740, N10, N30","arr":["23","24","27","29","31","32","33","180","710","740","N10","N30"],"terminus":0,"mode":"bus","color":"#0059a9","colorDark":"#00294f","angle":136.5,"snapDist":7,"label":0}},{"type":"Feature","geometry":{"type":"Point","coordinates":[18.53841,54.483383]},"properties":{"name":"Plac Górnośląski","lines":"23, 24, 27, 29, 31, 32, 33, 180, 203, 252, 710, 740, N10, N30, R, Z","arr":["23","24","27","29","31","32","33","180","203","252","710","740","N10","N30","R","Z"],"terminus":0,"mode":"bus","color":"#0059a9","colorDark":"#00294f","angle":153.1,"snapDist":3,"label":0}},{"type":"Feature","geometry":{"type":"Point","coordinates":[18.518426,54.527855]},"properties":{"name":"Węzeł Ofiar Grudnia '70","lines":"23, 24, 33, 723","arr":["23","24","33","723"],"terminus":0,"mode":"bus","color":"#149a3f","colorDark":"#0a5121","angle":79.3,"snapDist":3,"label":0}},{"type":"Feature","geometry":{"type":"Point","coordinates":[18.517108,54.532084]},"properties":{"name":"Stocznia Gdynia","lines":"23, 24, 33, 723","arr":["23","24","33","723"],"terminus":1,"mode":"bus","color":"#149a3f","colorDark":"#0a5121","angle":-103.9,"snapDist":18,"label":0}},{"type":"Feature","geometry":{"type":"Point","coordinates":[18.464129,54.474492]},"properties":{"name":"Dąbrowa Centrum","lines":"24, 121, 140, 147, K, N20","arr":["24","121","140","147","K","N20"],"terminus":1,"mode":"bus","color":"#0059a9","colorDark":"#00294f","angle":31.3,"snapDist":8,"label":1}},{"type":"Feature","geometry":{"type":"Point","coordinates":[18.456909,54.474338]},"properties":{"name":"Piołunowa","lines":"24","arr":["24"],"terminus":0,"mode":"bus","color":"#149a3f","colorDark":"#0a5121","angle":0.4,"snapDist":7,"label":1}},{"type":"Feature","geometry":{"type":"Point","coordinates":[18.452704,54.472284]},"properties":{"name":"Tymiankowa","lines":"24","arr":["24"],"terminus":0,"mode":"bus","color":"#149a3f","colorDark":"#0a5121","angle":308.9,"snapDist":3,"label":1}},{"type":"Feature","geometry":{"type":"Point","coordinates":[18.449758,54.471612]},"properties":{"name":"Dąbrowa Miętowa","lines":"24","arr":["24"],"terminus":1,"mode":"bus","color":"#149a3f","colorDark":"#0a5121","angle":20.6,"snapDist":8,"label":1}},{"type":"Feature","geometry":{"type":"Point","coordinates":[18.450268,54.471425]},"properties":{"name":"Dąbrowa Miętowa","lines":"24","arr":["24"],"terminus":1,"mode":"bus","color":"#149a3f","colorDark":"#0a5121","angle":152.6,"snapDist":3,"label":0}},{"type":"Feature","geometry":{"type":"Point","coordinates":[18.452958,54.472467]},"properties":{"name":"Tymiankowa","lines":"24","arr":["24"],"terminus":0,"mode":"bus","color":"#149a3f","colorDark":"#0a5121","angle":128,"snapDist":7,"label":0}},{"type":"Feature","geometry":{"type":"Point","coordinates":[18.458001,54.474334]},"properties":{"name":"Piołunowa","lines":"24","arr":["24"],"terminus":0,"mode":"bus","color":"#149a3f","colorDark":"#0a5121","angle":180.6,"snapDist":5,"label":0}},{"type":"Feature","geometry":{"type":"Point","coordinates":[18.444156,54.549811]},"properties":{"name":"Cisowa SKM","lines":"25, N20","arr":["25","N20"],"terminus":1,"mode":"bus","color":"#0059a9","colorDark":"#00294f","angle":14.5,"snapDist":1,"label":0}},{"type":"Feature","geometry":{"type":"Point","coordinates":[18.44201,54.548438]},"properties":{"name":"Rzepakowa","lines":"25, N20","arr":["25","N20"],"terminus":0,"mode":"bus","color":"#0059a9","colorDark":"#00294f","angle":2.5,"snapDist":7,"label":1}},{"type":"Feature","geometry":{"type":"Point","coordinates":[18.434428,54.548862]},"properties":{"name":"Janowska","lines":"25, N20","arr":["25","N20"],"terminus":0,"mode":"bus","color":"#0059a9","colorDark":"#00294f","angle":5.4,"snapDist":8,"label":1}},{"type":"Feature","geometry":{"type":"Point","coordinates":[18.435014,54.547869]},"properties":{"name":"Cisowa Sibeliusa","lines":"25, 26, 30, 173, 197, N20","arr":["25","26","30","173","197","N20"],"terminus":1,"mode":"bus","color":"#0059a9","colorDark":"#00294f","angle":207.6,"snapDist":6,"label":1}},{"type":"Feature","geometry":{"type":"Point","coordinates":[18.442193,54.546135]},"properties":{"name":"Owsiana","lines":"25, 26, 30, 173, 197, N20","arr":["25","26","30","173","197","N20"],"terminus":0,"mode":"bus","color":"#0059a9","colorDark":"#00294f","angle":199.2,"snapDist":6,"label":1}},{"type":"Feature","geometry":{"type":"Point","coordinates":[18.448773,54.544735]},"properties":{"name":"Zbożowa","lines":"25, 26, 30, 173, 197, N20","arr":["25","26","30","173","197","N20"],"terminus":0,"mode":"bus","color":"#0059a9","colorDark":"#00294f","angle":201.2,"snapDist":4,"label":1}},{"type":"Feature","geometry":{"type":"Point","coordinates":[18.451326,54.544154]},"properties":{"name":"Morska - Kcyńska","lines":"25, 26, 30, 173, 197, N20","arr":["25","26","30","173","197","N20"],"terminus":0,"mode":"bus","color":"#0059a9","colorDark":"#00294f","angle":201.3,"snapDist":6,"label":1}},{"type":"Feature","geometry":{"type":"Point","coordinates":[18.461433,54.541548]},"properties":{"name":"Chylonia Centrum","lines":"25, 26, 30, 34, 197, K, S, W","arr":["25","26","30","34","197","K","S","W"],"terminus":0,"mode":"bus","color":"#0059a9","colorDark":"#00294f","angle":206.6,"snapDist":5,"label":1}},{"type":"Feature","geometry":{"type":"Point","coordinates":[18.472026,54.538215]},"properties":{"name":"Wiejska","lines":"25, 26, 30, 34, 102, 197, K, S, W","arr":["25","26","30","34","102","197","K","S","W"],"terminus":0,"mode":"bus","color":"#0059a9","colorDark":"#00294f","angle":211.2,"snapDist":4,"label":1}},{"type":"Feature","geometry":{"type":"Point","coordinates":[18.528188,54.520551]},"properties":{"name":"Gdynia Dworzec Gł. PKP - Morska","lines":"25, 28, 34, 102, 105, 109, 125, 196, 204, 326, 723, G, N20, N30, N40, S, W","arr":["25","28","34","102","105","109","125","196","204","326","723","G","N20","N30","N40","S","W"],"terminus":0,"mode":"bus","color":"#0059a9","colorDark":"#00294f","angle":224,"snapDist":6,"label":1}},{"type":"Feature","geometry":{"type":"Point","coordinates":[18.535924,54.522176]},"properties":{"name":"3 Maja - Hala","lines":"25, 28","arr":["25","28"],"terminus":1,"mode":"bus","color":"#149a3f","colorDark":"#0a5121","angle":176.6,"snapDist":6,"label":1}},{"type":"Feature","geometry":{"type":"Point","coordinates":[18.536853,54.522213]},"properties":{"name":"3 Maja - Hala","lines":"25, 28","arr":["25","28"],"terminus":1,"mode":"bus","color":"#149a3f","colorDark":"#0a5121","angle":175.8,"snapDist":6,"label":0}},{"type":"Feature","geometry":{"type":"Point","coordinates":[18.529553,54.519961]},"properties":{"name":"Gdynia Dworzec Gł. PKP - Morska","lines":"25, 28, 34, 102, 105, 109, 125, 326, 710, G, N20, N30, N40, S, W","arr":["25","28","34","102","105","109","125","326","710","G","N20","N30","N40","S","W"],"terminus":0,"mode":"bus","color":"#0059a9","colorDark":"#00294f","angle":48.3,"snapDist":3,"label":0}},{"type":"Feature","geometry":{"type":"Point","coordinates":[18.477761,54.536366]},"properties":{"name":"Zamenhofa","lines":"25, 26, 30, 34, 102, 197","arr":["25","26","30","34","102","197"],"terminus":0,"mode":"bus","color":"#0059a9","colorDark":"#00294f","angle":26.9,"snapDist":6,"label":0}},{"type":"Feature","geometry":{"type":"Point","coordinates":[18.470527,54.538859]},"properties":{"name":"Wiejska","lines":"25, 26, 30, 34, 197, K, S, W","arr":["25","26","30","34","197","K","S","W"],"terminus":0,"mode":"bus","color":"#0059a9","colorDark":"#00294f","angle":31.2,"snapDist":8,"label":0}},{"type":"Feature","geometry":{"type":"Point","coordinates":[18.46,54.542095]},"properties":{"name":"Chylonia Centrum","lines":"25, 26, 30, 173, 197, K","arr":["25","26","30","173","197","K"],"terminus":0,"mode":"bus","color":"#0059a9","colorDark":"#00294f","angle":26.8,"snapDist":4,"label":0}},{"type":"Feature","geometry":{"type":"Point","coordinates":[18.451045,54.544333]},"properties":{"name":"Morska - Kcyńska","lines":"25, 26, 30, 173, 197","arr":["25","26","30","173","197"],"terminus":0,"mode":"bus","color":"#0059a9","colorDark":"#00294f","angle":21.5,"snapDist":4,"label":0}},{"type":"Feature","geometry":{"type":"Point","coordinates":[18.446969,54.54528]},"properties":{"name":"Zbożowa","lines":"25, 26, 30, 173, 197","arr":["25","26","30","173","197"],"terminus":0,"mode":"bus","color":"#0059a9","colorDark":"#00294f","angle":21.4,"snapDist":4,"label":0}},{"type":"Feature","geometry":{"type":"Point","coordinates":[18.44048,54.546576]},"properties":{"name":"Owsiana","lines":"25, 26, 30, 173, 197","arr":["25","26","30","173","197"],"terminus":0,"mode":"bus","color":"#0059a9","colorDark":"#00294f","angle":18.5,"snapDist":4,"label":0}},{"type":"Feature","geometry":{"type":"Point","coordinates":[18.434819,54.548841]},"properties":{"name":"Janowska","lines":"25","arr":["25"],"terminus":0,"mode":"bus","color":"#149a3f","colorDark":"#0a5121","angle":185.3,"snapDist":7,"label":0}},{"type":"Feature","geometry":{"type":"Point","coordinates":[18.441449,54.548469]},"properties":{"name":"Rzepakowa","lines":"25","arr":["25"],"terminus":0,"mode":"bus","color":"#149a3f","colorDark":"#0a5121","angle":188.8,"snapDist":7,"label":0}},{"type":"Feature","geometry":{"type":"Point","coordinates":[18.552967,54.476102]},"properties":{"name":"Orłowo SKM - \"Klif\"","lines":"26, 134, 326","arr":["26","134","326"],"terminus":1,"mode":"bus","color":"#0059a9","colorDark":"#00294f","angle":276.3,"snapDist":8,"label":1}},{"type":"Feature","geometry":{"type":"Point","coordinates":[18.552932,54.475919]},"properties":{"name":"Orłowo SKM - \"Klif\"","lines":"26, 134, 326","arr":["26","134","326"],"terminus":1,"mode":"bus","color":"#0059a9","colorDark":"#00294f","angle":276.4,"snapDist":1,"label":0}},{"type":"Feature","geometry":{"type":"Point","coordinates":[18.433869,54.548216]},"properties":{"name":"Cisowa Sibeliusa","lines":"26, 30, 197","arr":["26","30","197"],"terminus":1,"mode":"bus","color":"#0059a9","colorDark":"#00294f","angle":207.6,"snapDist":8,"label":0}},{"type":"Feature","geometry":{"type":"Point","coordinates":[18.532983,54.503016]},"properties":{"name":"Centrum Handlowe \"Riviera\"","lines":"27, 109, 209","arr":["27","109","209"],"terminus":0,"mode":"bus","color":"#0059a9","colorDark":"#00294f","angle":277.8,"snapDist":6,"label":1}},{"type":"Feature","geometry":{"type":"Point","coordinates":[18.53248,54.498729]},"properties":{"name":"Gdynia Arena","lines":"27, 109, 209","arr":["27","109","209"],"terminus":0,"mode":"bus","color":"#0059a9","colorDark":"#00294f","angle":272.7,"snapDist":3,"label":1}},{"type":"Feature","geometry":{"type":"Point","coordinates":[18.533042,54.496694]},"properties":{"name":"Stadion PKM","lines":"27, 109, 192, 209","arr":["27","109","192","209"],"terminus":0,"mode":"bus","color":"#0059a9","colorDark":"#00294f","angle":178.7,"snapDist":1,"label":1}},{"type":"Feature","geometry":{"type":"Point","coordinates":[18.534797,54.494872]},"properties":{"name":"Łużycka","lines":"27, 109, 192, 209","arr":["27","109","192","209"],"terminus":0,"mode":"bus","color":"#0059a9","colorDark":"#00294f","angle":267.8,"snapDist":5,"label":1}},{"type":"Feature","geometry":{"type":"Point","coordinates":[18.538982,54.492035]},"properties":{"name":"Redłowo SKM","lines":"27, 121, 152, 192, 203","arr":["27","121","152","192","203"],"terminus":0,"mode":"bus","color":"#0059a9","colorDark":"#00294f","angle":163.5,"snapDist":4,"label":0}},{"type":"Feature","geometry":{"type":"Point","coordinates":[18.536716,54.491703]},"properties":{"name":"Redłowo SKM","lines":"27, 121, 152, 192, 203","arr":["27","121","152","192","203"],"terminus":0,"mode":"bus","color":"#0059a9","colorDark":"#00294f","angle":346,"snapDist":4,"label":0}},{"type":"Feature","geometry":{"type":"Point","coordinates":[18.534839,54.494239]},"properties":{"name":"Łużycka","lines":"27, 109, 192","arr":["27","109","192"],"terminus":0,"mode":"bus","color":"#0059a9","colorDark":"#00294f","angle":267.9,"snapDist":3,"label":0}},{"type":"Feature","geometry":{"type":"Point","coordinates":[18.532397,54.497711]},"properties":{"name":"Gdynia Arena","lines":"27, 109","arr":["27","109"],"terminus":0,"mode":"bus","color":"#0059a9","colorDark":"#00294f","angle":92.6,"snapDist":3,"label":0}},{"type":"Feature","geometry":{"type":"Point","coordinates":[18.533117,54.503827]},"properties":{"name":"Centrum Handlowe \"Riviera\"","lines":"27, 109","arr":["27","109"],"terminus":0,"mode":"bus","color":"#0059a9","colorDark":"#00294f","angle":93.8,"snapDist":8,"label":0}},{"type":"Feature","geometry":{"type":"Point","coordinates":[18.534732,54.507486]},"properties":{"name":"Węzeł Franciszki Cegielskiej","lines":"27","arr":["27"],"terminus":0,"mode":"bus","color":"#149a3f","colorDark":"#0a5121","angle":94.4,"snapDist":9,"label":0}},{"type":"Feature","geometry":{"type":"Point","coordinates":[18.434739,54.539057]},"properties":{"name":"Pustki Cisowskie","lines":"28, 159, N20, S, W","arr":["28","159","N20","S","W"],"terminus":1,"mode":"bus","color":"#0059a9","colorDark":"#00294f","angle":178.4,"snapDist":3,"label":1}},{"type":"Feature","geometry":{"type":"Point","coordinates":[18.439295,54.53762]},"properties":{"name":"Żurawia","lines":"28, 159, N20, S, W","arr":["28","159","N20","S","W"],"terminus":0,"mode":"bus","color":"#0059a9","colorDark":"#00294f","angle":254.9,"snapDist":4,"label":1}},{"type":"Feature","geometry":{"type":"Point","coordinates":[18.445116,54.534244]},"properties":{"name":"Wiklinowa","lines":"28, 159, N20, S, W","arr":["28","159","N20","S","W"],"terminus":0,"mode":"bus","color":"#0059a9","colorDark":"#00294f","angle":213.9,"snapDist":2,"label":1}},{"type":"Feature","geometry":{"type":"Point","coordinates":[18.447519,54.533502]},"properties":{"name":"Bławatna","lines":"28, 159, N20, S, W","arr":["28","159","N20","S","W"],"terminus":0,"mode":"bus","color":"#0059a9","colorDark":"#00294f","angle":198.6,"snapDist":2,"label":1}},{"type":"Feature","geometry":{"type":"Point","coordinates":[18.453855,54.53418]},"properties":{"name":"Jaskółcza","lines":"28, 159, 191, 288, N20, S, W","arr":["28","159","191","288","N20","S","W"],"terminus":0,"mode":"bus","color":"#0059a9","colorDark":"#00294f","angle":134.6,"snapDist":3,"label":1}},{"type":"Feature","geometry":{"type":"Point","coordinates":[18.458361,54.537961]},"properties":{"name":"Raduńska","lines":"28, 34, 102, 114, 159, 191, 288, N20, S, W","arr":["28","34","102","114","159","191","288","N20","S","W"],"terminus":0,"mode":"bus","color":"#0059a9","colorDark":"#00294f","angle":108,"snapDist":4,"label":1}},{"type":"Feature","geometry":{"type":"Point","coordinates":[18.459969,54.540731]},"properties":{"name":"Chylonia Centrum","lines":"28, 102, 114, 159, 191, 288, N20","arr":["28","102","114","159","191","288","N20"],"terminus":0,"mode":"bus","color":"#0059a9","colorDark":"#00294f","angle":109.6,"snapDist":7,"label":0}},{"type":"Feature","geometry":{"type":"Point","coordinates":[18.462375,54.545624]},"properties":{"name":"Chylonia Dworzec PKP","lines":"28, 102, 114, 159, 173, 191, 288","arr":["28","102","114","159","173","191","288"],"terminus":1,"mode":"bus","color":"#0059a9","colorDark":"#00294f","angle":23.9,"snapDist":9,"label":1}},{"type":"Feature","geometry":{"type":"Point","coordinates":[18.460154,54.541025]},"properties":{"name":"Chylonia Centrum","lines":"28, 34, 102, 114, 159, 191, 288, N20, S, W","arr":["28","34","102","114","159","191","288","N20","S","W"],"terminus":0,"mode":"bus","color":"#0059a9","colorDark":"#00294f","angle":290.9,"snapDist":4,"label":0}},{"type":"Feature","geometry":{"type":"Point","coordinates":[18.458407,54.538043]},"properties":{"name":"Raduńska","lines":"28, 34, 102, 114, 159, 191, 288, N20, S, W","arr":["28","34","102","114","159","191","288","N20","S","W"],"terminus":0,"mode":"bus","color":"#0059a9","colorDark":"#00294f","angle":288,"snapDist":4,"label":0}},{"type":"Feature","geometry":{"type":"Point","coordinates":[18.453334,54.53387]},"properties":{"name":"Jaskółcza","lines":"28, 159, 191, 288, N20, S, W","arr":["28","159","191","288","N20","S","W"],"terminus":0,"mode":"bus","color":"#0059a9","colorDark":"#00294f","angle":314.8,"snapDist":3,"label":0}},{"type":"Feature","geometry":{"type":"Point","coordinates":[18.448289,54.533353]},"properties":{"name":"Bławatna","lines":"28, 159, N20, S, W","arr":["28","159","N20","S","W"],"terminus":0,"mode":"bus","color":"#0059a9","colorDark":"#00294f","angle":18.2,"snapDist":4,"label":0}},{"type":"Feature","geometry":{"type":"Point","coordinates":[18.444107,54.534705]},"properties":{"name":"Wiklinowa","lines":"28, 159, N20, S, W","arr":["28","159","N20","S","W"],"terminus":0,"mode":"bus","color":"#0059a9","colorDark":"#00294f","angle":41.4,"snapDist":2,"label":0}},{"type":"Feature","geometry":{"type":"Point","coordinates":[18.439146,54.537899]},"properties":{"name":"Żurawia","lines":"28, 159, N20, S, W","arr":["28","159","N20","S","W"],"terminus":0,"mode":"bus","color":"#0059a9","colorDark":"#00294f","angle":70.2,"snapDist":4,"label":0}},{"type":"Feature","geometry":{"type":"Point","coordinates":[18.434526,54.539244]},"properties":{"name":"Pustki Cisowskie","lines":"28, 159, S, W","arr":["28","159","S","W"],"terminus":1,"mode":"bus","color":"#0059a9","colorDark":"#00294f","angle":46.1,"snapDist":5,"label":0}},{"type":"Feature","geometry":{"type":"Point","coordinates":[18.530414,54.521621]},"properties":{"name":"Gdynia Dworzec Gł. PKP","lines":"29, 140, 147, 160, Z","arr":["29","140","147","160","Z"],"terminus":1,"mode":"bus","color":"#0059a9","colorDark":"#00294f","angle":215.4,"snapDist":4,"label":0}},{"type":"Feature","geometry":{"type":"Point","coordinates":[18.490654,54.470139]},"properties":{"name":"Lipowa","lines":"29, 153","arr":["29","153"],"terminus":0,"mode":"bus","color":"#0059a9","colorDark":"#00294f","angle":-160.3,"snapDist":5,"label":1}},{"type":"Feature","geometry":{"type":"Point","coordinates":[18.487526,54.467753]},"properties":{"name":"Gryfa Pomorskiego","lines":"29","arr":["29"],"terminus":0,"mode":"bus","color":"#149a3f","colorDark":"#0a5121","angle":338.2,"snapDist":4,"label":1}},{"type":"Feature","geometry":{"type":"Point","coordinates":[18.48347,54.465674]},"properties":{"name":"Wielki Kack Fikakowo","lines":"29","arr":["29"],"terminus":1,"mode":"bus","color":"#149a3f","colorDark":"#0a5121","angle":56,"snapDist":3,"label":1}},{"type":"Feature","geometry":{"type":"Point","coordinates":[18.483528,54.465528]},"properties":{"name":"Wielki Kack Fikakowo","lines":"29, 153","arr":["29","153"],"terminus":1,"mode":"bus","color":"#0059a9","colorDark":"#00294f","angle":190.5,"snapDist":4,"label":0}},{"type":"Feature","geometry":{"type":"Point","coordinates":[18.487229,54.467681]},"properties":{"name":"Gryfa Pomorskiego","lines":"29, 153","arr":["29","153"],"terminus":0,"mode":"bus","color":"#0059a9","colorDark":"#00294f","angle":156.5,"snapDist":5,"label":0}},{"type":"Feature","geometry":{"type":"Point","coordinates":[18.49089,54.470091]},"properties":{"name":"Lipowa","lines":"29, 153","arr":["29","153"],"terminus":0,"mode":"bus","color":"#0059a9","colorDark":"#00294f","angle":18.7,"snapDist":8,"label":0}},{"type":"Feature","geometry":{"type":"Point","coordinates":[18.567408,54.435924]},"properties":{"name":"Władysława IV","lines":"31, 177, 187","arr":["31","177","187"],"terminus":0,"mode":"bus","color":"#0059a9","colorDark":"#00294f","angle":154,"snapDist":9,"label":1}},{"type":"Feature","geometry":{"type":"Point","coordinates":[18.569811,54.434745]},"properties":{"name":"Jana z Kolna","lines":"31, 144","arr":["31","144"],"terminus":0,"mode":"bus","color":"#0059a9","colorDark":"#00294f","angle":235.1,"snapDist":1,"label":1}},{"type":"Feature","geometry":{"type":"Point","coordinates":[18.573626,54.430536]},"properties":{"name":"Łokietka","lines":"31","arr":["31"],"terminus":0,"mode":"bus","color":"#149a3f","colorDark":"#0a5121","angle":249.5,"snapDist":5,"label":1}},{"type":"Feature","geometry":{"type":"Point","coordinates":[18.576142,54.426224]},"properties":{"name":"Ergo Arena","lines":"31","arr":["31"],"terminus":0,"mode":"bus","color":"#149a3f","colorDark":"#0a5121","angle":264.3,"snapDist":9,"label":1}},{"type":"Feature","geometry":{"type":"Point","coordinates":[18.581571,54.425319]},"properties":{"name":"Ergo Arena","lines":"31","arr":["31"],"terminus":1,"mode":"bus","color":"#149a3f","colorDark":"#0a5121","angle":184.3,"snapDist":2,"label":1}},{"type":"Feature","geometry":{"type":"Point","coordinates":[18.580981,54.425749]},"properties":{"name":"Ergo Arena","lines":"31","arr":["31"],"terminus":1,"mode":"bus","color":"#149a3f","colorDark":"#0a5121","angle":359.5,"snapDist":5,"label":0}},{"type":"Feature","geometry":{"type":"Point","coordinates":[18.575867,54.426687]},"properties":{"name":"Ergo Arena","lines":"31","arr":["31"],"terminus":0,"mode":"bus","color":"#149a3f","colorDark":"#0a5121","angle":69.8,"snapDist":3,"label":0}},{"type":"Feature","geometry":{"type":"Point","coordinates":[18.57425,54.429483]},"properties":{"name":"Łokietka","lines":"31","arr":["31"],"terminus":0,"mode":"bus","color":"#149a3f","colorDark":"#0a5121","angle":75.4,"snapDist":8,"label":0}},{"type":"Feature","geometry":{"type":"Point","coordinates":[18.571236,54.433306]},"properties":{"name":"Mierosławskiego","lines":"31, 144, 185","arr":["31","144","185"],"terminus":0,"mode":"bus","color":"#0059a9","colorDark":"#00294f","angle":62,"snapDist":3,"label":1}},{"type":"Feature","geometry":{"type":"Point","coordinates":[18.567727,54.436016]},"properties":{"name":"Władysława IV","lines":"31","arr":["31"],"terminus":0,"mode":"bus","color":"#149a3f","colorDark":"#0a5121","angle":333.5,"snapDist":7,"label":0}},{"type":"Feature","geometry":{"type":"Point","coordinates":[18.466594,54.560738]},"properties":{"name":"Pogórze Dolne Złota","lines":"32","arr":["32"],"terminus":1,"mode":"bus","color":"#149a3f","colorDark":"#0a5121","angle":169.7,"snapDist":5,"label":1}},{"type":"Feature","geometry":{"type":"Point","coordinates":[18.471994,54.559126]},"properties":{"name":"Kadmowa","lines":"32","arr":["32"],"terminus":0,"mode":"bus","color":"#149a3f","colorDark":"#0a5121","angle":197.8,"snapDist":3,"label":1}},{"type":"Feature","geometry":{"type":"Point","coordinates":[18.47888,54.55723]},"properties":{"name":"Pogórze Dolne","lines":"32, 105, 125, 135, 146, 173, 198, 365, N40","arr":["32","105","125","135","146","173","198","365","N40"],"terminus":1,"mode":"bus","color":"#0059a9","colorDark":"#00294f","angle":214.4,"snapDist":8,"label":1}},{"type":"Feature","geometry":{"type":"Point","coordinates":[18.483941,54.555731]},"properties":{"name":"Żelazna","lines":"32, 105, 125, 135, 146, 173, 198, 365, N40","arr":["32","105","125","135","146","173","198","365","N40"],"terminus":0,"mode":"bus","color":"#0059a9","colorDark":"#00294f","angle":193.7,"snapDist":8,"label":1}},{"type":"Feature","geometry":{"type":"Point","coordinates":[18.492187,54.554799]},"properties":{"name":"Żeliwna","lines":"32, 105, 125, 135, 146, 173, 198, 365, N40","arr":["32","105","125","135","146","173","198","365","N40"],"terminus":0,"mode":"bus","color":"#0059a9","colorDark":"#00294f","angle":189.5,"snapDist":9,"label":1}},{"type":"Feature","geometry":{"type":"Point","coordinates":[18.499802,54.553373]},"properties":{"name":"Podgórska","lines":"32, 105, 125, 135, 146, 173, 198, 365, N40","arr":["32","105","125","135","146","173","198","365","N40"],"terminus":0,"mode":"bus","color":"#0059a9","colorDark":"#00294f","angle":198.8,"snapDist":6,"label":1}},{"type":"Feature","geometry":{"type":"Point","coordinates":[18.503393,54.552403]},"properties":{"name":"Kuśnierska","lines":"32, 105, 125, 135, 146, 173, 198, 365, N40","arr":["32","105","125","135","146","173","198","365","N40"],"terminus":0,"mode":"bus","color":"#0059a9","colorDark":"#00294f","angle":215.5,"snapDist":7,"label":1}},{"type":"Feature","geometry":{"type":"Point","coordinates":[18.506154,54.550856]},"properties":{"name":"Obłuże Centrum","lines":"32, 105, 109, 125, 128, 134, 135, 141, 146, 150, 152, 163, 173, 182, 194, 196, 197, 209, 282, 309, 365, G, K, N10, N40, X","arr":["32","105","109","125","128","134","135","141","146","150","152","163","173","182","194","196","197","209","282","309","365","G","K","N10","N40","X"],"terminus":1,"mode":"bus","color":"#0059a9","colorDark":"#00294f","angle":298.9,"snapDist":5,"label":1}},{"type":"Feature","geometry":{"type":"Point","coordinates":[18.498765,54.539765]},"properties":{"name":"Energetyków","lines":"32, 128, 134, 146, 150, 152, 173, 182, 194, 209, 282, N10, R","arr":["32","128","134","146","150","152","173","182","194","209","282","N10","R"],"terminus":0,"mode":"bus","color":"#0059a9","colorDark":"#00294f","angle":220.2,"snapDist":6,"label":1}},{"type":"Feature","geometry":{"type":"Point","coordinates":[18.510555,54.531281]},"properties":{"name":"Janka Wiśniewskiego","lines":"32, 128, 134, 146, 150, 152, 173, 182, 194, 209, 282, N10","arr":["32","128","134","146","150","152","173","182","194","209","282","N10"],"terminus":0,"mode":"bus","color":"#0059a9","colorDark":"#00294f","angle":230,"snapDist":7,"label":1}},{"type":"Feature","geometry":{"type":"Point","coordinates":[18.516887,54.527935]},"properties":{"name":"Węzeł Ofiar Grudnia '70","lines":"32, 128, 134, 146, 150, 152, 173, 182, 194, 209, 282, N10, R","arr":["32","128","134","146","150","152","173","182","194","209","282","N10","R"],"terminus":0,"mode":"bus","color":"#0059a9","colorDark":"#00294f","angle":220.7,"snapDist":7,"label":0}},{"type":"Feature","geometry":{"type":"Point","coordinates":[18.509405,54.469907]},"properties":{"name":"Karwiny PKM","lines":"32, 145","arr":["32","145"],"terminus":0,"mode":"bus","color":"#0059a9","colorDark":"#00294f","angle":107.7,"snapDist":5,"label":0}},{"type":"Feature","geometry":{"type":"Point","coordinates":[18.508292,54.472656]},"properties":{"name":"Władysława Jagiełły","lines":"32, 145","arr":["32","145"],"terminus":0,"mode":"bus","color":"#0059a9","colorDark":"#00294f","angle":60.6,"snapDist":4,"label":1}},{"type":"Feature","geometry":{"type":"Point","coordinates":[18.504051,54.476249]},"properties":{"name":"Grenadierów","lines":"32, 145","arr":["32","145"],"terminus":0,"mode":"bus","color":"#0059a9","colorDark":"#00294f","angle":49,"snapDist":4,"label":1}},{"type":"Feature","geometry":{"type":"Point","coordinates":[18.502771,54.477725]},"properties":{"name":"Mały Kack Strzelców","lines":"32, 145","arr":["32","145"],"terminus":1,"mode":"bus","color":"#0059a9","colorDark":"#00294f","angle":81.2,"snapDist":10,"label":1}},{"type":"Feature","geometry":{"type":"Point","coordinates":[18.50325,54.477756]},"properties":{"name":"Mały Kack Strzelców","lines":"32, 145","arr":["32","145"],"terminus":1,"mode":"bus","color":"#0059a9","colorDark":"#00294f","angle":264.5,"snapDist":4,"label":0}},{"type":"Feature","geometry":{"type":"Point","coordinates":[18.504783,54.475375]},"properties":{"name":"Grenadierów","lines":"32, 145","arr":["32","145"],"terminus":0,"mode":"bus","color":"#0059a9","colorDark":"#00294f","angle":258.1,"snapDist":6,"label":0}},{"type":"Feature","geometry":{"type":"Point","coordinates":[18.508742,54.472126]},"properties":{"name":"Władysława Jagiełły","lines":"32, 145","arr":["32","145"],"terminus":0,"mode":"bus","color":"#0059a9","colorDark":"#00294f","angle":244.7,"snapDist":4,"label":0}},{"type":"Feature","geometry":{"type":"Point","coordinates":[18.533352,54.52301]},"properties":{"name":"Gdynia Dworzec Gł. PKP - Hala","lines":"32, 104, 119, 128, 134, 146, 150, 152, 173, 182, 194, 196, 282, 770, R","arr":["32","104","119","128","134","146","150","152","173","182","194","196","282","770","R"],"terminus":0,"mode":"bus","color":"#0059a9","colorDark":"#00294f","angle":350.1,"snapDist":5,"label":0}},{"type":"Feature","geometry":{"type":"Point","coordinates":[18.51666,54.528344]},"properties":{"name":"Węzeł Ofiar Grudnia '70","lines":"32, 104, 128, 134, 146, 150, 152, 173, 182, 194, 196, 282, 770, N10, N94, R","arr":["32","104","128","134","146","150","152","173","182","194","196","282","770","N10","N94","R"],"terminus":0,"mode":"bus","color":"#0059a9","colorDark":"#00294f","angle":37.4,"snapDist":6,"label":0}},{"type":"Feature","geometry":{"type":"Point","coordinates":[18.508968,54.532594]},"properties":{"name":"Janka Wiśniewskiego","lines":"32, 104, 128, 134, 146, 150, 152, 173, 182, 194, 196, 282, 770, N10, N94","arr":["32","104","128","134","146","150","152","173","182","194","196","282","770","N10","N94"],"terminus":0,"mode":"bus","color":"#0059a9","colorDark":"#00294f","angle":49.8,"snapDist":6,"label":0}},{"type":"Feature","geometry":{"type":"Point","coordinates":[18.499314,54.539635]},"properties":{"name":"Energetyków","lines":"32, 104, 128, 134, 146, 150, 152, 173, 182, 194, 196, 282, 770, N10, N94, R","arr":["32","104","128","134","146","150","152","173","182","194","196","282","770","N10","N94","R"],"terminus":0,"mode":"bus","color":"#0059a9","colorDark":"#00294f","angle":40.3,"snapDist":7,"label":0}},{"type":"Feature","geometry":{"type":"Point","coordinates":[18.506766,54.550667]},"properties":{"name":"Obłuże Centrum","lines":"32, 105, 125, 128, 135, 146, 173, 194, 365, 770, G, N10, N94","arr":["32","105","125","128","135","146","173","194","365","770","G","N10","N94"],"terminus":1,"mode":"bus","color":"#0059a9","colorDark":"#00294f","angle":122,"snapDist":9,"label":0}},{"type":"Feature","geometry":{"type":"Point","coordinates":[18.503407,54.55264]},"properties":{"name":"Kuśnierska","lines":"32, 105, 125, 135, 146, 173, 198, 365, 770, N10","arr":["32","105","125","135","146","173","198","365","770","N10"],"terminus":0,"mode":"bus","color":"#0059a9","colorDark":"#00294f","angle":26.1,"snapDist":8,"label":0}},{"type":"Feature","geometry":{"type":"Point","coordinates":[18.498253,54.553684]},"properties":{"name":"Podgórska","lines":"32, 105, 125, 135, 146, 173, 198, 365, 770, N10","arr":["32","105","125","135","146","173","198","365","770","N10"],"terminus":0,"mode":"bus","color":"#0059a9","colorDark":"#00294f","angle":19.9,"snapDist":9,"label":0}},{"type":"Feature","geometry":{"type":"Point","coordinates":[18.490807,54.554945]},"properties":{"name":"Żeliwna","lines":"32, 105, 125, 135, 146, 173, 198, 365, 770, N10","arr":["32","105","125","135","146","173","198","365","770","N10"],"terminus":0,"mode":"bus","color":"#0059a9","colorDark":"#00294f","angle":11,"snapDist":10,"label":0}},{"type":"Feature","geometry":{"type":"Point","coordinates":[18.48154,54.556258]},"properties":{"name":"Żelazna","lines":"32, 105, 125, 135, 146, 173, 198, 365, 770, N10","arr":["32","105","125","135","146","173","198","365","770","N10"],"terminus":0,"mode":"bus","color":"#0059a9","colorDark":"#00294f","angle":26.3,"snapDist":7,"label":0}},{"type":"Feature","geometry":{"type":"Point","coordinates":[18.478094,54.557546]},"properties":{"name":"Pogórze Dolne","lines":"32, 105, 135, 146, 165, 173, 198, 365, 770, N10","arr":["32","105","135","146","165","173","198","365","770","N10"],"terminus":0,"mode":"bus","color":"#0059a9","colorDark":"#00294f","angle":34.9,"snapDist":7,"label":0}},{"type":"Feature","geometry":{"type":"Point","coordinates":[18.47244,54.55905]},"properties":{"name":"Kadmowa","lines":"32","arr":["32"],"terminus":0,"mode":"bus","color":"#149a3f","colorDark":"#0a5121","angle":16.7,"snapDist":4,"label":0}},{"type":"Feature","geometry":{"type":"Point","coordinates":[18.466758,54.560794]},"properties":{"name":"Pogórze Dolne Złota","lines":"32","arr":["32"],"terminus":1,"mode":"bus","color":"#149a3f","colorDark":"#0a5121","angle":32.8,"snapDist":7,"label":0}},{"type":"Feature","geometry":{"type":"Point","coordinates":[18.4895,54.473695]},"properties":{"name":"Brzechwy","lines":"33, 145, 180","arr":["33","145","180"],"terminus":0,"mode":"bus","color":"#0059a9","colorDark":"#00294f","angle":14.7,"snapDist":5,"label":1}},{"type":"Feature","geometry":{"type":"Point","coordinates":[18.484539,54.473833]},"properties":{"name":"Karwiny Tuwima","lines":"33, 145, 180","arr":["33","145","180"],"terminus":1,"mode":"bus","color":"#0059a9","colorDark":"#00294f","angle":140.2,"snapDist":2,"label":1}},{"type":"Feature","geometry":{"type":"Point","coordinates":[18.484747,54.473934]},"properties":{"name":"Karwiny Tuwima","lines":"33, 145, 180","arr":["33","145","180"],"terminus":1,"mode":"bus","color":"#0059a9","colorDark":"#00294f","angle":140.2,"snapDist":2,"label":0}},{"type":"Feature","geometry":{"type":"Point","coordinates":[18.489842,54.472738]},"properties":{"name":"Brzechwy","lines":"33, 145, 180","arr":["33","145","180"],"terminus":0,"mode":"bus","color":"#0059a9","colorDark":"#00294f","angle":272,"snapDist":6,"label":0}},{"type":"Feature","geometry":{"type":"Point","coordinates":[18.46309,54.525337]},"properties":{"name":"Demptowo","lines":"34, 102, 114","arr":["34","102","114"],"terminus":1,"mode":"bus","color":"#0059a9","colorDark":"#00294f","angle":321.8,"snapDist":1,"label":1}},{"type":"Feature","geometry":{"type":"Point","coordinates":[18.459868,54.526803]},"properties":{"name":"Skarbka II","lines":"34, 102, 114","arr":["34","102","114"],"terminus":0,"mode":"bus","color":"#0059a9","colorDark":"#00294f","angle":46.3,"snapDist":2,"label":1}},{"type":"Feature","geometry":{"type":"Point","coordinates":[18.45648,54.529613]},"properties":{"name":"Skarbka I","lines":"34, 102, 114","arr":["34","102","114"],"terminus":0,"mode":"bus","color":"#0059a9","colorDark":"#00294f","angle":66.1,"snapDist":1,"label":1}},{"type":"Feature","geometry":{"type":"Point","coordinates":[18.455049,54.532513]},"properties":{"name":"Chabrowa","lines":"34, 102, 114","arr":["34","102","114"],"terminus":0,"mode":"bus","color":"#0059a9","colorDark":"#00294f","angle":103,"snapDist":1,"label":1}},{"type":"Feature","geometry":{"type":"Point","coordinates":[18.538583,54.517244]},"properties":{"name":"Armii Krajowej","lines":"34, 109, 140, 147, 150, 160, 190, 209","arr":["34","109","140","147","150","160","190","209"],"terminus":0,"mode":"bus","color":"#0059a9","colorDark":"#00294f","angle":276.5,"snapDist":6,"label":1}},{"type":"Feature","geometry":{"type":"Point","coordinates":[18.537796,54.513305]},"properties":{"name":"Kilińskiego","lines":"34, 105, 119, 125, 128, 133, 134, 152, 196, 204, 282","arr":["34","105","119","125","128","133","134","152","196","204","282"],"terminus":0,"mode":"bus","color":"#0059a9","colorDark":"#00294f","angle":276.7,"snapDist":4,"label":1}},{"type":"Feature","geometry":{"type":"Point","coordinates":[18.537045,54.510374]},"properties":{"name":"Urząd Miasta - Władysława IV","lines":"34, 109, 140, 147, 150, 160, 190, 209","arr":["34","109","140","147","150","160","190","209"],"terminus":0,"mode":"bus","color":"#0059a9","colorDark":"#00294f","angle":280.6,"snapDist":4,"label":1}},{"type":"Feature","geometry":{"type":"Point","coordinates":[18.533881,54.508643]},"properties":{"name":"Węzeł Franciszki Cegielskiej","lines":"34","arr":["34"],"terminus":1,"mode":"bus","color":"#149a3f","colorDark":"#0a5121","angle":137.3,"snapDist":2,"label":1}},{"type":"Feature","geometry":{"type":"Point","coordinates":[18.534213,54.508941]},"properties":{"name":"Węzeł Franciszki Cegielskiej","lines":"34, 182","arr":["34","182"],"terminus":1,"mode":"bus","color":"#0059a9","colorDark":"#00294f","angle":92.2,"snapDist":2,"label":0}},{"type":"Feature","geometry":{"type":"Point","coordinates":[18.536981,54.508631]},"properties":{"name":"Wzgórze Św. Maksymiliana SKM","lines":"34, 104, 105, 109, 119, 125, 128, 133, 134, 140, 147, 150, 152, 160, 190, 196, 204, 282, 740, 770, G, R, S, W, Z","arr":["34","104","105","109","119","125","128","133","134","140","147","150","152","160","190","196","204","282","740","770","G","R","S","W","Z"],"terminus":0,"mode":"bus","color":"#0059a9","colorDark":"#00294f","angle":91,"snapDist":8,"label":0}},{"type":"Feature","geometry":{"type":"Point","coordinates":[18.538275,54.514454]},"properties":{"name":"Kilińskiego","lines":"34, 104, 105, 109, 119, 125, 128, 133, 134, 140, 147, 150, 152, 160, 190, 196, 204, 282, 740, 770","arr":["34","104","105","109","119","125","128","133","134","140","147","150","152","160","190","196","204","282","740","770"],"terminus":0,"mode":"bus","color":"#0059a9","colorDark":"#00294f","angle":96.5,"snapDist":4,"label":0}},{"type":"Feature","geometry":{"type":"Point","coordinates":[18.538931,54.5181]},"properties":{"name":"Armii Krajowej","lines":"34, 104, 105, 109, 125, 128, 134, 150, 152, 190, 196, 282, 770, G, R, S, W","arr":["34","104","105","109","125","128","134","150","152","190","196","282","770","G","R","S","W"],"terminus":0,"mode":"bus","color":"#0059a9","colorDark":"#00294f","angle":89.8,"snapDist":3,"label":0}},{"type":"Feature","geometry":{"type":"Point","coordinates":[18.455108,54.531675]},"properties":{"name":"Chabrowa","lines":"34","arr":["34"],"terminus":0,"mode":"bus","color":"#149a3f","colorDark":"#0a5121","angle":252.6,"snapDist":2,"label":0}},{"type":"Feature","geometry":{"type":"Point","coordinates":[18.456971,54.528973]},"properties":{"name":"Skarbka I","lines":"34","arr":["34"],"terminus":0,"mode":"bus","color":"#149a3f","colorDark":"#0a5121","angle":246.5,"snapDist":1,"label":0}},{"type":"Feature","geometry":{"type":"Point","coordinates":[18.459848,54.526816]},"properties":{"name":"Skarbka II","lines":"34","arr":["34"],"terminus":0,"mode":"bus","color":"#149a3f","colorDark":"#0a5121","angle":226.1,"snapDist":2,"label":0}},{"type":"Feature","geometry":{"type":"Point","coordinates":[18.462075,54.525467]},"properties":{"name":"Demptowo","lines":"34","arr":["34"],"terminus":1,"mode":"bus","color":"#149a3f","colorDark":"#0a5121","angle":226.1,"snapDist":7,"label":0}},{"type":"Feature","geometry":{"type":"Point","coordinates":[18.367344,54.591926]},"properties":{"name":"Reda Bosmańska","lines":"83, 84, 87","arr":["83","84","87"],"terminus":1,"mode":"bus","color":"#0059a9","colorDark":"#00294f","angle":255,"snapDist":7,"label":1}},{"type":"Feature","geometry":{"type":"Point","coordinates":[18.372355,54.588247]},"properties":{"name":"Jeziorna","lines":"83, 84, 87","arr":["83","84","87"],"terminus":0,"mode":"bus","color":"#0059a9","colorDark":"#00294f","angle":246.2,"snapDist":2,"label":1}},{"type":"Feature","geometry":{"type":"Point","coordinates":[18.374413,54.584283]},"properties":{"name":"Centrum Handlowe \"Port Rumia\"","lines":"83, 84, 87","arr":["83","84","87"],"terminus":0,"mode":"bus","color":"#0059a9","colorDark":"#00294f","angle":45.4,"snapDist":4,"label":1}},{"type":"Feature","geometry":{"type":"Point","coordinates":[18.38023,54.584323]},"properties":{"name":"Zapolskiej","lines":"83, 84, 87","arr":["83","84","87"],"terminus":0,"mode":"bus","color":"#0059a9","colorDark":"#00294f","angle":-151.5,"snapDist":6,"label":1}},{"type":"Feature","geometry":{"type":"Point","coordinates":[18.386428,54.579432]},"properties":{"name":"Reja","lines":"83, 85","arr":["83","85"],"terminus":0,"mode":"bus","color":"#0059a9","colorDark":"#00294f","angle":264.6,"snapDist":1,"label":1}},{"type":"Feature","geometry":{"type":"Point","coordinates":[18.386831,54.576976]},"properties":{"name":"Ceynowy","lines":"83, 85","arr":["83","85"],"terminus":0,"mode":"bus","color":"#0059a9","colorDark":"#00294f","angle":265.5,"snapDist":8,"label":1}},{"type":"Feature","geometry":{"type":"Point","coordinates":[18.393057,54.574204]},"properties":{"name":"Żeromskiego","lines":"83, 85","arr":["83","85"],"terminus":0,"mode":"bus","color":"#0059a9","colorDark":"#00294f","angle":208.9,"snapDist":4,"label":1}},{"type":"Feature","geometry":{"type":"Point","coordinates":[18.398041,54.570858]},"properties":{"name":"Wybickiego","lines":"83, 84, 86, 173","arr":["83","84","86","173"],"terminus":0,"mode":"bus","color":"#0059a9","colorDark":"#00294f","angle":118.4,"snapDist":5,"label":1}},{"type":"Feature","geometry":{"type":"Point","coordinates":[18.400418,54.573427]},"properties":{"name":"Derdowskiego - Przychodnia","lines":"83, 84, 86, 173","arr":["83","84","86","173"],"terminus":0,"mode":"bus","color":"#0059a9","colorDark":"#00294f","angle":118.2,"snapDist":8,"label":1}},{"type":"Feature","geometry":{"type":"Point","coordinates":[18.403355,54.576616]},"properties":{"name":"Derdowskiego - Dębogórska","lines":"83, 84, 86, 173","arr":["83","84","86","173"],"terminus":0,"mode":"bus","color":"#0059a9","colorDark":"#00294f","angle":118.3,"snapDist":5,"label":1}},{"type":"Feature","geometry":{"type":"Point","coordinates":[18.409549,54.575378]},"properties":{"name":"Klonowa","lines":"83, 86, J, M","arr":["83","86","J","M"],"terminus":0,"mode":"bus","color":"#0059a9","colorDark":"#00294f","angle":204.9,"snapDist":8,"label":1}},{"type":"Feature","geometry":{"type":"Point","coordinates":[18.414318,54.574111]},"properties":{"name":"Osiedle Królewskie","lines":"83, 86, J, M","arr":["83","86","J","M"],"terminus":0,"mode":"bus","color":"#0059a9","colorDark":"#00294f","angle":204.6,"snapDist":8,"label":1}},{"type":"Feature","geometry":{"type":"Point","coordinates":[18.413314,54.568635]},"properties":{"name":"Kujawska","lines":"83, 87, J, M, N30, R","arr":["83","87","J","M","N30","R"],"terminus":1,"mode":"bus","color":"#0059a9","colorDark":"#00294f","angle":287.8,"snapDist":8,"label":1}},{"type":"Feature","geometry":{"type":"Point","coordinates":[18.409284,54.563125]},"properties":{"name":"25-lecia Solidarności","lines":"83, 87","arr":["83","87"],"terminus":0,"mode":"bus","color":"#0059a9","colorDark":"#00294f","angle":303.1,"snapDist":9,"label":1}},{"type":"Feature","geometry":{"type":"Point","coordinates":[18.406363,54.558298]},"properties":{"name":"Janowo SKM - Sobieskiego","lines":"83","arr":["83"],"terminus":0,"mode":"bus","color":"#0059a9","colorDark":"#00294f","angle":216.5,"snapDist":11,"label":0}},{"type":"Feature","geometry":{"type":"Point","coordinates":[18.40617,54.556988]},"properties":{"name":"Janowo SKM - Sobieskiego","lines":"83","arr":["83"],"terminus":1,"mode":"bus","color":"#0059a9","colorDark":"#00294f","angle":231.8,"snapDist":8,"label":1}},{"type":"Feature","geometry":{"type":"Point","coordinates":[18.406449,54.556819]},"properties":{"name":"Janowo SKM - Sobieskiego","lines":"83","arr":["83"],"terminus":1,"mode":"bus","color":"#0059a9","colorDark":"#00294f","angle":223.3,"snapDist":8,"label":0}},{"type":"Feature","geometry":{"type":"Point","coordinates":[18.405927,54.558487]},"properties":{"name":"Janowo SKM - Sobieskiego","lines":"83","arr":["83"],"terminus":0,"mode":"bus","color":"#0059a9","colorDark":"#00294f","angle":37.1,"snapDist":10,"label":0}},{"type":"Feature","geometry":{"type":"Point","coordinates":[18.407783,54.561757]},"properties":{"name":"Ormińskiego","lines":"83","arr":["83"],"terminus":0,"mode":"bus","color":"#0059a9","colorDark":"#00294f","angle":123.2,"snapDist":8,"label":1}},{"type":"Feature","geometry":{"type":"Point","coordinates":[18.410694,54.564427]},"properties":{"name":"25-lecia Solidarności","lines":"83, J, M, N30, R","arr":["83","J","M","N30","R"],"terminus":0,"mode":"bus","color":"#0059a9","colorDark":"#00294f","angle":121.7,"snapDist":9,"label":0}},{"type":"Feature","geometry":{"type":"Point","coordinates":[18.412685,54.567524]},"properties":{"name":"Kujawska","lines":"83, J, M, N30, R","arr":["83","J","M","N30","R"],"terminus":0,"mode":"bus","color":"#0059a9","colorDark":"#00294f","angle":108.3,"snapDist":9,"label":0}},{"type":"Feature","geometry":{"type":"Point","coordinates":[18.415045,54.573915]},"properties":{"name":"Osiedle Królewskie","lines":"83, 86, J, M","arr":["83","86","J","M"],"terminus":0,"mode":"bus","color":"#0059a9","colorDark":"#00294f","angle":25.6,"snapDist":9,"label":0}},{"type":"Feature","geometry":{"type":"Point","coordinates":[18.407818,54.575844]},"properties":{"name":"Klonowa","lines":"83, 86, J, M","arr":["83","86","J","M"],"terminus":0,"mode":"bus","color":"#0059a9","colorDark":"#00294f","angle":24.8,"snapDist":8,"label":0}},{"type":"Feature","geometry":{"type":"Point","coordinates":[18.403413,54.576679]},"properties":{"name":"Derdowskiego - Dębogórska","lines":"83, 84, 86, 173","arr":["83","84","86","173"],"terminus":0,"mode":"bus","color":"#0059a9","colorDark":"#00294f","angle":297.9,"snapDist":5,"label":0}},{"type":"Feature","geometry":{"type":"Point","coordinates":[18.400494,54.573509]},"properties":{"name":"Derdowskiego - Przychodnia","lines":"83, 84, 86, 173","arr":["83","84","86","173"],"terminus":0,"mode":"bus","color":"#0059a9","colorDark":"#00294f","angle":298.2,"snapDist":6,"label":0}},{"type":"Feature","geometry":{"type":"Point","coordinates":[18.395734,54.570826]},"properties":{"name":"Wybickiego","lines":"83, 84, 86, 173","arr":["83","84","86","173"],"terminus":0,"mode":"bus","color":"#0059a9","colorDark":"#00294f","angle":26.6,"snapDist":5,"label":0}},{"type":"Feature","geometry":{"type":"Point","coordinates":[18.393574,54.573352]},"properties":{"name":"Żeromskiego","lines":"83, 85, 87","arr":["83","85","87"],"terminus":0,"mode":"bus","color":"#0059a9","colorDark":"#00294f","angle":110.4,"snapDist":8,"label":0}},{"type":"Feature","geometry":{"type":"Point","coordinates":[18.387903,54.575881]},"properties":{"name":"Żwirki i Wigury","lines":"83, 85","arr":["83","85"],"terminus":0,"mode":"bus","color":"#0059a9","colorDark":"#00294f","angle":29.1,"snapDist":4,"label":1}},{"type":"Feature","geometry":{"type":"Point","coordinates":[18.386588,54.578454]},"properties":{"name":"Ceynowy","lines":"83, 85","arr":["83","85"],"terminus":0,"mode":"bus","color":"#0059a9","colorDark":"#00294f","angle":84.6,"snapDist":8,"label":0}},{"type":"Feature","geometry":{"type":"Point","coordinates":[18.380484,54.584242]},"properties":{"name":"Zapolskiej","lines":"83, 84, 87","arr":["83","84","87"],"terminus":0,"mode":"bus","color":"#0059a9","colorDark":"#00294f","angle":28.5,"snapDist":7,"label":0}},{"type":"Feature","geometry":{"type":"Point","coordinates":[18.37602,54.586212]},"properties":{"name":"CH \"Port Rumia\" - Kosynierów","lines":"83, 84, 87","arr":["83","84","87"],"terminus":0,"mode":"bus","color":"#0059a9","colorDark":"#00294f","angle":44.5,"snapDist":4,"label":1}},{"type":"Feature","geometry":{"type":"Point","coordinates":[18.373786,54.587477]},"properties":{"name":"Jeziorna","lines":"83, 84, 87","arr":["83","84","87"],"terminus":0,"mode":"bus","color":"#0059a9","colorDark":"#00294f","angle":217,"snapDist":4,"label":0}},{"type":"Feature","geometry":{"type":"Point","coordinates":[18.367313,54.591992]},"properties":{"name":"Reda Bosmańska","lines":"83, 84, 87","arr":["83","84","87"],"terminus":1,"mode":"bus","color":"#0059a9","colorDark":"#00294f","angle":74.9,"snapDist":6,"label":0}},{"type":"Feature","geometry":{"type":"Point","coordinates":[18.386578,54.58322]},"properties":{"name":"Kościuszki - Kosynierów","lines":"84","arr":["84"],"terminus":0,"mode":"bus","color":"#0059a9","colorDark":"#00294f","angle":121.3,"snapDist":4,"label":1}},{"type":"Feature","geometry":{"type":"Point","coordinates":[18.390023,54.586705]},"properties":{"name":"Napierskiego","lines":"84","arr":["84"],"terminus":0,"mode":"bus","color":"#0059a9","colorDark":"#00294f","angle":120.2,"snapDist":4,"label":1}},{"type":"Feature","geometry":{"type":"Point","coordinates":[18.393486,54.58824]},"properties":{"name":"Partyzantów - Kościuszki","lines":"84","arr":["84"],"terminus":0,"mode":"bus","color":"#0059a9","colorDark":"#00294f","angle":211,"snapDist":8,"label":1}},{"type":"Feature","geometry":{"type":"Point","coordinates":[18.401111,54.585767]},"properties":{"name":"Rumia Partyzantów","lines":"84, 173, J, M","arr":["84","173","J","M"],"terminus":1,"mode":"bus","color":"#0059a9","colorDark":"#00294f","angle":212.6,"snapDist":2,"label":1}},{"type":"Feature","geometry":{"type":"Point","coordinates":[18.403914,54.582872]},"properties":{"name":"Świętopełka","lines":"84, 173, J, M","arr":["84","173","J","M"],"terminus":0,"mode":"bus","color":"#0059a9","colorDark":"#00294f","angle":201.8,"snapDist":2,"label":1}},{"type":"Feature","geometry":{"type":"Point","coordinates":[18.407029,54.579918]},"properties":{"name":"Stara Rumia Cmentarz","lines":"84, 173, J, M","arr":["84","173","J","M"],"terminus":0,"mode":"bus","color":"#0059a9","colorDark":"#00294f","angle":294.8,"snapDist":1,"label":1}},{"type":"Feature","geometry":{"type":"Point","coordinates":[18.392094,54.570502]},"properties":{"name":"Starowiejska - Poczta","lines":"84, 85, 86, 87, 173","arr":["84","85","86","87","173"],"terminus":0,"mode":"bus","color":"#0059a9","colorDark":"#00294f","angle":-72.7,"snapDist":11,"label":1}},{"type":"Feature","geometry":{"type":"Point","coordinates":[18.38699,54.569526]},"properties":{"name":"Rumia Dworzec PKP","lines":"84, 85, 288","arr":["84","85","288"],"terminus":1,"mode":"bus","color":"#0059a9","colorDark":"#00294f","angle":43.5,"snapDist":9,"label":1}},{"type":"Feature","geometry":{"type":"Point","coordinates":[18.390294,54.565264]},"properties":{"name":"Urząd Miasta Rumi","lines":"84, 85, 86, 173, 288","arr":["84","85","86","173","288"],"terminus":0,"mode":"bus","color":"#0059a9","colorDark":"#00294f","angle":240.9,"snapDist":3,"label":1}},{"type":"Feature","geometry":{"type":"Point","coordinates":[18.386638,54.562822]},"properties":{"name":"Sabata - Szkoła","lines":"84, 85, 288","arr":["84","85","288"],"terminus":0,"mode":"bus","color":"#0059a9","colorDark":"#00294f","angle":339.6,"snapDist":3,"label":1}},{"type":"Feature","geometry":{"type":"Point","coordinates":[18.384462,54.562381]},"properties":{"name":"Młyńska","lines":"84, 85, 288","arr":["84","85","288"],"terminus":0,"mode":"bus","color":"#0059a9","colorDark":"#00294f","angle":346.5,"snapDist":3,"label":1}},{"type":"Feature","geometry":{"type":"Point","coordinates":[18.3764,54.560671]},"properties":{"name":"Batorego - Szkoła","lines":"84, 85, 288","arr":["84","85","288"],"terminus":0,"mode":"bus","color":"#0059a9","colorDark":"#00294f","angle":318.3,"snapDist":6,"label":1}},{"type":"Feature","geometry":{"type":"Point","coordinates":[18.376554,54.558827]},"properties":{"name":"Podmokła","lines":"84, 85, 288","arr":["84","85","288"],"terminus":1,"mode":"bus","color":"#0059a9","colorDark":"#00294f","angle":219.3,"snapDist":2,"label":1}},{"type":"Feature","geometry":{"type":"Point","coordinates":[18.379706,54.559027]},"properties":{"name":"Porazińskiej","lines":"84, 85","arr":["84","85"],"terminus":0,"mode":"bus","color":"#0059a9","colorDark":"#00294f","angle":133.8,"snapDist":1,"label":1}},{"type":"Feature","geometry":{"type":"Point","coordinates":[18.384529,54.561995]},"properties":{"name":"Młyńska","lines":"84, 85","arr":["84","85"],"terminus":0,"mode":"bus","color":"#0059a9","colorDark":"#00294f","angle":126.7,"snapDist":1,"label":0}},{"type":"Feature","geometry":{"type":"Point","coordinates":[18.387602,54.563038]},"properties":{"name":"Sabata - Szkoła","lines":"84, 85, 288","arr":["84","85","288"],"terminus":0,"mode":"bus","color":"#0059a9","colorDark":"#00294f","angle":157.2,"snapDist":5,"label":0}},{"type":"Feature","geometry":{"type":"Point","coordinates":[18.390644,54.56511]},"properties":{"name":"Urząd Miasta Rumi","lines":"84, 85, 86, 173, 288","arr":["84","85","86","173","288"],"terminus":0,"mode":"bus","color":"#0059a9","colorDark":"#00294f","angle":58.7,"snapDist":7,"label":0}},{"type":"Feature","geometry":{"type":"Point","coordinates":[18.387256,54.569379]},"properties":{"name":"Rumia Dworzec PKP","lines":"84, 85","arr":["84","85"],"terminus":0,"mode":"bus","color":"#0059a9","colorDark":"#00294f","angle":223.5,"snapDist":8,"label":0}},{"type":"Feature","geometry":{"type":"Point","coordinates":[18.392484,54.571282]},"properties":{"name":"Starowiejska - Poczta","lines":"84, 85, 86, 87, 173","arr":["84","85","86","87","173"],"terminus":0,"mode":"bus","color":"#0059a9","colorDark":"#00294f","angle":104.8,"snapDist":11,"label":0}},{"type":"Feature","geometry":{"type":"Point","coordinates":[18.407144,54.580062]},"properties":{"name":"Stara Rumia Cmentarz","lines":"84, 173, J, M","arr":["84","173","J","M"],"terminus":0,"mode":"bus","color":"#0059a9","colorDark":"#00294f","angle":114.8,"snapDist":4,"label":0}},{"type":"Feature","geometry":{"type":"Point","coordinates":[18.40515,54.582796]},"properties":{"name":"Świętopełka","lines":"84, 173, J, M","arr":["84","173","J","M"],"terminus":0,"mode":"bus","color":"#0059a9","colorDark":"#00294f","angle":355.3,"snapDist":2,"label":0}},{"type":"Feature","geometry":{"type":"Point","coordinates":[18.40126,54.585711]},"properties":{"name":"Rumia Partyzantów","lines":"84, 173, J, M","arr":["84","173","J","M"],"terminus":1,"mode":"bus","color":"#0059a9","colorDark":"#00294f","angle":32.6,"snapDist":4,"label":0}},{"type":"Feature","geometry":{"type":"Point","coordinates":[18.392454,54.588608]},"properties":{"name":"Partyzantów - Kościuszki","lines":"84","arr":["84"],"terminus":0,"mode":"bus","color":"#0059a9","colorDark":"#00294f","angle":32.2,"snapDist":8,"label":0}},{"type":"Feature","geometry":{"type":"Point","coordinates":[18.389577,54.586254]},"properties":{"name":"Napierskiego","lines":"84","arr":["84"],"terminus":0,"mode":"bus","color":"#0059a9","colorDark":"#00294f","angle":299.8,"snapDist":6,"label":0}},{"type":"Feature","geometry":{"type":"Point","coordinates":[18.386819,54.58346]},"properties":{"name":"Kościuszki - Kosynierów","lines":"84","arr":["84"],"terminus":0,"mode":"bus","color":"#0059a9","colorDark":"#00294f","angle":300,"snapDist":6,"label":0}},{"type":"Feature","geometry":{"type":"Point","coordinates":[18.400148,54.585665]},"properties":{"name":"Rumia Partyzantów","lines":"85","arr":["85"],"terminus":1,"mode":"bus","color":"#0059a9","colorDark":"#00294f","angle":293.7,"snapDist":9,"label":0}},{"type":"Feature","geometry":{"type":"Point","coordinates":[18.393259,54.585538]},"properties":{"name":"1 Maja","lines":"85, 87","arr":["85","87"],"terminus":0,"mode":"bus","color":"#0059a9","colorDark":"#00294f","angle":-18.8,"snapDist":6,"label":1}},{"type":"Feature","geometry":{"type":"Point","coordinates":[18.390535,54.583724]},"properties":{"name":"Prusa","lines":"85, 87","arr":["85","87"],"terminus":0,"mode":"bus","color":"#0059a9","colorDark":"#00294f","angle":300.7,"snapDist":6,"label":1}},{"type":"Feature","geometry":{"type":"Point","coordinates":[18.387301,54.582004]},"properties":{"name":"Okrzei","lines":"85, 87","arr":["85","87"],"terminus":0,"mode":"bus","color":"#0059a9","colorDark":"#00294f","angle":29.6,"snapDist":8,"label":1}},{"type":"Feature","geometry":{"type":"Point","coordinates":[18.373003,54.555182]},"properties":{"name":"Zdrojowa","lines":"85, 288","arr":["85","288"],"terminus":0,"mode":"bus","color":"#0059a9","colorDark":"#00294f","angle":326.1,"snapDist":5,"label":1}},{"type":"Feature","geometry":{"type":"Point","coordinates":[18.37155,54.554116]},"properties":{"name":"Łąkowa","lines":"85, 288","arr":["85","288"],"terminus":0,"mode":"bus","color":"#0059a9","colorDark":"#00294f","angle":296.2,"snapDist":4,"label":1}},{"type":"Feature","geometry":{"type":"Point","coordinates":[18.371169,54.551576]},"properties":{"name":"Rumia Szmelta","lines":"85, 288","arr":["85","288"],"terminus":1,"mode":"bus","color":"#0059a9","colorDark":"#00294f","angle":170.2,"snapDist":4,"label":1}},{"type":"Feature","geometry":{"type":"Point","coordinates":[18.374342,54.55588]},"properties":{"name":"Zdrojowa","lines":"85, 288","arr":["85","288"],"terminus":0,"mode":"bus","color":"#0059a9","colorDark":"#00294f","angle":131.8,"snapDist":5,"label":0}},{"type":"Feature","geometry":{"type":"Point","coordinates":[18.389066,54.582259]},"properties":{"name":"Okrzei","lines":"85, 87","arr":["85","87"],"terminus":0,"mode":"bus","color":"#0059a9","colorDark":"#00294f","angle":120.4,"snapDist":6,"label":0}},{"type":"Feature","geometry":{"type":"Point","coordinates":[18.391716,54.584904]},"properties":{"name":"Prusa","lines":"85, 87","arr":["85","87"],"terminus":0,"mode":"bus","color":"#0059a9","colorDark":"#00294f","angle":119.8,"snapDist":5,"label":0}},{"type":"Feature","geometry":{"type":"Point","coordinates":[18.394124,54.585711]},"properties":{"name":"1 Maja","lines":"85, 87","arr":["85","87"],"terminus":0,"mode":"bus","color":"#0059a9","colorDark":"#00294f","angle":161.3,"snapDist":8,"label":0}},{"type":"Feature","geometry":{"type":"Point","coordinates":[18.400335,54.585467]},"properties":{"name":"Rumia Partyzantów","lines":"85","arr":["85"],"terminus":1,"mode":"bus","color":"#0059a9","colorDark":"#00294f","angle":133.9,"snapDist":3,"label":0}},{"type":"Feature","geometry":{"type":"Point","coordinates":[18.494218,54.582988]},"properties":{"name":"Kosakowo - Centrum Handlowe","lines":"86","arr":["86"],"terminus":1,"mode":"bus","color":"#0059a9","colorDark":"#00294f","angle":258,"snapDist":3,"label":1}},{"type":"Feature","geometry":{"type":"Point","coordinates":[18.492755,54.581553]},"properties":{"name":"Kosakowo - Centrum Sportowe","lines":"86, 105, 146, 165, 173, 365, N65","arr":["86","105","146","165","173","365","N65"],"terminus":0,"mode":"bus","color":"#0059a9","colorDark":"#00294f","angle":106,"snapDist":5,"label":1}},{"type":"Feature","geometry":{"type":"Point","coordinates":[18.494072,54.584064]},"properties":{"name":"Kosakowo - Centrum Handlowe","lines":"86, 105, 146, 165, 173, 365, N65","arr":["86","105","146","165","173","365","N65"],"terminus":0,"mode":"bus","color":"#0059a9","colorDark":"#00294f","angle":83.3,"snapDist":5,"label":0}},{"type":"Feature","geometry":{"type":"Point","coordinates":[18.49325,54.587844]},"properties":{"name":"Kosakowo - Urząd Gminy","lines":"86, 105, 146, 165, 173, 365, N65","arr":["86","105","146","165","173","365","N65"],"terminus":0,"mode":"bus","color":"#0059a9","colorDark":"#00294f","angle":85.8,"snapDist":8,"label":1}},{"type":"Feature","geometry":{"type":"Point","coordinates":[18.490106,54.58896]},"properties":{"name":"Kosakowo - Staw","lines":"86, 105, 173, M, N65","arr":["86","105","173","M","N65"],"terminus":0,"mode":"bus","color":"#0059a9","colorDark":"#00294f","angle":1.7,"snapDist":5,"label":1}},{"type":"Feature","geometry":{"type":"Point","coordinates":[18.482714,54.589221]},"properties":{"name":"Kosakowo - Krokusowa","lines":"86, 105, 173, N65","arr":["86","105","173","N65"],"terminus":0,"mode":"bus","color":"#0059a9","colorDark":"#00294f","angle":6.4,"snapDist":8,"label":1}},{"type":"Feature","geometry":{"type":"Point","coordinates":[18.463628,54.59147]},"properties":{"name":"Dębogórze - Okopowa","lines":"86, 135, 173, N65","arr":["86","135","173","N65"],"terminus":0,"mode":"bus","color":"#0059a9","colorDark":"#00294f","angle":8.6,"snapDist":5,"label":1}},{"type":"Feature","geometry":{"type":"Point","coordinates":[18.458669,54.591194]},"properties":{"name":"Dębogórze - Owocowa","lines":"86, 135, 173, M, N65","arr":["86","135","173","M","N65"],"terminus":0,"mode":"bus","color":"#0059a9","colorDark":"#00294f","angle":-8.4,"snapDist":9,"label":1}},{"type":"Feature","geometry":{"type":"Point","coordinates":[18.454368,54.590943]},"properties":{"name":"Dębogórze - Szkoła","lines":"86, 135, 173, N65","arr":["86","135","173","N65"],"terminus":0,"mode":"bus","color":"#0059a9","colorDark":"#00294f","angle":-13.8,"snapDist":8,"label":1}},{"type":"Feature","geometry":{"type":"Point","coordinates":[18.45183,54.59039]},"properties":{"name":"Dębogórze - Słonecznikowa","lines":"86, 173","arr":["86","173"],"terminus":0,"mode":"bus","color":"#0059a9","colorDark":"#00294f","angle":334.3,"snapDist":7,"label":0}},{"type":"Feature","geometry":{"type":"Point","coordinates":[18.437466,54.588591]},"properties":{"name":"Dębogórze - Jednostka Wojskowa","lines":"86, 173","arr":["86","173"],"terminus":0,"mode":"bus","color":"#0059a9","colorDark":"#00294f","angle":335.5,"snapDist":5,"label":1}},{"type":"Feature","geometry":{"type":"Point","coordinates":[18.441362,54.580654]},"properties":{"name":"Dębogórze - Partyzantów","lines":"86","arr":["86"],"terminus":0,"mode":"bus","color":"#0059a9","colorDark":"#00294f","angle":280,"snapDist":3,"label":1}},{"type":"Feature","geometry":{"type":"Point","coordinates":[18.435508,54.573068]},"properties":{"name":"Dębogórze-Wybudowanie - Leśna","lines":"86","arr":["86"],"terminus":0,"mode":"bus","color":"#0059a9","colorDark":"#00294f","angle":250.6,"snapDist":4,"label":1}},{"type":"Feature","geometry":{"type":"Point","coordinates":[18.429476,54.57324]},"properties":{"name":"Dębogórze-Wybudowanie - Długa","lines":"86","arr":["86"],"terminus":0,"mode":"bus","color":"#0059a9","colorDark":"#00294f","angle":81.5,"snapDist":1,"label":1}},{"type":"Feature","geometry":{"type":"Point","coordinates":[18.428948,54.575244]},"properties":{"name":"Dębogórze-Wybudowanie - Boisko","lines":"86","arr":["86"],"terminus":0,"mode":"bus","color":"#0059a9","colorDark":"#00294f","angle":80.5,"snapDist":1,"label":1}},{"type":"Feature","geometry":{"type":"Point","coordinates":[18.42457,54.584187]},"properties":{"name":"Dębogórze-Wybudowanie - Mostowa","lines":"86","arr":["86"],"terminus":0,"mode":"bus","color":"#0059a9","colorDark":"#00294f","angle":254.1,"snapDist":4,"label":1}},{"type":"Feature","geometry":{"type":"Point","coordinates":[18.428989,54.575104]},"properties":{"name":"Dębogórze-Wybudowanie - Boisko","lines":"86","arr":["86"],"terminus":0,"mode":"bus","color":"#0059a9","colorDark":"#00294f","angle":260.5,"snapDist":2,"label":0}},{"type":"Feature","geometry":{"type":"Point","coordinates":[18.428787,54.572847]},"properties":{"name":"Dębogórze-Wybudowanie - Długa","lines":"86","arr":["86"],"terminus":0,"mode":"bus","color":"#0059a9","colorDark":"#00294f","angle":355.7,"snapDist":5,"label":0}},{"type":"Feature","geometry":{"type":"Point","coordinates":[18.422029,54.573087]},"properties":{"name":"Wierzbowa","lines":"86","arr":["86"],"terminus":0,"mode":"bus","color":"#0059a9","colorDark":"#00294f","angle":7.9,"snapDist":5,"label":1}},{"type":"Feature","geometry":{"type":"Point","coordinates":[18.387161,54.569431]},"properties":{"name":"Rumia Dworzec PKP","lines":"86, 173, J","arr":["86","173","J"],"terminus":0,"mode":"bus","color":"#0059a9","colorDark":"#00294f","angle":43.5,"snapDist":9,"label":0}},{"type":"Feature","geometry":{"type":"Point","coordinates":[18.394677,54.562788]},"properties":{"name":"Górnicza","lines":"86, 173","arr":["86","173"],"terminus":0,"mode":"bus","color":"#0059a9","colorDark":"#00294f","angle":209.7,"snapDist":7,"label":1}},{"type":"Feature","geometry":{"type":"Point","coordinates":[18.393067,54.559012]},"properties":{"name":"Rumia Cmentarz Komunalny","lines":"86","arr":["86"],"terminus":1,"mode":"bus","color":"#0059a9","colorDark":"#00294f","angle":292.7,"snapDist":7,"label":1}},{"type":"Feature","geometry":{"type":"Point","coordinates":[18.395696,54.561904]},"properties":{"name":"Górnicza","lines":"86","arr":["86"],"terminus":0,"mode":"bus","color":"#0059a9","colorDark":"#00294f","angle":117.6,"snapDist":1,"label":0}},{"type":"Feature","geometry":{"type":"Point","coordinates":[18.386324,54.568742]},"properties":{"name":"Rumia Dworzec PKP - Towarowa","lines":"86","arr":["86"],"terminus":0,"mode":"bus","color":"#0059a9","colorDark":"#00294f","angle":41.9,"snapDist":4,"label":1}},{"type":"Feature","geometry":{"type":"Point","coordinates":[18.379557,54.572331]},"properties":{"name":"Strzelecka","lines":"86","arr":["86"],"terminus":0,"mode":"bus","color":"#0059a9","colorDark":"#00294f","angle":48.2,"snapDist":4,"label":1}},{"type":"Feature","geometry":{"type":"Point","coordinates":[18.378852,54.575675]},"properties":{"name":"Grunwaldzka - Ceynowy","lines":"86, J","arr":["86","J"],"terminus":0,"mode":"bus","color":"#0059a9","colorDark":"#00294f","angle":224.6,"snapDist":4,"label":1}},{"type":"Feature","geometry":{"type":"Point","coordinates":[18.387417,54.569501]},"properties":{"name":"Rumia Dworzec PKP","lines":"86","arr":["86"],"terminus":0,"mode":"bus","color":"#0059a9","colorDark":"#00294f","angle":224.2,"snapDist":6,"label":0}},{"type":"Feature","geometry":{"type":"Point","coordinates":[18.422156,54.573077]},"properties":{"name":"Wierzbowa","lines":"86","arr":["86"],"terminus":0,"mode":"bus","color":"#0059a9","colorDark":"#00294f","angle":187.1,"snapDist":8,"label":0}},{"type":"Feature","geometry":{"type":"Point","coordinates":[18.430305,54.57292]},"properties":{"name":"Dębogórze-Wybudowanie - Długa","lines":"86","arr":["86"],"terminus":0,"mode":"bus","color":"#0059a9","colorDark":"#00294f","angle":174.8,"snapDist":4,"label":0}},{"type":"Feature","geometry":{"type":"Point","coordinates":[18.441432,54.58089]},"properties":{"name":"Dębogórze - Partyzantów","lines":"86","arr":["86"],"terminus":0,"mode":"bus","color":"#0059a9","colorDark":"#00294f","angle":99.8,"snapDist":6,"label":0}},{"type":"Feature","geometry":{"type":"Point","coordinates":[18.436972,54.588457]},"properties":{"name":"Dębogórze - Jednostka Wojskowa","lines":"86, 173","arr":["86","173"],"terminus":0,"mode":"bus","color":"#0059a9","colorDark":"#00294f","angle":155.5,"snapDist":2,"label":0}},{"type":"Feature","geometry":{"type":"Point","coordinates":[18.451819,54.590387]},"properties":{"name":"Dębogórze - Słonecznikowa","lines":"86, 135, 173, N65","arr":["86","135","173","N65"],"terminus":1,"mode":"bus","color":"#0059a9","colorDark":"#00294f","angle":154.3,"snapDist":7,"label":1}},{"type":"Feature","geometry":{"type":"Point","coordinates":[18.455949,54.59106]},"properties":{"name":"Dębogórze - Szkoła","lines":"86, 135, 173, N65","arr":["86","135","173","N65"],"terminus":0,"mode":"bus","color":"#0059a9","colorDark":"#00294f","angle":175.6,"snapDist":5,"label":0}},{"type":"Feature","geometry":{"type":"Point","coordinates":[18.458504,54.59118]},"properties":{"name":"Dębogórze - Owocowa","lines":"86, 135, 173, M, N65","arr":["86","135","173","M","N65"],"terminus":0,"mode":"bus","color":"#0059a9","colorDark":"#00294f","angle":171.6,"snapDist":7,"label":0}},{"type":"Feature","geometry":{"type":"Point","coordinates":[18.463818,54.591453]},"properties":{"name":"Dębogórze - Okopowa","lines":"86, 135, 173, N65","arr":["86","135","173","N65"],"terminus":0,"mode":"bus","color":"#0059a9","colorDark":"#00294f","angle":188.6,"snapDist":7,"label":0}},{"type":"Feature","geometry":{"type":"Point","coordinates":[18.483635,54.589184]},"properties":{"name":"Kosakowo - Krokusowa","lines":"86, 105, 173, N65","arr":["86","105","173","N65"],"terminus":0,"mode":"bus","color":"#0059a9","colorDark":"#00294f","angle":183.4,"snapDist":7,"label":0}},{"type":"Feature","geometry":{"type":"Point","coordinates":[18.4901,54.58896]},"properties":{"name":"Kosakowo - Staw","lines":"86, 105, 173, M, N65","arr":["86","105","173","M","N65"],"terminus":0,"mode":"bus","color":"#0059a9","colorDark":"#00294f","angle":181.7,"snapDist":4,"label":0}},{"type":"Feature","geometry":{"type":"Point","coordinates":[18.493277,54.587645]},"properties":{"name":"Kosakowo - Urząd Gminy","lines":"86, 105, 146, 165, 173, 365, N65","arr":["86","105","146","165","173","365","N65"],"terminus":0,"mode":"bus","color":"#0059a9","colorDark":"#00294f","angle":265.1,"snapDist":7,"label":0}},{"type":"Feature","geometry":{"type":"Point","coordinates":[18.492399,54.580651]},"properties":{"name":"Kosakowo - Centrum Sportowe","lines":"86, 105, 146, 165, 173, 365, N65","arr":["86","105","146","165","173","365","N65"],"terminus":0,"mode":"bus","color":"#0059a9","colorDark":"#00294f","angle":281.2,"snapDist":5,"label":0}},{"type":"Feature","geometry":{"type":"Point","coordinates":[18.495311,54.580147]},"properties":{"name":"Kosakowo - Gryfa Pomorskiego","lines":"86","arr":["86"],"terminus":1,"mode":"bus","color":"#0059a9","colorDark":"#00294f","angle":79.6,"snapDist":11,"label":1}},{"type":"Feature","geometry":{"type":"Point","coordinates":[18.398148,54.581808]},"properties":{"name":"Słowackiego","lines":"87","arr":["87"],"terminus":0,"mode":"bus","color":"#0059a9","colorDark":"#00294f","angle":281.9,"snapDist":9,"label":1}},{"type":"Feature","geometry":{"type":"Point","coordinates":[18.396519,54.576906]},"properties":{"name":"Rondo Jana Pawła II","lines":"87","arr":["87"],"terminus":0,"mode":"bus","color":"#0059a9","colorDark":"#00294f","angle":-68.3,"snapDist":9,"label":1}},{"type":"Feature","geometry":{"type":"Point","coordinates":[18.394392,54.574246]},"properties":{"name":"Żeromskiego","lines":"87","arr":["87"],"terminus":0,"mode":"bus","color":"#0059a9","colorDark":"#00294f","angle":-57.2,"snapDist":8,"label":0}},{"type":"Feature","geometry":{"type":"Point","coordinates":[18.395462,54.568544]},"properties":{"name":"Dąbrowskiego - Most","lines":"87, J, M, N30, R","arr":["87","J","M","N30","R"],"terminus":0,"mode":"bus","color":"#0059a9","colorDark":"#00294f","angle":205.5,"snapDist":9,"label":1}},{"type":"Feature","geometry":{"type":"Point","coordinates":[18.401394,54.566757]},"properties":{"name":"Dąbrowskiego - Sanktuarium","lines":"87, J, M, N30, R","arr":["87","J","M","N30","R"],"terminus":0,"mode":"bus","color":"#0059a9","colorDark":"#00294f","angle":211.1,"snapDist":8,"label":1}},{"type":"Feature","geometry":{"type":"Point","coordinates":[18.406456,54.560034]},"properties":{"name":"Janowo SKM","lines":"87","arr":["87"],"terminus":0,"mode":"bus","color":"#0059a9","colorDark":"#00294f","angle":210.1,"snapDist":8,"label":1}},{"type":"Feature","geometry":{"type":"Point","coordinates":[18.412535,54.559293]},"properties":{"name":"Dokerów","lines":"87","arr":["87"],"terminus":0,"mode":"bus","color":"#0059a9","colorDark":"#00294f","angle":110.6,"snapDist":4,"label":1}},{"type":"Feature","geometry":{"type":"Point","coordinates":[18.421251,54.562892]},"properties":{"name":"Mazowiecka","lines":"87, N30, R","arr":["87","N30","R"],"terminus":0,"mode":"bus","color":"#0059a9","colorDark":"#00294f","angle":88.2,"snapDist":6,"label":1}},{"type":"Feature","geometry":{"type":"Point","coordinates":[18.421332,54.566174]},"properties":{"name":"Pomorska","lines":"87, N30, R","arr":["87","N30","R"],"terminus":0,"mode":"bus","color":"#0059a9","colorDark":"#00294f","angle":88.1,"snapDist":11,"label":1}},{"type":"Feature","geometry":{"type":"Point","coordinates":[18.409319,54.564121]},"properties":{"name":"25-lecia Solidarności","lines":"87, J, M, N30, R","arr":["87","J","M","N30","R"],"terminus":0,"mode":"bus","color":"#0059a9","colorDark":"#00294f","angle":28.8,"snapDist":8,"label":0}},{"type":"Feature","geometry":{"type":"Point","coordinates":[18.401265,54.566803]},"properties":{"name":"Dąbrowskiego - Sanktuarium","lines":"87, J, M, N30, R","arr":["87","J","M","N30","R"],"terminus":0,"mode":"bus","color":"#0059a9","colorDark":"#00294f","angle":31.7,"snapDist":10,"label":0}},{"type":"Feature","geometry":{"type":"Point","coordinates":[18.393046,54.569218]},"properties":{"name":"Dąbrowskiego - Most","lines":"87, J, M, N30, R","arr":["87","J","M","N30","R"],"terminus":0,"mode":"bus","color":"#0059a9","colorDark":"#00294f","angle":25.7,"snapDist":10,"label":0}},{"type":"Feature","geometry":{"type":"Point","coordinates":[18.397125,54.577735]},"properties":{"name":"Rondo Jana Pawła II","lines":"87","arr":["87"],"terminus":0,"mode":"bus","color":"#0059a9","colorDark":"#00294f","angle":118.9,"snapDist":5,"label":0}},{"type":"Feature","geometry":{"type":"Point","coordinates":[18.398086,54.580245]},"properties":{"name":"Konopnickiej","lines":"87","arr":["87"],"terminus":0,"mode":"bus","color":"#0059a9","colorDark":"#00294f","angle":94.3,"snapDist":8,"label":1}},{"type":"Feature","geometry":{"type":"Point","coordinates":[18.398705,54.582931]},"properties":{"name":"Słowackiego","lines":"87","arr":["87"],"terminus":0,"mode":"bus","color":"#0059a9","colorDark":"#00294f","angle":106.6,"snapDist":8,"label":0}},{"type":"Feature","geometry":{"type":"Point","coordinates":[18.455755,54.53238]},"properties":{"name":"Chabrowa","lines":"102, 114","arr":["102","114"],"terminus":0,"mode":"bus","color":"#0059a9","colorDark":"#00294f","angle":244.2,"snapDist":2,"label":0}},{"type":"Feature","geometry":{"type":"Point","coordinates":[18.458185,54.529528]},"properties":{"name":"Rybińskiego","lines":"102, 114","arr":["102","114"],"terminus":0,"mode":"bus","color":"#0059a9","colorDark":"#00294f","angle":243.1,"snapDist":1,"label":1}},{"type":"Feature","geometry":{"type":"Point","coordinates":[18.460044,54.527973]},"properties":{"name":"Demptowska","lines":"102, 114","arr":["102","114"],"terminus":0,"mode":"bus","color":"#0059a9","colorDark":"#00294f","angle":226.4,"snapDist":1,"label":1}},{"type":"Feature","geometry":{"type":"Point","coordinates":[18.460908,54.536007]},"properties":{"name":"Swarzewska II","lines":"102","arr":["102"],"terminus":0,"mode":"bus","color":"#0059a9","colorDark":"#00294f","angle":152.6,"snapDist":6,"label":1}},{"type":"Feature","geometry":{"type":"Point","coordinates":[18.463743,54.537964]},"properties":{"name":"Swarzewska I","lines":"102","arr":["102"],"terminus":0,"mode":"bus","color":"#0059a9","colorDark":"#00294f","angle":148.1,"snapDist":4,"label":1}},{"type":"Feature","geometry":{"type":"Point","coordinates":[18.482571,54.531178]},"properties":{"name":"Ściegiennego","lines":"102","arr":["102"],"terminus":0,"mode":"bus","color":"#0059a9","colorDark":"#00294f","angle":272.3,"snapDist":4,"label":1}},{"type":"Feature","geometry":{"type":"Point","coordinates":[18.481632,54.528176]},"properties":{"name":"Leszczynki II","lines":"102","arr":["102"],"terminus":0,"mode":"bus","color":"#0059a9","colorDark":"#00294f","angle":301.2,"snapDist":1,"label":1}},{"type":"Feature","geometry":{"type":"Point","coordinates":[18.483719,54.529815]},"properties":{"name":"Leszczynki I","lines":"102","arr":["102"],"terminus":0,"mode":"bus","color":"#0059a9","colorDark":"#00294f","angle":127.7,"snapDist":1,"label":1}},{"type":"Feature","geometry":{"type":"Point","coordinates":[18.486147,54.530983]},"properties":{"name":"Kordeckiego","lines":"102","arr":["102"],"terminus":0,"mode":"bus","color":"#0059a9","colorDark":"#00294f","angle":151.4,"snapDist":0,"label":1}},{"type":"Feature","geometry":{"type":"Point","coordinates":[18.488793,54.529756]},"properties":{"name":"Bażyńskiego","lines":"102","arr":["102"],"terminus":0,"mode":"bus","color":"#0059a9","colorDark":"#00294f","angle":224.4,"snapDist":4,"label":1}},{"type":"Feature","geometry":{"type":"Point","coordinates":[18.484488,54.528253]},"properties":{"name":"Stoigniewa","lines":"102","arr":["102"],"terminus":0,"mode":"bus","color":"#0059a9","colorDark":"#00294f","angle":284.2,"snapDist":1,"label":1}},{"type":"Feature","geometry":{"type":"Point","coordinates":[18.488189,54.527913]},"properties":{"name":"Sambora - Kalksztajnów","lines":"102","arr":["102"],"terminus":0,"mode":"bus","color":"#0059a9","colorDark":"#00294f","angle":201.6,"snapDist":2,"label":1}},{"type":"Feature","geometry":{"type":"Point","coordinates":[18.492365,54.528731]},"properties":{"name":"Kalksztajnów - Bloki","lines":"102","arr":["102"],"terminus":0,"mode":"bus","color":"#0059a9","colorDark":"#00294f","angle":163.9,"snapDist":6,"label":1}},{"type":"Feature","geometry":{"type":"Point","coordinates":[18.502219,54.52821]},"properties":{"name":"Mireckiego","lines":"102","arr":["102"],"terminus":0,"mode":"bus","color":"#0059a9","colorDark":"#00294f","angle":317.8,"snapDist":3,"label":0}},{"type":"Feature","geometry":{"type":"Point","coordinates":[18.495865,54.527553]},"properties":{"name":"Sambora","lines":"102","arr":["102"],"terminus":0,"mode":"bus","color":"#0059a9","colorDark":"#00294f","angle":310.6,"snapDist":1,"label":1}},{"type":"Feature","geometry":{"type":"Point","coordinates":[18.496939,54.528238]},"properties":{"name":"Krofeya","lines":"102","arr":["102"],"terminus":0,"mode":"bus","color":"#0059a9","colorDark":"#00294f","angle":133.2,"snapDist":4,"label":1}},{"type":"Feature","geometry":{"type":"Point","coordinates":[18.508659,54.52611]},"properties":{"name":"Uniwersytet Morski","lines":"102","arr":["102"],"terminus":0,"mode":"bus","color":"#0059a9","colorDark":"#00294f","angle":286.2,"snapDist":0,"label":0}},{"type":"Feature","geometry":{"type":"Point","coordinates":[18.508295,54.523946]},"properties":{"name":"Grabowo","lines":"102","arr":["102"],"terminus":0,"mode":"bus","color":"#0059a9","colorDark":"#00294f","angle":208.4,"snapDist":2,"label":1}},{"type":"Feature","geometry":{"type":"Point","coordinates":[18.513279,54.523532]},"properties":{"name":"Beniowskiego - Akademiki","lines":"102","arr":["102"],"terminus":0,"mode":"bus","color":"#0059a9","colorDark":"#00294f","angle":220.1,"snapDist":4,"label":1}},{"type":"Feature","geometry":{"type":"Point","coordinates":[18.518132,54.52272]},"properties":{"name":"Plac Neptuna","lines":"102","arr":["102"],"terminus":0,"mode":"bus","color":"#0059a9","colorDark":"#00294f","angle":211.6,"snapDist":3,"label":1}},{"type":"Feature","geometry":{"type":"Point","coordinates":[18.523804,54.521291]},"properties":{"name":"Urząd Pracy","lines":"102","arr":["102"],"terminus":0,"mode":"bus","color":"#0059a9","colorDark":"#00294f","angle":212,"snapDist":5,"label":1}},{"type":"Feature","geometry":{"type":"Point","coordinates":[18.542715,54.522474]},"properties":{"name":"Plac Kaszubski","lines":"102, 146, 173, 194","arr":["102","146","173","194"],"terminus":1,"mode":"bus","color":"#0059a9","colorDark":"#00294f","angle":175.6,"snapDist":56,"label":0}},{"type":"Feature","geometry":{"type":"Point","coordinates":[18.531563,54.520911]},"properties":{"name":"Gdynia Dworzec Gł. PKP - Dworcowa","lines":"102, 140, 147, 150, 160, 182, 190, 204","arr":["102","140","147","150","160","182","190","204"],"terminus":0,"mode":"bus","color":"#0059a9","colorDark":"#00294f","angle":215.2,"snapDist":2,"label":1}},{"type":"Feature","geometry":{"type":"Point","coordinates":[18.523835,54.52128]},"properties":{"name":"Urząd Pracy","lines":"102","arr":["102"],"terminus":0,"mode":"bus","color":"#0059a9","colorDark":"#00294f","angle":32,"snapDist":4,"label":0}},{"type":"Feature","geometry":{"type":"Point","coordinates":[18.519807,54.522741]},"properties":{"name":"Kołłątaja","lines":"102","arr":["102"],"terminus":0,"mode":"bus","color":"#0059a9","colorDark":"#00294f","angle":32.9,"snapDist":4,"label":1}},{"type":"Feature","geometry":{"type":"Point","coordinates":[18.517186,54.523075]},"properties":{"name":"Plac Neptuna","lines":"102","arr":["102"],"terminus":0,"mode":"bus","color":"#0059a9","colorDark":"#00294f","angle":33.1,"snapDist":4,"label":0}},{"type":"Feature","geometry":{"type":"Point","coordinates":[18.51361,54.524405]},"properties":{"name":"Kapitańska","lines":"102","arr":["102"],"terminus":0,"mode":"bus","color":"#0059a9","colorDark":"#00294f","angle":32.5,"snapDist":4,"label":1}},{"type":"Feature","geometry":{"type":"Point","coordinates":[18.508556,54.524983]},"properties":{"name":"Grabowo","lines":"102","arr":["102"],"terminus":0,"mode":"bus","color":"#0059a9","colorDark":"#00294f","angle":30.4,"snapDist":3,"label":0}},{"type":"Feature","geometry":{"type":"Point","coordinates":[18.508263,54.526686]},"properties":{"name":"Uniwersytet Morski","lines":"102","arr":["102"],"terminus":0,"mode":"bus","color":"#0059a9","colorDark":"#00294f","angle":26.9,"snapDist":7,"label":0}},{"type":"Feature","geometry":{"type":"Point","coordinates":[18.502134,54.528551]},"properties":{"name":"Mireckiego","lines":"102","arr":["102"],"terminus":0,"mode":"bus","color":"#0059a9","colorDark":"#00294f","angle":27.3,"snapDist":4,"label":0}},{"type":"Feature","geometry":{"type":"Point","coordinates":[18.496648,54.529517]},"properties":{"name":"Komandorska - Hotel","lines":"102","arr":["102"],"terminus":0,"mode":"bus","color":"#0059a9","colorDark":"#00294f","angle":309.1,"snapDist":2,"label":1}},{"type":"Feature","geometry":{"type":"Point","coordinates":[18.494083,54.527816]},"properties":{"name":"Dembińskiego","lines":"102","arr":["102"],"terminus":0,"mode":"bus","color":"#0059a9","colorDark":"#00294f","angle":24.9,"snapDist":2,"label":1}},{"type":"Feature","geometry":{"type":"Point","coordinates":[18.490006,54.527146]},"properties":{"name":"Technikum Chłodnicze","lines":"102","arr":["102"],"terminus":0,"mode":"bus","color":"#0059a9","colorDark":"#00294f","angle":308.7,"snapDist":1,"label":1}},{"type":"Feature","geometry":{"type":"Point","coordinates":[18.488463,54.52785]},"properties":{"name":"Sambora - Kalksztajnów","lines":"102","arr":["102"],"terminus":0,"mode":"bus","color":"#0059a9","colorDark":"#00294f","angle":21.4,"snapDist":1,"label":0}},{"type":"Feature","geometry":{"type":"Point","coordinates":[18.484891,54.527773]},"properties":{"name":"Stoigniewa","lines":"102","arr":["102"],"terminus":0,"mode":"bus","color":"#0059a9","colorDark":"#00294f","angle":33.1,"snapDist":2,"label":0}},{"type":"Feature","geometry":{"type":"Point","coordinates":[18.487335,54.53062]},"properties":{"name":"Kordeckiego","lines":"102","arr":["102"],"terminus":0,"mode":"bus","color":"#0059a9","colorDark":"#00294f","angle":53.7,"snapDist":8,"label":0}},{"type":"Feature","geometry":{"type":"Point","coordinates":[18.481235,54.527792]},"properties":{"name":"Leszczynki II","lines":"102","arr":["102"],"terminus":0,"mode":"bus","color":"#0059a9","colorDark":"#00294f","angle":120.6,"snapDist":3,"label":0}},{"type":"Feature","geometry":{"type":"Point","coordinates":[18.48256,54.530966]},"properties":{"name":"Ściegiennego","lines":"102","arr":["102"],"terminus":0,"mode":"bus","color":"#0059a9","colorDark":"#00294f","angle":91.5,"snapDist":4,"label":0}},{"type":"Feature","geometry":{"type":"Point","coordinates":[18.479449,54.53534]},"properties":{"name":"Węzeł Żołnierzy Wyklętych","lines":"102","arr":["102"],"terminus":0,"mode":"bus","color":"#0059a9","colorDark":"#00294f","angle":121.4,"snapDist":0,"label":0}},{"type":"Feature","geometry":{"type":"Point","coordinates":[18.470225,54.537525]},"properties":{"name":"Rozewska","lines":"102","arr":["102"],"terminus":0,"mode":"bus","color":"#0059a9","colorDark":"#00294f","angle":300.3,"snapDist":1,"label":1}},{"type":"Feature","geometry":{"type":"Point","coordinates":[18.463422,54.537848]},"properties":{"name":"Swarzewska I","lines":"102","arr":["102"],"terminus":0,"mode":"bus","color":"#0059a9","colorDark":"#00294f","angle":328.1,"snapDist":0,"label":0}},{"type":"Feature","geometry":{"type":"Point","coordinates":[18.460814,54.535978]},"properties":{"name":"Swarzewska II","lines":"102","arr":["102"],"terminus":0,"mode":"bus","color":"#0059a9","colorDark":"#00294f","angle":332.6,"snapDist":6,"label":0}},{"type":"Feature","geometry":{"type":"Point","coordinates":[18.462099,54.543887]},"properties":{"name":"Chylonia Dworzec PKP","lines":"102, 114, 159, 173, 191, 288","arr":["102","114","159","173","191","288"],"terminus":0,"mode":"bus","color":"#0059a9","colorDark":"#00294f","angle":110,"snapDist":6,"label":0}},{"type":"Feature","geometry":{"type":"Point","coordinates":[18.462754,54.545526]},"properties":{"name":"Chylonia Dworzec PKP","lines":"102, 114, 159, 173, 191, 288","arr":["102","114","159","173","191","288"],"terminus":1,"mode":"bus","color":"#0059a9","colorDark":"#00294f","angle":23.8,"snapDist":6,"label":0}},{"type":"Feature","geometry":{"type":"Point","coordinates":[18.548888,54.507749]},"properties":{"name":"Dom Marynarza","lines":"104, 128, 196, 204, 252, 282","arr":["104","128","196","204","252","282"],"terminus":1,"mode":"bus","color":"#0059a9","colorDark":"#00294f","angle":13.5,"snapDist":5,"label":1}},{"type":"Feature","geometry":{"type":"Point","coordinates":[18.544011,54.508585]},"properties":{"name":"Piłsudskiego","lines":"104, 119, 128, 133, 196, 204, 252, 282","arr":["104","119","128","133","196","204","252","282"],"terminus":0,"mode":"bus","color":"#0059a9","colorDark":"#00294f","angle":13.7,"snapDist":5,"label":1}},{"type":"Feature","geometry":{"type":"Point","coordinates":[18.538721,54.522768]},"properties":{"name":"I Urząd Skarbowy","lines":"104, 128, 133, 134, 140, 147, 150, 152, 160, 182, 196, 740, 770","arr":["104","128","133","134","140","147","150","152","160","182","196","740","770"],"terminus":0,"mode":"bus","color":"#0059a9","colorDark":"#00294f","angle":85.5,"snapDist":3,"label":1}},{"type":"Feature","geometry":{"type":"Point","coordinates":[18.499009,54.544093]},"properties":{"name":"Gołębia","lines":"104, 105, 125, 134, 150, 196, 197","arr":["104","105","125","134","150","196","197"],"terminus":0,"mode":"bus","color":"#0059a9","colorDark":"#00294f","angle":122.2,"snapDist":7,"label":1}},{"type":"Feature","geometry":{"type":"Point","coordinates":[18.501497,54.54808]},"properties":{"name":"Terminal Kontenerowy","lines":"104, 105, 125, 134, 135, 150, 196, 197","arr":["104","105","125","134","135","150","196","197"],"terminus":1,"mode":"bus","color":"#0059a9","colorDark":"#00294f","angle":209.4,"snapDist":13,"label":1}},{"type":"Feature","geometry":{"type":"Point","coordinates":[18.507859,54.550759]},"properties":{"name":"Obłuże Centrum","lines":"104, 109, 134, 141, 150, 152, 163, 182, 196, 197, 198, 209, 282, 309, K, N40, X","arr":["104","109","134","141","150","152","163","182","196","197","198","209","282","309","K","N40","X"],"terminus":1,"mode":"bus","color":"#0059a9","colorDark":"#00294f","angle":200.8,"snapDist":8,"label":0}},{"type":"Feature","geometry":{"type":"Point","coordinates":[18.513569,54.54939]},"properties":{"name":"Cechowa","lines":"104, 109, 134, 150, 152, 163, 182, 196, 197, 198, 209, 282, 309, K, N40, X","arr":["104","109","134","150","152","163","182","196","197","198","209","282","309","K","N40","X"],"terminus":0,"mode":"bus","color":"#0059a9","colorDark":"#00294f","angle":209.8,"snapDist":5,"label":1}},{"type":"Feature","geometry":{"type":"Point","coordinates":[18.522222,54.545692]},"properties":{"name":"Nasypowa","lines":"104, 150, 163, 196, 197, 198, K, N40, X","arr":["104","150","163","196","197","198","K","N40","X"],"terminus":0,"mode":"bus","color":"#0059a9","colorDark":"#00294f","angle":213.9,"snapDist":0,"label":1}},{"type":"Feature","geometry":{"type":"Point","coordinates":[18.530824,54.543]},"properties":{"name":"Żeglarzy","lines":"104, 150, 163, 196, 197, 198, N40","arr":["104","150","163","196","197","198","N40"],"terminus":0,"mode":"bus","color":"#0059a9","colorDark":"#00294f","angle":189,"snapDist":5,"label":1}},{"type":"Feature","geometry":{"type":"Point","coordinates":[18.535763,54.542545]},"properties":{"name":"Stocznia Wojenna","lines":"104, 150, 163, 196, 197, 198, K, N40, X","arr":["104","150","163","196","197","198","K","N40","X"],"terminus":0,"mode":"bus","color":"#0059a9","colorDark":"#00294f","angle":189.3,"snapDist":5,"label":1}},{"type":"Feature","geometry":{"type":"Point","coordinates":[18.543588,54.542737]},"properties":{"name":"Akademia Marynarki Wojennej","lines":"104, 150, 163, 196, 197, 198, K, N40, X","arr":["104","150","163","196","197","198","K","N40","X"],"terminus":0,"mode":"bus","color":"#0059a9","colorDark":"#00294f","angle":175.3,"snapDist":2,"label":1}},{"type":"Feature","geometry":{"type":"Point","coordinates":[18.547452,54.542874]},"properties":{"name":"Oksywie Dolne","lines":"104, 198, X","arr":["104","198","X"],"terminus":1,"mode":"bus","color":"#0059a9","colorDark":"#00294f","angle":195.6,"snapDist":10,"label":1}},{"type":"Feature","geometry":{"type":"Point","coordinates":[18.512059,54.608882]},"properties":{"name":"Mechelinki - Przystań","lines":"105","arr":["105"],"terminus":1,"mode":"bus","color":"#0059a9","colorDark":"#00294f","angle":-143.8,"snapDist":12,"label":1}},{"type":"Feature","geometry":{"type":"Point","coordinates":[18.5014,54.609846]},"properties":{"name":"Mosty - Szkoła","lines":"105, 146, 165","arr":["105","146","165"],"terminus":0,"mode":"bus","color":"#0059a9","colorDark":"#00294f","angle":320.1,"snapDist":4,"label":1}},{"type":"Feature","geometry":{"type":"Point","coordinates":[18.496881,54.608522]},"properties":{"name":"Mosty - Ogrodowa","lines":"105, 146, 165","arr":["105","146","165"],"terminus":0,"mode":"bus","color":"#0059a9","colorDark":"#00294f","angle":326.2,"snapDist":7,"label":1}},{"type":"Feature","geometry":{"type":"Point","coordinates":[18.492193,54.606607]},"properties":{"name":"Mosty - Wierzbowa","lines":"105","arr":["105"],"terminus":0,"mode":"bus","color":"#0059a9","colorDark":"#00294f","angle":325.5,"snapDist":4,"label":1}},{"type":"Feature","geometry":{"type":"Point","coordinates":[18.487027,54.604464]},"properties":{"name":"Mosty - Brzozowa","lines":"105","arr":["105"],"terminus":0,"mode":"bus","color":"#0059a9","colorDark":"#00294f","angle":307.2,"snapDist":8,"label":1}},{"type":"Feature","geometry":{"type":"Point","coordinates":[18.477984,54.604206]},"properties":{"name":"Kosakowo - Złote Piaski","lines":"105","arr":["105"],"terminus":0,"mode":"bus","color":"#0059a9","colorDark":"#00294f","angle":64.3,"snapDist":1,"label":1}},{"type":"Feature","geometry":{"type":"Point","coordinates":[18.482807,54.600158]},"properties":{"name":"Kosakowo - Cmentarz Komunalny","lines":"105","arr":["105"],"terminus":0,"mode":"bus","color":"#0059a9","colorDark":"#00294f","angle":265.8,"snapDist":7,"label":1}},{"type":"Feature","geometry":{"type":"Point","coordinates":[18.479575,54.596124]},"properties":{"name":"Kosakowo - Cmentarz - Brama Główna","lines":"105","arr":["105"],"terminus":0,"mode":"bus","color":"#0059a9","colorDark":"#00294f","angle":283.1,"snapDist":8,"label":1}},{"type":"Feature","geometry":{"type":"Point","coordinates":[18.4804,54.591458]},"properties":{"name":"Kosakowo - Tulipanowa","lines":"105","arr":["105"],"terminus":0,"mode":"bus","color":"#0059a9","colorDark":"#00294f","angle":249.3,"snapDist":6,"label":1}},{"type":"Feature","geometry":{"type":"Point","coordinates":[18.495617,54.579133]},"properties":{"name":"Kosakowo - Gryfa Pomorskiego","lines":"105, 165","arr":["105","165"],"terminus":0,"mode":"bus","color":"#0059a9","colorDark":"#00294f","angle":260.4,"snapDist":7,"label":0}},{"type":"Feature","geometry":{"type":"Point","coordinates":[18.495683,54.570959]},"properties":{"name":"Pogórze - Obrońców Wybrzeża","lines":"105, 165","arr":["105","165"],"terminus":0,"mode":"bus","color":"#0059a9","colorDark":"#00294f","angle":290.6,"snapDist":4,"label":1}},{"type":"Feature","geometry":{"type":"Point","coordinates":[18.492077,54.567512]},"properties":{"name":"Pogórze - Przedszkole","lines":"105, 165","arr":["105","165"],"terminus":0,"mode":"bus","color":"#0059a9","colorDark":"#00294f","angle":323,"snapDist":4,"label":1}},{"type":"Feature","geometry":{"type":"Point","coordinates":[18.485305,54.56797]},"properties":{"name":"Pogórze - Pułaskiego","lines":"105, 146, 165, 173, 365, N65","arr":["105","146","165","173","365","N65"],"terminus":0,"mode":"bus","color":"#0059a9","colorDark":"#00294f","angle":295.8,"snapDist":4,"label":1}},{"type":"Feature","geometry":{"type":"Point","coordinates":[18.481381,54.563402]},"properties":{"name":"Pogórze Górne","lines":"105, 135, 141, 146, 163, 165, 173, 282, 365, G, N40, N65, N94","arr":["105","135","141","146","163","165","173","282","365","G","N40","N65","N94"],"terminus":1,"mode":"bus","color":"#0059a9","colorDark":"#00294f","angle":304,"snapDist":6,"label":1}},{"type":"Feature","geometry":{"type":"Point","coordinates":[18.475732,54.562724]},"properties":{"name":"Czernickiego II","lines":"105, 135, 146, 165, 173, 365, N40","arr":["105","135","146","165","173","365","N40"],"terminus":0,"mode":"bus","color":"#0059a9","colorDark":"#00294f","angle":265.8,"snapDist":5,"label":1}},{"type":"Feature","geometry":{"type":"Point","coordinates":[18.473513,54.561214]},"properties":{"name":"Czernickiego I","lines":"105, 135, 146, 165, 173, 365, N40","arr":["105","135","146","165","173","365","N40"],"terminus":0,"mode":"bus","color":"#0059a9","colorDark":"#00294f","angle":76.9,"snapDist":5,"label":0}},{"type":"Feature","geometry":{"type":"Point","coordinates":[18.498875,54.54898]},"properties":{"name":"Terminal Kontenerowy","lines":"105, 125, 197","arr":["105","125","197"],"terminus":0,"mode":"bus","color":"#0059a9","colorDark":"#00294f","angle":31.6,"snapDist":12,"label":0}},{"type":"Feature","geometry":{"type":"Point","coordinates":[18.486854,54.550991]},"properties":{"name":"Elektrociepłownia - Kontenerowa","lines":"105, 125, 197","arr":["105","125","197"],"terminus":0,"mode":"bus","color":"#0059a9","colorDark":"#00294f","angle":-50.2,"snapDist":14,"label":1}},{"type":"Feature","geometry":{"type":"Point","coordinates":[18.501104,54.547149]},"properties":{"name":"Terminal Kontenerowy","lines":"105, 125, 150, 197","arr":["105","125","150","197"],"terminus":0,"mode":"bus","color":"#0059a9","colorDark":"#00294f","angle":244.4,"snapDist":7,"label":0}},{"type":"Feature","geometry":{"type":"Point","coordinates":[18.498444,54.543574]},"properties":{"name":"Gołębia","lines":"105, 125, 150, 197","arr":["105","125","150","197"],"terminus":0,"mode":"bus","color":"#0059a9","colorDark":"#00294f","angle":301.2,"snapDist":3,"label":0}},{"type":"Feature","geometry":{"type":"Point","coordinates":[18.493444,54.537935]},"properties":{"name":"Hutnicza - Estakada","lines":"105, 109, 125, 141, 196, 197, 309, G, K, N30, N40, X","arr":["105","109","125","141","196","197","309","G","K","N30","N40","X"],"terminus":0,"mode":"bus","color":"#0059a9","colorDark":"#00294f","angle":299.6,"snapDist":3,"label":1}},{"type":"Feature","geometry":{"type":"Point","coordinates":[18.538622,54.517433]},"properties":{"name":"Armii Krajowej","lines":"105, 119, 125, 128, 133, 134, 152, 196, 204, 282, G, R, S, W, Z","arr":["105","119","125","128","133","134","152","196","204","282","G","R","S","W","Z"],"terminus":0,"mode":"bus","color":"#0059a9","colorDark":"#00294f","angle":276.9,"snapDist":7,"label":0}},{"type":"Feature","geometry":{"type":"Point","coordinates":[18.538966,54.497114]},"properties":{"name":"Centrum Nauki Experyment","lines":"105, 119, 125, 133, 180, 192, W","arr":["105","119","125","133","180","192","W"],"terminus":0,"mode":"bus","color":"#0059a9","colorDark":"#00294f","angle":175.1,"snapDist":3,"label":0}},{"type":"Feature","geometry":{"type":"Point","coordinates":[18.540836,54.495037]},"properties":{"name":"Lutycka","lines":"105, 125, 180, W","arr":["105","125","180","W"],"terminus":0,"mode":"bus","color":"#0059a9","colorDark":"#00294f","angle":265.1,"snapDist":5,"label":1}},{"type":"Feature","geometry":{"type":"Point","coordinates":[18.54223,54.492324]},"properties":{"name":"Ruchu Oporu","lines":"105, 121, 125, 180, W","arr":["105","121","125","180","W"],"terminus":0,"mode":"bus","color":"#0059a9","colorDark":"#00294f","angle":247.9,"snapDist":4,"label":1}},{"type":"Feature","geometry":{"type":"Point","coordinates":[18.548901,54.489811]},"properties":{"name":"Powstań Chłopskich","lines":"105, 121, 125, 180, W","arr":["105","121","125","180","W"],"terminus":0,"mode":"bus","color":"#0059a9","colorDark":"#00294f","angle":165.1,"snapDist":5,"label":1}},{"type":"Feature","geometry":{"type":"Point","coordinates":[18.555392,54.489663]},"properties":{"name":"Redłowo Szpital","lines":"105, 121, 125, 180, 252, W","arr":["105","121","125","180","252","W"],"terminus":1,"mode":"bus","color":"#0059a9","colorDark":"#00294f","angle":185.7,"snapDist":1,"label":1}},{"type":"Feature","geometry":{"type":"Point","coordinates":[18.554991,54.489687]},"properties":{"name":"Redłowo Szpital","lines":"105, 121, 125, 180, 252, W","arr":["105","121","125","180","252","W"],"terminus":1,"mode":"bus","color":"#0059a9","colorDark":"#00294f","angle":5.9,"snapDist":1,"label":0}},{"type":"Feature","geometry":{"type":"Point","coordinates":[18.547849,54.489641]},"properties":{"name":"Powstań Chłopskich","lines":"105, 121, 125, 180, W","arr":["105","121","125","180","W"],"terminus":0,"mode":"bus","color":"#0059a9","colorDark":"#00294f","angle":344.2,"snapDist":4,"label":0}},{"type":"Feature","geometry":{"type":"Point","coordinates":[18.541475,54.493639]},"properties":{"name":"Ruchu Oporu","lines":"105, 125, W","arr":["105","125","W"],"terminus":0,"mode":"bus","color":"#0059a9","colorDark":"#00294f","angle":72.6,"snapDist":8,"label":0}},{"type":"Feature","geometry":{"type":"Point","coordinates":[18.501977,54.529645]},"properties":{"name":"Mireckiego","lines":"105, 109, 125, 141, G","arr":["105","109","125","141","G"],"terminus":0,"mode":"bus","color":"#0059a9","colorDark":"#00294f","angle":19.2,"snapDist":6,"label":0}},{"type":"Feature","geometry":{"type":"Point","coordinates":[18.489496,54.533325]},"properties":{"name":"Morska - Estakada","lines":"105, 109, 125, 141, 197, 309, G, K, N20, N30, N40, X","arr":["105","109","125","141","197","309","G","K","N20","N30","N40","X"],"terminus":1,"mode":"bus","color":"#0059a9","colorDark":"#00294f","angle":120.6,"snapDist":3,"label":1}},{"type":"Feature","geometry":{"type":"Point","coordinates":[18.494714,54.538624]},"properties":{"name":"Hutnicza - Estakada","lines":"105, 109, 125, 141, 163, 197, 309, G, K, N40, R, X","arr":["105","109","125","141","163","197","309","G","K","N40","R","X"],"terminus":0,"mode":"bus","color":"#0059a9","colorDark":"#00294f","angle":118.5,"snapDist":6,"label":0}},{"type":"Feature","geometry":{"type":"Point","coordinates":[18.472707,54.560502]},"properties":{"name":"Czernickiego I","lines":"105, 135, 146, 163, 165, 173, 365, N10","arr":["105","135","146","163","165","173","365","N10"],"terminus":1,"mode":"bus","color":"#0059a9","colorDark":"#00294f","angle":71.4,"snapDist":5,"label":1}},{"type":"Feature","geometry":{"type":"Point","coordinates":[18.475722,54.562814]},"properties":{"name":"Czernickiego II","lines":"105, 135, 146, 163, 165, 173, 365, N10","arr":["105","135","146","163","165","173","365","N10"],"terminus":0,"mode":"bus","color":"#0059a9","colorDark":"#00294f","angle":88.2,"snapDist":4,"label":0}},{"type":"Feature","geometry":{"type":"Point","coordinates":[18.481377,54.563398]},"properties":{"name":"Pogórze Górne","lines":"105, 135, 146, 163, 165, 173, 365","arr":["105","135","146","163","165","173","365"],"terminus":0,"mode":"bus","color":"#0059a9","colorDark":"#00294f","angle":124,"snapDist":6,"label":0}},{"type":"Feature","geometry":{"type":"Point","coordinates":[18.485814,54.565718]},"properties":{"name":"Pogórze - Dąbrowskiego","lines":"105, 165","arr":["105","165"],"terminus":0,"mode":"bus","color":"#0059a9","colorDark":"#00294f","angle":145.6,"snapDist":4,"label":1}},{"type":"Feature","geometry":{"type":"Point","coordinates":[18.493184,54.568078]},"properties":{"name":"Pogórze - Przedszkole","lines":"105, 165","arr":["105","165"],"terminus":0,"mode":"bus","color":"#0059a9","colorDark":"#00294f","angle":131.8,"snapDist":3,"label":0}},{"type":"Feature","geometry":{"type":"Point","coordinates":[18.495055,54.57004]},"properties":{"name":"Pogórze - Obrońców Wybrzeża","lines":"105, 165","arr":["105","165"],"terminus":0,"mode":"bus","color":"#0059a9","colorDark":"#00294f","angle":115.5,"snapDist":4,"label":0}},{"type":"Feature","geometry":{"type":"Point","coordinates":[18.499059,54.572782]},"properties":{"name":"Pogórze - Derdowskiego","lines":"105, 165","arr":["105","165"],"terminus":0,"mode":"bus","color":"#0059a9","colorDark":"#00294f","angle":62,"snapDist":6,"label":1}},{"type":"Feature","geometry":{"type":"Point","coordinates":[18.480723,54.590976]},"properties":{"name":"Kosakowo - Tulipanowa","lines":"105","arr":["105"],"terminus":0,"mode":"bus","color":"#0059a9","colorDark":"#00294f","angle":68.5,"snapDist":5,"label":0}},{"type":"Feature","geometry":{"type":"Point","coordinates":[18.47992,54.59697]},"properties":{"name":"Kosakowo - Cmentarz - Brama Główna","lines":"105","arr":["105"],"terminus":0,"mode":"bus","color":"#0059a9","colorDark":"#00294f","angle":105,"snapDist":8,"label":0}},{"type":"Feature","geometry":{"type":"Point","coordinates":[18.482785,54.600334]},"properties":{"name":"Kosakowo - Cmentarz Komunalny","lines":"105","arr":["105"],"terminus":0,"mode":"bus","color":"#0059a9","colorDark":"#00294f","angle":85.7,"snapDist":5,"label":0}},{"type":"Feature","geometry":{"type":"Point","coordinates":[18.487954,54.604894]},"properties":{"name":"Mosty - Brzozowa","lines":"105","arr":["105"],"terminus":0,"mode":"bus","color":"#0059a9","colorDark":"#00294f","angle":144.2,"snapDist":4,"label":0}},{"type":"Feature","geometry":{"type":"Point","coordinates":[18.49305,54.606957]},"properties":{"name":"Mosty - Wierzbowa","lines":"105","arr":["105"],"terminus":0,"mode":"bus","color":"#0059a9","colorDark":"#00294f","angle":146.4,"snapDist":4,"label":0}},{"type":"Feature","geometry":{"type":"Point","coordinates":[18.497522,54.608771]},"properties":{"name":"Mosty - Ogrodowa","lines":"105, 146, 165","arr":["105","146","165"],"terminus":0,"mode":"bus","color":"#0059a9","colorDark":"#00294f","angle":144.8,"snapDist":5,"label":0}},{"type":"Feature","geometry":{"type":"Point","coordinates":[18.502404,54.610296]},"properties":{"name":"Mosty - Szkoła","lines":"105, 146, 165","arr":["105","146","165"],"terminus":0,"mode":"bus","color":"#0059a9","colorDark":"#00294f","angle":145.1,"snapDist":7,"label":0}},{"type":"Feature","geometry":{"type":"Point","coordinates":[18.511657,54.608852]},"properties":{"name":"Mechelinki - Przystań","lines":"105, 146, 165","arr":["105","146","165"],"terminus":1,"mode":"bus","color":"#0059a9","colorDark":"#00294f","angle":268.3,"snapDist":4,"label":0}},{"type":"Feature","geometry":{"type":"Point","coordinates":[18.538829,54.577801]},"properties":{"name":"Babie Doły","lines":"109, 196, 209, 309, N10","arr":["109","196","209","309","N10"],"terminus":1,"mode":"bus","color":"#0059a9","colorDark":"#00294f","angle":331.8,"snapDist":0,"label":1}},{"type":"Feature","geometry":{"type":"Point","coordinates":[18.537323,54.575022]},"properties":{"name":"Zielona - Kościół","lines":"109, 196, 209, 309, N10","arr":["109","196","209","309","N10"],"terminus":0,"mode":"bus","color":"#0059a9","colorDark":"#00294f","angle":284.7,"snapDist":4,"label":1}},{"type":"Feature","geometry":{"type":"Point","coordinates":[18.534647,54.564519]},"properties":{"name":"Wąwóz Ostrowicki","lines":"109, 196, 209, 309, N10","arr":["109","196","209","309","N10"],"terminus":0,"mode":"bus","color":"#0059a9","colorDark":"#00294f","angle":278.2,"snapDist":0,"label":1}},{"type":"Feature","geometry":{"type":"Point","coordinates":[18.533183,54.560493]},"properties":{"name":"Zielona - Działki I","lines":"109, 196, 209, 309, N10","arr":["109","196","209","309","N10"],"terminus":0,"mode":"bus","color":"#0059a9","colorDark":"#00294f","angle":285,"snapDist":3,"label":1}},{"type":"Feature","geometry":{"type":"Point","coordinates":[18.531275,54.556203]},"properties":{"name":"Zielona - Działki II","lines":"109, 196, 209, 309, N10","arr":["109","196","209","309","N10"],"terminus":0,"mode":"bus","color":"#0059a9","colorDark":"#00294f","angle":284.3,"snapDist":3,"label":1}},{"type":"Feature","geometry":{"type":"Point","coordinates":[18.530032,54.552807]},"properties":{"name":"Dąbka - Zielona","lines":"109, 128, 134, 163, 182, 196, 197, 209, 282, 309, N10","arr":["109","128","134","163","182","196","197","209","282","309","N10"],"terminus":0,"mode":"bus","color":"#0059a9","colorDark":"#00294f","angle":277,"snapDist":3,"label":1}},{"type":"Feature","geometry":{"type":"Point","coordinates":[18.529487,54.548726]},"properties":{"name":"Bosmańska - Zielona","lines":"109, 134, 152, 182, 209, 282, 309","arr":["109","134","152","182","209","282","309"],"terminus":0,"mode":"bus","color":"#0059a9","colorDark":"#00294f","angle":348.2,"snapDist":8,"label":1}},{"type":"Feature","geometry":{"type":"Point","coordinates":[18.52082,54.548561]},"properties":{"name":"Bosmańska - Nasypowa","lines":"109, 134, 152, 182, 209, 282, 309","arr":["109","134","152","182","209","282","309"],"terminus":0,"mode":"bus","color":"#0059a9","colorDark":"#00294f","angle":0.1,"snapDist":5,"label":1}},{"type":"Feature","geometry":{"type":"Point","coordinates":[18.512228,54.549952]},"properties":{"name":"Cechowa","lines":"109, 128, 134, 141, 150, 152, 163, 182, 196, 197, 198, 209, 282, 309, N10, X","arr":["109","128","134","141","150","152","163","182","196","197","198","209","282","309","N10","X"],"terminus":0,"mode":"bus","color":"#0059a9","colorDark":"#00294f","angle":27.4,"snapDist":5,"label":0}},{"type":"Feature","geometry":{"type":"Point","coordinates":[18.53702,54.491106]},"properties":{"name":"Redłowo SKM","lines":"109, 209","arr":["109","209"],"terminus":1,"mode":"bus","color":"#0059a9","colorDark":"#00294f","angle":66.5,"snapDist":8,"label":1}},{"type":"Feature","geometry":{"type":"Point","coordinates":[18.537151,54.49125]},"properties":{"name":"Redłowo SKM","lines":"109","arr":["109"],"terminus":1,"mode":"bus","color":"#0059a9","colorDark":"#00294f","angle":65.7,"snapDist":3,"label":0}},{"type":"Feature","geometry":{"type":"Point","coordinates":[18.52011,54.548561]},"properties":{"name":"Bosmańska - Nasypowa","lines":"109, 134, 152, 182, 209, 282, 309, N40","arr":["109","134","152","182","209","282","309","N40"],"terminus":0,"mode":"bus","color":"#0059a9","colorDark":"#00294f","angle":180.1,"snapDist":3,"label":0}},{"type":"Feature","geometry":{"type":"Point","coordinates":[18.530565,54.549384]},"properties":{"name":"Bosmańska - Zielona","lines":"109, 134, 163, 182, 196, 197, 209, 282, 309, N40","arr":["109","134","163","182","196","197","209","282","309","N40"],"terminus":0,"mode":"bus","color":"#0059a9","colorDark":"#00294f","angle":84.2,"snapDist":7,"label":0}},{"type":"Feature","geometry":{"type":"Point","coordinates":[18.530281,54.553904]},"properties":{"name":"Dąbka - Zielona","lines":"109, 196, 209, 309, N10","arr":["109","196","209","309","N10"],"terminus":0,"mode":"bus","color":"#0059a9","colorDark":"#00294f","angle":100.7,"snapDist":3,"label":0}},{"type":"Feature","geometry":{"type":"Point","coordinates":[18.53122,54.556081]},"properties":{"name":"Zielona - Działki II","lines":"109, 196, 209, 309, N10","arr":["109","196","209","309","N10"],"terminus":0,"mode":"bus","color":"#0059a9","colorDark":"#00294f","angle":104.7,"snapDist":5,"label":0}},{"type":"Feature","geometry":{"type":"Point","coordinates":[18.533323,54.560802]},"properties":{"name":"Zielona - Działki I","lines":"109, 196, 209, 309, N10","arr":["109","196","209","309","N10"],"terminus":0,"mode":"bus","color":"#0059a9","colorDark":"#00294f","angle":104.6,"snapDist":5,"label":0}},{"type":"Feature","geometry":{"type":"Point","coordinates":[18.534853,54.565338]},"properties":{"name":"Wąwóz Ostrowicki","lines":"109, 196, 209, 309, N10","arr":["109","196","209","309","N10"],"terminus":0,"mode":"bus","color":"#0059a9","colorDark":"#00294f","angle":98.5,"snapDist":3,"label":0}},{"type":"Feature","geometry":{"type":"Point","coordinates":[18.537898,54.57628]},"properties":{"name":"Zielona - Kościół","lines":"109, 196, 209, 309, N10","arr":["109","196","209","309","N10"],"terminus":0,"mode":"bus","color":"#0059a9","colorDark":"#00294f","angle":105.8,"snapDist":0,"label":0}},{"type":"Feature","geometry":{"type":"Point","coordinates":[18.539635,54.578252]},"properties":{"name":"Babie Doły","lines":"109, 196, 209","arr":["109","196","209"],"terminus":1,"mode":"bus","color":"#0059a9","colorDark":"#00294f","angle":247.4,"snapDist":11,"label":0}},{"type":"Feature","geometry":{"type":"Point","coordinates":[18.547128,54.532798]},"properties":{"name":"Dworzec Morski - Muzeum Emigracji","lines":"119, 133","arr":["119","133"],"terminus":1,"mode":"bus","color":"#0059a9","colorDark":"#00294f","angle":106.9,"snapDist":7,"label":1}},{"type":"Feature","geometry":{"type":"Point","coordinates":[18.545884,54.533099]},"properties":{"name":"Publiczny Terminal Promowy","lines":"119, 133","arr":["119","133"],"terminus":0,"mode":"bus","color":"#0059a9","colorDark":"#00294f","angle":353.8,"snapDist":8,"label":1}},{"type":"Feature","geometry":{"type":"Point","coordinates":[18.542283,54.529969]},"properties":{"name":"Chrzanowskiego - Przychodnia","lines":"119","arr":["119"],"terminus":0,"mode":"bus","color":"#0059a9","colorDark":"#00294f","angle":237.9,"snapDist":4,"label":1}},{"type":"Feature","geometry":{"type":"Point","coordinates":[18.543013,54.528158]},"properties":{"name":"Urząd Morski","lines":"119","arr":["119"],"terminus":0,"mode":"bus","color":"#0059a9","colorDark":"#00294f","angle":261.2,"snapDist":5,"label":1}},{"type":"Feature","geometry":{"type":"Point","coordinates":[18.533006,54.522062]},"properties":{"name":"Gdynia Dworzec Gł. PKP - Hala","lines":"119, 128, 133, 134, 152, 204, 209, 282, R, Z","arr":["119","128","133","134","152","204","209","282","R","Z"],"terminus":0,"mode":"bus","color":"#0059a9","colorDark":"#00294f","angle":176,"snapDist":4,"label":0}},{"type":"Feature","geometry":{"type":"Point","coordinates":[18.535451,54.520916]},"properties":{"name":"Starowiejska","lines":"119, 128, 133, 134, 152, 204, 209, 282","arr":["119","128","133","134","152","204","209","282"],"terminus":0,"mode":"bus","color":"#0059a9","colorDark":"#00294f","angle":266.7,"snapDist":3,"label":1}},{"type":"Feature","geometry":{"type":"Point","coordinates":[18.541673,54.499895]},"properties":{"name":"Hallera","lines":"119, 192","arr":["119","192"],"terminus":0,"mode":"bus","color":"#0059a9","colorDark":"#00294f","angle":77.1,"snapDist":2,"label":1}},{"type":"Feature","geometry":{"type":"Point","coordinates":[18.542168,54.503325]},"properties":{"name":"Wzgórze Św. Maksymiliana Syrokomli","lines":"119, 133, 252","arr":["119","133","252"],"terminus":0,"mode":"bus","color":"#0059a9","colorDark":"#00294f","angle":124.2,"snapDist":5,"label":1}},{"type":"Feature","geometry":{"type":"Point","coordinates":[18.538927,54.5184]},"properties":{"name":"Armii Krajowej","lines":"119, 133, 140, 147, 160, 204, 740, Z","arr":["119","133","140","147","160","204","740","Z"],"terminus":0,"mode":"bus","color":"#0059a9","colorDark":"#00294f","angle":89.5,"snapDist":3,"label":0}},{"type":"Feature","geometry":{"type":"Point","coordinates":[18.542964,54.524347]},"properties":{"name":"Portowa","lines":"119","arr":["119"],"terminus":0,"mode":"bus","color":"#0059a9","colorDark":"#00294f","angle":87.7,"snapDist":8,"label":1}},{"type":"Feature","geometry":{"type":"Point","coordinates":[18.542314,54.52994]},"properties":{"name":"Chrzanowskiego - Przychodnia","lines":"119","arr":["119"],"terminus":0,"mode":"bus","color":"#0059a9","colorDark":"#00294f","angle":57.9,"snapDist":4,"label":0}},{"type":"Feature","geometry":{"type":"Point","coordinates":[18.542666,54.531227]},"properties":{"name":"Chrzanowskiego","lines":"119, 133","arr":["119","133"],"terminus":0,"mode":"bus","color":"#0059a9","colorDark":"#00294f","angle":163.8,"snapDist":5,"label":1}},{"type":"Feature","geometry":{"type":"Point","coordinates":[18.546746,54.532624]},"properties":{"name":"Dworzec Morski - Muzeum Emigracji","lines":"119","arr":["119"],"terminus":1,"mode":"bus","color":"#0059a9","colorDark":"#00294f","angle":147.6,"snapDist":3,"label":0}},{"type":"Feature","geometry":{"type":"Point","coordinates":[18.451228,54.478156]},"properties":{"name":"Wiczlińska - Las","lines":"121, 140, 147, N20","arr":["121","140","147","N20"],"terminus":0,"mode":"bus","color":"#0059a9","colorDark":"#00294f","angle":37.2,"snapDist":4,"label":1}},{"type":"Feature","geometry":{"type":"Point","coordinates":[18.442539,54.481053]},"properties":{"name":"Wiczlino Działki II","lines":"121, 140, 147, N20","arr":["121","140","147","N20"],"terminus":0,"mode":"bus","color":"#0059a9","colorDark":"#00294f","angle":18.6,"snapDist":6,"label":1}},{"type":"Feature","geometry":{"type":"Point","coordinates":[18.437248,54.483365]},"properties":{"name":"Wiczlińska - Śliska","lines":"121, 140, 147, 760, K, N20","arr":["121","140","147","760","K","N20"],"terminus":0,"mode":"bus","color":"#0059a9","colorDark":"#00294f","angle":103,"snapDist":5,"label":1}},{"type":"Feature","geometry":{"type":"Point","coordinates":[18.432565,54.486042]},"properties":{"name":"Gradowa","lines":"121, 140, 147, 760, N20","arr":["121","140","147","760","N20"],"terminus":0,"mode":"bus","color":"#0059a9","colorDark":"#00294f","angle":35.7,"snapDist":5,"label":1}},{"type":"Feature","geometry":{"type":"Point","coordinates":[18.427664,54.488124]},"properties":{"name":"Filipkowskiego","lines":"121, 140, 147, 760, 940, K, N20","arr":["121","140","147","760","940","K","N20"],"terminus":1,"mode":"bus","color":"#0059a9","colorDark":"#00294f","angle":33.1,"snapDist":7,"label":1}},{"type":"Feature","geometry":{"type":"Point","coordinates":[18.424773,54.49061]},"properties":{"name":"Wiczlino Skrzyżowanie","lines":"121, 140, 147, 760, 940, K, N20","arr":["121","140","147","760","940","K","N20"],"terminus":0,"mode":"bus","color":"#0059a9","colorDark":"#00294f","angle":121.3,"snapDist":9,"label":1}},{"type":"Feature","geometry":{"type":"Point","coordinates":[18.430025,54.494336]},"properties":{"name":"Zaruskiego","lines":"121, 140, 760, 940, K, N20","arr":["121","140","760","940","K","N20"],"terminus":0,"mode":"bus","color":"#0059a9","colorDark":"#00294f","angle":99.6,"snapDist":9,"label":1}},{"type":"Feature","geometry":{"type":"Point","coordinates":[18.430821,54.497131]},"properties":{"name":"Kamrowskiego","lines":"121, 140, 760, 940, N20","arr":["121","140","760","940","N20"],"terminus":0,"mode":"bus","color":"#0059a9","colorDark":"#00294f","angle":105.5,"snapDist":4,"label":1}},{"type":"Feature","geometry":{"type":"Point","coordinates":[18.435069,54.498923]},"properties":{"name":"Chwarzno Polanki","lines":"121, 140, 160, 760, K, N20","arr":["121","140","160","760","K","N20"],"terminus":1,"mode":"bus","color":"#0059a9","colorDark":"#00294f","angle":197.1,"snapDist":9,"label":1}},{"type":"Feature","geometry":{"type":"Point","coordinates":[18.439483,54.498579]},"properties":{"name":"Sokoła","lines":"121, 140, 147, 160, 760, K, N20","arr":["121","140","147","160","760","K","N20"],"terminus":0,"mode":"bus","color":"#0059a9","colorDark":"#00294f","angle":163.4,"snapDist":7,"label":1}},{"type":"Feature","geometry":{"type":"Point","coordinates":[18.446807,54.499823]},"properties":{"name":"Amona","lines":"121, 140, 147, 160, 760, N20","arr":["121","140","147","160","760","N20"],"terminus":0,"mode":"bus","color":"#0059a9","colorDark":"#00294f","angle":163.5,"snapDist":10,"label":1}},{"type":"Feature","geometry":{"type":"Point","coordinates":[18.452413,54.500487]},"properties":{"name":"Jowisza","lines":"121, 140, 147, 160, 760, K, N20","arr":["121","140","147","160","760","K","N20"],"terminus":0,"mode":"bus","color":"#0059a9","colorDark":"#00294f","angle":183,"snapDist":5,"label":1}},{"type":"Feature","geometry":{"type":"Point","coordinates":[18.456761,54.500082]},"properties":{"name":"Chwarzno Apollina","lines":"121, 140, 147, 160, 760, K, N20","arr":["121","140","147","160","760","K","N20"],"terminus":0,"mode":"bus","color":"#0059a9","colorDark":"#00294f","angle":178.2,"snapDist":7,"label":1}},{"type":"Feature","geometry":{"type":"Point","coordinates":[18.466751,54.500254]},"properties":{"name":"Okrężna II","lines":"121, 140, 147, 160, 760, N20","arr":["121","140","147","160","760","N20"],"terminus":0,"mode":"bus","color":"#0059a9","colorDark":"#00294f","angle":188.2,"snapDist":8,"label":1}},{"type":"Feature","geometry":{"type":"Point","coordinates":[18.470659,54.499923]},"properties":{"name":"Okrężna I","lines":"121, 140, 147, 160, 760, N20","arr":["121","140","147","160","760","N20"],"terminus":0,"mode":"bus","color":"#0059a9","colorDark":"#00294f","angle":188,"snapDist":7,"label":1}},{"type":"Feature","geometry":{"type":"Point","coordinates":[18.49459,54.498436]},"properties":{"name":"Witomino Sosnowa","lines":"121, 140, 141, 147, 160, 760, N20","arr":["121","140","141","147","160","760","N20"],"terminus":0,"mode":"bus","color":"#0059a9","colorDark":"#00294f","angle":185.1,"snapDist":5,"label":0}},{"type":"Feature","geometry":{"type":"Point","coordinates":[18.498056,54.498338]},"properties":{"name":"Promienna","lines":"121, 140, 141, 147, 160, 760, N20","arr":["121","140","141","147","160","760","N20"],"terminus":0,"mode":"bus","color":"#0059a9","colorDark":"#00294f","angle":176.4,"snapDist":9,"label":1}},{"type":"Feature","geometry":{"type":"Point","coordinates":[18.503471,54.498697]},"properties":{"name":"Uczniowska","lines":"121, 140, 141, 147, 160, 760, N20","arr":["121","140","141","147","160","760","N20"],"terminus":0,"mode":"bus","color":"#0059a9","colorDark":"#00294f","angle":173.7,"snapDist":8,"label":1}},{"type":"Feature","geometry":{"type":"Point","coordinates":[18.510242,54.497854]},"properties":{"name":"Witomino Centrum","lines":"121, 192, 203","arr":["121","192","203"],"terminus":0,"mode":"bus","color":"#0059a9","colorDark":"#00294f","angle":212.6,"snapDist":5,"label":1}},{"type":"Feature","geometry":{"type":"Point","coordinates":[18.530868,54.492141]},"properties":{"name":"Stadion Miejski","lines":"121, 203","arr":["121","203"],"terminus":0,"mode":"bus","color":"#0059a9","colorDark":"#00294f","angle":191.5,"snapDist":6,"label":1}},{"type":"Feature","geometry":{"type":"Point","coordinates":[18.530445,54.492201]},"properties":{"name":"Stadion Miejski","lines":"121, 203","arr":["121","203"],"terminus":0,"mode":"bus","color":"#0059a9","colorDark":"#00294f","angle":14,"snapDist":7,"label":0}},{"type":"Feature","geometry":{"type":"Point","coordinates":[18.507625,54.498568]},"properties":{"name":"Witomino Centrum","lines":"121, 140, 141, 147, 160, N20","arr":["121","140","141","147","160","N20"],"terminus":0,"mode":"bus","color":"#0059a9","colorDark":"#00294f","angle":18.6,"snapDist":9,"label":0}},{"type":"Feature","geometry":{"type":"Point","coordinates":[18.501706,54.498559]},"properties":{"name":"Uczniowska","lines":"121, 140, 141, 147, 160, N20","arr":["121","140","141","147","160","N20"],"terminus":0,"mode":"bus","color":"#0059a9","colorDark":"#00294f","angle":353.5,"snapDist":8,"label":0}},{"type":"Feature","geometry":{"type":"Point","coordinates":[18.496037,54.498348]},"properties":{"name":"Witomino Sosnowa","lines":"121, 140, 141, 147, 160, N20","arr":["121","140","141","147","160","N20"],"terminus":0,"mode":"bus","color":"#0059a9","colorDark":"#00294f","angle":3.1,"snapDist":9,"label":0}},{"type":"Feature","geometry":{"type":"Point","coordinates":[18.470534,54.500025]},"properties":{"name":"Okrężna I","lines":"121, 140, 147, 160, N20","arr":["121","140","147","160","N20"],"terminus":0,"mode":"bus","color":"#0059a9","colorDark":"#00294f","angle":7.9,"snapDist":3,"label":0}},{"type":"Feature","geometry":{"type":"Point","coordinates":[18.465895,54.500438]},"properties":{"name":"Okrężna II","lines":"121, 140, 147, 160, N20","arr":["121","140","147","160","N20"],"terminus":0,"mode":"bus","color":"#0059a9","colorDark":"#00294f","angle":9,"snapDist":2,"label":0}},{"type":"Feature","geometry":{"type":"Point","coordinates":[18.4568,54.500082]},"properties":{"name":"Chwarzno Apollina","lines":"121, 140, 147, 160, N20","arr":["121","140","147","160","N20"],"terminus":0,"mode":"bus","color":"#0059a9","colorDark":"#00294f","angle":358.2,"snapDist":1,"label":0}},{"type":"Feature","geometry":{"type":"Point","coordinates":[18.451183,54.500539]},"properties":{"name":"Jowisza","lines":"121, 140, 147, 160, K, N20","arr":["121","140","147","160","K","N20"],"terminus":0,"mode":"bus","color":"#0059a9","colorDark":"#00294f","angle":4.4,"snapDist":6,"label":0}},{"type":"Feature","geometry":{"type":"Point","coordinates":[18.44535,54.499571]},"properties":{"name":"Amona","lines":"121, 140, 147, 160, N20","arr":["121","140","147","160","N20"],"terminus":0,"mode":"bus","color":"#0059a9","colorDark":"#00294f","angle":343.7,"snapDist":5,"label":0}},{"type":"Feature","geometry":{"type":"Point","coordinates":[18.439886,54.498649]},"properties":{"name":"Sokoła","lines":"121, 140, 147, 160, K, N20","arr":["121","140","147","160","K","N20"],"terminus":0,"mode":"bus","color":"#0059a9","colorDark":"#00294f","angle":343.4,"snapDist":1,"label":0}},{"type":"Feature","geometry":{"type":"Point","coordinates":[18.438306,54.497609]},"properties":{"name":"Chwarzno Sokółka","lines":"121, N20","arr":["121","N20"],"terminus":1,"mode":"bus","color":"#0059a9","colorDark":"#00294f","angle":357,"snapDist":7,"label":1}},{"type":"Feature","geometry":{"type":"Point","coordinates":[18.486955,54.551064]},"properties":{"name":"Elektrociepłownia - Kontenerowa","lines":"125, 134, 197","arr":["125","134","197"],"terminus":0,"mode":"bus","color":"#0059a9","colorDark":"#00294f","angle":126.4,"snapDist":5,"label":0}},{"type":"Feature","geometry":{"type":"Point","coordinates":[18.478251,54.55766]},"properties":{"name":"Pogórze Dolne","lines":"125","arr":["125"],"terminus":1,"mode":"bus","color":"#0059a9","colorDark":"#00294f","angle":10.8,"snapDist":16,"label":0}},{"type":"Feature","geometry":{"type":"Point","coordinates":[18.507681,54.553727]},"properties":{"name":"Kwiatkowskiego","lines":"128, 194, G, N94","arr":["128","194","G","N94"],"terminus":0,"mode":"bus","color":"#0059a9","colorDark":"#00294f","angle":91.9,"snapDist":8,"label":1}},{"type":"Feature","geometry":{"type":"Point","coordinates":[18.508154,54.556834]},"properties":{"name":"Sucharskiego","lines":"128, 194, N94","arr":["128","194","N94"],"terminus":0,"mode":"bus","color":"#0059a9","colorDark":"#00294f","angle":107,"snapDist":8,"label":1}},{"type":"Feature","geometry":{"type":"Point","coordinates":[18.516123,54.557475]},"properties":{"name":"Turkusowa","lines":"128, 134, 141, 163, 182, 197, 282, N10","arr":["128","134","141","163","182","197","282","N10"],"terminus":0,"mode":"bus","color":"#0059a9","colorDark":"#00294f","angle":210.9,"snapDist":4,"label":1}},{"type":"Feature","geometry":{"type":"Point","coordinates":[18.520692,54.55593]},"properties":{"name":"Dąbka - Zespół Szkół","lines":"128, 134, 141, 163, 182, 197, 282, N10","arr":["128","134","141","163","182","197","282","N10"],"terminus":0,"mode":"bus","color":"#0059a9","colorDark":"#00294f","angle":209.6,"snapDist":7,"label":1}},{"type":"Feature","geometry":{"type":"Point","coordinates":[18.525907,54.554186]},"properties":{"name":"Benisławskiego","lines":"128, 134, 163, 182, 197, 282, N10","arr":["128","134","163","182","197","282","N10"],"terminus":0,"mode":"bus","color":"#0059a9","colorDark":"#00294f","angle":209.3,"snapDist":6,"label":1}},{"type":"Feature","geometry":{"type":"Point","coordinates":[18.531597,54.548859]},"properties":{"name":"Bosmańska - Zielona","lines":"128, 152, 163, 196, 197, N10","arr":["128","152","163","196","197","N10"],"terminus":0,"mode":"bus","color":"#0059a9","colorDark":"#00294f","angle":165.8,"snapDist":3,"label":0}},{"type":"Feature","geometry":{"type":"Point","coordinates":[18.540129,54.549546]},"properties":{"name":"Alzacka","lines":"128, 150, 152, 163, 196, 197, N10","arr":["128","150","152","163","196","197","N10"],"terminus":0,"mode":"bus","color":"#0059a9","colorDark":"#00294f","angle":179,"snapDist":5,"label":1}},{"type":"Feature","geometry":{"type":"Point","coordinates":[18.547697,54.54889]},"properties":{"name":"Oksywie Górne","lines":"128, 150, 163, 196, 197, N10","arr":["128","150","163","196","197","N10"],"terminus":0,"mode":"bus","color":"#0059a9","colorDark":"#00294f","angle":218,"snapDist":3,"label":1}},{"type":"Feature","geometry":{"type":"Point","coordinates":[18.551556,54.548147]},"properties":{"name":"Muchowskiego","lines":"128, 150, 163, 196, 197, N10","arr":["128","150","163","196","197","N10"],"terminus":0,"mode":"bus","color":"#0059a9","colorDark":"#00294f","angle":198.3,"snapDist":3,"label":1}},{"type":"Feature","geometry":{"type":"Point","coordinates":[18.550312,54.54595]},"properties":{"name":"Arciszewskich","lines":"128, 150, 163, 196, 197, N10","arr":["128","150","163","196","197","N10"],"terminus":0,"mode":"bus","color":"#0059a9","colorDark":"#00294f","angle":267.8,"snapDist":1,"label":1}},{"type":"Feature","geometry":{"type":"Point","coordinates":[18.546856,54.542904]},"properties":{"name":"Oksywie Dolne","lines":"128, 150, 163, 196, 197, 198, N10, X","arr":["128","150","163","196","197","198","N10","X"],"terminus":1,"mode":"bus","color":"#0059a9","colorDark":"#00294f","angle":354.6,"snapDist":4,"label":0}},{"type":"Feature","geometry":{"type":"Point","coordinates":[18.541799,54.542645]},"properties":{"name":"Akademia Marynarki Wojennej","lines":"128, 150, 163, 196, 197, 198, N10, X","arr":["128","150","163","196","197","198","N10","X"],"terminus":0,"mode":"bus","color":"#0059a9","colorDark":"#00294f","angle":355.9,"snapDist":1,"label":0}},{"type":"Feature","geometry":{"type":"Point","coordinates":[18.534627,54.54265]},"properties":{"name":"Stocznia Wojenna","lines":"128, 150, 163, 196, 197, 198, N10, X","arr":["128","150","163","196","197","198","N10","X"],"terminus":0,"mode":"bus","color":"#0059a9","colorDark":"#00294f","angle":9.1,"snapDist":1,"label":0}},{"type":"Feature","geometry":{"type":"Point","coordinates":[18.529761,54.5431]},"properties":{"name":"Żeglarzy","lines":"128, 150, 163, 196, 197, 198, N10","arr":["128","150","163","196","197","198","N10"],"terminus":0,"mode":"bus","color":"#0059a9","colorDark":"#00294f","angle":10.2,"snapDist":5,"label":0}},{"type":"Feature","geometry":{"type":"Point","coordinates":[18.521048,54.546151]},"properties":{"name":"Nasypowa","lines":"128, 150, 163, 196, 197, 198, N10, X","arr":["128","150","163","196","197","198","N10","X"],"terminus":0,"mode":"bus","color":"#0059a9","colorDark":"#00294f","angle":34,"snapDist":6,"label":0}},{"type":"Feature","geometry":{"type":"Point","coordinates":[18.536684,54.508139]},"properties":{"name":"Wzgórze Św. Maksymiliana SKM","lines":"128, 196, 204, 252, 282","arr":["128","196","204","252","282"],"terminus":0,"mode":"bus","color":"#0059a9","colorDark":"#00294f","angle":270.5,"snapDist":7,"label":0}},{"type":"Feature","geometry":{"type":"Point","coordinates":[18.543749,54.508622]},"properties":{"name":"Piłsudskiego","lines":"128, 196, 204, 252, 282","arr":["128","196","204","252","282"],"terminus":0,"mode":"bus","color":"#0059a9","colorDark":"#00294f","angle":13.7,"snapDist":5,"label":0}},{"type":"Feature","geometry":{"type":"Point","coordinates":[18.548958,54.507739]},"properties":{"name":"Dom Marynarza","lines":"128, 196, 282","arr":["128","196","282"],"terminus":1,"mode":"bus","color":"#0059a9","colorDark":"#00294f","angle":13.5,"snapDist":5,"label":0}},{"type":"Feature","geometry":{"type":"Point","coordinates":[18.546704,54.532665]},"properties":{"name":"Dworzec Morski - Muzeum Emigracji","lines":"133","arr":["133"],"terminus":1,"mode":"bus","color":"#0059a9","colorDark":"#00294f","angle":147.7,"snapDist":3,"label":0}},{"type":"Feature","geometry":{"type":"Point","coordinates":[18.538919,54.530531]},"properties":{"name":"Chrzanowskiego","lines":"133","arr":["133"],"terminus":0,"mode":"bus","color":"#0059a9","colorDark":"#00294f","angle":327.4,"snapDist":5,"label":1}},{"type":"Feature","geometry":{"type":"Point","coordinates":[18.536499,54.529641]},"properties":{"name":"Szkoła Morska","lines":"133","arr":["133"],"terminus":0,"mode":"bus","color":"#0059a9","colorDark":"#00294f","angle":327.1,"snapDist":0,"label":1}},{"type":"Feature","geometry":{"type":"Point","coordinates":[18.529392,54.526994]},"properties":{"name":"Rotterdamska","lines":"133","arr":["133"],"terminus":0,"mode":"bus","color":"#0059a9","colorDark":"#00294f","angle":326.1,"snapDist":5,"label":1}},{"type":"Feature","geometry":{"type":"Point","coordinates":[18.523383,54.5268]},"properties":{"name":"Celna","lines":"133","arr":["133"],"terminus":0,"mode":"bus","color":"#0059a9","colorDark":"#00294f","angle":3.9,"snapDist":7,"label":1}},{"type":"Feature","geometry":{"type":"Point","coordinates":[18.519535,54.526969]},"properties":{"name":"Węzeł Ofiar Grudnia '70","lines":"133","arr":["133"],"terminus":0,"mode":"bus","color":"#0059a9","colorDark":"#00294f","angle":7.5,"snapDist":2,"label":0}},{"type":"Feature","geometry":{"type":"Point","coordinates":[18.544666,54.496374]},"properties":{"name":"Korczaka","lines":"133","arr":["133"],"terminus":0,"mode":"bus","color":"#0059a9","colorDark":"#00294f","angle":200.9,"snapDist":3,"label":1}},{"type":"Feature","geometry":{"type":"Point","coordinates":[18.552477,54.494397]},"properties":{"name":"Cylkowskiego","lines":"133, 192, 252","arr":["133","192","252"],"terminus":0,"mode":"bus","color":"#0059a9","colorDark":"#00294f","angle":121.6,"snapDist":3,"label":1}},{"type":"Feature","geometry":{"type":"Point","coordinates":[18.552979,54.491667]},"properties":{"name":"Płyta Redłowska","lines":"133, 192, 252","arr":["133","192","252"],"terminus":0,"mode":"bus","color":"#0059a9","colorDark":"#00294f","angle":61.7,"snapDist":3,"label":1}},{"type":"Feature","geometry":{"type":"Point","coordinates":[18.551762,54.493741]},"properties":{"name":"Cylkowskiego","lines":"133, 192, 252","arr":["133","192","252"],"terminus":0,"mode":"bus","color":"#0059a9","colorDark":"#00294f","angle":303.4,"snapDist":2,"label":0}},{"type":"Feature","geometry":{"type":"Point","coordinates":[18.551105,54.495587]},"properties":{"name":"Kopernika - Kościół","lines":"133, 252","arr":["133","252"],"terminus":0,"mode":"bus","color":"#0059a9","colorDark":"#00294f","angle":85.6,"snapDist":5,"label":1}},{"type":"Feature","geometry":{"type":"Point","coordinates":[18.549149,54.49887]},"properties":{"name":"Szczeblewskiego","lines":"133, 252","arr":["133","252"],"terminus":0,"mode":"bus","color":"#0059a9","colorDark":"#00294f","angle":76.2,"snapDist":5,"label":1}},{"type":"Feature","geometry":{"type":"Point","coordinates":[18.520135,54.526852]},"properties":{"name":"Węzeł Ofiar Grudnia '70","lines":"133","arr":["133"],"terminus":0,"mode":"bus","color":"#0059a9","colorDark":"#00294f","angle":185.5,"snapDist":4,"label":0}},{"type":"Feature","geometry":{"type":"Point","coordinates":[18.525062,54.526575]},"properties":{"name":"Celna","lines":"133","arr":["133"],"terminus":0,"mode":"bus","color":"#0059a9","colorDark":"#00294f","angle":182.2,"snapDist":4,"label":0}},{"type":"Feature","geometry":{"type":"Point","coordinates":[18.5313,54.527151]},"properties":{"name":"Rotterdamska","lines":"133","arr":["133"],"terminus":0,"mode":"bus","color":"#0059a9","colorDark":"#00294f","angle":157.2,"snapDist":5,"label":0}},{"type":"Feature","geometry":{"type":"Point","coordinates":[18.537685,54.529424]},"properties":{"name":"Szkoła Morska","lines":"133","arr":["133"],"terminus":0,"mode":"bus","color":"#0059a9","colorDark":"#00294f","angle":147.9,"snapDist":2,"label":0}},{"type":"Feature","geometry":{"type":"Point","coordinates":[18.52985,54.521908]},"properties":{"name":"Gdynia Dworzec Gł. PKP","lines":"133, 140, 147, 160, 740, Z","arr":["133","140","147","160","740","Z"],"terminus":1,"mode":"bus","color":"#0059a9","colorDark":"#00294f","angle":124.1,"snapDist":23,"label":0}},{"type":"Feature","geometry":{"type":"Point","coordinates":[18.507205,54.562608]},"properties":{"name":"Obłuże Maciejewicza","lines":"134, 182, 197, K","arr":["134","182","197","K"],"terminus":1,"mode":"bus","color":"#0059a9","colorDark":"#00294f","angle":239.9,"snapDist":7,"label":1}},{"type":"Feature","geometry":{"type":"Point","coordinates":[18.51047,54.559902]},"properties":{"name":"Stare Obłuże","lines":"134, 141, 163, 182, 194, 197, 282, G, K, N10","arr":["134","141","163","182","194","197","282","G","K","N10"],"terminus":0,"mode":"bus","color":"#0059a9","colorDark":"#00294f","angle":242.2,"snapDist":8,"label":1}},{"type":"Feature","geometry":{"type":"Point","coordinates":[18.528725,54.553612]},"properties":{"name":"Dąbka - Zielona","lines":"134, 163, 182, 197, 282, N40","arr":["134","163","182","197","282","N40"],"terminus":0,"mode":"bus","color":"#0059a9","colorDark":"#00294f","angle":9.3,"snapDist":5,"label":0}},{"type":"Feature","geometry":{"type":"Point","coordinates":[18.519874,54.556208]},"properties":{"name":"Dąbka - Zespół Szkół","lines":"134, 141, 163, 182, 197, 282, K, N40","arr":["134","141","163","182","197","282","K","N40"],"terminus":0,"mode":"bus","color":"#0059a9","colorDark":"#00294f","angle":30.4,"snapDist":8,"label":0}},{"type":"Feature","geometry":{"type":"Point","coordinates":[18.514876,54.557891]},"properties":{"name":"Turkusowa","lines":"134, 141, 163, 182, 197, 282, N40","arr":["134","141","163","182","197","282","N40"],"terminus":0,"mode":"bus","color":"#0059a9","colorDark":"#00294f","angle":29,"snapDist":7,"label":0}},{"type":"Feature","geometry":{"type":"Point","coordinates":[18.509884,54.560658]},"properties":{"name":"Stare Obłuże","lines":"134, 141, 163, 182, 194, 197, 282, G, K, N40, N94","arr":["134","141","163","182","194","197","282","G","K","N40","N94"],"terminus":0,"mode":"bus","color":"#0059a9","colorDark":"#00294f","angle":63,"snapDist":8,"label":0}},{"type":"Feature","geometry":{"type":"Point","coordinates":[18.507751,54.562845]},"properties":{"name":"Obłuże Maciejewicza","lines":"134, 182, 197, K","arr":["134","182","197","K"],"terminus":1,"mode":"bus","color":"#0059a9","colorDark":"#00294f","angle":14.5,"snapDist":12,"label":0}},{"type":"Feature","geometry":{"type":"Point","coordinates":[18.466201,54.588038]},"properties":{"name":"Dębogórze - Gronowa","lines":"135","arr":["135"],"terminus":0,"mode":"bus","color":"#0059a9","colorDark":"#00294f","angle":315.1,"snapDist":7,"label":1}},{"type":"Feature","geometry":{"type":"Point","coordinates":[18.467299,54.584648]},"properties":{"name":"Dębogórze - Sezamkowa","lines":"135","arr":["135"],"terminus":0,"mode":"bus","color":"#0059a9","colorDark":"#00294f","angle":244.9,"snapDist":3,"label":1}},{"type":"Feature","geometry":{"type":"Point","coordinates":[18.470443,54.578245]},"properties":{"name":"Suchy Dwór - Przepiórcza","lines":"135","arr":["135"],"terminus":0,"mode":"bus","color":"#0059a9","colorDark":"#00294f","angle":262.6,"snapDist":4,"label":1}},{"type":"Feature","geometry":{"type":"Point","coordinates":[18.469914,54.574576]},"properties":{"name":"Suchy Dwór - Świetlica","lines":"135","arr":["135"],"terminus":0,"mode":"bus","color":"#0059a9","colorDark":"#00294f","angle":268,"snapDist":6,"label":1}},{"type":"Feature","geometry":{"type":"Point","coordinates":[18.473327,54.571761]},"properties":{"name":"Suchy Dwór - Szkolna","lines":"135, 194, N94","arr":["135","194","N94"],"terminus":0,"mode":"bus","color":"#0059a9","colorDark":"#00294f","angle":235.9,"snapDist":4,"label":1}},{"type":"Feature","geometry":{"type":"Point","coordinates":[18.475231,54.570117]},"properties":{"name":"Pogórze - Szkolna","lines":"135, 194, N94","arr":["135","194","N94"],"terminus":0,"mode":"bus","color":"#0059a9","colorDark":"#00294f","angle":235.8,"snapDist":2,"label":1}},{"type":"Feature","geometry":{"type":"Point","coordinates":[18.480462,54.565853]},"properties":{"name":"Pogórze - Majakowskiego","lines":"135, 194, N94","arr":["135","194","N94"],"terminus":0,"mode":"bus","color":"#0059a9","colorDark":"#00294f","angle":231.8,"snapDist":4,"label":1}},{"type":"Feature","geometry":{"type":"Point","coordinates":[18.481432,54.565077]},"properties":{"name":"Pogórze - Słowackiego","lines":"135, 194, N94","arr":["135","194","N94"],"terminus":0,"mode":"bus","color":"#0059a9","colorDark":"#00294f","angle":60.3,"snapDist":4,"label":1}},{"type":"Feature","geometry":{"type":"Point","coordinates":[18.479781,54.566362]},"properties":{"name":"Pogórze - Majakowskiego","lines":"135, 194, N94","arr":["135","194","N94"],"terminus":0,"mode":"bus","color":"#0059a9","colorDark":"#00294f","angle":52.4,"snapDist":9,"label":0}},{"type":"Feature","geometry":{"type":"Point","coordinates":[18.475688,54.569725]},"properties":{"name":"Pogórze - Szkolna","lines":"135, 194, N94","arr":["135","194","N94"],"terminus":0,"mode":"bus","color":"#0059a9","colorDark":"#00294f","angle":55.8,"snapDist":4,"label":0}},{"type":"Feature","geometry":{"type":"Point","coordinates":[18.472758,54.572244]},"properties":{"name":"Suchy Dwór - Szkolna","lines":"135, 194, N94","arr":["135","194","N94"],"terminus":0,"mode":"bus","color":"#0059a9","colorDark":"#00294f","angle":53.8,"snapDist":5,"label":0}},{"type":"Feature","geometry":{"type":"Point","coordinates":[18.470252,54.575709]},"properties":{"name":"Suchy Dwór - Świetlica","lines":"135","arr":["135"],"terminus":0,"mode":"bus","color":"#0059a9","colorDark":"#00294f","angle":110.2,"snapDist":8,"label":0}},{"type":"Feature","geometry":{"type":"Point","coordinates":[18.470289,54.578887]},"properties":{"name":"Suchy Dwór - Przepiórcza","lines":"135","arr":["135"],"terminus":0,"mode":"bus","color":"#0059a9","colorDark":"#00294f","angle":81.6,"snapDist":5,"label":0}},{"type":"Feature","geometry":{"type":"Point","coordinates":[18.466878,54.585173]},"properties":{"name":"Dębogórze - Sezamkowa","lines":"135","arr":["135"],"terminus":0,"mode":"bus","color":"#0059a9","colorDark":"#00294f","angle":65.2,"snapDist":5,"label":0}},{"type":"Feature","geometry":{"type":"Point","coordinates":[18.46752,54.58846]},"properties":{"name":"Dębogórze - Gronowa","lines":"135","arr":["135"],"terminus":0,"mode":"bus","color":"#0059a9","colorDark":"#00294f","angle":156.3,"snapDist":10,"label":0}},{"type":"Feature","geometry":{"type":"Point","coordinates":[18.451343,54.590412]},"properties":{"name":"Dębogórze - Słonecznikowa","lines":"135","arr":["135"],"terminus":1,"mode":"bus","color":"#0059a9","colorDark":"#00294f","angle":339.9,"snapDist":5,"label":0}},{"type":"Feature","geometry":{"type":"Point","coordinates":[18.454168,54.455467]},"properties":{"name":"Kacze Buki","lines":"137","arr":["137"],"terminus":1,"mode":"bus","color":"#0059a9","colorDark":"#00294f","angle":216,"snapDist":4,"label":0}},{"type":"Feature","geometry":{"type":"Point","coordinates":[18.453402,54.452399]},"properties":{"name":"Bieszczadzka","lines":"137","arr":["137"],"terminus":0,"mode":"bus","color":"#0059a9","colorDark":"#00294f","angle":323.3,"snapDist":2,"label":1}},{"type":"Feature","geometry":{"type":"Point","coordinates":[18.451149,54.450758]},"properties":{"name":"Kacze Buki Puszczyka","lines":"137","arr":["137"],"terminus":1,"mode":"bus","color":"#0059a9","colorDark":"#00294f","angle":250.7,"snapDist":3,"label":1}},{"type":"Feature","geometry":{"type":"Point","coordinates":[18.453442,54.452416]},"properties":{"name":"Bieszczadzka","lines":"137","arr":["137"],"terminus":0,"mode":"bus","color":"#0059a9","colorDark":"#00294f","angle":143.4,"snapDist":2,"label":0}},{"type":"Feature","geometry":{"type":"Point","coordinates":[18.454018,54.45553]},"properties":{"name":"Kacze Buki","lines":"137","arr":["137"],"terminus":1,"mode":"bus","color":"#0059a9","colorDark":"#00294f","angle":36,"snapDist":5,"label":0}},{"type":"Feature","geometry":{"type":"Point","coordinates":[18.531768,54.508178]},"properties":{"name":"Węzeł Franciszki Cegielskiej","lines":"140, 147, 150, 160, N20, N40","arr":["140","147","150","160","N20","N40"],"terminus":0,"mode":"bus","color":"#0059a9","colorDark":"#00294f","angle":1.5,"snapDist":6,"label":0}},{"type":"Feature","geometry":{"type":"Point","coordinates":[18.512208,54.500052]},"properties":{"name":"Rolnicza","lines":"140, 141, 147, 150, 160, 190, 203, N20, N40","arr":["140","141","147","150","160","190","203","N20","N40"],"terminus":0,"mode":"bus","color":"#0059a9","colorDark":"#00294f","angle":135.9,"snapDist":6,"label":1}},{"type":"Feature","geometry":{"type":"Point","coordinates":[18.432689,54.498885]},"properties":{"name":"Chwarzno Polanki","lines":"140, 160, 940, K, N20","arr":["140","160","940","K","N20"],"terminus":0,"mode":"bus","color":"#0059a9","colorDark":"#00294f","angle":295.7,"snapDist":6,"label":0}},{"type":"Feature","geometry":{"type":"Point","coordinates":[18.430718,54.496912]},"properties":{"name":"Kamrowskiego","lines":"140, 160, 940, N20","arr":["140","160","940","N20"],"terminus":0,"mode":"bus","color":"#0059a9","colorDark":"#00294f","angle":285.2,"snapDist":3,"label":0}},{"type":"Feature","geometry":{"type":"Point","coordinates":[18.430105,54.494618]},"properties":{"name":"Zaruskiego","lines":"140, 160, 940, K, N20","arr":["140","160","940","K","N20"],"terminus":0,"mode":"bus","color":"#0059a9","colorDark":"#00294f","angle":278.2,"snapDist":2,"label":0}},{"type":"Feature","geometry":{"type":"Point","coordinates":[18.426832,54.492833]},"properties":{"name":"Pieńkawy","lines":"140, 147, 160, 940, N20","arr":["140","147","160","940","N20"],"terminus":0,"mode":"bus","color":"#0059a9","colorDark":"#00294f","angle":336.4,"snapDist":1,"label":1}},{"type":"Feature","geometry":{"type":"Point","coordinates":[18.424985,54.489848]},"properties":{"name":"Wiczlino Skrzyżowanie","lines":"140, 147, 160, 940, K, N20","arr":["140","147","160","940","K","N20"],"terminus":0,"mode":"bus","color":"#0059a9","colorDark":"#00294f","angle":231.5,"snapDist":5,"label":0}},{"type":"Feature","geometry":{"type":"Point","coordinates":[18.430088,54.487089]},"properties":{"name":"Filipkowskiego","lines":"140, 147, 160, K, N20","arr":["140","147","160","K","N20"],"terminus":0,"mode":"bus","color":"#0059a9","colorDark":"#00294f","angle":216.4,"snapDist":6,"label":0}},{"type":"Feature","geometry":{"type":"Point","coordinates":[18.433593,54.485612]},"properties":{"name":"Gradowa","lines":"140, 147, 160, N20","arr":["140","147","160","N20"],"terminus":0,"mode":"bus","color":"#0059a9","colorDark":"#00294f","angle":36.1,"snapDist":1,"label":0}},{"type":"Feature","geometry":{"type":"Point","coordinates":[18.435907,54.484736]},"properties":{"name":"Wiczlińska - Śliska","lines":"140, 147, 160, N20","arr":["140","147","160","N20"],"terminus":0,"mode":"bus","color":"#0059a9","colorDark":"#00294f","angle":29.4,"snapDist":0,"label":0}},{"type":"Feature","geometry":{"type":"Point","coordinates":[18.437278,54.481815]},"properties":{"name":"Wiczlino Działki I","lines":"140, 760","arr":["140","760"],"terminus":1,"mode":"bus","color":"#0059a9","colorDark":"#00294f","angle":133.7,"snapDist":6,"label":1}},{"type":"Feature","geometry":{"type":"Point","coordinates":[18.510768,54.498905]},"properties":{"name":"Witomino Centrum","lines":"140, 141, 147, 150, 160, 190, 203, 760, 770, N20, N40, N94","arr":["140","141","147","150","160","190","203","760","770","N20","N40","N94"],"terminus":0,"mode":"bus","color":"#0059a9","colorDark":"#00294f","angle":124.5,"snapDist":7,"label":0}},{"type":"Feature","geometry":{"type":"Point","coordinates":[18.513638,54.500834]},"properties":{"name":"Rolnicza","lines":"140, 141, 147, 150, 160, 190, 203, 760, 770, N20, N40, N94","arr":["140","141","147","150","160","190","203","760","770","N20","N40","N94"],"terminus":0,"mode":"bus","color":"#0059a9","colorDark":"#00294f","angle":136.3,"snapDist":9,"label":0}},{"type":"Feature","geometry":{"type":"Point","coordinates":[18.533213,54.508099]},"properties":{"name":"Węzeł Franciszki Cegielskiej","lines":"140, 147, 150, 160, 770, N20, N40, N94","arr":["140","147","150","160","770","N20","N40","N94"],"terminus":0,"mode":"bus","color":"#0059a9","colorDark":"#00294f","angle":184.5,"snapDist":11,"label":0}},{"type":"Feature","geometry":{"type":"Point","coordinates":[18.481407,54.563237]},"properties":{"name":"Pogórze Górne","lines":"141, N94","arr":["141","N94"],"terminus":1,"mode":"bus","color":"#0059a9","colorDark":"#00294f","angle":165.1,"snapDist":7,"label":0}},{"type":"Feature","geometry":{"type":"Point","coordinates":[18.48683,54.562855]},"properties":{"name":"Steyera","lines":"141, 163, 194, 282, G, N10","arr":["141","163","194","282","G","N10"],"terminus":0,"mode":"bus","color":"#0059a9","colorDark":"#00294f","angle":198.7,"snapDist":4,"label":1}},{"type":"Feature","geometry":{"type":"Point","coordinates":[18.493826,54.562923]},"properties":{"name":"Sikorskiego","lines":"141, 163, 194, 282, G, N10","arr":["141","163","194","282","G","N10"],"terminus":0,"mode":"bus","color":"#0059a9","colorDark":"#00294f","angle":177.2,"snapDist":5,"label":1}},{"type":"Feature","geometry":{"type":"Point","coordinates":[18.499941,54.563105]},"properties":{"name":"Staniewicza","lines":"141, 163, 194, 282, G, N10","arr":["141","163","194","282","G","N10"],"terminus":0,"mode":"bus","color":"#0059a9","colorDark":"#00294f","angle":173.1,"snapDist":6,"label":1}},{"type":"Feature","geometry":{"type":"Point","coordinates":[18.509211,54.56235]},"properties":{"name":"Maciejewicza","lines":"141, 163, 194, 282, G, N10","arr":["141","163","194","282","G","N10"],"terminus":0,"mode":"bus","color":"#0059a9","colorDark":"#00294f","angle":231,"snapDist":5,"label":1}},{"type":"Feature","geometry":{"type":"Point","coordinates":[18.524405,54.554286]},"properties":{"name":"Benisławskiego","lines":"141","arr":["141"],"terminus":0,"mode":"bus","color":"#0059a9","colorDark":"#00294f","angle":299.3,"snapDist":9,"label":0}},{"type":"Feature","geometry":{"type":"Point","coordinates":[18.519014,54.550996]},"properties":{"name":"Stolarska","lines":"141","arr":["141"],"terminus":0,"mode":"bus","color":"#0059a9","colorDark":"#00294f","angle":45.7,"snapDist":5,"label":1}},{"type":"Feature","geometry":{"type":"Point","coordinates":[18.515114,54.551937]},"properties":{"name":"Białowieska","lines":"141","arr":["141"],"terminus":0,"mode":"bus","color":"#0059a9","colorDark":"#00294f","angle":306.4,"snapDist":8,"label":1}},{"type":"Feature","geometry":{"type":"Point","coordinates":[18.530564,54.510968]},"properties":{"name":"Poznańska","lines":"141, 190, 203","arr":["141","190","203"],"terminus":0,"mode":"bus","color":"#0059a9","colorDark":"#00294f","angle":339.6,"snapDist":3,"label":1}},{"type":"Feature","geometry":{"type":"Point","coordinates":[18.521361,54.51017]},"properties":{"name":"Cmentarz Witomiński","lines":"141, 190, 203","arr":["141","190","203"],"terminus":0,"mode":"bus","color":"#0059a9","colorDark":"#00294f","angle":341.9,"snapDist":2,"label":1}},{"type":"Feature","geometry":{"type":"Point","coordinates":[18.492339,54.498335]},"properties":{"name":"Witomino Sosnowa","lines":"141","arr":["141"],"terminus":1,"mode":"bus","color":"#0059a9","colorDark":"#00294f","angle":155.9,"snapDist":13,"label":1}},{"type":"Feature","geometry":{"type":"Point","coordinates":[18.520004,54.509804]},"properties":{"name":"Cmentarz Witomiński","lines":"141, 190, 203","arr":["141","190","203"],"terminus":0,"mode":"bus","color":"#0059a9","colorDark":"#00294f","angle":147.4,"snapDist":7,"label":0}},{"type":"Feature","geometry":{"type":"Point","coordinates":[18.530973,54.511057]},"properties":{"name":"Poznańska","lines":"141, 190, 203","arr":["141","190","203"],"terminus":0,"mode":"bus","color":"#0059a9","colorDark":"#00294f","angle":159.4,"snapDist":5,"label":0}},{"type":"Feature","geometry":{"type":"Point","coordinates":[18.515129,54.551948]},"properties":{"name":"Białowieska","lines":"141","arr":["141"],"terminus":0,"mode":"bus","color":"#0059a9","colorDark":"#00294f","angle":126.4,"snapDist":9,"label":0}},{"type":"Feature","geometry":{"type":"Point","coordinates":[18.519545,54.550689]},"properties":{"name":"Stolarska","lines":"141","arr":["141"],"terminus":0,"mode":"bus","color":"#0059a9","colorDark":"#00294f","angle":227.3,"snapDist":3,"label":0}},{"type":"Feature","geometry":{"type":"Point","coordinates":[18.524198,54.554076]},"properties":{"name":"Benisławskiego","lines":"141","arr":["141"],"terminus":0,"mode":"bus","color":"#0059a9","colorDark":"#00294f","angle":120.3,"snapDist":6,"label":0}},{"type":"Feature","geometry":{"type":"Point","coordinates":[18.509233,54.562478]},"properties":{"name":"Maciejewicza","lines":"141, 163, 194, 282, G, N40, N94","arr":["141","163","194","282","G","N40","N94"],"terminus":0,"mode":"bus","color":"#0059a9","colorDark":"#00294f","angle":53.3,"snapDist":4,"label":0}},{"type":"Feature","geometry":{"type":"Point","coordinates":[18.504897,54.563644]},"properties":{"name":"Galeria Szperk","lines":"141, 163, 194, 282, G, N40, N94","arr":["141","163","194","282","G","N40","N94"],"terminus":0,"mode":"bus","color":"#0059a9","colorDark":"#00294f","angle":350.6,"snapDist":9,"label":1}},{"type":"Feature","geometry":{"type":"Point","coordinates":[18.498579,54.563139]},"properties":{"name":"Staniewicza","lines":"141, 163, 194, 282, G, N40, N94","arr":["141","163","194","282","G","N40","N94"],"terminus":0,"mode":"bus","color":"#0059a9","colorDark":"#00294f","angle":357.2,"snapDist":8,"label":0}},{"type":"Feature","geometry":{"type":"Point","coordinates":[18.493864,54.563007]},"properties":{"name":"Sikorskiego","lines":"141, 163, 194, 282, G, N40, N94","arr":["141","163","194","282","G","N40","N94"],"terminus":0,"mode":"bus","color":"#0059a9","colorDark":"#00294f","angle":357.7,"snapDist":8,"label":0}},{"type":"Feature","geometry":{"type":"Point","coordinates":[18.485826,54.56338]},"properties":{"name":"Steyera","lines":"141, 163, 194, 282, G, N40, N94","arr":["141","163","194","282","G","N40","N94"],"terminus":0,"mode":"bus","color":"#0059a9","colorDark":"#00294f","angle":27.9,"snapDist":8,"label":0}},{"type":"Feature","geometry":{"type":"Point","coordinates":[18.547844,54.439154]},"properties":{"name":"Osiedle Mickiewicza","lines":"144, 287","arr":["144","287"],"terminus":1,"mode":"bus","color":"#0059a9","colorDark":"#00294f","angle":190.5,"snapDist":2,"label":1}},{"type":"Feature","geometry":{"type":"Point","coordinates":[18.551723,54.440356]},"properties":{"name":"Żeromskiego","lines":"144, 287","arr":["144","287"],"terminus":0,"mode":"bus","color":"#0059a9","colorDark":"#00294f","angle":122.5,"snapDist":7,"label":1}},{"type":"Feature","geometry":{"type":"Point","coordinates":[18.556756,54.441405]},"properties":{"name":"Sikorskiego","lines":"144, 177","arr":["144","177"],"terminus":0,"mode":"bus","color":"#0059a9","colorDark":"#00294f","angle":264.7,"snapDist":6,"label":1}},{"type":"Feature","geometry":{"type":"Point","coordinates":[18.557588,54.43726]},"properties":{"name":"Wybickiego","lines":"144, 177","arr":["144","177"],"terminus":0,"mode":"bus","color":"#0059a9","colorDark":"#00294f","angle":250.6,"snapDist":3,"label":1}},{"type":"Feature","geometry":{"type":"Point","coordinates":[18.559913,54.434724]},"properties":{"name":"Kochanowskiego","lines":"144","arr":["144"],"terminus":0,"mode":"bus","color":"#0059a9","colorDark":"#00294f","angle":169.7,"snapDist":3,"label":1}},{"type":"Feature","geometry":{"type":"Point","coordinates":[18.564209,54.439053]},"properties":{"name":"Sopot PKP - Marynarzy","lines":"144","arr":["144"],"terminus":0,"mode":"bus","color":"#0059a9","colorDark":"#00294f","angle":82.9,"snapDist":6,"label":1}},{"type":"Feature","geometry":{"type":"Point","coordinates":[18.567691,54.439137]},"properties":{"name":"Sobieskiego - Przychodnia","lines":"144, 185","arr":["144","185"],"terminus":0,"mode":"bus","color":"#0059a9","colorDark":"#00294f","angle":236.9,"snapDist":4,"label":1}},{"type":"Feature","geometry":{"type":"Point","coordinates":[18.567099,54.432685]},"properties":{"name":"Rynek Non-Stop","lines":"144, 185","arr":["144","185"],"terminus":1,"mode":"bus","color":"#0059a9","colorDark":"#00294f","angle":249.3,"snapDist":1,"label":1}},{"type":"Feature","geometry":{"type":"Point","coordinates":[18.56975,54.431558]},"properties":{"name":"Sportowa","lines":"144, 185","arr":["144","185"],"terminus":0,"mode":"bus","color":"#0059a9","colorDark":"#00294f","angle":155.9,"snapDist":2,"label":1}},{"type":"Feature","geometry":{"type":"Point","coordinates":[18.573646,54.439264]},"properties":{"name":"Grunwaldzka","lines":"144, 177, 185, 187","arr":["144","177","185","187"],"terminus":0,"mode":"bus","color":"#0059a9","colorDark":"#00294f","angle":62.6,"snapDist":4,"label":1}},{"type":"Feature","geometry":{"type":"Point","coordinates":[18.570268,54.442471]},"properties":{"name":"Chopina","lines":"144, 185, 187","arr":["144","185","187"],"terminus":0,"mode":"bus","color":"#0059a9","colorDark":"#00294f","angle":315.6,"snapDist":0,"label":1}},{"type":"Feature","geometry":{"type":"Point","coordinates":[18.56465,54.441141]},"properties":{"name":"Sopot PKP","lines":"144, 185, 187","arr":["144","185","187"],"terminus":0,"mode":"bus","color":"#0059a9","colorDark":"#00294f","angle":173.2,"snapDist":5,"label":1}},{"type":"Feature","geometry":{"type":"Point","coordinates":[18.558723,54.441536]},"properties":{"name":"Sikorskiego","lines":"144","arr":["144"],"terminus":0,"mode":"bus","color":"#0059a9","colorDark":"#00294f","angle":15.9,"snapDist":6,"label":0}},{"type":"Feature","geometry":{"type":"Point","coordinates":[18.551279,54.440462]},"properties":{"name":"Żeromskiego","lines":"144, 287","arr":["144","287"],"terminus":0,"mode":"bus","color":"#0059a9","colorDark":"#00294f","angle":340.6,"snapDist":6,"label":0}},{"type":"Feature","geometry":{"type":"Point","coordinates":[18.545511,54.440226]},"properties":{"name":"Herberta","lines":"144, 287","arr":["144","287"],"terminus":0,"mode":"bus","color":"#0059a9","colorDark":"#00294f","angle":270.7,"snapDist":4,"label":1}},{"type":"Feature","geometry":{"type":"Point","coordinates":[18.51168,54.631992]},"properties":{"name":"Rewa - Bursztynowa","lines":"146, 165, 365, M, N65","arr":["146","165","365","M","N65"],"terminus":1,"mode":"bus","color":"#0059a9","colorDark":"#00294f","angle":53.3,"snapDist":5,"label":1}},{"type":"Feature","geometry":{"type":"Point","coordinates":[18.503428,54.63228]},"properties":{"name":"Rewa - Słoneczna","lines":"146, 165, 365, M, N65","arr":["146","165","365","M","N65"],"terminus":0,"mode":"bus","color":"#0059a9","colorDark":"#00294f","angle":353.3,"snapDist":7,"label":1}},{"type":"Feature","geometry":{"type":"Point","coordinates":[18.496863,54.630638]},"properties":{"name":"Rewa - Bosmańska","lines":"146, 165, 365, M, N65","arr":["146","165","365","M","N65"],"terminus":0,"mode":"bus","color":"#0059a9","colorDark":"#00294f","angle":270.9,"snapDist":7,"label":1}},{"type":"Feature","geometry":{"type":"Point","coordinates":[18.496281,54.619105]},"properties":{"name":"Rewa - Wrocławska","lines":"146, 165, 365, N65","arr":["146","165","365","N65"],"terminus":0,"mode":"bus","color":"#0059a9","colorDark":"#00294f","angle":271.5,"snapDist":5,"label":1}},{"type":"Feature","geometry":{"type":"Point","coordinates":[18.496067,54.612697]},"properties":{"name":"Mosty - Olchowa","lines":"146, 165, 365, N65","arr":["146","165","365","N65"],"terminus":0,"mode":"bus","color":"#0059a9","colorDark":"#00294f","angle":261.3,"snapDist":8,"label":1}},{"type":"Feature","geometry":{"type":"Point","coordinates":[18.496103,54.608999]},"properties":{"name":"Mosty - Ogrodowa","lines":"146, 165, 365, M, N65","arr":["146","165","365","M","N65"],"terminus":0,"mode":"bus","color":"#0059a9","colorDark":"#00294f","angle":263,"snapDist":4,"label":0}},{"type":"Feature","geometry":{"type":"Point","coordinates":[18.497033,54.60478]},"properties":{"name":"Mosty - Wiązowa","lines":"146, 165, 365, N65","arr":["146","165","365","N65"],"terminus":0,"mode":"bus","color":"#0059a9","colorDark":"#00294f","angle":258.5,"snapDist":4,"label":1}},{"type":"Feature","geometry":{"type":"Point","coordinates":[18.499488,54.597671]},"properties":{"name":"Pierwoszyno - Kościół","lines":"146, 165, 365, M, N65","arr":["146","165","365","M","N65"],"terminus":0,"mode":"bus","color":"#0059a9","colorDark":"#00294f","angle":259.5,"snapDist":8,"label":1}},{"type":"Feature","geometry":{"type":"Point","coordinates":[18.500501,54.593877]},"properties":{"name":"Pierwoszyno - Staw","lines":"146, 165, 365, N65","arr":["146","165","365","N65"],"terminus":0,"mode":"bus","color":"#0059a9","colorDark":"#00294f","angle":268.4,"snapDist":5,"label":1}},{"type":"Feature","geometry":{"type":"Point","coordinates":[18.49442,54.589666]},"properties":{"name":"Kosakowo - Kościół","lines":"146, 165, 365, N65","arr":["146","165","365","N65"],"terminus":0,"mode":"bus","color":"#0059a9","colorDark":"#00294f","angle":317.1,"snapDist":4,"label":1}},{"type":"Feature","geometry":{"type":"Point","coordinates":[18.490919,54.576371]},"properties":{"name":"Pogórze - Herberta","lines":"146, 173, 365, N65","arr":["146","173","365","N65"],"terminus":0,"mode":"bus","color":"#0059a9","colorDark":"#00294f","angle":284.2,"snapDist":8,"label":1}},{"type":"Feature","geometry":{"type":"Point","coordinates":[18.488149,54.571446]},"properties":{"name":"Pogórze - Dobke","lines":"146, 173, 365, N65","arr":["146","173","365","N65"],"terminus":0,"mode":"bus","color":"#0059a9","colorDark":"#00294f","angle":295.4,"snapDist":4,"label":1}},{"type":"Feature","geometry":{"type":"Point","coordinates":[18.485833,54.568613]},"properties":{"name":"Pogórze - Pułaskiego","lines":"146, 173, 365, N65","arr":["146","173","365","N65"],"terminus":0,"mode":"bus","color":"#0059a9","colorDark":"#00294f","angle":115.1,"snapDist":5,"label":0}},{"type":"Feature","geometry":{"type":"Point","coordinates":[18.488569,54.571958]},"properties":{"name":"Pogórze - Dobke","lines":"146, 173, 365, N65","arr":["146","173","365","N65"],"terminus":0,"mode":"bus","color":"#0059a9","colorDark":"#00294f","angle":115.4,"snapDist":4,"label":0}},{"type":"Feature","geometry":{"type":"Point","coordinates":[18.490567,54.575621]},"properties":{"name":"Pogórze - Herberta","lines":"146, 173, 365, N65","arr":["146","173","365","N65"],"terminus":0,"mode":"bus","color":"#0059a9","colorDark":"#00294f","angle":105.3,"snapDist":7,"label":0}},{"type":"Feature","geometry":{"type":"Point","coordinates":[18.49495,54.589952]},"properties":{"name":"Kosakowo - Kościół","lines":"146, 165, 365, N65","arr":["146","165","365","N65"],"terminus":0,"mode":"bus","color":"#0059a9","colorDark":"#00294f","angle":137.3,"snapDist":4,"label":0}},{"type":"Feature","geometry":{"type":"Point","coordinates":[18.500513,54.593622]},"properties":{"name":"Pierwoszyno - Staw","lines":"146, 165, 365, N65","arr":["146","165","365","N65"],"terminus":0,"mode":"bus","color":"#0059a9","colorDark":"#00294f","angle":88.6,"snapDist":9,"label":0}},{"type":"Feature","geometry":{"type":"Point","coordinates":[18.499122,54.598765]},"properties":{"name":"Pierwoszyno - Kościół","lines":"146, 165, 365, M, N65","arr":["146","165","365","M","N65"],"terminus":0,"mode":"bus","color":"#0059a9","colorDark":"#00294f","angle":80.2,"snapDist":4,"label":0}},{"type":"Feature","geometry":{"type":"Point","coordinates":[18.497188,54.604338]},"properties":{"name":"Mosty - Wiązowa","lines":"146, 165, 365, N65","arr":["146","165","365","N65"],"terminus":0,"mode":"bus","color":"#0059a9","colorDark":"#00294f","angle":78.5,"snapDist":7,"label":0}},{"type":"Feature","geometry":{"type":"Point","coordinates":[18.496057,54.609214]},"properties":{"name":"Mosty - Ogrodowa","lines":"146, 165, 365, M, N65","arr":["146","165","365","M","N65"],"terminus":0,"mode":"bus","color":"#0059a9","colorDark":"#00294f","angle":82.9,"snapDist":4,"label":0}},{"type":"Feature","geometry":{"type":"Point","coordinates":[18.495986,54.613479]},"properties":{"name":"Mosty - Olchowa","lines":"146, 165, 365, N65","arr":["146","165","365","N65"],"terminus":0,"mode":"bus","color":"#0059a9","colorDark":"#00294f","angle":92.1,"snapDist":7,"label":0}},{"type":"Feature","geometry":{"type":"Point","coordinates":[18.49634,54.620201]},"properties":{"name":"Rewa - Wrocławska","lines":"146, 165, 365, N65","arr":["146","165","365","N65"],"terminus":0,"mode":"bus","color":"#0059a9","colorDark":"#00294f","angle":91.4,"snapDist":4,"label":0}},{"type":"Feature","geometry":{"type":"Point","coordinates":[18.496854,54.630375]},"properties":{"name":"Rewa - Bosmańska","lines":"146, 165, 365, M, N65","arr":["146","165","365","M","N65"],"terminus":0,"mode":"bus","color":"#0059a9","colorDark":"#00294f","angle":91.7,"snapDist":7,"label":0}},{"type":"Feature","geometry":{"type":"Point","coordinates":[18.503921,54.632313]},"properties":{"name":"Rewa - Słoneczna","lines":"146, 165, 365, M, N65","arr":["146","165","365","M","N65"],"terminus":0,"mode":"bus","color":"#0059a9","colorDark":"#00294f","angle":173.8,"snapDist":5,"label":0}},{"type":"Feature","geometry":{"type":"Point","coordinates":[18.511377,54.632028]},"properties":{"name":"Rewa - Bursztynowa","lines":"146, 165, 365, M, N65","arr":["146","165","365","M","N65"],"terminus":1,"mode":"bus","color":"#0059a9","colorDark":"#00294f","angle":262.4,"snapDist":8,"label":0}},{"type":"Feature","geometry":{"type":"Point","coordinates":[18.43714,54.495424]},"properties":{"name":"Bryla","lines":"147","arr":["147"],"terminus":0,"mode":"bus","color":"#0059a9","colorDark":"#00294f","angle":298.7,"snapDist":6,"label":1}},{"type":"Feature","geometry":{"type":"Point","coordinates":[18.436376,54.493084]},"properties":{"name":"Staniszewskiego","lines":"147","arr":["147"],"terminus":0,"mode":"bus","color":"#0059a9","colorDark":"#00294f","angle":271.2,"snapDist":4,"label":1}},{"type":"Feature","geometry":{"type":"Point","coordinates":[18.433593,54.493036]},"properties":{"name":"Kwiatkowskiej","lines":"147","arr":["147"],"terminus":0,"mode":"bus","color":"#0059a9","colorDark":"#00294f","angle":15.6,"snapDist":3,"label":1}},{"type":"Feature","geometry":{"type":"Point","coordinates":[18.437796,54.481961]},"properties":{"name":"Wiczlino Działki I","lines":"147, 160, K, N20","arr":["147","160","K","N20"],"terminus":0,"mode":"bus","color":"#0059a9","colorDark":"#00294f","angle":18.1,"snapDist":5,"label":0}},{"type":"Feature","geometry":{"type":"Point","coordinates":[18.441469,54.481261]},"properties":{"name":"Wiczlino Działki II","lines":"147, 160, N20","arr":["147","160","N20"],"terminus":0,"mode":"bus","color":"#0059a9","colorDark":"#00294f","angle":198.2,"snapDist":6,"label":0}},{"type":"Feature","geometry":{"type":"Point","coordinates":[18.451493,54.478028]},"properties":{"name":"Wiczlińska - Las","lines":"147, 160, N20","arr":["147","160","N20"],"terminus":0,"mode":"bus","color":"#0059a9","colorDark":"#00294f","angle":219.8,"snapDist":4,"label":0}},{"type":"Feature","geometry":{"type":"Point","coordinates":[18.477106,54.47355]},"properties":{"name":"Karwiny Nowowiczlińska","lines":"147, 171, 191, 193, N20","arr":["147","171","191","193","N20"],"terminus":1,"mode":"bus","color":"#0059a9","colorDark":"#00294f","angle":307.1,"snapDist":4,"label":1}},{"type":"Feature","geometry":{"type":"Point","coordinates":[18.477654,54.473108]},"properties":{"name":"Karwiny Nowowiczlińska","lines":"147, 171, 191, 193, N20","arr":["147","171","191","193","N20"],"terminus":1,"mode":"bus","color":"#0059a9","colorDark":"#00294f","angle":217.8,"snapDist":3,"label":0}},{"type":"Feature","geometry":{"type":"Point","coordinates":[18.476307,54.474459]},"properties":{"name":"Karwiny Nowowiczlińska","lines":"147, 171, 191, 193, N20, X","arr":["147","171","191","193","N20","X"],"terminus":0,"mode":"bus","color":"#0059a9","colorDark":"#00294f","angle":37.1,"snapDist":7,"label":0}},{"type":"Feature","geometry":{"type":"Point","coordinates":[18.434275,54.492961]},"properties":{"name":"Kwiatkowskiej","lines":"147","arr":["147"],"terminus":0,"mode":"bus","color":"#0059a9","colorDark":"#00294f","angle":190.1,"snapDist":1,"label":0}},{"type":"Feature","geometry":{"type":"Point","coordinates":[18.436401,54.493469]},"properties":{"name":"Staniszewskiego","lines":"147","arr":["147"],"terminus":0,"mode":"bus","color":"#0059a9","colorDark":"#00294f","angle":93.9,"snapDist":5,"label":0}},{"type":"Feature","geometry":{"type":"Point","coordinates":[18.437228,54.495519]},"properties":{"name":"Bryla","lines":"147","arr":["147"],"terminus":0,"mode":"bus","color":"#0059a9","colorDark":"#00294f","angle":118,"snapDist":1,"label":0}},{"type":"Feature","geometry":{"type":"Point","coordinates":[18.538057,54.550716]},"properties":{"name":"Oksywie Godebskiego","lines":"150","arr":["150"],"terminus":1,"mode":"bus","color":"#0059a9","colorDark":"#00294f","angle":358.7,"snapDist":5,"label":1}},{"type":"Feature","geometry":{"type":"Point","coordinates":[18.509332,54.497782]},"properties":{"name":"Witomino Centrum","lines":"150, 190, 192, N20, N40","arr":["150","190","192","N20","N40"],"terminus":0,"mode":"bus","color":"#0059a9","colorDark":"#00294f","angle":290.2,"snapDist":6,"label":0}},{"type":"Feature","geometry":{"type":"Point","coordinates":[18.507881,54.494408]},"properties":{"name":"Stawna","lines":"150, 190, 192, N20, N40","arr":["150","190","192","N20","N40"],"terminus":0,"mode":"bus","color":"#0059a9","colorDark":"#00294f","angle":-76.1,"snapDist":8,"label":1}},{"type":"Feature","geometry":{"type":"Point","coordinates":[18.51137,54.491588]},"properties":{"name":"Witomino Leśniczówka","lines":"150, 190, 192, N40","arr":["150","190","192","N40"],"terminus":1,"mode":"bus","color":"#0059a9","colorDark":"#00294f","angle":196.7,"snapDist":8,"label":1}},{"type":"Feature","geometry":{"type":"Point","coordinates":[18.512622,54.491135]},"properties":{"name":"Witomino Leśniczówka","lines":"150, N20, N40, N94","arr":["150","N20","N40","N94"],"terminus":1,"mode":"bus","color":"#0059a9","colorDark":"#00294f","angle":227.3,"snapDist":7,"label":0}},{"type":"Feature","geometry":{"type":"Point","coordinates":[18.51115,54.491626]},"properties":{"name":"Witomino Leśniczówka","lines":"150, 190, 192, 770, N20, N40, N94","arr":["150","190","192","770","N20","N40","N94"],"terminus":1,"mode":"bus","color":"#0059a9","colorDark":"#00294f","angle":16.9,"snapDist":11,"label":0}},{"type":"Feature","geometry":{"type":"Point","coordinates":[18.508384,54.495593]},"properties":{"name":"Stawna","lines":"150, 192, 770, N20, N40, N94","arr":["150","192","770","N20","N40","N94"],"terminus":0,"mode":"bus","color":"#0059a9","colorDark":"#00294f","angle":104.2,"snapDist":10,"label":0}},{"type":"Feature","geometry":{"type":"Point","coordinates":[18.547052,54.542912]},"properties":{"name":"Oksywie Dolne","lines":"150, 163, 196, 197, K, N40","arr":["150","163","196","197","K","N40"],"terminus":0,"mode":"bus","color":"#0059a9","colorDark":"#00294f","angle":175.9,"snapDist":7,"label":0}},{"type":"Feature","geometry":{"type":"Point","coordinates":[18.550588,54.545383]},"properties":{"name":"Arciszewskich","lines":"150, 163, 196, 197, N40","arr":["150","163","196","197","N40"],"terminus":0,"mode":"bus","color":"#0059a9","colorDark":"#00294f","angle":69.2,"snapDist":8,"label":0}},{"type":"Feature","geometry":{"type":"Point","coordinates":[18.551619,54.548135]},"properties":{"name":"Muchowskiego","lines":"150, 163, 196, 197, N40","arr":["150","163","196","197","N40"],"terminus":0,"mode":"bus","color":"#0059a9","colorDark":"#00294f","angle":18.3,"snapDist":6,"label":0}},{"type":"Feature","geometry":{"type":"Point","coordinates":[18.547647,54.548913]},"properties":{"name":"Oksywie Górne","lines":"150, 152, 163, 196, 197, K, N40","arr":["150","152","163","196","197","K","N40"],"terminus":0,"mode":"bus","color":"#0059a9","colorDark":"#00294f","angle":38,"snapDist":2,"label":0}},{"type":"Feature","geometry":{"type":"Point","coordinates":[18.541887,54.549791]},"properties":{"name":"Czwartaków","lines":"150","arr":["150"],"terminus":0,"mode":"bus","color":"#0059a9","colorDark":"#00294f","angle":91.8,"snapDist":2,"label":1}},{"type":"Feature","geometry":{"type":"Point","coordinates":[18.539402,54.550743]},"properties":{"name":"Oksywie Godebskiego","lines":"150","arr":["150"],"terminus":1,"mode":"bus","color":"#0059a9","colorDark":"#00294f","angle":358.2,"snapDist":7,"label":0}},{"type":"Feature","geometry":{"type":"Point","coordinates":[18.546778,54.557581]},"properties":{"name":"Oksywie Dickmana","lines":"152, N40","arr":["152","N40"],"terminus":1,"mode":"bus","color":"#0059a9","colorDark":"#00294f","angle":303.2,"snapDist":0,"label":1}},{"type":"Feature","geometry":{"type":"Point","coordinates":[18.547408,54.552675]},"properties":{"name":"Pancerna","lines":"152, N40","arr":["152","N40"],"terminus":0,"mode":"bus","color":"#0059a9","colorDark":"#00294f","angle":263.9,"snapDist":5,"label":1}},{"type":"Feature","geometry":{"type":"Point","coordinates":[18.539071,54.549539]},"properties":{"name":"Alzacka","lines":"152, 163, 196, 197, N40","arr":["152","163","196","197","N40"],"terminus":0,"mode":"bus","color":"#0059a9","colorDark":"#00294f","angle":359.4,"snapDist":3,"label":0}},{"type":"Feature","geometry":{"type":"Point","coordinates":[18.53303,54.490633]},"properties":{"name":"Halicka","lines":"152","arr":["152"],"terminus":0,"mode":"bus","color":"#0059a9","colorDark":"#00294f","angle":296,"snapDist":1,"label":1}},{"type":"Feature","geometry":{"type":"Point","coordinates":[18.528341,54.486466]},"properties":{"name":"Mały Kack Sandomierska","lines":"152, 203, 252","arr":["152","203","252"],"terminus":1,"mode":"bus","color":"#0059a9","colorDark":"#00294f","angle":193.8,"snapDist":3,"label":1}},{"type":"Feature","geometry":{"type":"Point","coordinates":[18.528317,54.486691]},"properties":{"name":"Mały Kack Sandomierska","lines":"152, 203, 252","arr":["152","203","252"],"terminus":1,"mode":"bus","color":"#0059a9","colorDark":"#00294f","angle":336,"snapDist":1,"label":0}},{"type":"Feature","geometry":{"type":"Point","coordinates":[18.533519,54.491217]},"properties":{"name":"Halicka","lines":"152","arr":["152"],"terminus":0,"mode":"bus","color":"#0059a9","colorDark":"#00294f","angle":115.5,"snapDist":4,"label":0}},{"type":"Feature","geometry":{"type":"Point","coordinates":[18.547973,54.549786]},"properties":{"name":"Oksywie Górne","lines":"152, N40","arr":["152","N40"],"terminus":0,"mode":"bus","color":"#0059a9","colorDark":"#00294f","angle":264.1,"snapDist":4,"label":0}},{"type":"Feature","geometry":{"type":"Point","coordinates":[18.547261,54.553436]},"properties":{"name":"Pancerna","lines":"152, N40","arr":["152","N40"],"terminus":0,"mode":"bus","color":"#0059a9","colorDark":"#00294f","angle":83.5,"snapDist":4,"label":0}},{"type":"Feature","geometry":{"type":"Point","coordinates":[18.546358,54.557495]},"properties":{"name":"Oksywie Dickmana","lines":"152","arr":["152"],"terminus":1,"mode":"bus","color":"#0059a9","colorDark":"#00294f","angle":75.3,"snapDist":8,"label":0}},{"type":"Feature","geometry":{"type":"Point","coordinates":[18.496491,54.464614]},"properties":{"name":"Wielki Kack Starodworcowa","lines":"153","arr":["153"],"terminus":1,"mode":"bus","color":"#0059a9","colorDark":"#00294f","angle":316.3,"snapDist":1,"label":1}},{"type":"Feature","geometry":{"type":"Point","coordinates":[18.498287,54.467475]},"properties":{"name":"Kręta","lines":"153","arr":["153"],"terminus":0,"mode":"bus","color":"#0059a9","colorDark":"#00294f","angle":114.3,"snapDist":5,"label":1}},{"type":"Feature","geometry":{"type":"Point","coordinates":[18.487718,54.468322]},"properties":{"name":"Gryfa Pomorskiego","lines":"153","arr":["153"],"terminus":0,"mode":"bus","color":"#0059a9","colorDark":"#00294f","angle":18.5,"snapDist":4,"label":0}},{"type":"Feature","geometry":{"type":"Point","coordinates":[18.484968,54.468748]},"properties":{"name":"Zwinisławy","lines":"153","arr":["153"],"terminus":0,"mode":"bus","color":"#0059a9","colorDark":"#00294f","angle":12.9,"snapDist":4,"label":1}},{"type":"Feature","geometry":{"type":"Point","coordinates":[18.48119,54.468176]},"properties":{"name":"Górnicza - Damroki","lines":"153","arr":["153"],"terminus":0,"mode":"bus","color":"#0059a9","colorDark":"#00294f","angle":259.9,"snapDist":7,"label":1}},{"type":"Feature","geometry":{"type":"Point","coordinates":[18.481926,54.467011]},"properties":{"name":"Górnicza - Kościół","lines":"153","arr":["153"],"terminus":0,"mode":"bus","color":"#0059a9","colorDark":"#00294f","angle":250.1,"snapDist":3,"label":1}},{"type":"Feature","geometry":{"type":"Point","coordinates":[18.499403,54.468892]},"properties":{"name":"Nałkowskiej","lines":"153","arr":["153"],"terminus":0,"mode":"bus","color":"#0059a9","colorDark":"#00294f","angle":120.6,"snapDist":2,"label":0}},{"type":"Feature","geometry":{"type":"Point","coordinates":[18.492394,54.538992]},"properties":{"name":"Hutnicza - Estakada","lines":"163, N30, R","arr":["163","N30","R"],"terminus":0,"mode":"bus","color":"#0059a9","colorDark":"#00294f","angle":35.5,"snapDist":16,"label":0}},{"type":"Feature","geometry":{"type":"Point","coordinates":[18.484357,54.542395]},"properties":{"name":"Hala \"Makro\"","lines":"163, N30, R","arr":["163","N30","R"],"terminus":0,"mode":"bus","color":"#0059a9","colorDark":"#00294f","angle":36.6,"snapDist":9,"label":1}},{"type":"Feature","geometry":{"type":"Point","coordinates":[18.474735,54.546494]},"properties":{"name":"Hutnicza - Stacja Paliw Lotos","lines":"163, N30","arr":["163","N30"],"terminus":0,"mode":"bus","color":"#0059a9","colorDark":"#00294f","angle":37.1,"snapDist":9,"label":1}},{"type":"Feature","geometry":{"type":"Point","coordinates":[18.4719,54.547698]},"properties":{"name":"II Urząd Skarbowy","lines":"163, N30, R","arr":["163","N30","R"],"terminus":0,"mode":"bus","color":"#0059a9","colorDark":"#00294f","angle":36.2,"snapDist":4,"label":1}},{"type":"Feature","geometry":{"type":"Point","coordinates":[18.466112,54.548434]},"properties":{"name":"Pucka - Hutnicza","lines":"163, 165, 198, N30","arr":["163","165","198","N30"],"terminus":0,"mode":"bus","color":"#0059a9","colorDark":"#00294f","angle":352.5,"snapDist":12,"label":1}},{"type":"Feature","geometry":{"type":"Point","coordinates":[18.463423,54.548549]},"properties":{"name":"Meksykańska","lines":"163, 165, 198, N30, R","arr":["163","165","198","N30","R"],"terminus":0,"mode":"bus","color":"#0059a9","colorDark":"#00294f","angle":21.1,"snapDist":15,"label":1}},{"type":"Feature","geometry":{"type":"Point","coordinates":[18.463129,54.546699]},"properties":{"name":"Chylonia Dworzec PKP - os. Meksyk","lines":"163, 165, 198","arr":["163","165","198"],"terminus":1,"mode":"bus","color":"#0059a9","colorDark":"#00294f","angle":269.2,"snapDist":3,"label":1}},{"type":"Feature","geometry":{"type":"Point","coordinates":[18.46365,54.546339]},"properties":{"name":"Chylonia Dworzec PKP - os. Meksyk","lines":"163, 165, 198","arr":["163","165","198"],"terminus":1,"mode":"bus","color":"#0059a9","colorDark":"#00294f","angle":198.9,"snapDist":2,"label":0}},{"type":"Feature","geometry":{"type":"Point","coordinates":[18.463673,54.548493]},"properties":{"name":"Meksykańska","lines":"163, 165, 198, N30, R","arr":["163","165","198","N30","R"],"terminus":0,"mode":"bus","color":"#0059a9","colorDark":"#00294f","angle":201.1,"snapDist":12,"label":0}},{"type":"Feature","geometry":{"type":"Point","coordinates":[18.466361,54.548453]},"properties":{"name":"Pucka - Hutnicza","lines":"163, N30","arr":["163","N30"],"terminus":0,"mode":"bus","color":"#0059a9","colorDark":"#00294f","angle":172.5,"snapDist":9,"label":0}},{"type":"Feature","geometry":{"type":"Point","coordinates":[18.471633,54.547812]},"properties":{"name":"II Urząd Skarbowy","lines":"163, N30, R","arr":["163","N30","R"],"terminus":0,"mode":"bus","color":"#0059a9","colorDark":"#00294f","angle":216.2,"snapDist":6,"label":0}},{"type":"Feature","geometry":{"type":"Point","coordinates":[18.477393,54.545354]},"properties":{"name":"Hutnicza - Stacja Paliw Lotos","lines":"163, N30","arr":["163","N30"],"terminus":0,"mode":"bus","color":"#0059a9","colorDark":"#00294f","angle":216.1,"snapDist":5,"label":0}},{"type":"Feature","geometry":{"type":"Point","coordinates":[18.485086,54.542084]},"properties":{"name":"Hala \"Makro\"","lines":"163, N30, R","arr":["163","N30","R"],"terminus":0,"mode":"bus","color":"#0059a9","colorDark":"#00294f","angle":216,"snapDist":6,"label":0}},{"type":"Feature","geometry":{"type":"Point","coordinates":[18.474916,54.55829]},"properties":{"name":"Złota","lines":"165, 198","arr":["165","198"],"terminus":0,"mode":"bus","color":"#0059a9","colorDark":"#00294f","angle":306.5,"snapDist":4,"label":1}},{"type":"Feature","geometry":{"type":"Point","coordinates":[18.470561,54.554875]},"properties":{"name":"Elektrociepłownia - Pucka","lines":"165, 198","arr":["165","198"],"terminus":0,"mode":"bus","color":"#0059a9","colorDark":"#00294f","angle":307,"snapDist":3,"label":1}},{"type":"Feature","geometry":{"type":"Point","coordinates":[18.467597,54.549802]},"properties":{"name":"Pucka - Przemysłowa","lines":"165, 198","arr":["165","198"],"terminus":0,"mode":"bus","color":"#0059a9","colorDark":"#00294f","angle":263,"snapDist":5,"label":1}},{"type":"Feature","geometry":{"type":"Point","coordinates":[18.467532,54.550683]},"properties":{"name":"Pucka - Przemysłowa","lines":"165, 198","arr":["165","198"],"terminus":0,"mode":"bus","color":"#0059a9","colorDark":"#00294f","angle":90.7,"snapDist":10,"label":0}},{"type":"Feature","geometry":{"type":"Point","coordinates":[18.47154,54.555653]},"properties":{"name":"Elektrociepłownia - Pucka","lines":"165, 198","arr":["165","198"],"terminus":0,"mode":"bus","color":"#0059a9","colorDark":"#00294f","angle":126.5,"snapDist":8,"label":0}},{"type":"Feature","geometry":{"type":"Point","coordinates":[18.474657,54.558087]},"properties":{"name":"Złota","lines":"165, 198","arr":["165","198"],"terminus":0,"mode":"bus","color":"#0059a9","colorDark":"#00294f","angle":126.5,"snapDist":5,"label":0}},{"type":"Feature","geometry":{"type":"Point","coordinates":[18.449713,54.46027]},"properties":{"name":"Rdestowa - Kolonia","lines":"171, 191, 193, Z","arr":["171","191","193","Z"],"terminus":0,"mode":"bus","color":"#0059a9","colorDark":"#00294f","angle":318.2,"snapDist":9,"label":0}},{"type":"Feature","geometry":{"type":"Point","coordinates":[18.443365,54.456675]},"properties":{"name":"Bielińskiego","lines":"171, 191, 193, Z","arr":["171","191","193","Z"],"terminus":0,"mode":"bus","color":"#0059a9","colorDark":"#00294f","angle":305.1,"snapDist":0,"label":1}},{"type":"Feature","geometry":{"type":"Point","coordinates":[18.43897,54.451599]},"properties":{"name":"Chwaszczyno Rewerenda","lines":"171, 191, 193, Z","arr":["171","191","193","Z"],"terminus":0,"mode":"bus","color":"#0059a9","colorDark":"#00294f","angle":321.3,"snapDist":5,"label":1}},{"type":"Feature","geometry":{"type":"Point","coordinates":[18.425644,54.452748]},"properties":{"name":"Chwaszczyno Nytbusz","lines":"171, 191, 193, Z","arr":["171","191","193","Z"],"terminus":0,"mode":"bus","color":"#0059a9","colorDark":"#00294f","angle":9.4,"snapDist":10,"label":1}},{"type":"Feature","geometry":{"type":"Point","coordinates":[18.426124,54.45086]},"properties":{"name":"Chwaszczyno Polna I","lines":"171, 191, 193, Z","arr":["171","191","193","Z"],"terminus":0,"mode":"bus","color":"#0059a9","colorDark":"#00294f","angle":199,"snapDist":7,"label":1}},{"type":"Feature","geometry":{"type":"Point","coordinates":[18.427734,54.447435]},"properties":{"name":"Chwaszczyno Synaka","lines":"171, 191, 193, Z","arr":["171","191","193","Z"],"terminus":0,"mode":"bus","color":"#0059a9","colorDark":"#00294f","angle":336.6,"snapDist":5,"label":1}},{"type":"Feature","geometry":{"type":"Point","coordinates":[18.423133,54.446004]},"properties":{"name":"Chwaszczyno Wiejska","lines":"171, 191, 193, Z","arr":["171","191","193","Z"],"terminus":0,"mode":"bus","color":"#0059a9","colorDark":"#00294f","angle":321.4,"snapDist":7,"label":1}},{"type":"Feature","geometry":{"type":"Point","coordinates":[18.4209,54.443505]},"properties":{"name":"Chwaszczyno","lines":"171","arr":["171"],"terminus":0,"mode":"bus","color":"#0059a9","colorDark":"#00294f","angle":182.2,"snapDist":9,"label":1}},{"type":"Feature","geometry":{"type":"Point","coordinates":[18.434546,54.442609]},"properties":{"name":"Chwaszczyno Kaszubska Droga","lines":"171","arr":["171"],"terminus":0,"mode":"bus","color":"#0059a9","colorDark":"#00294f","angle":165.2,"snapDist":8,"label":1}},{"type":"Feature","geometry":{"type":"Point","coordinates":[18.446306,54.44208]},"properties":{"name":"Chwaszczyno Oliwska","lines":"171","arr":["171"],"terminus":0,"mode":"bus","color":"#0059a9","colorDark":"#00294f","angle":191.7,"snapDist":7,"label":1}},{"type":"Feature","geometry":{"type":"Point","coordinates":[18.452663,54.441744]},"properties":{"name":"Myśliborska","lines":"171","arr":["171"],"terminus":0,"mode":"bus","color":"#0059a9","colorDark":"#00294f","angle":187.9,"snapDist":6,"label":1}},{"type":"Feature","geometry":{"type":"Point","coordinates":[18.459185,54.439209]},"properties":{"name":"Iławska","lines":"171","arr":["171"],"terminus":0,"mode":"bus","color":"#0059a9","colorDark":"#00294f","angle":214.6,"snapDist":4,"label":1}},{"type":"Feature","geometry":{"type":"Point","coordinates":[18.467503,54.434236]},"properties":{"name":"Barniewicka","lines":"171","arr":["171"],"terminus":0,"mode":"bus","color":"#0059a9","colorDark":"#00294f","angle":219.6,"snapDist":6,"label":1}},{"type":"Feature","geometry":{"type":"Point","coordinates":[18.473476,54.431303]},"properties":{"name":"Nowa","lines":"171","arr":["171"],"terminus":0,"mode":"bus","color":"#0059a9","colorDark":"#00294f","angle":220.5,"snapDist":4,"label":1}},{"type":"Feature","geometry":{"type":"Point","coordinates":[18.478547,54.430116]},"properties":{"name":"Sopocka","lines":"171","arr":["171"],"terminus":0,"mode":"bus","color":"#0059a9","colorDark":"#00294f","angle":108.7,"snapDist":10,"label":1}},{"type":"Feature","geometry":{"type":"Point","coordinates":[18.482002,54.430997]},"properties":{"name":"Odyseusza","lines":"171","arr":["171"],"terminus":0,"mode":"bus","color":"#0059a9","colorDark":"#00294f","angle":208.3,"snapDist":7,"label":1}},{"type":"Feature","geometry":{"type":"Point","coordinates":[18.495768,54.428807]},"properties":{"name":"Osowa Obwodnica","lines":"171","arr":["171"],"terminus":0,"mode":"bus","color":"#0059a9","colorDark":"#00294f","angle":182.4,"snapDist":12,"label":1}},{"type":"Feature","geometry":{"type":"Point","coordinates":[18.538414,54.421435]},"properties":{"name":"Rynarzewo","lines":"171","arr":["171"],"terminus":0,"mode":"bus","color":"#0059a9","colorDark":"#00294f","angle":205.8,"snapDist":8,"label":1}},{"type":"Feature","geometry":{"type":"Point","coordinates":[18.548873,54.410719]},"properties":{"name":"Karwieńska","lines":"171","arr":["171"],"terminus":0,"mode":"bus","color":"#0059a9","colorDark":"#00294f","angle":201.3,"snapDist":2,"label":1}},{"type":"Feature","geometry":{"type":"Point","coordinates":[18.557906,54.408796]},"properties":{"name":"Stary Rynek Oliwski","lines":"171","arr":["171"],"terminus":0,"mode":"bus","color":"#0059a9","colorDark":"#00294f","angle":162.6,"snapDist":9,"label":1}},{"type":"Feature","geometry":{"type":"Point","coordinates":[18.561748,54.409542]},"properties":{"name":"Park Oliwski","lines":"171","arr":["171"],"terminus":0,"mode":"bus","color":"#0059a9","colorDark":"#00294f","angle":163.7,"snapDist":4,"label":1}},{"type":"Feature","geometry":{"type":"Point","coordinates":[18.565585,54.410153]},"properties":{"name":"Oliwa","lines":"171","arr":["171"],"terminus":0,"mode":"bus","color":"#0059a9","colorDark":"#00294f","angle":164.8,"snapDist":6,"label":0}},{"type":"Feature","geometry":{"type":"Point","coordinates":[18.567707,54.409692]},"properties":{"name":"Oliwa","lines":"171","arr":["171"],"terminus":1,"mode":"bus","color":"#0059a9","colorDark":"#00294f","angle":241.9,"snapDist":9,"label":1}},{"type":"Feature","geometry":{"type":"Point","coordinates":[18.567013,54.409224]},"properties":{"name":"Oliwa","lines":"171","arr":["171"],"terminus":0,"mode":"bus","color":"#0059a9","colorDark":"#00294f","angle":345.4,"snapDist":1,"label":0}},{"type":"Feature","geometry":{"type":"Point","coordinates":[18.555437,54.408947]},"properties":{"name":"Stary Rynek Oliwski","lines":"171","arr":["171"],"terminus":0,"mode":"bus","color":"#0059a9","colorDark":"#00294f","angle":30,"snapDist":9,"label":0}},{"type":"Feature","geometry":{"type":"Point","coordinates":[18.536825,54.421794]},"properties":{"name":"Rynarzewo","lines":"171","arr":["171"],"terminus":0,"mode":"bus","color":"#0059a9","colorDark":"#00294f","angle":14.6,"snapDist":6,"label":0}},{"type":"Feature","geometry":{"type":"Point","coordinates":[18.496088,54.428799]},"properties":{"name":"Osowa Obwodnica","lines":"171","arr":["171"],"terminus":0,"mode":"bus","color":"#0059a9","colorDark":"#00294f","angle":2.4,"snapDist":2,"label":0}},{"type":"Feature","geometry":{"type":"Point","coordinates":[18.476235,54.429949]},"properties":{"name":"Sopocka","lines":"171","arr":["171"],"terminus":0,"mode":"bus","color":"#0059a9","colorDark":"#00294f","angle":40,"snapDist":8,"label":0}},{"type":"Feature","geometry":{"type":"Point","coordinates":[18.471046,54.432497]},"properties":{"name":"Nowa","lines":"171","arr":["171"],"terminus":0,"mode":"bus","color":"#0059a9","colorDark":"#00294f","angle":39.9,"snapDist":7,"label":0}},{"type":"Feature","geometry":{"type":"Point","coordinates":[18.467579,54.4342]},"properties":{"name":"Barniewicka","lines":"171","arr":["171"],"terminus":0,"mode":"bus","color":"#0059a9","colorDark":"#00294f","angle":39.6,"snapDist":6,"label":0}},{"type":"Feature","geometry":{"type":"Point","coordinates":[18.458306,54.439562]},"properties":{"name":"Iławska","lines":"171","arr":["171"],"terminus":0,"mode":"bus","color":"#0059a9","colorDark":"#00294f","angle":34.6,"snapDist":4,"label":0}},{"type":"Feature","geometry":{"type":"Point","coordinates":[18.451301,54.441853]},"properties":{"name":"Myśliborska","lines":"171","arr":["171"],"terminus":0,"mode":"bus","color":"#0059a9","colorDark":"#00294f","angle":7.8,"snapDist":4,"label":0}},{"type":"Feature","geometry":{"type":"Point","coordinates":[18.44486,54.442263]},"properties":{"name":"Chwaszczyno Oliwska","lines":"171","arr":["171"],"terminus":0,"mode":"bus","color":"#0059a9","colorDark":"#00294f","angle":12.3,"snapDist":3,"label":0}},{"type":"Feature","geometry":{"type":"Point","coordinates":[18.43296,54.442358]},"properties":{"name":"Chwaszczyno Kaszubska Droga","lines":"171","arr":["171"],"terminus":0,"mode":"bus","color":"#0059a9","colorDark":"#00294f","angle":355.2,"snapDist":9,"label":0}},{"type":"Feature","geometry":{"type":"Point","coordinates":[18.419746,54.444099]},"properties":{"name":"Chwaszczyno Centrum","lines":"171, 191, 193, Z","arr":["171","191","193","Z"],"terminus":0,"mode":"bus","color":"#0059a9","colorDark":"#00294f","angle":127,"snapDist":7,"label":1}},{"type":"Feature","geometry":{"type":"Point","coordinates":[18.429267,54.448457]},"properties":{"name":"Chwaszczyno Synaka","lines":"171, 191, 193, Z","arr":["171","191","193","Z"],"terminus":0,"mode":"bus","color":"#0059a9","colorDark":"#00294f","angle":109.4,"snapDist":9,"label":0}},{"type":"Feature","geometry":{"type":"Point","coordinates":[18.424278,54.451323]},"properties":{"name":"Chwaszczyno Polna I","lines":"171, 191, 193, Z","arr":["171","191","193","Z"],"terminus":0,"mode":"bus","color":"#0059a9","colorDark":"#00294f","angle":18.6,"snapDist":8,"label":0}},{"type":"Feature","geometry":{"type":"Point","coordinates":[18.427637,54.452303]},"properties":{"name":"Chwaszczyno Nytbusz","lines":"171, 191, 193, Z","arr":["171","191","193","Z"],"terminus":0,"mode":"bus","color":"#0059a9","colorDark":"#00294f","angle":206.3,"snapDist":5,"label":0}},{"type":"Feature","geometry":{"type":"Point","coordinates":[18.440642,54.452272]},"properties":{"name":"Rewerenda","lines":"171, 191, 193, Z","arr":["171","191","193","Z"],"terminus":0,"mode":"bus","color":"#0059a9","colorDark":"#00294f","angle":140.9,"snapDist":8,"label":1}},{"type":"Feature","geometry":{"type":"Point","coordinates":[18.444961,54.45742]},"properties":{"name":"Bielińskiego","lines":"171, 191, 193, Z","arr":["171","191","193","Z"],"terminus":0,"mode":"bus","color":"#0059a9","colorDark":"#00294f","angle":144.6,"snapDist":9,"label":0}},{"type":"Feature","geometry":{"type":"Point","coordinates":[18.431818,54.54908]},"properties":{"name":"Cisowa Sibeliusa","lines":"173","arr":["173"],"terminus":0,"mode":"bus","color":"#0059a9","colorDark":"#00294f","angle":18.9,"snapDist":2,"label":1}},{"type":"Feature","geometry":{"type":"Point","coordinates":[18.421858,54.552014]},"properties":{"name":"Elektrowozownia SKM","lines":"173","arr":["173"],"terminus":0,"mode":"bus","color":"#0059a9","colorDark":"#00294f","angle":31.7,"snapDist":11,"label":1}},{"type":"Feature","geometry":{"type":"Point","coordinates":[18.416531,54.553497]},"properties":{"name":"Cisowa Granica Miasta","lines":"173","arr":["173"],"terminus":0,"mode":"bus","color":"#0059a9","colorDark":"#00294f","angle":18,"snapDist":8,"label":1}},{"type":"Feature","geometry":{"type":"Point","coordinates":[18.405388,54.558452]},"properties":{"name":"Janowo SKM - Sobieskiego","lines":"173","arr":["173"],"terminus":0,"mode":"bus","color":"#0059a9","colorDark":"#00294f","angle":42.5,"snapDist":9,"label":0}},{"type":"Feature","geometry":{"type":"Point","coordinates":[18.400569,54.560877]},"properties":{"name":"Sobieskiego - FUO","lines":"173","arr":["173"],"terminus":0,"mode":"bus","color":"#0059a9","colorDark":"#00294f","angle":38,"snapDist":7,"label":1}},{"type":"Feature","geometry":{"type":"Point","coordinates":[18.396806,54.562225]},"properties":{"name":"Górnicza","lines":"173","arr":["173"],"terminus":0,"mode":"bus","color":"#0059a9","colorDark":"#00294f","angle":26.8,"snapDist":11,"label":0}},{"type":"Feature","geometry":{"type":"Point","coordinates":[18.387051,54.569492]},"properties":{"name":"Rumia Dworzec PKP","lines":"173, J, M","arr":["173","J","M"],"terminus":1,"mode":"bus","color":"#0059a9","colorDark":"#00294f","angle":223.5,"snapDist":8,"label":0}},{"type":"Feature","geometry":{"type":"Point","coordinates":[18.403963,54.589531]},"properties":{"name":"Przyrzeczna","lines":"173","arr":["173"],"terminus":0,"mode":"bus","color":"#0059a9","colorDark":"#00294f","angle":119.8,"snapDist":4,"label":1}},{"type":"Feature","geometry":{"type":"Point","coordinates":[18.407969,54.593552]},"properties":{"name":"Żołnierzy I Dywizji WP","lines":"173","arr":["173"],"terminus":0,"mode":"bus","color":"#0059a9","colorDark":"#00294f","angle":120,"snapDist":5,"label":1}},{"type":"Feature","geometry":{"type":"Point","coordinates":[18.412057,54.597661]},"properties":{"name":"Kanał Leniwy","lines":"173","arr":["173"],"terminus":0,"mode":"bus","color":"#0059a9","colorDark":"#00294f","angle":119.9,"snapDist":5,"label":1}},{"type":"Feature","geometry":{"type":"Point","coordinates":[18.416038,54.601655]},"properties":{"name":"Kazimierz - Rumska","lines":"173","arr":["173"],"terminus":0,"mode":"bus","color":"#0059a9","colorDark":"#00294f","angle":120.2,"snapDist":5,"label":1}},{"type":"Feature","geometry":{"type":"Point","coordinates":[18.421319,54.600308]},"properties":{"name":"Kazimierz - Kazimierska","lines":"173, M","arr":["173","M"],"terminus":0,"mode":"bus","color":"#0059a9","colorDark":"#00294f","angle":214.1,"snapDist":4,"label":1}},{"type":"Feature","geometry":{"type":"Point","coordinates":[18.427109,54.597435]},"properties":{"name":"Kazimierz - Listopadowa","lines":"173","arr":["173"],"terminus":0,"mode":"bus","color":"#0059a9","colorDark":"#00294f","angle":232,"snapDist":5,"label":1}},{"type":"Feature","geometry":{"type":"Point","coordinates":[18.430041,54.594429]},"properties":{"name":"Kazimierz - Majowa","lines":"173","arr":["173"],"terminus":0,"mode":"bus","color":"#0059a9","colorDark":"#00294f","angle":245.9,"snapDist":5,"label":1}},{"type":"Feature","geometry":{"type":"Point","coordinates":[18.43418,54.588937]},"properties":{"name":"Dębogórze - Naftobazy","lines":"173","arr":["173"],"terminus":0,"mode":"bus","color":"#0059a9","colorDark":"#00294f","angle":246.9,"snapDist":4,"label":1}},{"type":"Feature","geometry":{"type":"Point","coordinates":[18.433619,54.589698]},"properties":{"name":"Dębogórze - Naftobazy","lines":"173","arr":["173"],"terminus":0,"mode":"bus","color":"#0059a9","colorDark":"#00294f","angle":67.6,"snapDist":7,"label":0}},{"type":"Feature","geometry":{"type":"Point","coordinates":[18.429752,54.594807]},"properties":{"name":"Kazimierz - Majowa","lines":"173","arr":["173"],"terminus":0,"mode":"bus","color":"#0059a9","colorDark":"#00294f","angle":66.2,"snapDist":5,"label":0}},{"type":"Feature","geometry":{"type":"Point","coordinates":[18.427213,54.597357]},"properties":{"name":"Kazimierz - Listopadowa","lines":"173","arr":["173"],"terminus":0,"mode":"bus","color":"#0059a9","colorDark":"#00294f","angle":52.9,"snapDist":4,"label":0}},{"type":"Feature","geometry":{"type":"Point","coordinates":[18.420295,54.600708]},"properties":{"name":"Kazimierz - Kazimierska","lines":"173, M","arr":["173","M"],"terminus":0,"mode":"bus","color":"#0059a9","colorDark":"#00294f","angle":33.5,"snapDist":4,"label":0}},{"type":"Feature","geometry":{"type":"Point","coordinates":[18.416218,54.601834]},"properties":{"name":"Kazimierz - Rumska","lines":"173","arr":["173"],"terminus":0,"mode":"bus","color":"#0059a9","colorDark":"#00294f","angle":300.2,"snapDist":4,"label":0}},{"type":"Feature","geometry":{"type":"Point","coordinates":[18.411757,54.597358]},"properties":{"name":"Kanał Leniwy","lines":"173","arr":["173"],"terminus":0,"mode":"bus","color":"#0059a9","colorDark":"#00294f","angle":299.9,"snapDist":6,"label":0}},{"type":"Feature","geometry":{"type":"Point","coordinates":[18.407707,54.593289]},"properties":{"name":"Żołnierzy I Dywizji WP","lines":"173","arr":["173"],"terminus":0,"mode":"bus","color":"#0059a9","colorDark":"#00294f","angle":300,"snapDist":6,"label":0}},{"type":"Feature","geometry":{"type":"Point","coordinates":[18.403685,54.589252]},"properties":{"name":"Przyrzeczna","lines":"173","arr":["173"],"terminus":0,"mode":"bus","color":"#0059a9","colorDark":"#00294f","angle":300.2,"snapDist":6,"label":0}},{"type":"Feature","geometry":{"type":"Point","coordinates":[18.401283,54.560437]},"properties":{"name":"Sobieskiego - FUO","lines":"173","arr":["173"],"terminus":0,"mode":"bus","color":"#0059a9","colorDark":"#00294f","angle":218.4,"snapDist":2,"label":0}},{"type":"Feature","geometry":{"type":"Point","coordinates":[18.407363,54.55713]},"properties":{"name":"Janowo SKM - Sobieskiego","lines":"173","arr":["173"],"terminus":0,"mode":"bus","color":"#0059a9","colorDark":"#00294f","angle":220.5,"snapDist":9,"label":0}},{"type":"Feature","geometry":{"type":"Point","coordinates":[18.416497,54.553391]},"properties":{"name":"Cisowa Granica Miasta","lines":"173","arr":["173"],"terminus":0,"mode":"bus","color":"#0059a9","colorDark":"#00294f","angle":198,"snapDist":4,"label":0}},{"type":"Feature","geometry":{"type":"Point","coordinates":[18.422277,54.551746]},"properties":{"name":"Elektrowozownia SKM","lines":"173","arr":["173"],"terminus":0,"mode":"bus","color":"#0059a9","colorDark":"#00294f","angle":211.3,"snapDist":5,"label":0}},{"type":"Feature","geometry":{"type":"Point","coordinates":[18.527326,54.449268]},"properties":{"name":"Sanatorium \"Leśnik\"","lines":"177, 700","arr":["177","700"],"terminus":1,"mode":"bus","color":"#0059a9","colorDark":"#00294f","angle":273.4,"snapDist":3,"label":1}},{"type":"Feature","geometry":{"type":"Point","coordinates":[18.540619,54.447997]},"properties":{"name":"Przylesie","lines":"177, 700","arr":["177","700"],"terminus":0,"mode":"bus","color":"#0059a9","colorDark":"#00294f","angle":175.2,"snapDist":1,"label":1}},{"type":"Feature","geometry":{"type":"Point","coordinates":[18.544426,54.448128]},"properties":{"name":"23 Marca","lines":"177, 287, 700","arr":["177","287","700"],"terminus":0,"mode":"bus","color":"#0059a9","colorDark":"#00294f","angle":182.3,"snapDist":5,"label":1}},{"type":"Feature","geometry":{"type":"Point","coordinates":[18.551334,54.447014]},"properties":{"name":"Okrężna","lines":"177, 287, 700","arr":["177","287","700"],"terminus":0,"mode":"bus","color":"#0059a9","colorDark":"#00294f","angle":201.1,"snapDist":8,"label":1}},{"type":"Feature","geometry":{"type":"Point","coordinates":[18.556213,54.444336]},"properties":{"name":"Uniwersytet Gdański","lines":"177, 185, 187, 287, 700","arr":["177","185","187","287","700"],"terminus":0,"mode":"bus","color":"#0059a9","colorDark":"#00294f","angle":263.8,"snapDist":6,"label":1}},{"type":"Feature","geometry":{"type":"Point","coordinates":[18.559002,54.434256]},"properties":{"name":"Kochanowskiego","lines":"177","arr":["177"],"terminus":0,"mode":"bus","color":"#0059a9","colorDark":"#00294f","angle":259.4,"snapDist":5,"label":0}},{"type":"Feature","geometry":{"type":"Point","coordinates":[18.56241,54.428068]},"properties":{"name":"Smolna","lines":"177","arr":["177"],"terminus":0,"mode":"bus","color":"#0059a9","colorDark":"#00294f","angle":262.7,"snapDist":7,"label":1}},{"type":"Feature","geometry":{"type":"Point","coordinates":[18.563026,54.425575]},"properties":{"name":"Hospicjum","lines":"177","arr":["177"],"terminus":0,"mode":"bus","color":"#0059a9","colorDark":"#00294f","angle":257.5,"snapDist":5,"label":1}},{"type":"Feature","geometry":{"type":"Point","coordinates":[18.564293,54.427128]},"properties":{"name":"Rzemieślnicza","lines":"177","arr":["177"],"terminus":0,"mode":"bus","color":"#0059a9","colorDark":"#00294f","angle":78.7,"snapDist":6,"label":1}},{"type":"Feature","geometry":{"type":"Point","coordinates":[18.562984,54.435112]},"properties":{"name":"3 Maja","lines":"177","arr":["177"],"terminus":0,"mode":"bus","color":"#0059a9","colorDark":"#00294f","angle":168.6,"snapDist":5,"label":0}},{"type":"Feature","geometry":{"type":"Point","coordinates":[18.571167,54.442188]},"properties":{"name":"Chopina","lines":"177, 187","arr":["177","187"],"terminus":0,"mode":"bus","color":"#0059a9","colorDark":"#00294f","angle":64.7,"snapDist":3,"label":0}},{"type":"Feature","geometry":{"type":"Point","coordinates":[18.56772,54.446471]},"properties":{"name":"Grand Hotel","lines":"177, 187","arr":["177","187"],"terminus":0,"mode":"bus","color":"#0059a9","colorDark":"#00294f","angle":63.7,"snapDist":7,"label":1}},{"type":"Feature","geometry":{"type":"Point","coordinates":[18.564759,54.450235]},"properties":{"name":"Korty Tenisowe","lines":"177, 187","arr":["177","187"],"terminus":0,"mode":"bus","color":"#0059a9","colorDark":"#00294f","angle":66.2,"snapDist":6,"label":1}},{"type":"Feature","geometry":{"type":"Point","coordinates":[18.563026,54.452745]},"properties":{"name":"Plac Kusocińskiego","lines":"177, 187","arr":["177","187"],"terminus":0,"mode":"bus","color":"#0059a9","colorDark":"#00294f","angle":73.9,"snapDist":3,"label":1}},{"type":"Feature","geometry":{"type":"Point","coordinates":[18.558335,54.456228]},"properties":{"name":"Młyńska","lines":"177, 187","arr":["177","187"],"terminus":0,"mode":"bus","color":"#0059a9","colorDark":"#00294f","angle":36.9,"snapDist":7,"label":1}},{"type":"Feature","geometry":{"type":"Point","coordinates":[18.55439,54.445924]},"properties":{"name":"Uniwersytet Gdański","lines":"177, 287","arr":["177","287"],"terminus":0,"mode":"bus","color":"#0059a9","colorDark":"#00294f","angle":37.3,"snapDist":6,"label":0}},{"type":"Feature","geometry":{"type":"Point","coordinates":[18.551615,54.446943]},"properties":{"name":"Okrężna","lines":"177, 287","arr":["177","287"],"terminus":0,"mode":"bus","color":"#0059a9","colorDark":"#00294f","angle":24.8,"snapDist":5,"label":0}},{"type":"Feature","geometry":{"type":"Point","coordinates":[18.543595,54.448122]},"properties":{"name":"23 Marca","lines":"177, 287","arr":["177","287"],"terminus":0,"mode":"bus","color":"#0059a9","colorDark":"#00294f","angle":355.9,"snapDist":3,"label":0}},{"type":"Feature","geometry":{"type":"Point","coordinates":[18.539492,54.447879]},"properties":{"name":"Przylesie","lines":"177","arr":["177"],"terminus":0,"mode":"bus","color":"#0059a9","colorDark":"#00294f","angle":163.3,"snapDist":1,"label":0}},{"type":"Feature","geometry":{"type":"Point","coordinates":[18.5219,54.471045]},"properties":{"name":"Spokojna - Cmentarz","lines":"180","arr":["180"],"terminus":0,"mode":"bus","color":"#0059a9","colorDark":"#00294f","angle":9.2,"snapDist":4,"label":1}},{"type":"Feature","geometry":{"type":"Point","coordinates":[18.509212,54.466993]},"properties":{"name":"Podleśna","lines":"181","arr":["181"],"terminus":0,"mode":"bus","color":"#149a3f","colorDark":"#0a5121","angle":279,"snapDist":7,"label":1}},{"type":"Feature","geometry":{"type":"Point","coordinates":[18.531354,54.456029]},"properties":{"name":"Brodwino - Szkoła","lines":"181","arr":["181"],"terminus":0,"mode":"bus","color":"#149a3f","colorDark":"#0a5121","angle":175.4,"snapDist":4,"label":1}},{"type":"Feature","geometry":{"type":"Point","coordinates":[18.541619,54.452353]},"properties":{"name":"Schronisko Sopotkowo","lines":"181, 187, 287","arr":["181","187","287"],"terminus":0,"mode":"bus","color":"#0059a9","colorDark":"#00294f","angle":230.8,"snapDist":6,"label":1}},{"type":"Feature","geometry":{"type":"Point","coordinates":[18.54954,54.450944]},"properties":{"name":"Cmentarz","lines":"181, 187, 287","arr":["181","187","287"],"terminus":0,"mode":"bus","color":"#0059a9","colorDark":"#00294f","angle":179.7,"snapDist":5,"label":1}},{"type":"Feature","geometry":{"type":"Point","coordinates":[18.553031,54.450341]},"properties":{"name":"Chodowieckiego","lines":"181, 187, 287, 700","arr":["181","187","287","700"],"terminus":0,"mode":"bus","color":"#0059a9","colorDark":"#00294f","angle":30.3,"snapDist":2,"label":1}},{"type":"Feature","geometry":{"type":"Point","coordinates":[18.548263,54.450917]},"properties":{"name":"Cmentarz","lines":"181, 187, 287, 700","arr":["181","187","287","700"],"terminus":0,"mode":"bus","color":"#0059a9","colorDark":"#00294f","angle":358.4,"snapDist":7,"label":0}},{"type":"Feature","geometry":{"type":"Point","coordinates":[18.54095,54.452825]},"properties":{"name":"Schronisko Sopotkowo","lines":"181, 187, 287, 700","arr":["181","187","287","700"],"terminus":0,"mode":"bus","color":"#0059a9","colorDark":"#00294f","angle":50.2,"snapDist":3,"label":0}},{"type":"Feature","geometry":{"type":"Point","coordinates":[18.531297,54.456027]},"properties":{"name":"Brodwino - Szkoła","lines":"181, 700","arr":["181","700"],"terminus":0,"mode":"bus","color":"#0059a9","colorDark":"#00294f","angle":355.4,"snapDist":6,"label":0}},{"type":"Feature","geometry":{"type":"Point","coordinates":[18.509148,54.467971]},"properties":{"name":"Podleśna","lines":"181, 700","arr":["181","700"],"terminus":0,"mode":"bus","color":"#0059a9","colorDark":"#00294f","angle":81,"snapDist":7,"label":0}},{"type":"Feature","geometry":{"type":"Point","coordinates":[18.532873,54.514029]},"properties":{"name":"Śląska","lines":"182","arr":["182"],"terminus":0,"mode":"bus","color":"#0059a9","colorDark":"#00294f","angle":259,"snapDist":5,"label":1}},{"type":"Feature","geometry":{"type":"Point","coordinates":[18.533897,54.508512]},"properties":{"name":"Węzeł Franciszki Cegielskiej","lines":"182, 760","arr":["182","760"],"terminus":1,"mode":"bus","color":"#0059a9","colorDark":"#00294f","angle":137.8,"snapDist":0,"label":0}},{"type":"Feature","geometry":{"type":"Point","coordinates":[18.532483,54.515276]},"properties":{"name":"Śląska","lines":"182","arr":["182"],"terminus":0,"mode":"bus","color":"#0059a9","colorDark":"#00294f","angle":74.3,"snapDist":6,"label":0}},{"type":"Feature","geometry":{"type":"Point","coordinates":[18.548068,54.4586]},"properties":{"name":"Kamienny Potok - Kujawska","lines":"185","arr":["185"],"terminus":1,"mode":"bus","color":"#0059a9","colorDark":"#00294f","angle":248,"snapDist":26,"label":1}},{"type":"Feature","geometry":{"type":"Point","coordinates":[18.552768,54.456841]},"properties":{"name":"Kamienny Potok SKM","lines":"185","arr":["185"],"terminus":0,"mode":"bus","color":"#0059a9","colorDark":"#00294f","angle":268.3,"snapDist":4,"label":0}},{"type":"Feature","geometry":{"type":"Point","coordinates":[18.554404,54.454691]},"properties":{"name":"Kraszewskiego","lines":"185","arr":["185"],"terminus":0,"mode":"bus","color":"#0059a9","colorDark":"#00294f","angle":256.2,"snapDist":10,"label":1}},{"type":"Feature","geometry":{"type":"Point","coordinates":[18.548828,54.454021]},"properties":{"name":"Sienkiewicza","lines":"185","arr":["185"],"terminus":0,"mode":"bus","color":"#0059a9","colorDark":"#00294f","angle":177.1,"snapDist":2,"label":1}},{"type":"Feature","geometry":{"type":"Point","coordinates":[18.55787,54.441708]},"properties":{"name":"Sikorskiego","lines":"185, 187, 700","arr":["185","187","700"],"terminus":0,"mode":"bus","color":"#0059a9","colorDark":"#00294f","angle":199.8,"snapDist":6,"label":0}},{"type":"Feature","geometry":{"type":"Point","coordinates":[18.56361,54.441563]},"properties":{"name":"Sopot PKP","lines":"185, 187","arr":["185","187"],"terminus":0,"mode":"bus","color":"#0059a9","colorDark":"#00294f","angle":80.3,"snapDist":3,"label":0}},{"type":"Feature","geometry":{"type":"Point","coordinates":[18.573868,54.437817]},"properties":{"name":"Bitwy pod Płowcami","lines":"185","arr":["185"],"terminus":0,"mode":"bus","color":"#0059a9","colorDark":"#00294f","angle":224.6,"snapDist":3,"label":1}},{"type":"Feature","geometry":{"type":"Point","coordinates":[18.576985,54.434037]},"properties":{"name":"Polna","lines":"185","arr":["185"],"terminus":0,"mode":"bus","color":"#0059a9","colorDark":"#00294f","angle":319.5,"snapDist":5,"label":1}},{"type":"Feature","geometry":{"type":"Point","coordinates":[18.573579,54.432613]},"properties":{"name":"Architektów","lines":"185","arr":["185"],"terminus":0,"mode":"bus","color":"#0059a9","colorDark":"#00294f","angle":330.6,"snapDist":5,"label":1}},{"type":"Feature","geometry":{"type":"Point","coordinates":[18.577741,54.434408]},"properties":{"name":"Polna","lines":"185","arr":["185"],"terminus":0,"mode":"bus","color":"#0059a9","colorDark":"#00294f","angle":140,"snapDist":7,"label":0}},{"type":"Feature","geometry":{"type":"Point","coordinates":[18.553322,54.454225]},"properties":{"name":"Kraszewskiego","lines":"185","arr":["185"],"terminus":0,"mode":"bus","color":"#0059a9","colorDark":"#00294f","angle":357.5,"snapDist":3,"label":0}},{"type":"Feature","geometry":{"type":"Point","coordinates":[18.548623,54.454015]},"properties":{"name":"Sienkiewicza","lines":"185","arr":["185"],"terminus":0,"mode":"bus","color":"#0059a9","colorDark":"#00294f","angle":-2.9,"snapDist":4,"label":0}},{"type":"Feature","geometry":{"type":"Point","coordinates":[18.553553,54.455545]},"properties":{"name":"Kraszewskiego","lines":"185","arr":["185"],"terminus":0,"mode":"bus","color":"#0059a9","colorDark":"#00294f","angle":37.1,"snapDist":15,"label":0}},{"type":"Feature","geometry":{"type":"Point","coordinates":[18.553003,54.457685]},"properties":{"name":"Kamienny Potok SKM","lines":"185, 187, 287","arr":["185","187","287"],"terminus":1,"mode":"bus","color":"#0059a9","colorDark":"#00294f","angle":79.7,"snapDist":3,"label":1}},{"type":"Feature","geometry":{"type":"Point","coordinates":[18.550454,54.458803]},"properties":{"name":"Mazowiecka","lines":"185","arr":["185"],"terminus":0,"mode":"bus","color":"#0059a9","colorDark":"#00294f","angle":11.8,"snapDist":2,"label":1}},{"type":"Feature","geometry":{"type":"Point","coordinates":[18.559905,54.454225]},"properties":{"name":"Młyńska","lines":"187","arr":["187"],"terminus":0,"mode":"bus","color":"#0059a9","colorDark":"#00294f","angle":250.2,"snapDist":2,"label":1}},{"type":"Feature","geometry":{"type":"Point","coordinates":[18.562583,54.449592]},"properties":{"name":"Dolny Sopot - Haffnera","lines":"187","arr":["187"],"terminus":0,"mode":"bus","color":"#0059a9","colorDark":"#00294f","angle":249.7,"snapDist":3,"label":1}},{"type":"Feature","geometry":{"type":"Point","coordinates":[18.564673,54.44928]},"properties":{"name":"Korty Tenisowe","lines":"187","arr":["187"],"terminus":0,"mode":"bus","color":"#0059a9","colorDark":"#00294f","angle":155.5,"snapDist":5,"label":0}},{"type":"Feature","geometry":{"type":"Point","coordinates":[18.567066,54.447275]},"properties":{"name":"Grand Hotel","lines":"187","arr":["187"],"terminus":0,"mode":"bus","color":"#0059a9","colorDark":"#00294f","angle":245.1,"snapDist":4,"label":0}},{"type":"Feature","geometry":{"type":"Point","coordinates":[18.534525,54.457648]},"properties":{"name":"Brodwino","lines":"187, 287","arr":["187","287"],"terminus":0,"mode":"bus","color":"#0059a9","colorDark":"#00294f","angle":146,"snapDist":5,"label":1}},{"type":"Feature","geometry":{"type":"Point","coordinates":[18.5395,54.456498]},"properties":{"name":"Kolberga","lines":"187, 287","arr":["187","287"],"terminus":0,"mode":"bus","color":"#0059a9","colorDark":"#00294f","angle":211.3,"snapDist":6,"label":1}},{"type":"Feature","geometry":{"type":"Point","coordinates":[18.546285,54.455295]},"properties":{"name":"Junaków","lines":"187, 287","arr":["187","287"],"terminus":0,"mode":"bus","color":"#0059a9","colorDark":"#00294f","angle":170.6,"snapDist":1,"label":1}},{"type":"Feature","geometry":{"type":"Point","coordinates":[18.5511,54.455603]},"properties":{"name":"Łużycka","lines":"187, 287","arr":["187","287"],"terminus":0,"mode":"bus","color":"#0059a9","colorDark":"#00294f","angle":189.8,"snapDist":4,"label":1}},{"type":"Feature","geometry":{"type":"Point","coordinates":[18.553064,54.457482]},"properties":{"name":"Kamienny Potok SKM","lines":"187","arr":["187"],"terminus":1,"mode":"bus","color":"#0059a9","colorDark":"#00294f","angle":88.3,"snapDist":6,"label":0}},{"type":"Feature","geometry":{"type":"Point","coordinates":[18.547465,54.455473]},"properties":{"name":"Junaków","lines":"187, 287","arr":["187","287"],"terminus":0,"mode":"bus","color":"#0059a9","colorDark":"#00294f","angle":338.6,"snapDist":4,"label":0}},{"type":"Feature","geometry":{"type":"Point","coordinates":[18.543417,54.455607]},"properties":{"name":"Małopolska","lines":"187, 287","arr":["187","287"],"terminus":0,"mode":"bus","color":"#0059a9","colorDark":"#00294f","angle":18.4,"snapDist":3,"label":1}},{"type":"Feature","geometry":{"type":"Point","coordinates":[18.537864,54.457099]},"properties":{"name":"Kolberga","lines":"187, 287","arr":["187","287"],"terminus":0,"mode":"bus","color":"#0059a9","colorDark":"#00294f","angle":32.9,"snapDist":7,"label":0}},{"type":"Feature","geometry":{"type":"Point","coordinates":[18.534475,54.457627]},"properties":{"name":"Brodwino","lines":"187, 287","arr":["187","287"],"terminus":0,"mode":"bus","color":"#0059a9","colorDark":"#00294f","angle":320.7,"snapDist":8,"label":0}},{"type":"Feature","geometry":{"type":"Point","coordinates":[18.564306,54.438608]},"properties":{"name":"Sopot PKP - Marynarzy","lines":"187","arr":["187"],"terminus":0,"mode":"bus","color":"#0059a9","colorDark":"#00294f","angle":262.8,"snapDist":3,"label":0}},{"type":"Feature","geometry":{"type":"Point","coordinates":[18.541379,54.522414]},"properties":{"name":"Plac Kaszubski","lines":"190","arr":["190"],"terminus":1,"mode":"bus","color":"#0059a9","colorDark":"#00294f","angle":174.9,"snapDist":8,"label":0}},{"type":"Feature","geometry":{"type":"Point","coordinates":[18.508801,54.494972]},"properties":{"name":"Stawna","lines":"190","arr":["190"],"terminus":0,"mode":"bus","color":"#0059a9","colorDark":"#00294f","angle":199.8,"snapDist":7,"label":0}},{"type":"Feature","geometry":{"type":"Point","coordinates":[18.514795,54.49502]},"properties":{"name":"Witomino Polna","lines":"190","arr":["190"],"terminus":0,"mode":"bus","color":"#0059a9","colorDark":"#00294f","angle":104.5,"snapDist":4,"label":1}},{"type":"Feature","geometry":{"type":"Point","coordinates":[18.511926,54.4962]},"properties":{"name":"Długa","lines":"190","arr":["190"],"terminus":0,"mode":"bus","color":"#0059a9","colorDark":"#00294f","angle":30.3,"snapDist":3,"label":1}},{"type":"Feature","geometry":{"type":"Point","coordinates":[18.51231,54.491332]},"properties":{"name":"Witomino Leśniczówka","lines":"190, 770","arr":["190","770"],"terminus":1,"mode":"bus","color":"#0059a9","colorDark":"#00294f","angle":47.3,"snapDist":23,"label":0}},{"type":"Feature","geometry":{"type":"Point","coordinates":[18.409165,54.443047]},"properties":{"name":"Chwaszczyno Poczta","lines":"191, 193","arr":["191","193"],"terminus":0,"mode":"bus","color":"#0059a9","colorDark":"#00294f","angle":2.8,"snapDist":6,"label":1}},{"type":"Feature","geometry":{"type":"Point","coordinates":[18.398745,54.443314]},"properties":{"name":"Karczemki Tuchomska","lines":"191, 193","arr":["191","193"],"terminus":0,"mode":"bus","color":"#0059a9","colorDark":"#00294f","angle":1.9,"snapDist":5,"label":1}},{"type":"Feature","geometry":{"type":"Point","coordinates":[18.391876,54.444006]},"properties":{"name":"Karczemki","lines":"191, 193","arr":["191","193"],"terminus":0,"mode":"bus","color":"#0059a9","colorDark":"#00294f","angle":12.9,"snapDist":5,"label":1}},{"type":"Feature","geometry":{"type":"Point","coordinates":[18.387887,54.448847]},"properties":{"name":"Dobrzewino Kasztelańska","lines":"191","arr":["191"],"terminus":0,"mode":"bus","color":"#0059a9","colorDark":"#00294f","angle":96.7,"snapDist":2,"label":1}},{"type":"Feature","geometry":{"type":"Point","coordinates":[18.388374,54.45724]},"properties":{"name":"Dobrzewino Dworska","lines":"191","arr":["191"],"terminus":0,"mode":"bus","color":"#0059a9","colorDark":"#00294f","angle":74.5,"snapDist":3,"label":1}},{"type":"Feature","geometry":{"type":"Point","coordinates":[18.385112,54.460382]},"properties":{"name":"Dobrzewino Owsiana","lines":"191","arr":["191"],"terminus":0,"mode":"bus","color":"#0059a9","colorDark":"#00294f","angle":56.2,"snapDist":8,"label":1}},{"type":"Feature","geometry":{"type":"Point","coordinates":[18.383657,54.471408]},"properties":{"name":"Bojano","lines":"191","arr":["191"],"terminus":0,"mode":"bus","color":"#0059a9","colorDark":"#00294f","angle":110,"snapDist":6,"label":1}},{"type":"Feature","geometry":{"type":"Point","coordinates":[18.378119,54.474675]},"properties":{"name":"Bojano Kościół","lines":"191","arr":["191"],"terminus":0,"mode":"bus","color":"#0059a9","colorDark":"#00294f","angle":22.4,"snapDist":6,"label":1}},{"type":"Feature","geometry":{"type":"Point","coordinates":[18.367231,54.477204]},"properties":{"name":"Bojano Kwiatowa","lines":"191","arr":["191"],"terminus":0,"mode":"bus","color":"#0059a9","colorDark":"#00294f","angle":21.4,"snapDist":7,"label":1}},{"type":"Feature","geometry":{"type":"Point","coordinates":[18.357656,54.480098]},"properties":{"name":"Bojano Milenium","lines":"191","arr":["191"],"terminus":0,"mode":"bus","color":"#0059a9","colorDark":"#00294f","angle":33.3,"snapDist":8,"label":1}},{"type":"Feature","geometry":{"type":"Point","coordinates":[18.349789,54.483613]},"properties":{"name":"Koleczkowo Gryfa Pomorskiego","lines":"191","arr":["191"],"terminus":0,"mode":"bus","color":"#0059a9","colorDark":"#00294f","angle":6.2,"snapDist":7,"label":1}},{"type":"Feature","geometry":{"type":"Point","coordinates":[18.341353,54.48788]},"properties":{"name":"Koleczkowo Kamieńska","lines":"191","arr":["191"],"terminus":0,"mode":"bus","color":"#0059a9","colorDark":"#00294f","angle":42.5,"snapDist":10,"label":1}},{"type":"Feature","geometry":{"type":"Point","coordinates":[18.340139,54.488351]},"properties":{"name":"Koleczkowo Poczta","lines":"191","arr":["191"],"terminus":0,"mode":"bus","color":"#0059a9","colorDark":"#00294f","angle":24,"snapDist":6,"label":1}},{"type":"Feature","geometry":{"type":"Point","coordinates":[18.342653,54.487136]},"properties":{"name":"Koleczkowo Kamieńska","lines":"191","arr":["191"],"terminus":0,"mode":"bus","color":"#0059a9","colorDark":"#00294f","angle":234.6,"snapDist":6,"label":0}},{"type":"Feature","geometry":{"type":"Point","coordinates":[18.349745,54.488763]},"properties":{"name":"Koleczkowo Łąkowa","lines":"191","arr":["191"],"terminus":0,"mode":"bus","color":"#0059a9","colorDark":"#00294f","angle":130.5,"snapDist":7,"label":1}},{"type":"Feature","geometry":{"type":"Point","coordinates":[18.35647,54.492757]},"properties":{"name":"Koleczkowo Młyńska","lines":"191","arr":["191"],"terminus":0,"mode":"bus","color":"#0059a9","colorDark":"#00294f","angle":155.6,"snapDist":4,"label":1}},{"type":"Feature","geometry":{"type":"Point","coordinates":[18.375238,54.506255]},"properties":{"name":"Łężyce - Jeżynowa","lines":"191, 288","arr":["191","288"],"terminus":0,"mode":"bus","color":"#0059a9","colorDark":"#00294f","angle":168.1,"snapDist":8,"label":1}},{"type":"Feature","geometry":{"type":"Point","coordinates":[18.382122,54.508748]},"properties":{"name":"Łężyce - Jarzębinowa","lines":"191, 288","arr":["191","288"],"terminus":0,"mode":"bus","color":"#0059a9","colorDark":"#00294f","angle":135,"snapDist":8,"label":1}},{"type":"Feature","geometry":{"type":"Point","coordinates":[18.388097,54.511913]},"properties":{"name":"Leśniczówka Rogulewo","lines":"191, 288","arr":["191","288"],"terminus":0,"mode":"bus","color":"#0059a9","colorDark":"#00294f","angle":124.1,"snapDist":1,"label":1}},{"type":"Feature","geometry":{"type":"Point","coordinates":[18.41647,54.520454]},"properties":{"name":"Ogród Botaniczny Marszewo","lines":"191, 288","arr":["191","288"],"terminus":0,"mode":"bus","color":"#0059a9","colorDark":"#00294f","angle":147.3,"snapDist":4,"label":1}},{"type":"Feature","geometry":{"type":"Point","coordinates":[18.432092,54.527584]},"properties":{"name":"Marszewska","lines":"191, 288","arr":["191","288"],"terminus":0,"mode":"bus","color":"#0059a9","colorDark":"#00294f","angle":153.1,"snapDist":5,"label":1}},{"type":"Feature","geometry":{"type":"Point","coordinates":[18.442162,54.530497]},"properties":{"name":"Jałowcowa","lines":"191, 288","arr":["191","288"],"terminus":0,"mode":"bus","color":"#0059a9","colorDark":"#00294f","angle":149.6,"snapDist":5,"label":1}},{"type":"Feature","geometry":{"type":"Point","coordinates":[18.441999,54.530442]},"properties":{"name":"Jałowcowa","lines":"191, 288","arr":["191","288"],"terminus":0,"mode":"bus","color":"#0059a9","colorDark":"#00294f","angle":329.6,"snapDist":4,"label":0}},{"type":"Feature","geometry":{"type":"Point","coordinates":[18.431511,54.527399]},"properties":{"name":"Marszewska","lines":"191, 288","arr":["191","288"],"terminus":0,"mode":"bus","color":"#0059a9","colorDark":"#00294f","angle":330.3,"snapDist":0,"label":0}},{"type":"Feature","geometry":{"type":"Point","coordinates":[18.415328,54.520055]},"properties":{"name":"Ogród Botaniczny Marszewo","lines":"191, 288","arr":["191","288"],"terminus":0,"mode":"bus","color":"#0059a9","colorDark":"#00294f","angle":329.8,"snapDist":5,"label":0}},{"type":"Feature","geometry":{"type":"Point","coordinates":[18.387854,54.511704]},"properties":{"name":"Leśniczówka Rogulewo","lines":"191, 288","arr":["191","288"],"terminus":0,"mode":"bus","color":"#0059a9","colorDark":"#00294f","angle":304,"snapDist":1,"label":0}},{"type":"Feature","geometry":{"type":"Point","coordinates":[18.381411,54.508329]},"properties":{"name":"Łężyce - Jarzębinowa","lines":"191, 288","arr":["191","288"],"terminus":0,"mode":"bus","color":"#0059a9","colorDark":"#00294f","angle":314.6,"snapDist":6,"label":0}},{"type":"Feature","geometry":{"type":"Point","coordinates":[18.373615,54.506051]},"properties":{"name":"Łężyce - Jeżynowa","lines":"191, 288","arr":["191","288"],"terminus":0,"mode":"bus","color":"#0059a9","colorDark":"#00294f","angle":347.3,"snapDist":9,"label":0}},{"type":"Feature","geometry":{"type":"Point","coordinates":[18.355856,54.492596]},"properties":{"name":"Koleczkowo Młyńska","lines":"191","arr":["191"],"terminus":0,"mode":"bus","color":"#0059a9","colorDark":"#00294f","angle":336.2,"snapDist":5,"label":0}},{"type":"Feature","geometry":{"type":"Point","coordinates":[18.348872,54.48816]},"properties":{"name":"Koleczkowo Łąkowa","lines":"191","arr":["191"],"terminus":0,"mode":"bus","color":"#0059a9","colorDark":"#00294f","angle":309.6,"snapDist":8,"label":0}},{"type":"Feature","geometry":{"type":"Point","coordinates":[18.351102,54.483535]},"properties":{"name":"Koleczkowo Gryfa Pomorskiego","lines":"191","arr":["191"],"terminus":0,"mode":"bus","color":"#0059a9","colorDark":"#00294f","angle":186.4,"snapDist":6,"label":0}},{"type":"Feature","geometry":{"type":"Point","coordinates":[18.358895,54.479627]},"properties":{"name":"Bojano Milenium","lines":"191","arr":["191"],"terminus":0,"mode":"bus","color":"#0059a9","colorDark":"#00294f","angle":213.1,"snapDist":4,"label":0}},{"type":"Feature","geometry":{"type":"Point","coordinates":[18.368523,54.476909]},"properties":{"name":"Bojano Kwiatowa","lines":"191","arr":["191"],"terminus":0,"mode":"bus","color":"#0059a9","colorDark":"#00294f","angle":202.1,"snapDist":4,"label":0}},{"type":"Feature","geometry":{"type":"Point","coordinates":[18.3803,54.474153]},"properties":{"name":"Bojano Kościół","lines":"191","arr":["191"],"terminus":0,"mode":"bus","color":"#0059a9","colorDark":"#00294f","angle":202.4,"snapDist":6,"label":0}},{"type":"Feature","geometry":{"type":"Point","coordinates":[18.383586,54.471296]},"properties":{"name":"Bojano","lines":"191","arr":["191"],"terminus":0,"mode":"bus","color":"#0059a9","colorDark":"#00294f","angle":290,"snapDist":5,"label":0}},{"type":"Feature","geometry":{"type":"Point","coordinates":[18.384216,54.461116]},"properties":{"name":"Dobrzewino Owsiana","lines":"191","arr":["191"],"terminus":0,"mode":"bus","color":"#0059a9","colorDark":"#00294f","angle":231.6,"snapDist":2,"label":0}},{"type":"Feature","geometry":{"type":"Point","coordinates":[18.388937,54.456034]},"properties":{"name":"Dobrzewino Dworska","lines":"191","arr":["191"],"terminus":0,"mode":"bus","color":"#0059a9","colorDark":"#00294f","angle":254.8,"snapDist":3,"label":0}},{"type":"Feature","geometry":{"type":"Point","coordinates":[18.387742,54.448154]},"properties":{"name":"Dobrzewino Kasztelańska","lines":"191","arr":["191"],"terminus":0,"mode":"bus","color":"#0059a9","colorDark":"#00294f","angle":277.3,"snapDist":3,"label":0}},{"type":"Feature","geometry":{"type":"Point","coordinates":[18.387973,54.445188]},"properties":{"name":"Karczemki","lines":"191, 193","arr":["191","193"],"terminus":0,"mode":"bus","color":"#0059a9","colorDark":"#00294f","angle":229.2,"snapDist":6,"label":1}},{"type":"Feature","geometry":{"type":"Point","coordinates":[18.401875,54.443237]},"properties":{"name":"Chwaszczyno Boczna","lines":"191, 193","arr":["191","193"],"terminus":0,"mode":"bus","color":"#0059a9","colorDark":"#00294f","angle":182.7,"snapDist":5,"label":1}},{"type":"Feature","geometry":{"type":"Point","coordinates":[18.411438,54.442985]},"properties":{"name":"Chwaszczyno Poczta","lines":"191, 193","arr":["191","193"],"terminus":0,"mode":"bus","color":"#0059a9","colorDark":"#00294f","angle":182.2,"snapDist":1,"label":0}},{"type":"Feature","geometry":{"type":"Point","coordinates":[18.529648,54.493043]},"properties":{"name":"Stadion Miejski","lines":"192","arr":["192"],"terminus":0,"mode":"bus","color":"#0059a9","colorDark":"#00294f","angle":105.8,"snapDist":2,"label":0}},{"type":"Feature","geometry":{"type":"Point","coordinates":[18.543316,54.502377]},"properties":{"name":"Wzgórze Św. Maksymiliana Syrokomli","lines":"192, 252","arr":["192","252"],"terminus":0,"mode":"bus","color":"#0059a9","colorDark":"#00294f","angle":29.5,"snapDist":6,"label":0}},{"type":"Feature","geometry":{"type":"Point","coordinates":[18.549207,54.498743]},"properties":{"name":"Szczeblewskiego","lines":"192, 252","arr":["192","252"],"terminus":0,"mode":"bus","color":"#0059a9","colorDark":"#00294f","angle":253.9,"snapDist":5,"label":0}},{"type":"Feature","geometry":{"type":"Point","coordinates":[18.550752,54.496197]},"properties":{"name":"Kopernika - Kościół","lines":"192, 252","arr":["192","252"],"terminus":0,"mode":"bus","color":"#0059a9","colorDark":"#00294f","angle":243.3,"snapDist":7,"label":0}},{"type":"Feature","geometry":{"type":"Point","coordinates":[18.543324,54.496906]},"properties":{"name":"Korczaka","lines":"192","arr":["192"],"terminus":0,"mode":"bus","color":"#0059a9","colorDark":"#00294f","angle":48.3,"snapDist":1,"label":0}},{"type":"Feature","geometry":{"type":"Point","coordinates":[18.531795,54.496718]},"properties":{"name":"Stadion PKM","lines":"192","arr":["192"],"terminus":0,"mode":"bus","color":"#0059a9","colorDark":"#00294f","angle":183.8,"snapDist":2,"label":0}},{"type":"Feature","geometry":{"type":"Point","coordinates":[18.530091,54.493888]},"properties":{"name":"Stadion Miejski","lines":"192","arr":["192"],"terminus":0,"mode":"bus","color":"#0059a9","colorDark":"#00294f","angle":115.7,"snapDist":1,"label":0}},{"type":"Feature","geometry":{"type":"Point","coordinates":[18.382311,54.447437]},"properties":{"name":"Dobrzewino Królewska","lines":"193","arr":["193"],"terminus":0,"mode":"bus","color":"#0059a9","colorDark":"#00294f","angle":32.2,"snapDist":6,"label":1}},{"type":"Feature","geometry":{"type":"Point","coordinates":[18.371236,54.451968]},"properties":{"name":"Dobrzewino Grabowa","lines":"193","arr":["193"],"terminus":0,"mode":"bus","color":"#0059a9","colorDark":"#00294f","angle":39.6,"snapDist":8,"label":1}},{"type":"Feature","geometry":{"type":"Point","coordinates":[18.36186,54.455165]},"properties":{"name":"Dobrzewino Bojańska","lines":"193","arr":["193"],"terminus":0,"mode":"bus","color":"#0059a9","colorDark":"#00294f","angle":16.6,"snapDist":4,"label":1}},{"type":"Feature","geometry":{"type":"Point","coordinates":[18.349362,54.455158]},"properties":{"name":"Kielno Cmentarz","lines":"193","arr":["193"],"terminus":0,"mode":"bus","color":"#0059a9","colorDark":"#00294f","angle":338.1,"snapDist":4,"label":1}},{"type":"Feature","geometry":{"type":"Point","coordinates":[18.339835,54.453133]},"properties":{"name":"Kielno","lines":"193","arr":["193"],"terminus":0,"mode":"bus","color":"#0059a9","colorDark":"#00294f","angle":330.6,"snapDist":5,"label":1}},{"type":"Feature","geometry":{"type":"Point","coordinates":[18.332329,54.453035]},"properties":{"name":"Kielno Rondo","lines":"193","arr":["193"],"terminus":0,"mode":"bus","color":"#0059a9","colorDark":"#00294f","angle":15.5,"snapDist":5,"label":1}},{"type":"Feature","geometry":{"type":"Point","coordinates":[18.32331,54.458588]},"properties":{"name":"Kielno Różana","lines":"193","arr":["193"],"terminus":0,"mode":"bus","color":"#0059a9","colorDark":"#00294f","angle":40.3,"snapDist":5,"label":1}},{"type":"Feature","geometry":{"type":"Point","coordinates":[18.314611,54.464658]},"properties":{"name":"Kielno Słoneczna","lines":"193","arr":["193"],"terminus":0,"mode":"bus","color":"#0059a9","colorDark":"#00294f","angle":52.3,"snapDist":7,"label":1}},{"type":"Feature","geometry":{"type":"Point","coordinates":[18.307937,54.468629]},"properties":{"name":"Kielno Bożańska","lines":"193","arr":["193"],"terminus":0,"mode":"bus","color":"#0059a9","colorDark":"#00294f","angle":359,"snapDist":4,"label":1}},{"type":"Feature","geometry":{"type":"Point","coordinates":[18.280943,54.468349]},"properties":{"name":"Kieleńska Huta","lines":"193","arr":["193"],"terminus":0,"mode":"bus","color":"#0059a9","colorDark":"#00294f","angle":67.9,"snapDist":6,"label":1}},{"type":"Feature","geometry":{"type":"Point","coordinates":[18.276678,54.47133]},"properties":{"name":"Kamień Asnyka","lines":"193","arr":["193"],"terminus":0,"mode":"bus","color":"#0059a9","colorDark":"#00294f","angle":32.4,"snapDist":3,"label":1}},{"type":"Feature","geometry":{"type":"Point","coordinates":[18.269226,54.477561]},"properties":{"name":"Kamień","lines":"193","arr":["193"],"terminus":0,"mode":"bus","color":"#0059a9","colorDark":"#00294f","angle":27.4,"snapDist":6,"label":1}},{"type":"Feature","geometry":{"type":"Point","coordinates":[18.252914,54.481164]},"properties":{"name":"Szemud Moczydła","lines":"193","arr":["193"],"terminus":0,"mode":"bus","color":"#0059a9","colorDark":"#00294f","angle":22.5,"snapDist":5,"label":1}},{"type":"Feature","geometry":{"type":"Point","coordinates":[18.240823,54.483768]},"properties":{"name":"Szemud Lesiniec","lines":"193","arr":["193"],"terminus":0,"mode":"bus","color":"#0059a9","colorDark":"#00294f","angle":20.4,"snapDist":5,"label":1}},{"type":"Feature","geometry":{"type":"Point","coordinates":[18.232146,54.485649]},"properties":{"name":"Szemud Cmentarz","lines":"193","arr":["193"],"terminus":0,"mode":"bus","color":"#0059a9","colorDark":"#00294f","angle":21,"snapDist":2,"label":1}},{"type":"Feature","geometry":{"type":"Point","coordinates":[18.220925,54.486722]},"properties":{"name":"Szemud","lines":"193","arr":["193"],"terminus":0,"mode":"bus","color":"#0059a9","colorDark":"#00294f","angle":8.6,"snapDist":2,"label":1}},{"type":"Feature","geometry":{"type":"Point","coordinates":[18.214557,54.488738]},"properties":{"name":"Szemud Błaszkowskiego","lines":"193","arr":["193"],"terminus":0,"mode":"bus","color":"#0059a9","colorDark":"#00294f","angle":329.4,"snapDist":3,"label":1}},{"type":"Feature","geometry":{"type":"Point","coordinates":[18.21687,54.486953]},"properties":{"name":"Szemud Centrum Samorządowe","lines":"193","arr":["193"],"terminus":1,"mode":"bus","color":"#0059a9","colorDark":"#00294f","angle":143.8,"snapDist":3,"label":1}},{"type":"Feature","geometry":{"type":"Point","coordinates":[18.221906,54.486662]},"properties":{"name":"Szemud","lines":"193","arr":["193"],"terminus":0,"mode":"bus","color":"#0059a9","colorDark":"#00294f","angle":170.8,"snapDist":6,"label":0}},{"type":"Feature","geometry":{"type":"Point","coordinates":[18.23322,54.485416]},"properties":{"name":"Szemud Cmentarz","lines":"193","arr":["193"],"terminus":0,"mode":"bus","color":"#0059a9","colorDark":"#00294f","angle":200,"snapDist":2,"label":0}},{"type":"Feature","geometry":{"type":"Point","coordinates":[18.241524,54.483617]},"properties":{"name":"Szemud Lesiniec","lines":"193","arr":["193"],"terminus":0,"mode":"bus","color":"#0059a9","colorDark":"#00294f","angle":199.9,"snapDist":1,"label":0}},{"type":"Feature","geometry":{"type":"Point","coordinates":[18.25467,54.480741]},"properties":{"name":"Szemud Moczydła","lines":"193","arr":["193"],"terminus":0,"mode":"bus","color":"#0059a9","colorDark":"#00294f","angle":202.5,"snapDist":5,"label":0}},{"type":"Feature","geometry":{"type":"Point","coordinates":[18.266904,54.478172]},"properties":{"name":"Kamień","lines":"193","arr":["193"],"terminus":0,"mode":"bus","color":"#0059a9","colorDark":"#00294f","angle":198.5,"snapDist":5,"label":0}},{"type":"Feature","geometry":{"type":"Point","coordinates":[18.277258,54.471115]},"properties":{"name":"Kamień Asnyka","lines":"193","arr":["193"],"terminus":0,"mode":"bus","color":"#0059a9","colorDark":"#00294f","angle":213.2,"snapDist":3,"label":0}},{"type":"Feature","geometry":{"type":"Point","coordinates":[18.282083,54.466691]},"properties":{"name":"Kieleńska Huta","lines":"193","arr":["193"],"terminus":0,"mode":"bus","color":"#0059a9","colorDark":"#00294f","angle":247.2,"snapDist":0,"label":0}},{"type":"Feature","geometry":{"type":"Point","coordinates":[18.30963,54.468647]},"properties":{"name":"Kielno Bożańska","lines":"193","arr":["193"],"terminus":0,"mode":"bus","color":"#0059a9","colorDark":"#00294f","angle":179,"snapDist":1,"label":0}},{"type":"Feature","geometry":{"type":"Point","coordinates":[18.314714,54.46458]},"properties":{"name":"Kielno Słoneczna","lines":"193","arr":["193"],"terminus":0,"mode":"bus","color":"#0059a9","colorDark":"#00294f","angle":232.3,"snapDist":3,"label":0}},{"type":"Feature","geometry":{"type":"Point","coordinates":[18.324137,54.45818]},"properties":{"name":"Kielno Różana","lines":"193","arr":["193"],"terminus":0,"mode":"bus","color":"#0059a9","colorDark":"#00294f","angle":220.4,"snapDist":6,"label":0}},{"type":"Feature","geometry":{"type":"Point","coordinates":[18.330584,54.4541]},"properties":{"name":"Kielno Sikorskiego","lines":"193","arr":["193"],"terminus":0,"mode":"bus","color":"#0059a9","colorDark":"#00294f","angle":234.1,"snapDist":5,"label":1}},{"type":"Feature","geometry":{"type":"Point","coordinates":[18.334569,54.452793]},"properties":{"name":"Kielno Rondo","lines":"193","arr":["193"],"terminus":0,"mode":"bus","color":"#0059a9","colorDark":"#00294f","angle":171.5,"snapDist":7,"label":0}},{"type":"Feature","geometry":{"type":"Point","coordinates":[18.343082,54.453738]},"properties":{"name":"Kielno","lines":"193","arr":["193"],"terminus":0,"mode":"bus","color":"#0059a9","colorDark":"#00294f","angle":149.5,"snapDist":4,"label":1}},{"type":"Feature","geometry":{"type":"Point","coordinates":[18.350925,54.455555]},"properties":{"name":"Kielno Cmentarz","lines":"193","arr":["193"],"terminus":0,"mode":"bus","color":"#0059a9","colorDark":"#00294f","angle":155.4,"snapDist":5,"label":0}},{"type":"Feature","geometry":{"type":"Point","coordinates":[18.364764,54.454537]},"properties":{"name":"Dobrzewino Bojańska","lines":"193","arr":["193"],"terminus":0,"mode":"bus","color":"#0059a9","colorDark":"#00294f","angle":200.7,"snapDist":2,"label":0}},{"type":"Feature","geometry":{"type":"Point","coordinates":[18.373388,54.450949]},"properties":{"name":"Dobrzewino Grabowa","lines":"193","arr":["193"],"terminus":0,"mode":"bus","color":"#0059a9","colorDark":"#00294f","angle":218.8,"snapDist":5,"label":0}},{"type":"Feature","geometry":{"type":"Point","coordinates":[18.380342,54.448157]},"properties":{"name":"Dobrzewino Klonowa","lines":"193","arr":["193"],"terminus":0,"mode":"bus","color":"#0059a9","colorDark":"#00294f","angle":212.2,"snapDist":1,"label":1}},{"type":"Feature","geometry":{"type":"Point","coordinates":[18.464015,54.573181]},"properties":{"name":"Suchy Dwór - Borchardta","lines":"194, N94","arr":["194","N94"],"terminus":1,"mode":"bus","color":"#0059a9","colorDark":"#00294f","angle":235.7,"snapDist":4,"label":1}},{"type":"Feature","geometry":{"type":"Point","coordinates":[18.469492,54.572988]},"properties":{"name":"Suchy Dwór - Gombrowicza","lines":"194, N94","arr":["194","N94"],"terminus":0,"mode":"bus","color":"#0059a9","colorDark":"#00294f","angle":158.8,"snapDist":4,"label":1}},{"type":"Feature","geometry":{"type":"Point","coordinates":[18.481689,54.563488]},"properties":{"name":"Pogórze Górne","lines":"194, 282, G, N10, N65","arr":["194","282","G","N10","N65"],"terminus":1,"mode":"bus","color":"#0059a9","colorDark":"#00294f","angle":113.6,"snapDist":5,"label":0}},{"type":"Feature","geometry":{"type":"Point","coordinates":[18.507721,54.556219]},"properties":{"name":"Sucharskiego","lines":"194","arr":["194"],"terminus":0,"mode":"bus","color":"#0059a9","colorDark":"#00294f","angle":282.3,"snapDist":1,"label":0}},{"type":"Feature","geometry":{"type":"Point","coordinates":[18.507516,54.554695]},"properties":{"name":"Kwiatkowskiego","lines":"194, G, K","arr":["194","G","K"],"terminus":0,"mode":"bus","color":"#0059a9","colorDark":"#00294f","angle":269.5,"snapDist":5,"label":0}},{"type":"Feature","geometry":{"type":"Point","coordinates":[18.468856,54.575596]},"properties":{"name":"Suchy Dwór - Świetlica","lines":"194, N94","arr":["194","N94"],"terminus":0,"mode":"bus","color":"#0059a9","colorDark":"#00294f","angle":25.2,"snapDist":5,"label":0}},{"type":"Feature","geometry":{"type":"Point","coordinates":[18.466257,54.576097]},"properties":{"name":"Suchy Dwór - Kochanowskiego","lines":"194, N94","arr":["194","N94"],"terminus":0,"mode":"bus","color":"#0059a9","colorDark":"#00294f","angle":355.2,"snapDist":4,"label":1}},{"type":"Feature","geometry":{"type":"Point","coordinates":[18.463528,54.575964]},"properties":{"name":"Suchy Dwór - Necla","lines":"194, N94","arr":["194","N94"],"terminus":0,"mode":"bus","color":"#0059a9","colorDark":"#00294f","angle":355.8,"snapDist":5,"label":1}},{"type":"Feature","geometry":{"type":"Point","coordinates":[18.521972,54.485114]},"properties":{"name":"Wieluńska - Lipnowska","lines":"203, 252","arr":["203","252"],"terminus":0,"mode":"bus","color":"#0059a9","colorDark":"#00294f","angle":358.4,"snapDist":4,"label":1}},{"type":"Feature","geometry":{"type":"Point","coordinates":[18.517846,54.484734]},"properties":{"name":"Wieluńska - Radomska","lines":"203, 252","arr":["203","252"],"terminus":0,"mode":"bus","color":"#0059a9","colorDark":"#00294f","angle":340.3,"snapDist":3,"label":1}},{"type":"Feature","geometry":{"type":"Point","coordinates":[18.515128,54.484869]},"properties":{"name":"Mały Kack Łęczycka","lines":"203, 252","arr":["203","252"],"terminus":0,"mode":"bus","color":"#0059a9","colorDark":"#00294f","angle":85,"snapDist":1,"label":1}},{"type":"Feature","geometry":{"type":"Point","coordinates":[18.51714,54.486702]},"properties":{"name":"Olkuska - Radomska","lines":"203, 252","arr":["203","252"],"terminus":0,"mode":"bus","color":"#0059a9","colorDark":"#00294f","angle":151.8,"snapDist":3,"label":1}},{"type":"Feature","geometry":{"type":"Point","coordinates":[18.523409,54.488008]},"properties":{"name":"Olkuska - Łowicka","lines":"203, 252","arr":["203","252"],"terminus":0,"mode":"bus","color":"#0059a9","colorDark":"#00294f","angle":167.5,"snapDist":3,"label":1}},{"type":"Feature","geometry":{"type":"Point","coordinates":[18.526843,54.484612]},"properties":{"name":"Łowicka - Szkoła","lines":"203, 252","arr":["203","252"],"terminus":0,"mode":"bus","color":"#0059a9","colorDark":"#00294f","angle":226.9,"snapDist":2,"label":1}},{"type":"Feature","geometry":{"type":"Point","coordinates":[18.531608,54.485105]},"properties":{"name":"Kurpiowska","lines":"203, 252","arr":["203","252"],"terminus":0,"mode":"bus","color":"#0059a9","colorDark":"#00294f","angle":309.2,"snapDist":3,"label":1}},{"type":"Feature","geometry":{"type":"Point","coordinates":[18.535011,54.484959]},"properties":{"name":"Sosnowiecka","lines":"203, 252","arr":["203","252"],"terminus":0,"mode":"bus","color":"#0059a9","colorDark":"#00294f","angle":63.7,"snapDist":2,"label":1}},{"type":"Feature","geometry":{"type":"Point","coordinates":[18.530623,54.513778]},"properties":{"name":"Olsztyńska","lines":"203, 204","arr":["203","204"],"terminus":0,"mode":"bus","color":"#0059a9","colorDark":"#00294f","angle":87.9,"snapDist":6,"label":1}},{"type":"Feature","geometry":{"type":"Point","coordinates":[18.526909,54.519523]},"properties":{"name":"Gdynia Dworzec Gł. PKP - Wolności","lines":"203, 204","arr":["203","204"],"terminus":0,"mode":"bus","color":"#0059a9","colorDark":"#00294f","angle":343.9,"snapDist":0,"label":0}},{"type":"Feature","geometry":{"type":"Point","coordinates":[18.519273,54.518731]},"properties":{"name":"Wolności - II LO","lines":"203, 204","arr":["203","204"],"terminus":0,"mode":"bus","color":"#0059a9","colorDark":"#00294f","angle":334.8,"snapDist":4,"label":1}},{"type":"Feature","geometry":{"type":"Point","coordinates":[18.516938,54.517106]},"properties":{"name":"Działki Leśne - Sztumska","lines":"203, 204","arr":["203","204"],"terminus":0,"mode":"bus","color":"#0059a9","colorDark":"#00294f","angle":146.6,"snapDist":6,"label":1}},{"type":"Feature","geometry":{"type":"Point","coordinates":[18.521198,54.518226]},"properties":{"name":"Szczecińska","lines":"203, 204","arr":["203","204"],"terminus":0,"mode":"bus","color":"#0059a9","colorDark":"#00294f","angle":162.1,"snapDist":2,"label":1}},{"type":"Feature","geometry":{"type":"Point","coordinates":[18.524651,54.51568]},"properties":{"name":"Liceum Jezuitów","lines":"203, 204","arr":["203","204"],"terminus":0,"mode":"bus","color":"#0059a9","colorDark":"#00294f","angle":324.6,"snapDist":0,"label":1}},{"type":"Feature","geometry":{"type":"Point","coordinates":[18.524293,54.513747]},"properties":{"name":"Nowogrodzka","lines":"203, 204","arr":["203","204"],"terminus":0,"mode":"bus","color":"#0059a9","colorDark":"#00294f","angle":208.5,"snapDist":9,"label":1}},{"type":"Feature","geometry":{"type":"Point","coordinates":[18.524666,54.512987]},"properties":{"name":"Tatrzańska - Olsztyńska","lines":"203, 204","arr":["203","204"],"terminus":0,"mode":"bus","color":"#0059a9","colorDark":"#00294f","angle":341.6,"snapDist":1,"label":1}},{"type":"Feature","geometry":{"type":"Point","coordinates":[18.525036,54.511926]},"properties":{"name":"Kwidzyńska I","lines":"203, 204","arr":["203","204"],"terminus":0,"mode":"bus","color":"#0059a9","colorDark":"#00294f","angle":210.1,"snapDist":3,"label":1}},{"type":"Feature","geometry":{"type":"Point","coordinates":[18.528026,54.510931]},"properties":{"name":"Kwidzyńska II","lines":"203, 204","arr":["203","204"],"terminus":0,"mode":"bus","color":"#0059a9","colorDark":"#00294f","angle":196.3,"snapDist":6,"label":1}},{"type":"Feature","geometry":{"type":"Point","coordinates":[18.535035,54.484931]},"properties":{"name":"Sosnowiecka","lines":"203, 252","arr":["203","252"],"terminus":0,"mode":"bus","color":"#0059a9","colorDark":"#00294f","angle":243.7,"snapDist":5,"label":0}},{"type":"Feature","geometry":{"type":"Point","coordinates":[18.531844,54.485274]},"properties":{"name":"Kurpiowska","lines":"203, 252","arr":["203","252"],"terminus":0,"mode":"bus","color":"#0059a9","colorDark":"#00294f","angle":128.9,"snapDist":1,"label":0}},{"type":"Feature","geometry":{"type":"Point","coordinates":[18.527274,54.484346]},"properties":{"name":"Łowicka - Szkoła","lines":"203, 252","arr":["203","252"],"terminus":0,"mode":"bus","color":"#0059a9","colorDark":"#00294f","angle":47.7,"snapDist":4,"label":0}},{"type":"Feature","geometry":{"type":"Point","coordinates":[18.546863,54.50498]},"properties":{"name":"Norwida","lines":"204, 252","arr":["204","252"],"terminus":1,"mode":"bus","color":"#0059a9","colorDark":"#00294f","angle":92,"snapDist":1,"label":1}},{"type":"Feature","geometry":{"type":"Point","coordinates":[18.549293,54.505339]},"properties":{"name":"Moniuszki","lines":"204, 252","arr":["204","252"],"terminus":0,"mode":"bus","color":"#0059a9","colorDark":"#00294f","angle":-126,"snapDist":4,"label":1}},{"type":"Feature","geometry":{"type":"Point","coordinates":[18.551809,54.504734]},"properties":{"name":"Ejsmonda","lines":"204, 252","arr":["204","252"],"terminus":0,"mode":"bus","color":"#0059a9","colorDark":"#00294f","angle":166.5,"snapDist":0,"label":1}},{"type":"Feature","geometry":{"type":"Point","coordinates":[18.553072,54.507468]},"properties":{"name":"Bulwar Nadmorski","lines":"204, 252","arr":["204","252"],"terminus":0,"mode":"bus","color":"#0059a9","colorDark":"#00294f","angle":253.4,"snapDist":3,"label":1}},{"type":"Feature","geometry":{"type":"Point","coordinates":[18.548612,54.511519]},"properties":{"name":"Korzeniowskiego","lines":"204","arr":["204"],"terminus":0,"mode":"bus","color":"#0059a9","colorDark":"#00294f","angle":42.8,"snapDist":2,"label":1}},{"type":"Feature","geometry":{"type":"Point","coordinates":[18.546742,54.512738]},"properties":{"name":"Mickiewicza","lines":"204","arr":["204"],"terminus":0,"mode":"bus","color":"#0059a9","colorDark":"#00294f","angle":53.8,"snapDist":2,"label":1}},{"type":"Feature","geometry":{"type":"Point","coordinates":[18.546217,54.510406]},"properties":{"name":"Necla","lines":"204","arr":["204"],"terminus":0,"mode":"bus","color":"#0059a9","colorDark":"#00294f","angle":-56,"snapDist":3,"label":1}},{"type":"Feature","geometry":{"type":"Point","coordinates":[18.546252,54.510439]},"properties":{"name":"Necla","lines":"204, 252","arr":["204","252"],"terminus":0,"mode":"bus","color":"#0059a9","colorDark":"#00294f","angle":123.8,"snapDist":4,"label":0}},{"type":"Feature","geometry":{"type":"Point","coordinates":[18.547035,54.512509]},"properties":{"name":"Mickiewicza","lines":"204","arr":["204"],"terminus":0,"mode":"bus","color":"#0059a9","colorDark":"#00294f","angle":53.5,"snapDist":2,"label":0}},{"type":"Feature","geometry":{"type":"Point","coordinates":[18.550435,54.510633]},"properties":{"name":"Korzeniowskiego","lines":"204, 252","arr":["204","252"],"terminus":0,"mode":"bus","color":"#0059a9","colorDark":"#00294f","angle":218.4,"snapDist":0,"label":0}},{"type":"Feature","geometry":{"type":"Point","coordinates":[18.549241,54.508699]},"properties":{"name":"Fredry","lines":"204, 252","arr":["204","252"],"terminus":0,"mode":"bus","color":"#0059a9","colorDark":"#00294f","angle":358.3,"snapDist":1,"label":1}},{"type":"Feature","geometry":{"type":"Point","coordinates":[18.550298,54.507951]},"properties":{"name":"Dom Marynarza","lines":"204, 252","arr":["204","252"],"terminus":0,"mode":"bus","color":"#0059a9","colorDark":"#00294f","angle":358.3,"snapDist":3,"label":0}},{"type":"Feature","geometry":{"type":"Point","coordinates":[18.553039,54.507532]},"properties":{"name":"Bulwar Nadmorski","lines":"204, 252","arr":["204","252"],"terminus":0,"mode":"bus","color":"#0059a9","colorDark":"#00294f","angle":253.4,"snapDist":3,"label":0}},{"type":"Feature","geometry":{"type":"Point","coordinates":[18.552705,54.50487]},"properties":{"name":"Ejsmonda","lines":"204, 252","arr":["204","252"],"terminus":0,"mode":"bus","color":"#0059a9","colorDark":"#00294f","angle":165.1,"snapDist":1,"label":0}},{"type":"Feature","geometry":{"type":"Point","coordinates":[18.548526,54.50589]},"properties":{"name":"Moniuszki","lines":"204, 252","arr":["204","252"],"terminus":0,"mode":"bus","color":"#0059a9","colorDark":"#00294f","angle":46,"snapDist":6,"label":0}},{"type":"Feature","geometry":{"type":"Point","coordinates":[18.536694,54.508529]},"properties":{"name":"Wzgórze Św. Maksymiliana SKM","lines":"252","arr":["252"],"terminus":0,"mode":"bus","color":"#0059a9","colorDark":"#00294f","angle":271.5,"snapDist":5,"label":0}},{"type":"Feature","geometry":{"type":"Point","coordinates":[18.539097,54.505737]},"properties":{"name":"Kopernika - Partyzantów","lines":"252","arr":["252"],"terminus":0,"mode":"bus","color":"#0059a9","colorDark":"#00294f","angle":256.8,"snapDist":2,"label":1}},{"type":"Feature","geometry":{"type":"Point","coordinates":[18.540381,54.503656]},"properties":{"name":"Focha","lines":"252","arr":["252"],"terminus":0,"mode":"bus","color":"#0059a9","colorDark":"#00294f","angle":229,"snapDist":1,"label":1}},{"type":"Feature","geometry":{"type":"Point","coordinates":[18.55092,54.491128]},"properties":{"name":"Wiosny Ludów","lines":"252","arr":["252"],"terminus":0,"mode":"bus","color":"#0059a9","colorDark":"#00294f","angle":182.9,"snapDist":0,"label":1}},{"type":"Feature","geometry":{"type":"Point","coordinates":[18.547175,54.487404]},"properties":{"name":"Instytut Med. Morskiej i Tropikalnej","lines":"252","arr":["252"],"terminus":0,"mode":"bus","color":"#0059a9","colorDark":"#00294f","angle":304.3,"snapDist":1,"label":1}},{"type":"Feature","geometry":{"type":"Point","coordinates":[18.548583,54.488271]},"properties":{"name":"Instytut Med. Morskiej i Tropikalnej","lines":"252","arr":["252"],"terminus":0,"mode":"bus","color":"#0059a9","colorDark":"#00294f","angle":315,"snapDist":3,"label":0}},{"type":"Feature","geometry":{"type":"Point","coordinates":[18.550897,54.491129]},"properties":{"name":"Wiosny Ludów","lines":"252","arr":["252"],"terminus":0,"mode":"bus","color":"#0059a9","colorDark":"#00294f","angle":182.9,"snapDist":3,"label":0}},{"type":"Feature","geometry":{"type":"Point","coordinates":[18.552368,54.491832]},"properties":{"name":"Płyta Redłowska","lines":"252","arr":["252"],"terminus":0,"mode":"bus","color":"#0059a9","colorDark":"#00294f","angle":327.5,"snapDist":0,"label":0}},{"type":"Feature","geometry":{"type":"Point","coordinates":[18.544745,54.507779]},"properties":{"name":"Piłsudskiego","lines":"252","arr":["252"],"terminus":0,"mode":"bus","color":"#0059a9","colorDark":"#00294f","angle":105.8,"snapDist":4,"label":0}},{"type":"Feature","geometry":{"type":"Point","coordinates":[18.545172,54.456958]},"properties":{"name":"Kamienny Potok - Kościół","lines":"287","arr":["287"],"terminus":1,"mode":"bus","color":"#0059a9","colorDark":"#00294f","angle":136.7,"snapDist":3,"label":1}},{"type":"Feature","geometry":{"type":"Point","coordinates":[18.550606,54.456074]},"properties":{"name":"Łużycka","lines":"287","arr":["287"],"terminus":0,"mode":"bus","color":"#0059a9","colorDark":"#00294f","angle":262.2,"snapDist":4,"label":0}},{"type":"Feature","geometry":{"type":"Point","coordinates":[18.540557,54.447835]},"properties":{"name":"Przylesie","lines":"287","arr":["287"],"terminus":0,"mode":"bus","color":"#0059a9","colorDark":"#00294f","angle":160.6,"snapDist":1,"label":0}},{"type":"Feature","geometry":{"type":"Point","coordinates":[18.556573,54.442385]},"properties":{"name":"Sikorskiego","lines":"287","arr":["287"],"terminus":0,"mode":"bus","color":"#0059a9","colorDark":"#00294f","angle":83.7,"snapDist":5,"label":0}},{"type":"Feature","geometry":{"type":"Point","coordinates":[18.370935,54.551671]},"properties":{"name":"Rumia Szmelta","lines":"288","arr":["288"],"terminus":0,"mode":"bus","color":"#0059a9","colorDark":"#00294f","angle":295.5,"snapDist":0,"label":0}},{"type":"Feature","geometry":{"type":"Point","coordinates":[18.375023,54.531093]},"properties":{"name":"Łężyce - Wierzbowa","lines":"288","arr":["288"],"terminus":0,"mode":"bus","color":"#0059a9","colorDark":"#00294f","angle":340.3,"snapDist":10,"label":1}},{"type":"Feature","geometry":{"type":"Point","coordinates":[18.371429,54.529537]},"properties":{"name":"Łężyce","lines":"288","arr":["288"],"terminus":0,"mode":"bus","color":"#0059a9","colorDark":"#00294f","angle":200.3,"snapDist":3,"label":1}},{"type":"Feature","geometry":{"type":"Point","coordinates":[18.367749,54.522137]},"properties":{"name":"Łężyce - Topolowa","lines":"288","arr":["288"],"terminus":0,"mode":"bus","color":"#0059a9","colorDark":"#00294f","angle":280.4,"snapDist":7,"label":1}},{"type":"Feature","geometry":{"type":"Point","coordinates":[18.366163,54.514217]},"properties":{"name":"Łężyce - Limbowa","lines":"288","arr":["288"],"terminus":0,"mode":"bus","color":"#0059a9","colorDark":"#00294f","angle":260.4,"snapDist":6,"label":1}},{"type":"Feature","geometry":{"type":"Point","coordinates":[18.366989,54.509148]},"properties":{"name":"Łężyce - Głodówko","lines":"288","arr":["288"],"terminus":0,"mode":"bus","color":"#0059a9","colorDark":"#00294f","angle":279.4,"snapDist":7,"label":1}},{"type":"Feature","geometry":{"type":"Point","coordinates":[18.367226,54.509963]},"properties":{"name":"Łężyce - Głodówko","lines":"288","arr":["288"],"terminus":0,"mode":"bus","color":"#0059a9","colorDark":"#00294f","angle":97.1,"snapDist":7,"label":0}},{"type":"Feature","geometry":{"type":"Point","coordinates":[18.366069,54.515618]},"properties":{"name":"Łężyce - Limbowa","lines":"288","arr":["288"],"terminus":0,"mode":"bus","color":"#0059a9","colorDark":"#00294f","angle":89.2,"snapDist":8,"label":0}},{"type":"Feature","geometry":{"type":"Point","coordinates":[18.368013,54.523006]},"properties":{"name":"Łężyce - Topolowa","lines":"288","arr":["288"],"terminus":0,"mode":"bus","color":"#0059a9","colorDark":"#00294f","angle":100.1,"snapDist":10,"label":0}},{"type":"Feature","geometry":{"type":"Point","coordinates":[18.375726,54.531744]},"properties":{"name":"Łężyce - Wierzbowa","lines":"288","arr":["288"],"terminus":0,"mode":"bus","color":"#0059a9","colorDark":"#00294f","angle":77.1,"snapDist":9,"label":0}},{"type":"Feature","geometry":{"type":"Point","coordinates":[18.376953,54.558637]},"properties":{"name":"Podmokła","lines":"288","arr":["288"],"terminus":0,"mode":"bus","color":"#0059a9","colorDark":"#00294f","angle":39.3,"snapDist":5,"label":0}},{"type":"Feature","geometry":{"type":"Point","coordinates":[18.376219,54.560574]},"properties":{"name":"Batorego - Szkoła","lines":"288","arr":["288"],"terminus":0,"mode":"bus","color":"#0059a9","colorDark":"#00294f","angle":-43.7,"snapDist":10,"label":0}},{"type":"Feature","geometry":{"type":"Point","coordinates":[18.537646,54.58581]},"properties":{"name":"Babie Doły Plaża","lines":"309","arr":["309"],"terminus":1,"mode":"bus","color":"#0059a9","colorDark":"#00294f","angle":97.7,"snapDist":2,"label":1}},{"type":"Feature","geometry":{"type":"Point","coordinates":[18.536336,54.581129]},"properties":{"name":"Zielona - Klub Garnizonowy","lines":"309","arr":["309"],"terminus":0,"mode":"bus","color":"#0059a9","colorDark":"#00294f","angle":230.4,"snapDist":3,"label":1}},{"type":"Feature","geometry":{"type":"Point","coordinates":[18.494422,54.534128]},"properties":{"name":"Grabówek SKM","lines":"309, 326, 710","arr":["309","326","710"],"terminus":1,"mode":"bus","color":"#0059a9","colorDark":"#00294f","angle":128.7,"snapDist":1,"label":1}},{"type":"Feature","geometry":{"type":"Point","coordinates":[18.493977,54.534177]},"properties":{"name":"Grabówek SKM","lines":"309, 326","arr":["309","326"],"terminus":1,"mode":"bus","color":"#0059a9","colorDark":"#00294f","angle":304.8,"snapDist":4,"label":0}},{"type":"Feature","geometry":{"type":"Point","coordinates":[18.538702,54.578074]},"properties":{"name":"Babie Doły","lines":"309","arr":["309"],"terminus":0,"mode":"bus","color":"#0059a9","colorDark":"#00294f","angle":104.6,"snapDist":3,"label":0}},{"type":"Feature","geometry":{"type":"Point","coordinates":[18.535852,54.581479]},"properties":{"name":"Zielona - Klub Garnizonowy","lines":"309","arr":["309"],"terminus":0,"mode":"bus","color":"#0059a9","colorDark":"#00294f","angle":52.1,"snapDist":4,"label":0}},{"type":"Feature","geometry":{"type":"Point","coordinates":[18.453701,54.45546]},"properties":{"name":"Kacze Buki","lines":"700","arr":["700"],"terminus":1,"mode":"bus","color":"#0059a9","colorDark":"#00294f","angle":304.9,"snapDist":4,"label":0}},{"type":"Feature","geometry":{"type":"Point","coordinates":[18.49331,54.533803]},"properties":{"name":"Grabówek SKM","lines":"710","arr":["710"],"terminus":1,"mode":"bus","color":"#149a3f","colorDark":"#0a5121","angle":81.1,"snapDist":15,"label":0}},{"type":"Feature","geometry":{"type":"Point","coordinates":[18.492699,54.533367]},"properties":{"name":"Grabówek SKM","lines":"723","arr":["723"],"terminus":1,"mode":"bus","color":"#149a3f","colorDark":"#0a5121","angle":213,"snapDist":4,"label":0}},{"type":"Feature","geometry":{"type":"Point","coordinates":[18.476027,54.559095]},"properties":{"name":"Baza na Pogórzu Dolnym","lines":"770","arr":["770"],"terminus":1,"mode":"bus","color":"#0059a9","colorDark":"#00294f","angle":158.6,"snapDist":12,"label":1}},{"type":"Feature","geometry":{"type":"Point","coordinates":[18.432039,54.499838]},"properties":{"name":"Chwarzno Polanki","lines":"940","arr":["940"],"terminus":0,"mode":"bus","color":"#0059a9","colorDark":"#00294f","angle":51.9,"snapDist":9,"label":1}},{"type":"Feature","geometry":{"type":"Point","coordinates":[18.415363,54.50079]},"properties":{"name":"Fregatowa","lines":"940","arr":["940"],"terminus":1,"mode":"bus","color":"#0059a9","colorDark":"#00294f","angle":56.6,"snapDist":4,"label":1}},{"type":"Feature","geometry":{"type":"Point","coordinates":[18.535329,54.413426]},"properties":{"name":"Oliwa ZOO","lines":"G","arr":["G"],"terminus":1,"mode":"bus","color":"#0059a9","colorDark":"#00294f","angle":250.9,"snapDist":1,"label":1}},{"type":"Feature","geometry":{"type":"Point","coordinates":[18.557262,54.413444]},"properties":{"name":"Cmentarz Oliwski","lines":"G","arr":["G"],"terminus":0,"mode":"bus","color":"#0059a9","colorDark":"#00294f","angle":100.2,"snapDist":5,"label":1}},{"type":"Feature","geometry":{"type":"Point","coordinates":[18.504109,54.528971]},"properties":{"name":"Mireckiego","lines":"G, S, W","arr":["G","S","W"],"terminus":0,"mode":"bus","color":"#0059a9","colorDark":"#00294f","angle":204.3,"snapDist":6,"label":0}},{"type":"Feature","geometry":{"type":"Point","coordinates":[18.557251,54.413408]},"properties":{"name":"Cmentarz Oliwski","lines":"G","arr":["G"],"terminus":0,"mode":"bus","color":"#0059a9","colorDark":"#00294f","angle":280.2,"snapDist":7,"label":0}},{"type":"Feature","geometry":{"type":"Point","coordinates":[18.24525,54.614924]},"properties":{"name":"Wejherowo Szpital","lines":"J","arr":["J"],"terminus":1,"mode":"bus","color":"#0059a9","colorDark":"#00294f","angle":180.2,"snapDist":5,"label":1}},{"type":"Feature","geometry":{"type":"Point","coordinates":[18.244475,54.6089]},"properties":{"name":"Nadrzeczna","lines":"J","arr":["J"],"terminus":0,"mode":"bus","color":"#0059a9","colorDark":"#00294f","angle":292.5,"snapDist":8,"label":1}},{"type":"Feature","geometry":{"type":"Point","coordinates":[18.243331,54.606852]},"properties":{"name":"Kusocińskiego","lines":"J","arr":["J"],"terminus":0,"mode":"bus","color":"#0059a9","colorDark":"#00294f","angle":285.9,"snapDist":7,"label":1}},{"type":"Feature","geometry":{"type":"Point","coordinates":[18.245677,54.604387]},"properties":{"name":"Kochanowskiego SKM Nanice","lines":"J","arr":["J"],"terminus":0,"mode":"bus","color":"#0059a9","colorDark":"#00294f","angle":190.4,"snapDist":10,"label":1}},{"type":"Feature","geometry":{"type":"Point","coordinates":[18.252956,54.603779]},"properties":{"name":"Kociewska SKM Nanice","lines":"J","arr":["J"],"terminus":0,"mode":"bus","color":"#0059a9","colorDark":"#00294f","angle":185.8,"snapDist":10,"label":1}},{"type":"Feature","geometry":{"type":"Point","coordinates":[18.262514,54.6033]},"properties":{"name":"Rybacka","lines":"J","arr":["J"],"terminus":0,"mode":"bus","color":"#0059a9","colorDark":"#00294f","angle":185.8,"snapDist":9,"label":1}},{"type":"Feature","geometry":{"type":"Point","coordinates":[18.274993,54.602531]},"properties":{"name":"Ceynowy SKM Śmiechowo","lines":"J","arr":["J"],"terminus":0,"mode":"bus","color":"#0059a9","colorDark":"#00294f","angle":179.5,"snapDist":9,"label":1}},{"type":"Feature","geometry":{"type":"Point","coordinates":[18.284997,54.602625]},"properties":{"name":"Gdańska - \"Zryw\"","lines":"J","arr":["J"],"terminus":0,"mode":"bus","color":"#0059a9","colorDark":"#00294f","angle":176.6,"snapDist":9,"label":1}},{"type":"Feature","geometry":{"type":"Point","coordinates":[18.291284,54.603057]},"properties":{"name":"Gdańska","lines":"J","arr":["J"],"terminus":0,"mode":"bus","color":"#0059a9","colorDark":"#00294f","angle":174.3,"snapDist":7,"label":1}},{"type":"Feature","geometry":{"type":"Point","coordinates":[18.300833,54.602914]},"properties":{"name":"Orzeszkowej","lines":"J","arr":["J"],"terminus":0,"mode":"bus","color":"#0059a9","colorDark":"#00294f","angle":173.2,"snapDist":9,"label":1}},{"type":"Feature","geometry":{"type":"Point","coordinates":[18.319633,54.604536]},"properties":{"name":"SKM Pieleszewo","lines":"J","arr":["J"],"terminus":0,"mode":"bus","color":"#0059a9","colorDark":"#00294f","angle":184.5,"snapDist":11,"label":1}},{"type":"Feature","geometry":{"type":"Point","coordinates":[18.348167,54.604435]},"properties":{"name":"Gdańska - Kościół","lines":"J","arr":["J"],"terminus":0,"mode":"bus","color":"#0059a9","colorDark":"#00294f","angle":245,"snapDist":1,"label":1}},{"type":"Feature","geometry":{"type":"Point","coordinates":[18.350968,54.600543]},"properties":{"name":"Gdańska - Cmentarz","lines":"J","arr":["J"],"terminus":0,"mode":"bus","color":"#0059a9","colorDark":"#00294f","angle":248.8,"snapDist":4,"label":1}},{"type":"Feature","geometry":{"type":"Point","coordinates":[18.354363,54.595259]},"properties":{"name":"Reda Dworzec PKP","lines":"J","arr":["J"],"terminus":0,"mode":"bus","color":"#0059a9","colorDark":"#00294f","angle":250.3,"snapDist":3,"label":1}},{"type":"Feature","geometry":{"type":"Point","coordinates":[18.360846,54.588119]},"properties":{"name":"Dolna","lines":"J","arr":["J"],"terminus":0,"mode":"bus","color":"#0059a9","colorDark":"#00294f","angle":244.1,"snapDist":5,"label":1}},{"type":"Feature","geometry":{"type":"Point","coordinates":[18.367148,54.582484]},"properties":{"name":"CH \"Port Rumia\" - Grunwaldzka","lines":"J","arr":["J"],"terminus":0,"mode":"bus","color":"#0059a9","colorDark":"#00294f","angle":225.1,"snapDist":5,"label":1}},{"type":"Feature","geometry":{"type":"Point","coordinates":[18.37363,54.578723]},"properties":{"name":"Chełmońskiego","lines":"J","arr":["J"],"terminus":0,"mode":"bus","color":"#0059a9","colorDark":"#00294f","angle":225.3,"snapDist":4,"label":1}},{"type":"Feature","geometry":{"type":"Point","coordinates":[18.37528,54.577888]},"properties":{"name":"Chełmońskiego","lines":"J","arr":["J"],"terminus":0,"mode":"bus","color":"#0059a9","colorDark":"#00294f","angle":45,"snapDist":8,"label":0}},{"type":"Feature","geometry":{"type":"Point","coordinates":[18.364634,54.584071]},"properties":{"name":"CH \"Port Rumia\" - Grunwaldzka","lines":"J","arr":["J"],"terminus":0,"mode":"bus","color":"#0059a9","colorDark":"#00294f","angle":44.4,"snapDist":11,"label":1}},{"type":"Feature","geometry":{"type":"Point","coordinates":[18.35858,54.590258]},"properties":{"name":"Obwodowa","lines":"J","arr":["J"],"terminus":0,"mode":"bus","color":"#0059a9","colorDark":"#00294f","angle":50.8,"snapDist":11,"label":1}},{"type":"Feature","geometry":{"type":"Point","coordinates":[18.354727,54.595001]},"properties":{"name":"Reda Dworzec PKP","lines":"J","arr":["J"],"terminus":0,"mode":"bus","color":"#0059a9","colorDark":"#00294f","angle":68.1,"snapDist":6,"label":0}},{"type":"Feature","geometry":{"type":"Point","coordinates":[18.352077,54.599095]},"properties":{"name":"Gdańska - Szkolna","lines":"J","arr":["J"],"terminus":0,"mode":"bus","color":"#0059a9","colorDark":"#00294f","angle":69.3,"snapDist":2,"label":1}},{"type":"Feature","geometry":{"type":"Point","coordinates":[18.349477,54.602974]},"properties":{"name":"Gdańska - Kościół","lines":"J","arr":["J"],"terminus":0,"mode":"bus","color":"#0059a9","colorDark":"#00294f","angle":69,"snapDist":5,"label":0}},{"type":"Feature","geometry":{"type":"Point","coordinates":[18.315471,54.60483]},"properties":{"name":"SKM Pieleszewo","lines":"J","arr":["J"],"terminus":0,"mode":"bus","color":"#0059a9","colorDark":"#00294f","angle":4.4,"snapDist":8,"label":1}},{"type":"Feature","geometry":{"type":"Point","coordinates":[18.298165,54.60306]},"properties":{"name":"Orzeszkowej","lines":"J","arr":["J"],"terminus":0,"mode":"bus","color":"#0059a9","colorDark":"#00294f","angle":3.4,"snapDist":6,"label":0}},{"type":"Feature","geometry":{"type":"Point","coordinates":[18.290753,54.603239]},"properties":{"name":"Gdańska","lines":"J","arr":["J"],"terminus":0,"mode":"bus","color":"#0059a9","colorDark":"#00294f","angle":353.3,"snapDist":8,"label":0}},{"type":"Feature","geometry":{"type":"Point","coordinates":[18.284415,54.602801]},"properties":{"name":"Gdańska - \"Zryw\"","lines":"J","arr":["J"],"terminus":0,"mode":"bus","color":"#0059a9","colorDark":"#00294f","angle":356.4,"snapDist":9,"label":0}},{"type":"Feature","geometry":{"type":"Point","coordinates":[18.276493,54.602638]},"properties":{"name":"Ceynowy SKM Śmiechowo","lines":"J","arr":["J"],"terminus":0,"mode":"bus","color":"#0059a9","colorDark":"#00294f","angle":358.7,"snapDist":8,"label":0}},{"type":"Feature","geometry":{"type":"Point","coordinates":[18.260642,54.603532]},"properties":{"name":"Rybacka","lines":"J","arr":["J"],"terminus":0,"mode":"bus","color":"#0059a9","colorDark":"#00294f","angle":4.4,"snapDist":6,"label":0}},{"type":"Feature","geometry":{"type":"Point","coordinates":[18.245944,54.604469]},"properties":{"name":"Kochanowskiego SKM Nanice","lines":"J","arr":["J"],"terminus":0,"mode":"bus","color":"#0059a9","colorDark":"#00294f","angle":10.6,"snapDist":6,"label":0}},{"type":"Feature","geometry":{"type":"Point","coordinates":[18.242789,54.605572]},"properties":{"name":"Pruszkowskiego","lines":"J","arr":["J"],"terminus":0,"mode":"bus","color":"#0059a9","colorDark":"#00294f","angle":104.3,"snapDist":1,"label":1}},{"type":"Feature","geometry":{"type":"Point","coordinates":[18.243952,54.608124]},"properties":{"name":"Obrońców Helu","lines":"J","arr":["J"],"terminus":0,"mode":"bus","color":"#0059a9","colorDark":"#00294f","angle":106.7,"snapDist":5,"label":1}},{"type":"Feature","geometry":{"type":"Point","coordinates":[18.453583,54.538862]},"properties":{"name":"Obwodnica - Kcyńska","lines":"K","arr":["K"],"terminus":0,"mode":"bus","color":"#0059a9","colorDark":"#00294f","angle":267.1,"snapDist":4,"label":1}},{"type":"Feature","geometry":{"type":"Point","coordinates":[18.45543,54.499857]},"properties":{"name":"Chwarzno Apollina","lines":"K","arr":["K"],"terminus":0,"mode":"bus","color":"#0059a9","colorDark":"#00294f","angle":106.5,"snapDist":7,"label":0}},{"type":"Feature","geometry":{"type":"Point","coordinates":[18.530179,54.521548]},"properties":{"name":"Gdynia Dworzec Gł. PKP","lines":"N10, N40, N94","arr":["N10","N40","N94"],"terminus":0,"mode":"bus","color":"#0059a9","colorDark":"#00294f","angle":35.5,"snapDist":11,"label":0}},{"type":"Feature","geometry":{"type":"Point","coordinates":[18.530621,54.521789]},"properties":{"name":"Gdynia Dworzec Gł. PKP","lines":"N10, N30","arr":["N10","N30"],"terminus":0,"mode":"bus","color":"#0059a9","colorDark":"#00294f","angle":237.3,"snapDist":16,"label":0}},{"type":"Feature","geometry":{"type":"Point","coordinates":[18.437716,54.497244]},"properties":{"name":"Chwarzno Sokółka","lines":"N20","arr":["N20"],"terminus":0,"mode":"bus","color":"#0059a9","colorDark":"#00294f","angle":279.8,"snapDist":8,"label":0}},{"type":"Feature","geometry":{"type":"Point","coordinates":[18.530743,54.521653]},"properties":{"name":"Gdynia Dworzec Gł. PKP","lines":"N20, N40","arr":["N20","N40"],"terminus":0,"mode":"bus","color":"#0059a9","colorDark":"#00294f","angle":253.1,"snapDist":9,"label":0}},{"type":"Feature","geometry":{"type":"Point","coordinates":[18.387041,54.569706]},"properties":{"name":"Rumia Dworzec PKP","lines":"N30, R","arr":["N30","R"],"terminus":1,"mode":"bus","color":"#0059a9","colorDark":"#00294f","angle":42.5,"snapDist":11,"label":0}},{"type":"Feature","geometry":{"type":"Point","coordinates":[18.414959,54.569226]},"properties":{"name":"Pomorska - Gdańska","lines":"N30, R","arr":["N30","R"],"terminus":0,"mode":"bus","color":"#0059a9","colorDark":"#00294f","angle":202.4,"snapDist":5,"label":1}},{"type":"Feature","geometry":{"type":"Point","coordinates":[18.42127,54.56503]},"properties":{"name":"Pomorska","lines":"N30, R","arr":["N30","R"],"terminus":0,"mode":"bus","color":"#0059a9","colorDark":"#00294f","angle":272.8,"snapDist":10,"label":0}},{"type":"Feature","geometry":{"type":"Point","coordinates":[18.430621,54.555823]},"properties":{"name":"Hutnicza - Działki","lines":"N30, R","arr":["N30","R"],"terminus":0,"mode":"bus","color":"#0059a9","colorDark":"#00294f","angle":200.6,"snapDist":7,"label":1}},{"type":"Feature","geometry":{"type":"Point","coordinates":[18.433495,54.555209]},"properties":{"name":"Hutnicza - Magazyny","lines":"N30, R","arr":["N30","R"],"terminus":0,"mode":"bus","color":"#0059a9","colorDark":"#00294f","angle":200,"snapDist":8,"label":1}},{"type":"Feature","geometry":{"type":"Point","coordinates":[18.443245,54.553143]},"properties":{"name":"Handlowa","lines":"N30, R","arr":["N30","R"],"terminus":0,"mode":"bus","color":"#0059a9","colorDark":"#00294f","angle":199.8,"snapDist":9,"label":1}},{"type":"Feature","geometry":{"type":"Point","coordinates":[18.448883,54.551937]},"properties":{"name":"Hutnicza - Piaskowa","lines":"N30, R","arr":["N30","R"],"terminus":0,"mode":"bus","color":"#0059a9","colorDark":"#00294f","angle":206.9,"snapDist":5,"label":1}},{"type":"Feature","geometry":{"type":"Point","coordinates":[18.447623,54.552215]},"properties":{"name":"Hutnicza - Piaskowa","lines":"N30, R","arr":["N30","R"],"terminus":0,"mode":"bus","color":"#0059a9","colorDark":"#00294f","angle":20.1,"snapDist":9,"label":0}},{"type":"Feature","geometry":{"type":"Point","coordinates":[18.441502,54.553509]},"properties":{"name":"Handlowa","lines":"N30, R","arr":["N30","R"],"terminus":0,"mode":"bus","color":"#0059a9","colorDark":"#00294f","angle":20.1,"snapDist":7,"label":0}},{"type":"Feature","geometry":{"type":"Point","coordinates":[18.434526,54.554991]},"properties":{"name":"Hutnicza - Magazyny","lines":"N30, R","arr":["N30","R"],"terminus":0,"mode":"bus","color":"#0059a9","colorDark":"#00294f","angle":20,"snapDist":7,"label":0}},{"type":"Feature","geometry":{"type":"Point","coordinates":[18.428498,54.556741]},"properties":{"name":"Hutnicza - Działki","lines":"N30, R","arr":["N30","R"],"terminus":0,"mode":"bus","color":"#0059a9","colorDark":"#00294f","angle":34.6,"snapDist":3,"label":0}},{"type":"Feature","geometry":{"type":"Point","coordinates":[18.38738,54.569522]},"properties":{"name":"Rumia Dworzec PKP","lines":"N30, R","arr":["N30","R"],"terminus":1,"mode":"bus","color":"#0059a9","colorDark":"#00294f","angle":44.2,"snapDist":9,"label":0}},{"type":"Feature","geometry":{"type":"Point","coordinates":[18.47825,54.55766]},"properties":{"name":"Pogórze Dolne","lines":"N40","arr":["N40"],"terminus":1,"mode":"bus","color":"#0059a9","colorDark":"#00294f","angle":190.8,"snapDist":6,"label":0}},{"type":"Feature","geometry":{"type":"Point","coordinates":[18.488034,54.532512]},"properties":{"name":"Morska - Estakada","lines":"X","arr":["X"],"terminus":0,"mode":"bus","color":"#0059a9","colorDark":"#00294f","angle":303,"snapDist":6,"label":0}},{"type":"Feature","geometry":{"type":"Point","coordinates":[18.417617,54.442568]},"properties":{"name":"Chwaszczyno Centrum","lines":"Z","arr":["Z"],"terminus":0,"mode":"bus","color":"#0059a9","colorDark":"#00294f","angle":309.2,"snapDist":6,"label":0}},{"type":"Feature","geometry":{"type":"Point","coordinates":[18.40288,54.435089]},"properties":{"name":"Chwaszczyno Lisia","lines":"Z","arr":["Z"],"terminus":0,"mode":"bus","color":"#0059a9","colorDark":"#00294f","angle":325,"snapDist":6,"label":1}},{"type":"Feature","geometry":{"type":"Point","coordinates":[18.388245,54.427952]},"properties":{"name":"Tuchom Ogrodowa","lines":"Z","arr":["Z"],"terminus":0,"mode":"bus","color":"#0059a9","colorDark":"#00294f","angle":307,"snapDist":5,"label":1}},{"type":"Feature","geometry":{"type":"Point","coordinates":[18.381428,54.421475]},"properties":{"name":"Tuchom Tęczowa","lines":"Z","arr":["Z"],"terminus":0,"mode":"bus","color":"#0059a9","colorDark":"#00294f","angle":303.6,"snapDist":3,"label":1}},{"type":"Feature","geometry":{"type":"Point","coordinates":[18.375705,54.416483]},"properties":{"name":"Tuchom Stolema","lines":"Z","arr":["Z"],"terminus":0,"mode":"bus","color":"#0059a9","colorDark":"#00294f","angle":303.6,"snapDist":3,"label":1}},{"type":"Feature","geometry":{"type":"Point","coordinates":[18.370231,54.410004]},"properties":{"name":"Nowy Tuchom","lines":"Z","arr":["Z"],"terminus":0,"mode":"bus","color":"#0059a9","colorDark":"#00294f","angle":294.7,"snapDist":4,"label":1}},{"type":"Feature","geometry":{"type":"Point","coordinates":[18.361476,54.402421]},"properties":{"name":"Miszewko Brzozowa","lines":"Z","arr":["Z"],"terminus":0,"mode":"bus","color":"#0059a9","colorDark":"#00294f","angle":306.7,"snapDist":5,"label":1}},{"type":"Feature","geometry":{"type":"Point","coordinates":[18.360055,54.388479]},"properties":{"name":"Miszewo Rolnicza","lines":"Z","arr":["Z"],"terminus":0,"mode":"bus","color":"#0059a9","colorDark":"#00294f","angle":255.2,"snapDist":8,"label":1}},{"type":"Feature","geometry":{"type":"Point","coordinates":[18.361796,54.379797]},"properties":{"name":"Miszewo Przodkowska","lines":"Z","arr":["Z"],"terminus":0,"mode":"bus","color":"#0059a9","colorDark":"#00294f","angle":264.5,"snapDist":8,"label":1}},{"type":"Feature","geometry":{"type":"Point","coordinates":[18.363402,54.370036]},"properties":{"name":"Małkowo Gdyńska","lines":"Z","arr":["Z"],"terminus":0,"mode":"bus","color":"#0059a9","colorDark":"#00294f","angle":253.6,"snapDist":6,"label":1}},{"type":"Feature","geometry":{"type":"Point","coordinates":[18.364753,54.359585]},"properties":{"name":"Żukowo Słoneczna","lines":"Z","arr":["Z"],"terminus":0,"mode":"bus","color":"#0059a9","colorDark":"#00294f","angle":264.2,"snapDist":5,"label":1}},{"type":"Feature","geometry":{"type":"Point","coordinates":[18.366659,54.349965]},"properties":{"name":"Żukowo Derdowskiego","lines":"Z","arr":["Z"],"terminus":0,"mode":"bus","color":"#0059a9","colorDark":"#00294f","angle":262.9,"snapDist":4,"label":1}},{"type":"Feature","geometry":{"type":"Point","coordinates":[18.368623,54.348917]},"properties":{"name":"Żukowo Dworcowa","lines":"Z","arr":["Z"],"terminus":0,"mode":"bus","color":"#0059a9","colorDark":"#00294f","angle":117.5,"snapDist":6,"label":1}},{"type":"Feature","geometry":{"type":"Point","coordinates":[18.37187,54.351588]},"properties":{"name":"Żukowo Os. Norbertanek","lines":"Z","arr":["Z"],"terminus":0,"mode":"bus","color":"#0059a9","colorDark":"#00294f","angle":312.8,"snapDist":2,"label":1}},{"type":"Feature","geometry":{"type":"Point","coordinates":[18.377339,54.354876]},"properties":{"name":"Żukowo Jabłoniowa","lines":"Z","arr":["Z"],"terminus":0,"mode":"bus","color":"#0059a9","colorDark":"#00294f","angle":133.6,"snapDist":7,"label":1}},{"type":"Feature","geometry":{"type":"Point","coordinates":[18.376452,54.354341]},"properties":{"name":"Żukowo Jabłoniowa","lines":"Z","arr":["Z"],"terminus":0,"mode":"bus","color":"#0059a9","colorDark":"#00294f","angle":314.4,"snapDist":6,"label":0}},{"type":"Feature","geometry":{"type":"Point","coordinates":[18.371214,54.351202]},"properties":{"name":"Żukowo Os. Norbertanek","lines":"Z","arr":["Z"],"terminus":0,"mode":"bus","color":"#0059a9","colorDark":"#00294f","angle":134.5,"snapDist":4,"label":0}},{"type":"Feature","geometry":{"type":"Point","coordinates":[18.365226,54.346859]},"properties":{"name":"Żukowo Dworcowa","lines":"Z","arr":["Z"],"terminus":0,"mode":"bus","color":"#0059a9","colorDark":"#00294f","angle":309,"snapDist":6,"label":1}},{"type":"Feature","geometry":{"type":"Point","coordinates":[18.35512,54.34154]},"properties":{"name":"Żukowo Urząd Gminy","lines":"Z","arr":["Z"],"terminus":1,"mode":"bus","color":"#0059a9","colorDark":"#00294f","angle":331.3,"snapDist":0,"label":1}},{"type":"Feature","geometry":{"type":"Point","coordinates":[18.357758,54.342223]},"properties":{"name":"Żukowo Urząd Gminy","lines":"Z","arr":["Z"],"terminus":0,"mode":"bus","color":"#0059a9","colorDark":"#00294f","angle":160.1,"snapDist":10,"label":0}},{"type":"Feature","geometry":{"type":"Point","coordinates":[18.367028,54.348675]},"properties":{"name":"Żukowo Dworcowa","lines":"Z","arr":["Z"],"terminus":0,"mode":"bus","color":"#0059a9","colorDark":"#00294f","angle":77.1,"snapDist":7,"label":0}},{"type":"Feature","geometry":{"type":"Point","coordinates":[18.364558,54.361255]},"properties":{"name":"Żukowo Słoneczna","lines":"Z","arr":["Z"],"terminus":0,"mode":"bus","color":"#0059a9","colorDark":"#00294f","angle":94,"snapDist":8,"label":0}},{"type":"Feature","geometry":{"type":"Point","coordinates":[18.362989,54.370846]},"properties":{"name":"Małkowo Gdyńska","lines":"Z","arr":["Z"],"terminus":0,"mode":"bus","color":"#0059a9","colorDark":"#00294f","angle":73.5,"snapDist":5,"label":0}},{"type":"Feature","geometry":{"type":"Point","coordinates":[18.361638,54.380771]},"properties":{"name":"Miszewo Przodkowska","lines":"Z","arr":["Z"],"terminus":0,"mode":"bus","color":"#0059a9","colorDark":"#00294f","angle":84.7,"snapDist":11,"label":0}},{"type":"Feature","geometry":{"type":"Point","coordinates":[18.359531,54.389518]},"properties":{"name":"Miszewo Rolnicza","lines":"Z","arr":["Z"],"terminus":0,"mode":"bus","color":"#0059a9","colorDark":"#00294f","angle":70.4,"snapDist":7,"label":0}},{"type":"Feature","geometry":{"type":"Point","coordinates":[18.362314,54.403091]},"properties":{"name":"Miszewko Brzozowa","lines":"Z","arr":["Z"],"terminus":0,"mode":"bus","color":"#0059a9","colorDark":"#00294f","angle":125,"snapDist":10,"label":0}},{"type":"Feature","geometry":{"type":"Point","coordinates":[18.371016,54.411001]},"properties":{"name":"Nowy Tuchom","lines":"Z","arr":["Z"],"terminus":0,"mode":"bus","color":"#0059a9","colorDark":"#00294f","angle":114.5,"snapDist":11,"label":0}},{"type":"Feature","geometry":{"type":"Point","coordinates":[18.376932,54.417557]},"properties":{"name":"Tuchom Stolema","lines":"Z","arr":["Z"],"terminus":0,"mode":"bus","color":"#0059a9","colorDark":"#00294f","angle":123.6,"snapDist":11,"label":0}},{"type":"Feature","geometry":{"type":"Point","coordinates":[18.382388,54.422309]},"properties":{"name":"Tuchom Tęczowa","lines":"Z","arr":["Z"],"terminus":0,"mode":"bus","color":"#0059a9","colorDark":"#00294f","angle":123.7,"snapDist":12,"label":0}},{"type":"Feature","geometry":{"type":"Point","coordinates":[18.38933,54.428761]},"properties":{"name":"Tuchom Ogrodowa","lines":"Z","arr":["Z"],"terminus":0,"mode":"bus","color":"#0059a9","colorDark":"#00294f","angle":128.9,"snapDist":11,"label":0}},{"type":"Feature","geometry":{"type":"Point","coordinates":[18.405316,54.436079]},"properties":{"name":"Chwaszczyno Lisia","lines":"Z","arr":["Z"],"terminus":0,"mode":"bus","color":"#0059a9","colorDark":"#00294f","angle":144.7,"snapDist":9,"label":0}},{"type":"Feature","geometry":{"type":"Point","coordinates":[18.414075,54.43993]},"properties":{"name":"Chwaszczyno Derdowskiego","lines":"Z","arr":["Z"],"terminus":0,"mode":"bus","color":"#0059a9","colorDark":"#00294f","angle":128,"snapDist":5,"label":1}},{"type":"Feature","geometry":{"type":"Point","coordinates":[18.569905,54.327928]},"properties":{"name":"Lawendowe Wzgórze","lines":"2, 11","arr":["2","11"],"terminus":1,"mode":"tram","color":"#d6212b","colorDark":"#7c1116","angle":107.7,"snapDist":3,"label":1}},{"type":"Feature","geometry":{"type":"Point","coordinates":[18.571029,54.331518]},"properties":{"name":"Ujeścisko","lines":"2, 11, 12, 63","arr":["2","11","12","63"],"terminus":0,"mode":"tram","color":"#d6212b","colorDark":"#7c1116","angle":184.3,"snapDist":1,"label":1}},{"type":"Feature","geometry":{"type":"Point","coordinates":[18.580841,54.331351]},"properties":{"name":"Częstochowska","lines":"2, 11","arr":["2","11"],"terminus":0,"mode":"tram","color":"#d6212b","colorDark":"#7c1116","angle":181.1,"snapDist":2,"label":1}},{"type":"Feature","geometry":{"type":"Point","coordinates":[18.585903,54.331324]},"properties":{"name":"Piotrkowska","lines":"2, 11","arr":["2","11"],"terminus":0,"mode":"tram","color":"#d6212b","colorDark":"#7c1116","angle":179.7,"snapDist":3,"label":1}},{"type":"Feature","geometry":{"type":"Point","coordinates":[18.594824,54.33241]},"properties":{"name":"Łódzka","lines":"2, 11","arr":["2","11"],"terminus":0,"mode":"tram","color":"#d6212b","colorDark":"#7c1116","angle":183.4,"snapDist":2,"label":1}},{"type":"Feature","geometry":{"type":"Point","coordinates":[18.596412,54.33334]},"properties":{"name":"Przemyska","lines":"2, 3, 6, 11","arr":["2","3","6","11"],"terminus":0,"mode":"tram","color":"#d6212b","colorDark":"#7c1116","angle":89.5,"snapDist":1,"label":1}},{"type":"Feature","geometry":{"type":"Point","coordinates":[18.598908,54.336408]},"properties":{"name":"Wilanowska","lines":"2, 3, 6, 11","arr":["2","3","6","11"],"terminus":0,"mode":"tram","color":"#d6212b","colorDark":"#7c1116","angle":127.2,"snapDist":3,"label":1}},{"type":"Feature","geometry":{"type":"Point","coordinates":[18.605443,54.338402]},"properties":{"name":"Cebertowicza","lines":"2, 3, 6, 11","arr":["2","3","6","11"],"terminus":0,"mode":"tram","color":"#d6212b","colorDark":"#7c1116","angle":184.5,"snapDist":1,"label":1}},{"type":"Feature","geometry":{"type":"Point","coordinates":[18.61035,54.338185]},"properties":{"name":"Cieszyńskiego","lines":"2, 3, 6, 11","arr":["2","3","6","11"],"terminus":0,"mode":"tram","color":"#d6212b","colorDark":"#7c1116","angle":184.8,"snapDist":2,"label":1}},{"type":"Feature","geometry":{"type":"Point","coordinates":[18.618508,54.338658]},"properties":{"name":"Sikorskiego","lines":"2, 3, 6, 7, 11","arr":["2","3","6","7","11"],"terminus":0,"mode":"tram","color":"#d6212b","colorDark":"#7c1116","angle":82.2,"snapDist":2,"label":1}},{"type":"Feature","geometry":{"type":"Point","coordinates":[18.617726,54.341771]},"properties":{"name":"Chałubińskiego","lines":"2, 3, 6, 7, 11","arr":["2","3","6","7","11"],"terminus":0,"mode":"tram","color":"#d6212b","colorDark":"#7c1116","angle":80.7,"snapDist":2,"label":1}},{"type":"Feature","geometry":{"type":"Point","coordinates":[18.626175,54.345401]},"properties":{"name":"Odrzańska","lines":"2, 3, 6, 7, 11","arr":["2","3","6","7","11"],"terminus":0,"mode":"tram","color":"#d6212b","colorDark":"#7c1116","angle":176.4,"snapDist":2,"label":1}},{"type":"Feature","geometry":{"type":"Point","coordinates":[18.636942,54.348653]},"properties":{"name":"Pohulanka","lines":"2, 3, 6, 7, 11","arr":["2","3","6","7","11"],"terminus":0,"mode":"tram","color":"#d6212b","colorDark":"#7c1116","angle":173,"snapDist":2,"label":1}},{"type":"Feature","geometry":{"type":"Point","coordinates":[18.642164,54.348793]},"properties":{"name":"Węzeł Groddecka","lines":"2, 3, 6, 7, 11","arr":["2","3","6","7","11"],"terminus":0,"mode":"tram","color":"#d6212b","colorDark":"#7c1116","angle":77.1,"snapDist":2,"label":1}},{"type":"Feature","geometry":{"type":"Point","coordinates":[18.642238,54.352418]},"properties":{"name":"Nowe Ogrody","lines":"2, 3, 6, 7, 10, 11, 12, 63","arr":["2","3","6","7","10","11","12","63"],"terminus":0,"mode":"tram","color":"#d6212b","colorDark":"#7c1116","angle":95.1,"snapDist":5,"label":1}},{"type":"Feature","geometry":{"type":"Point","coordinates":[18.643379,54.356826]},"properties":{"name":"Dworzec PKS","lines":"2, 3, 6, 7, 10, 11, 12, 63","arr":["2","3","6","7","10","11","12","63"],"terminus":0,"mode":"tram","color":"#d6212b","colorDark":"#7c1116","angle":92.3,"snapDist":6,"label":1}},{"type":"Feature","geometry":{"type":"Point","coordinates":[18.641566,54.362105]},"properties":{"name":"Brama Oliwska","lines":"2, 3, 6, 7, 9, 10, 11, 12, 63","arr":["2","3","6","7","9","10","11","12","63"],"terminus":0,"mode":"tram","color":"#d6212b","colorDark":"#7c1116","angle":47.5,"snapDist":2,"label":1}},{"type":"Feature","geometry":{"type":"Point","coordinates":[18.638352,54.364031]},"properties":{"name":"Chodowieckiego","lines":"2, 3, 6, 7, 9, 10, 11, 12, 63","arr":["2","3","6","7","9","10","11","12","63"],"terminus":0,"mode":"tram","color":"#d6212b","colorDark":"#7c1116","angle":45.6,"snapDist":2,"label":1}},{"type":"Feature","geometry":{"type":"Point","coordinates":[18.633545,54.366881]},"properties":{"name":"Uniwersytet Medyczny","lines":"2, 3, 6, 7, 9, 10, 11, 12, 63","arr":["2","3","6","7","9","10","11","12","63"],"terminus":0,"mode":"tram","color":"#d6212b","colorDark":"#7c1116","angle":46,"snapDist":3,"label":1}},{"type":"Feature","geometry":{"type":"Point","coordinates":[18.629599,54.369216]},"properties":{"name":"Traugutta","lines":"2, 3, 6, 7, 9, 10, 11, 12, 63","arr":["2","3","6","7","9","10","11","12","63"],"terminus":0,"mode":"tram","color":"#d6212b","colorDark":"#7c1116","angle":45.5,"snapDist":2,"label":1}},{"type":"Feature","geometry":{"type":"Point","coordinates":[18.624644,54.372111]},"properties":{"name":"Opera Bałtycka","lines":"2, 3, 7, 10, 63","arr":["2","3","7","10","63"],"terminus":0,"mode":"tram","color":"#d6212b","colorDark":"#7c1116","angle":46.4,"snapDist":11,"label":1}},{"type":"Feature","geometry":{"type":"Point","coordinates":[18.623483,54.376534]},"properties":{"name":"Wyspiańskiego","lines":"2, 3, 5, 8, 63","arr":["2","3","5","8","63"],"terminus":0,"mode":"tram","color":"#d6212b","colorDark":"#7c1116","angle":76.3,"snapDist":4,"label":1}},{"type":"Feature","geometry":{"type":"Point","coordinates":[18.622447,54.379037]},"properties":{"name":"Reja","lines":"2, 3, 5, 8, 63","arr":["2","3","5","8","63"],"terminus":0,"mode":"tram","color":"#d6212b","colorDark":"#7c1116","angle":76.5,"snapDist":6,"label":1}},{"type":"Feature","geometry":{"type":"Point","coordinates":[18.620596,54.383334]},"properties":{"name":"Mickiewicza","lines":"2, 8, 60","arr":["2","8","60"],"terminus":0,"mode":"tram","color":"#d6212b","colorDark":"#7c1116","angle":358.9,"snapDist":10,"label":1}},{"type":"Feature","geometry":{"type":"Point","coordinates":[18.614462,54.383626]},"properties":{"name":"Plac Komorowskiego","lines":"2, 8, 60","arr":["2","8","60"],"terminus":0,"mode":"tram","color":"#d6212b","colorDark":"#7c1116","angle":61,"snapDist":5,"label":1}},{"type":"Feature","geometry":{"type":"Point","coordinates":[18.610717,54.387031]},"properties":{"name":"Legionów","lines":"2, 8, 60","arr":["2","8","60"],"terminus":0,"mode":"tram","color":"#d6212b","colorDark":"#7c1116","angle":63,"snapDist":5,"label":1}},{"type":"Feature","geometry":{"type":"Point","coordinates":[18.608311,54.389833]},"properties":{"name":"Bajana","lines":"2, 8, 60","arr":["2","8","60"],"terminus":0,"mode":"tram","color":"#d6212b","colorDark":"#7c1116","angle":60.6,"snapDist":5,"label":1}},{"type":"Feature","geometry":{"type":"Point","coordinates":[18.605764,54.392088]},"properties":{"name":"Żwirki i Wigury","lines":"2, 8, 60","arr":["2","8","60"],"terminus":0,"mode":"tram","color":"#d6212b","colorDark":"#7c1116","angle":46.3,"snapDist":3,"label":1}},{"type":"Feature","geometry":{"type":"Point","coordinates":[18.601539,54.394614]},"properties":{"name":"Jana Pawła II","lines":"2, 8, 60","arr":["2","8","60"],"terminus":0,"mode":"tram","color":"#d6212b","colorDark":"#7c1116","angle":45.8,"snapDist":4,"label":1}},{"type":"Feature","geometry":{"type":"Point","coordinates":[18.597527,54.39702]},"properties":{"name":"Startowa","lines":"2, 8, 60","arr":["2","8","60"],"terminus":0,"mode":"tram","color":"#d6212b","colorDark":"#7c1116","angle":46,"snapDist":1,"label":1}},{"type":"Feature","geometry":{"type":"Point","coordinates":[18.594802,54.399302]},"properties":{"name":"Zaspa","lines":"2, 8, 60","arr":["2","8","60"],"terminus":0,"mode":"tram","color":"#d6212b","colorDark":"#7c1116","angle":53.3,"snapDist":9,"label":0}},{"type":"Feature","geometry":{"type":"Point","coordinates":[18.591539,54.403382]},"properties":{"name":"Kołobrzeska","lines":"2, 8, 12, 60","arr":["2","8","12","60"],"terminus":0,"mode":"tram","color":"#d6212b","colorDark":"#7c1116","angle":78.1,"snapDist":6,"label":1}},{"type":"Feature","geometry":{"type":"Point","coordinates":[18.589208,54.407955]},"properties":{"name":"Bora-Komorowskiego","lines":"2, 8, 12, 60","arr":["2","8","12","60"],"terminus":0,"mode":"tram","color":"#d6212b","colorDark":"#7c1116","angle":83.6,"snapDist":2,"label":1}},{"type":"Feature","geometry":{"type":"Point","coordinates":[18.587976,54.411823]},"properties":{"name":"Czerwony Dwór","lines":"2, 8, 12, 60","arr":["2","8","12","60"],"terminus":0,"mode":"tram","color":"#d6212b","colorDark":"#7c1116","angle":84.5,"snapDist":2,"label":1}},{"type":"Feature","geometry":{"type":"Point","coordinates":[18.58704,54.415571]},"properties":{"name":"Piastowska","lines":"2, 8, 12, 60","arr":["2","8","12","60"],"terminus":0,"mode":"tram","color":"#d6212b","colorDark":"#7c1116","angle":80.6,"snapDist":1,"label":1}},{"type":"Feature","geometry":{"type":"Point","coordinates":[18.584207,54.419539]},"properties":{"name":"Pomorska","lines":"2, 8, 12, 60","arr":["2","8","12","60"],"terminus":0,"mode":"tram","color":"#d6212b","colorDark":"#7c1116","angle":54.3,"snapDist":1,"label":1}},{"type":"Feature","geometry":{"type":"Point","coordinates":[18.582621,54.41985]},"properties":{"name":"Gospody","lines":"2, 6, 12, 60","arr":["2","6","12","60"],"terminus":0,"mode":"tram","color":"#d6212b","colorDark":"#7c1116","angle":331.7,"snapDist":1,"label":1}},{"type":"Feature","geometry":{"type":"Point","coordinates":[18.578076,54.418325]},"properties":{"name":"Pomorska - Osiedle","lines":"2, 6, 12, 60","arr":["2","6","12","60"],"terminus":0,"mode":"tram","color":"#d6212b","colorDark":"#7c1116","angle":329,"snapDist":2,"label":1}},{"type":"Feature","geometry":{"type":"Point","coordinates":[18.573308,54.416735]},"properties":{"name":"Subisława","lines":"2, 6, 12, 60","arr":["2","6","12","60"],"terminus":0,"mode":"tram","color":"#d6212b","colorDark":"#7c1116","angle":329.7,"snapDist":1,"label":1}},{"type":"Feature","geometry":{"type":"Point","coordinates":[18.56559,54.413745]},"properties":{"name":"Opacka","lines":"2, 6, 12, 60","arr":["2","6","12","60"],"terminus":0,"mode":"tram","color":"#d6212b","colorDark":"#7c1116","angle":277.1,"snapDist":2,"label":1}},{"type":"Feature","geometry":{"type":"Point","coordinates":[18.56592,54.409918]},"properties":{"name":"Oliwa","lines":"2, 5, 6, 12, 60","arr":["2","5","6","12","60"],"terminus":0,"mode":"tram","color":"#d6212b","colorDark":"#7c1116","angle":304.3,"snapDist":1,"label":0}},{"type":"Feature","geometry":{"type":"Point","coordinates":[18.562935,54.408337]},"properties":{"name":"Obrońców Westerplatte","lines":"2, 5, 6, 12","arr":["2","5","6","12"],"terminus":0,"mode":"tram","color":"#d6212b","colorDark":"#7c1116","angle":261.4,"snapDist":0,"label":1}},{"type":"Feature","geometry":{"type":"Point","coordinates":[18.563626,54.405583]},"properties":{"name":"Derdowskiego","lines":"2, 5, 6, 12","arr":["2","5","6","12"],"terminus":0,"mode":"tram","color":"#d6212b","colorDark":"#7c1116","angle":261.7,"snapDist":2,"label":1}},{"type":"Feature","geometry":{"type":"Point","coordinates":[18.565605,54.402715]},"properties":{"name":"Tetmajera","lines":"2, 5, 6, 12","arr":["2","5","6","12"],"terminus":0,"mode":"tram","color":"#d6212b","colorDark":"#7c1116","angle":247.5,"snapDist":2,"label":1}},{"type":"Feature","geometry":{"type":"Point","coordinates":[18.568128,54.399322]},"properties":{"name":"Bażyńskiego","lines":"2, 5, 6, 12","arr":["2","5","6","12"],"terminus":0,"mode":"tram","color":"#d6212b","colorDark":"#7c1116","angle":247.7,"snapDist":2,"label":1}},{"type":"Feature","geometry":{"type":"Point","coordinates":[18.571658,54.39573]},"properties":{"name":"Uniwersytet Gdański","lines":"2, 5, 6, 12","arr":["2","5","6","12"],"terminus":0,"mode":"tram","color":"#d6212b","colorDark":"#7c1116","angle":238.9,"snapDist":2,"label":1}},{"type":"Feature","geometry":{"type":"Point","coordinates":[18.577725,54.391114]},"properties":{"name":"Strzyża PKM","lines":"2, 5, 6, 12","arr":["2","5","6","12"],"terminus":0,"mode":"tram","color":"#d6212b","colorDark":"#7c1116","angle":229.9,"snapDist":0,"label":1}},{"type":"Feature","geometry":{"type":"Point","coordinates":[18.579267,54.390037]},"properties":{"name":"Zajezdnia WRZESZCZ T1","lines":"2","arr":["2"],"terminus":1,"mode":"tram","color":"#d6212b","colorDark":"#7c1116","angle":229.7,"snapDist":19,"label":1}},{"type":"Feature","geometry":{"type":"Point","coordinates":[18.592646,54.42328]},"properties":{"name":"Jelitkowo","lines":"2","arr":["2"],"terminus":1,"mode":"tram","color":"#d6212b","colorDark":"#7c1116","angle":151.6,"snapDist":2,"label":1}},{"type":"Feature","geometry":{"type":"Point","coordinates":[18.588192,54.42158]},"properties":{"name":"Helska","lines":"2, 6, 8","arr":["2","6","8"],"terminus":0,"mode":"tram","color":"#d6212b","colorDark":"#7c1116","angle":332.3,"snapDist":1,"label":1}},{"type":"Feature","geometry":{"type":"Point","coordinates":[18.584434,54.42042]},"properties":{"name":"Osiedle Wejhera","lines":"2, 6, 8","arr":["2","6","8"],"terminus":0,"mode":"tram","color":"#d6212b","colorDark":"#7c1116","angle":332.1,"snapDist":1,"label":1}},{"type":"Feature","geometry":{"type":"Point","coordinates":[18.584252,54.419448]},"properties":{"name":"Pomorska","lines":"2, 8, 12, 60","arr":["2","8","12","60"],"terminus":0,"mode":"tram","color":"#d6212b","colorDark":"#7c1116","angle":233.6,"snapDist":2,"label":0}},{"type":"Feature","geometry":{"type":"Point","coordinates":[18.586709,54.416442]},"properties":{"name":"Piastowska","lines":"2, 8, 12, 60","arr":["2","8","12","60"],"terminus":0,"mode":"tram","color":"#d6212b","colorDark":"#7c1116","angle":257.9,"snapDist":3,"label":0}},{"type":"Feature","geometry":{"type":"Point","coordinates":[18.587774,54.412667]},"properties":{"name":"Czerwony Dwór","lines":"2, 8, 12, 60","arr":["2","8","12","60"],"terminus":0,"mode":"tram","color":"#d6212b","colorDark":"#7c1116","angle":264.1,"snapDist":3,"label":0}},{"type":"Feature","geometry":{"type":"Point","coordinates":[18.588717,54.409066]},"properties":{"name":"Bora-Komorowskiego","lines":"2, 8, 12, 60","arr":["2","8","12","60"],"terminus":0,"mode":"tram","color":"#d6212b","colorDark":"#7c1116","angle":253,"snapDist":2,"label":0}},{"type":"Feature","geometry":{"type":"Point","coordinates":[18.590999,54.404368]},"properties":{"name":"Kołobrzeska","lines":"2, 8, 12, 60","arr":["2","8","12","60"],"terminus":0,"mode":"tram","color":"#d6212b","colorDark":"#7c1116","angle":252.9,"snapDist":3,"label":0}},{"type":"Feature","geometry":{"type":"Point","coordinates":[18.594894,54.39923]},"properties":{"name":"Zaspa","lines":"2, 8, 60","arr":["2","8","60"],"terminus":0,"mode":"tram","color":"#d6212b","colorDark":"#7c1116","angle":232.9,"snapDist":3,"label":0}},{"type":"Feature","geometry":{"type":"Point","coordinates":[18.598007,54.39673]},"properties":{"name":"Startowa","lines":"2, 8, 60","arr":["2","8","60"],"terminus":0,"mode":"tram","color":"#d6212b","colorDark":"#7c1116","angle":226.2,"snapDist":4,"label":0}},{"type":"Feature","geometry":{"type":"Point","coordinates":[18.602036,54.394317]},"properties":{"name":"Jana Pawła II","lines":"2, 8, 60","arr":["2","8","60"],"terminus":0,"mode":"tram","color":"#d6212b","colorDark":"#7c1116","angle":224.6,"snapDist":1,"label":0}},{"type":"Feature","geometry":{"type":"Point","coordinates":[18.606118,54.391857]},"properties":{"name":"Żwirki i Wigury","lines":"2, 8, 60","arr":["2","8","60"],"terminus":0,"mode":"tram","color":"#d6212b","colorDark":"#7c1116","angle":231.6,"snapDist":1,"label":0}},{"type":"Feature","geometry":{"type":"Point","coordinates":[18.608448,54.38969]},"properties":{"name":"Bajana","lines":"2, 8, 60","arr":["2","8","60"],"terminus":0,"mode":"tram","color":"#d6212b","colorDark":"#7c1116","angle":240.9,"snapDist":1,"label":0}},{"type":"Feature","geometry":{"type":"Point","coordinates":[18.610762,54.38698]},"properties":{"name":"Legionów","lines":"2, 8, 60","arr":["2","8","60"],"terminus":0,"mode":"tram","color":"#d6212b","colorDark":"#7c1116","angle":243,"snapDist":2,"label":0}},{"type":"Feature","geometry":{"type":"Point","coordinates":[18.614572,54.383511]},"properties":{"name":"Plac Komorowskiego","lines":"2, 8, 60","arr":["2","8","60"],"terminus":0,"mode":"tram","color":"#d6212b","colorDark":"#7c1116","angle":241,"snapDist":2,"label":0}},{"type":"Feature","geometry":{"type":"Point","coordinates":[18.62184,54.38281]},"properties":{"name":"Mickiewicza","lines":"2, 3, 5, 8, 60, 63","arr":["2","3","5","8","60","63"],"terminus":0,"mode":"tram","color":"#d6212b","colorDark":"#7c1116","angle":271,"snapDist":3,"label":0}},{"type":"Feature","geometry":{"type":"Point","coordinates":[18.622499,54.37891]},"properties":{"name":"Reja","lines":"2, 3, 5, 8, 60, 63","arr":["2","3","5","8","60","63"],"terminus":0,"mode":"tram","color":"#d6212b","colorDark":"#7c1116","angle":256.5,"snapDist":3,"label":0}},{"type":"Feature","geometry":{"type":"Point","coordinates":[18.623535,54.376411]},"properties":{"name":"Wyspiańskiego","lines":"2, 3, 5, 8, 60, 63","arr":["2","3","5","8","60","63"],"terminus":0,"mode":"tram","color":"#d6212b","colorDark":"#7c1116","angle":256.3,"snapDist":2,"label":0}},{"type":"Feature","geometry":{"type":"Point","coordinates":[18.624889,54.371965]},"properties":{"name":"Opera Bałtycka","lines":"2, 3, 6, 9, 10, 11, 12, 63","arr":["2","3","6","9","10","11","12","63"],"terminus":0,"mode":"tram","color":"#d6212b","colorDark":"#7c1116","angle":225.3,"snapDist":3,"label":0}},{"type":"Feature","geometry":{"type":"Point","coordinates":[18.629786,54.369069]},"properties":{"name":"Traugutta","lines":"2, 3, 6, 9, 10, 11, 12, 63","arr":["2","3","6","9","10","11","12","63"],"terminus":0,"mode":"tram","color":"#d6212b","colorDark":"#7c1116","angle":225.5,"snapDist":4,"label":0}},{"type":"Feature","geometry":{"type":"Point","coordinates":[18.633693,54.366756]},"properties":{"name":"Uniwersytet Medyczny","lines":"2, 3, 6, 9, 10, 11, 12, 63","arr":["2","3","6","9","10","11","12","63"],"terminus":0,"mode":"tram","color":"#d6212b","colorDark":"#7c1116","angle":225.7,"snapDist":3,"label":0}},{"type":"Feature","geometry":{"type":"Point","coordinates":[18.638494,54.363903]},"properties":{"name":"Chodowieckiego","lines":"2, 3, 6, 9, 10, 11, 12, 63","arr":["2","3","6","9","10","11","12","63"],"terminus":0,"mode":"tram","color":"#d6212b","colorDark":"#7c1116","angle":225.2,"snapDist":3,"label":0}},{"type":"Feature","geometry":{"type":"Point","coordinates":[18.641712,54.361936]},"properties":{"name":"Brama Oliwska","lines":"2, 3, 6, 9, 10, 11, 12, 63","arr":["2","3","6","9","10","11","12","63"],"terminus":0,"mode":"tram","color":"#d6212b","colorDark":"#7c1116","angle":234.7,"snapDist":3,"label":0}},{"type":"Feature","geometry":{"type":"Point","coordinates":[18.643367,54.356657]},"properties":{"name":"Dworzec PKS","lines":"2, 3, 6, 10, 11, 12, 63","arr":["2","3","6","10","11","12","63"],"terminus":0,"mode":"tram","color":"#d6212b","colorDark":"#7c1116","angle":272.3,"snapDist":4,"label":0}},{"type":"Feature","geometry":{"type":"Point","coordinates":[18.642237,54.352411]},"properties":{"name":"Nowe Ogrody","lines":"2, 3, 6, 10, 11, 12, 63","arr":["2","3","6","10","11","12","63"],"terminus":0,"mode":"tram","color":"#d6212b","colorDark":"#7c1116","angle":275.1,"snapDist":2,"label":0}},{"type":"Feature","geometry":{"type":"Point","coordinates":[18.64223,54.348625]},"properties":{"name":"Węzeł Groddecka","lines":"2, 3, 6, 11","arr":["2","3","6","11"],"terminus":0,"mode":"tram","color":"#d6212b","colorDark":"#7c1116","angle":257.1,"snapDist":3,"label":0}},{"type":"Feature","geometry":{"type":"Point","coordinates":[18.636625,54.348665]},"properties":{"name":"Pohulanka","lines":"2, 3, 6, 11","arr":["2","3","6","11"],"terminus":0,"mode":"tram","color":"#d6212b","colorDark":"#7c1116","angle":353,"snapDist":3,"label":0}},{"type":"Feature","geometry":{"type":"Point","coordinates":[18.625837,54.345424]},"properties":{"name":"Odrzańska","lines":"2, 3, 6, 11","arr":["2","3","6","11"],"terminus":0,"mode":"tram","color":"#d6212b","colorDark":"#7c1116","angle":356.4,"snapDist":1,"label":0}},{"type":"Feature","geometry":{"type":"Point","coordinates":[18.617709,54.341622]},"properties":{"name":"Chałubińskiego","lines":"2, 3, 6, 11","arr":["2","3","6","11"],"terminus":0,"mode":"tram","color":"#d6212b","colorDark":"#7c1116","angle":260.8,"snapDist":3,"label":0}},{"type":"Feature","geometry":{"type":"Point","coordinates":[18.618475,54.338545]},"properties":{"name":"Sikorskiego","lines":"2, 3, 6, 11","arr":["2","3","6","11"],"terminus":0,"mode":"tram","color":"#d6212b","colorDark":"#7c1116","angle":262.2,"snapDist":3,"label":0}},{"type":"Feature","geometry":{"type":"Point","coordinates":[18.610172,54.338221]},"properties":{"name":"Cieszyńskiego","lines":"2, 3, 6, 11","arr":["2","3","6","11"],"terminus":0,"mode":"tram","color":"#d6212b","colorDark":"#7c1116","angle":4.4,"snapDist":1,"label":0}},{"type":"Feature","geometry":{"type":"Point","coordinates":[18.605194,54.338442]},"properties":{"name":"Cebertowicza","lines":"2, 3, 6, 11","arr":["2","3","6","11"],"terminus":0,"mode":"tram","color":"#d6212b","colorDark":"#7c1116","angle":3.9,"snapDist":1,"label":0}},{"type":"Feature","geometry":{"type":"Point","coordinates":[18.599425,54.336844]},"properties":{"name":"Wilanowska","lines":"2, 3, 6, 11","arr":["2","3","6","11"],"terminus":0,"mode":"tram","color":"#d6212b","colorDark":"#7c1116","angle":307.8,"snapDist":1,"label":0}},{"type":"Feature","geometry":{"type":"Point","coordinates":[18.596278,54.333219]},"properties":{"name":"Przemyska","lines":"2, 11","arr":["2","11"],"terminus":0,"mode":"tram","color":"#d6212b","colorDark":"#7c1116","angle":270,"snapDist":3,"label":0}},{"type":"Feature","geometry":{"type":"Point","coordinates":[18.594511,54.332449]},"properties":{"name":"Łódzka","lines":"2, 11","arr":["2","11"],"terminus":0,"mode":"tram","color":"#d6212b","colorDark":"#7c1116","angle":357.1,"snapDist":1,"label":0}},{"type":"Feature","geometry":{"type":"Point","coordinates":[18.585529,54.331358]},"properties":{"name":"Piotrkowska","lines":"2, 11","arr":["2","11"],"terminus":0,"mode":"tram","color":"#d6212b","colorDark":"#7c1116","angle":359.7,"snapDist":2,"label":0}},{"type":"Feature","geometry":{"type":"Point","coordinates":[18.580604,54.331388]},"properties":{"name":"Częstochowska","lines":"2, 11","arr":["2","11"],"terminus":0,"mode":"tram","color":"#d6212b","colorDark":"#7c1116","angle":1,"snapDist":2,"label":0}},{"type":"Feature","geometry":{"type":"Point","coordinates":[18.570996,54.331554]},"properties":{"name":"Ujeścisko","lines":"2, 11","arr":["2","11"],"terminus":0,"mode":"tram","color":"#d6212b","colorDark":"#7c1116","angle":4.1,"snapDist":1,"label":0}},{"type":"Feature","geometry":{"type":"Point","coordinates":[18.673584,54.397901]},"properties":{"name":"Zajezdnia NOWY PORT T1","lines":"3, 60","arr":["3","60"],"terminus":1,"mode":"tram","color":"#d6212b","colorDark":"#7c1116","angle":163.4,"snapDist":88,"label":1}},{"type":"Feature","geometry":{"type":"Point","coordinates":[18.674312,54.398703]},"properties":{"name":"Władysława IV","lines":"3, 5, 10, 60","arr":["3","5","10","60"],"terminus":0,"mode":"tram","color":"#d6212b","colorDark":"#7c1116","angle":113.3,"snapDist":2,"label":1}},{"type":"Feature","geometry":{"type":"Point","coordinates":[18.674326,54.401609]},"properties":{"name":"Nowy Port Oliwska","lines":"3, 5, 60","arr":["3","5","60"],"terminus":1,"mode":"tram","color":"#d6212b","colorDark":"#7c1116","angle":26.5,"snapDist":1,"label":1}},{"type":"Feature","geometry":{"type":"Point","coordinates":[18.66967,54.402234]},"properties":{"name":"Przychodnia","lines":"3, 5, 60","arr":["3","5","60"],"terminus":0,"mode":"tram","color":"#d6212b","colorDark":"#7c1116","angle":10.3,"snapDist":1,"label":1}},{"type":"Feature","geometry":{"type":"Point","coordinates":[18.665537,54.402674]},"properties":{"name":"Rybołowców","lines":"3, 5, 60","arr":["3","5","60"],"terminus":0,"mode":"tram","color":"#d6212b","colorDark":"#7c1116","angle":8.3,"snapDist":1,"label":1}},{"type":"Feature","geometry":{"type":"Point","coordinates":[18.661157,54.404093]},"properties":{"name":"Kasztanowa","lines":"3, 5, 60","arr":["3","5","60"],"terminus":0,"mode":"tram","color":"#d6212b","colorDark":"#7c1116","angle":34.8,"snapDist":2,"label":1}},{"type":"Feature","geometry":{"type":"Point","coordinates":[18.655501,54.404669]},"properties":{"name":"Latarnia Morska","lines":"3, 5, 60","arr":["3","5","60"],"terminus":0,"mode":"tram","color":"#d6212b","colorDark":"#7c1116","angle":346.4,"snapDist":1,"label":1}},{"type":"Feature","geometry":{"type":"Point","coordinates":[18.643694,54.406357]},"properties":{"name":"Krasickiego","lines":"3, 5, 60","arr":["3","5","60"],"terminus":0,"mode":"tram","color":"#d6212b","colorDark":"#7c1116","angle":24.9,"snapDist":3,"label":1}},{"type":"Feature","geometry":{"type":"Point","coordinates":[18.638589,54.407303]},"properties":{"name":"Brzeźno Dom Zdrojowy","lines":"3, 5, 60","arr":["3","5","60"],"terminus":0,"mode":"tram","color":"#d6212b","colorDark":"#7c1116","angle":21,"snapDist":1,"label":0}},{"type":"Feature","geometry":{"type":"Point","coordinates":[18.632167,54.408458]},"properties":{"name":"Mazurska","lines":"3, 5, 60, 63","arr":["3","5","60","63"],"terminus":0,"mode":"tram","color":"#d6212b","colorDark":"#7c1116","angle":15.4,"snapDist":0,"label":1}},{"type":"Feature","geometry":{"type":"Point","coordinates":[18.628239,54.409085]},"properties":{"name":"Wczasy","lines":"3, 5, 60, 63","arr":["3","5","60","63"],"terminus":0,"mode":"tram","color":"#d6212b","colorDark":"#7c1116","angle":15.2,"snapDist":1,"label":1}},{"type":"Feature","geometry":{"type":"Point","coordinates":[18.624165,54.404188]},"properties":{"name":"Dworska","lines":"3, 5, 60, 63","arr":["3","5","60","63"],"terminus":0,"mode":"tram","color":"#d6212b","colorDark":"#7c1116","angle":292.6,"snapDist":3,"label":1}},{"type":"Feature","geometry":{"type":"Point","coordinates":[18.623106,54.402712]},"properties":{"name":"al. Płażyńskiego","lines":"3, 5, 60, 63","arr":["3","5","60","63"],"terminus":0,"mode":"tram","color":"#d6212b","colorDark":"#7c1116","angle":291.8,"snapDist":3,"label":1}},{"type":"Feature","geometry":{"type":"Point","coordinates":[18.622303,54.396161]},"properties":{"name":"Grudziądzka","lines":"3, 5, 60, 63","arr":["3","5","60","63"],"terminus":0,"mode":"tram","color":"#d6212b","colorDark":"#7c1116","angle":269.8,"snapDist":2,"label":1}},{"type":"Feature","geometry":{"type":"Point","coordinates":[18.622341,54.392296]},"properties":{"name":"Kolonia Uroda","lines":"3, 5, 60, 63","arr":["3","5","60","63"],"terminus":0,"mode":"tram","color":"#d6212b","colorDark":"#7c1116","angle":269.8,"snapDist":3,"label":1}},{"type":"Feature","geometry":{"type":"Point","coordinates":[18.622374,54.387991]},"properties":{"name":"Kościuszki","lines":"3, 5, 60, 63","arr":["3","5","60","63"],"terminus":0,"mode":"tram","color":"#d6212b","colorDark":"#7c1116","angle":270.1,"snapDist":1,"label":1}},{"type":"Feature","geometry":{"type":"Point","coordinates":[18.596415,54.333159]},"properties":{"name":"Przemyska","lines":"3, 6","arr":["3","6"],"terminus":0,"mode":"tram","color":"#d6212b","colorDark":"#7c1116","angle":269.5,"snapDist":5,"label":0}},{"type":"Feature","geometry":{"type":"Point","coordinates":[18.59886,54.328918]},"properties":{"name":"Płocka","lines":"3, 6","arr":["3","6"],"terminus":0,"mode":"tram","color":"#d6212b","colorDark":"#7c1116","angle":238.7,"snapDist":2,"label":1}},{"type":"Feature","geometry":{"type":"Point","coordinates":[18.606673,54.323113]},"properties":{"name":"Łostowice Świętokrzyska","lines":"3, 6","arr":["3","6"],"terminus":1,"mode":"tram","color":"#d6212b","colorDark":"#7c1116","angle":240.5,"snapDist":6,"label":1}},{"type":"Feature","geometry":{"type":"Point","coordinates":[18.60572,54.322469]},"properties":{"name":"Łostowice Świętokrzyska","lines":"3, 6","arr":["3","6"],"terminus":0,"mode":"tram","color":"#d6212b","colorDark":"#7c1116","angle":339.5,"snapDist":3,"label":0}},{"type":"Feature","geometry":{"type":"Point","coordinates":[18.598844,54.328934]},"properties":{"name":"Płocka","lines":"3, 6","arr":["3","6"],"terminus":0,"mode":"tram","color":"#d6212b","colorDark":"#7c1116","angle":58.7,"snapDist":3,"label":0}},{"type":"Feature","geometry":{"type":"Point","coordinates":[18.621946,54.383858]},"properties":{"name":"Mickiewicza","lines":"3, 5, 63","arr":["3","5","63"],"terminus":0,"mode":"tram","color":"#d6212b","colorDark":"#7c1116","angle":93.2,"snapDist":2,"label":0}},{"type":"Feature","geometry":{"type":"Point","coordinates":[18.622435,54.388145]},"properties":{"name":"Kościuszki","lines":"3, 5, 63","arr":["3","5","63"],"terminus":0,"mode":"tram","color":"#d6212b","colorDark":"#7c1116","angle":90,"snapDist":2,"label":0}},{"type":"Feature","geometry":{"type":"Point","coordinates":[18.6224,54.39263]},"properties":{"name":"Kolonia Uroda","lines":"3, 5, 63","arr":["3","5","63"],"terminus":0,"mode":"tram","color":"#d6212b","colorDark":"#7c1116","angle":89.9,"snapDist":2,"label":0}},{"type":"Feature","geometry":{"type":"Point","coordinates":[18.622362,54.396343]},"properties":{"name":"Grudziądzka","lines":"3, 5, 63","arr":["3","5","63"],"terminus":0,"mode":"tram","color":"#d6212b","colorDark":"#7c1116","angle":89.6,"snapDist":1,"label":0}},{"type":"Feature","geometry":{"type":"Point","coordinates":[18.622398,54.401591]},"properties":{"name":"al. Płażyńskiego","lines":"3, 5, 63","arr":["3","5","63"],"terminus":0,"mode":"tram","color":"#d6212b","colorDark":"#7c1116","angle":104.8,"snapDist":3,"label":0}},{"type":"Feature","geometry":{"type":"Point","coordinates":[18.626267,54.400306]},"properties":{"name":"Uczniowska","lines":"3, 5, 63","arr":["3","5","63"],"terminus":0,"mode":"tram","color":"#d6212b","colorDark":"#7c1116","angle":227.2,"snapDist":4,"label":1}},{"type":"Feature","geometry":{"type":"Point","coordinates":[18.630867,54.402363]},"properties":{"name":"Gdańska","lines":"3, 5, 63","arr":["3","5","63"],"terminus":0,"mode":"tram","color":"#d6212b","colorDark":"#7c1116","angle":131.8,"snapDist":1,"label":1}},{"type":"Feature","geometry":{"type":"Point","coordinates":[18.63448,54.404653]},"properties":{"name":"Sternicza","lines":"3, 5, 63","arr":["3","5","63"],"terminus":0,"mode":"tram","color":"#d6212b","colorDark":"#7c1116","angle":132.2,"snapDist":3,"label":1}},{"type":"Feature","geometry":{"type":"Point","coordinates":[18.63872,54.407173]},"properties":{"name":"Brzeźno Dom Zdrojowy","lines":"3, 5","arr":["3","5"],"terminus":0,"mode":"tram","color":"#d6212b","colorDark":"#7c1116","angle":169.2,"snapDist":3,"label":0}},{"type":"Feature","geometry":{"type":"Point","coordinates":[18.644268,54.406172]},"properties":{"name":"Krasickiego","lines":"3, 5","arr":["3","5"],"terminus":0,"mode":"tram","color":"#d6212b","colorDark":"#7c1116","angle":204.9,"snapDist":0,"label":0}},{"type":"Feature","geometry":{"type":"Point","coordinates":[18.655723,54.404673]},"properties":{"name":"Latarnia Morska","lines":"3, 5","arr":["3","5"],"terminus":0,"mode":"tram","color":"#d6212b","colorDark":"#7c1116","angle":166.5,"snapDist":2,"label":0}},{"type":"Feature","geometry":{"type":"Point","coordinates":[18.661956,54.403712]},"properties":{"name":"Kasztanowa","lines":"3, 5","arr":["3","5"],"terminus":0,"mode":"tram","color":"#d6212b","colorDark":"#7c1116","angle":217.4,"snapDist":1,"label":0}},{"type":"Feature","geometry":{"type":"Point","coordinates":[18.664627,54.40141]},"properties":{"name":"Na Zaspę","lines":"3, 5","arr":["3","5"],"terminus":0,"mode":"tram","color":"#d6212b","colorDark":"#7c1116","angle":279.3,"snapDist":0,"label":1}},{"type":"Feature","geometry":{"type":"Point","coordinates":[18.670028,54.399048]},"properties":{"name":"Plac Wolności","lines":"3, 5, 7, 10, 60","arr":["3","5","7","10","60"],"terminus":0,"mode":"tram","color":"#d6212b","colorDark":"#7c1116","angle":210,"snapDist":4,"label":1}},{"type":"Feature","geometry":{"type":"Point","coordinates":[18.67323,54.39797]},"properties":{"name":"Nowy Port Zajezdnia","lines":"3, 7, 10","arr":["3","7","10"],"terminus":1,"mode":"tram","color":"#d6212b","colorDark":"#7c1116","angle":210,"snapDist":2,"label":1}},{"type":"Feature","geometry":{"type":"Point","coordinates":[18.567115,54.409688]},"properties":{"name":"Oliwa","lines":"5, 60","arr":["5","60"],"terminus":1,"mode":"tram","color":"#d6212b","colorDark":"#7c1116","angle":123.4,"snapDist":2,"label":1}},{"type":"Feature","geometry":{"type":"Point","coordinates":[18.581645,54.388395]},"properties":{"name":"Wilka-Krzyżanowskiego","lines":"5, 6, 9, 11, 12","arr":["5","6","9","11","12"],"terminus":0,"mode":"tram","color":"#d6212b","colorDark":"#7c1116","angle":229.3,"snapDist":2,"label":1}},{"type":"Feature","geometry":{"type":"Point","coordinates":[18.585211,54.386904]},"properties":{"name":"Zamenhofa","lines":"5, 6, 9, 11, 12","arr":["5","6","9","11","12"],"terminus":0,"mode":"tram","color":"#d6212b","colorDark":"#7c1116","angle":177.5,"snapDist":0,"label":1}},{"type":"Feature","geometry":{"type":"Point","coordinates":[18.590701,54.387045]},"properties":{"name":"Wojska Polskiego","lines":"5, 6, 9, 11, 12","arr":["5","6","9","11","12"],"terminus":0,"mode":"tram","color":"#d6212b","colorDark":"#7c1116","angle":177.5,"snapDist":4,"label":1}},{"type":"Feature","geometry":{"type":"Point","coordinates":[18.598796,54.382158]},"properties":{"name":"Galeria Bałtycka","lines":"5, 6, 9, 11, 12","arr":["5","6","9","11","12"],"terminus":0,"mode":"tram","color":"#d6212b","colorDark":"#7c1116","angle":221.7,"snapDist":3,"label":1}},{"type":"Feature","geometry":{"type":"Point","coordinates":[18.603205,54.379805]},"properties":{"name":"Klonowa","lines":"5, 6, 9, 11, 12","arr":["5","6","9","11","12"],"terminus":0,"mode":"tram","color":"#d6212b","colorDark":"#7c1116","angle":217.4,"snapDist":2,"label":1}},{"type":"Feature","geometry":{"type":"Point","coordinates":[18.606628,54.37829]},"properties":{"name":"Jaśkowa Dolina","lines":"5, 6, 9, 11, 12","arr":["5","6","9","11","12"],"terminus":0,"mode":"tram","color":"#d6212b","colorDark":"#7c1116","angle":215.7,"snapDist":3,"label":1}},{"type":"Feature","geometry":{"type":"Point","coordinates":[18.615464,54.375741]},"properties":{"name":"Miszewskiego","lines":"5, 6, 9, 11, 12","arr":["5","6","9","11","12"],"terminus":0,"mode":"tram","color":"#d6212b","colorDark":"#7c1116","angle":194.7,"snapDist":4,"label":1}},{"type":"Feature","geometry":{"type":"Point","coordinates":[18.621534,54.373955]},"properties":{"name":"Politechnika","lines":"5, 6, 9, 11, 12","arr":["5","6","9","11","12"],"terminus":0,"mode":"tram","color":"#d6212b","colorDark":"#7c1116","angle":224.5,"snapDist":2,"label":1}},{"type":"Feature","geometry":{"type":"Point","coordinates":[18.673584,54.397901]},"properties":{"name":"Zajezdnia NOWY PORT T2","lines":"5, 10","arr":["5","10"],"terminus":1,"mode":"tram","color":"#d6212b","colorDark":"#7c1116","angle":163.4,"snapDist":88,"label":1}},{"type":"Feature","geometry":{"type":"Point","coordinates":[18.621431,54.374013]},"properties":{"name":"Politechnika","lines":"5, 6, 9, 11, 12","arr":["5","6","9","11","12"],"terminus":0,"mode":"tram","color":"#d6212b","colorDark":"#7c1116","angle":44.5,"snapDist":4,"label":0}},{"type":"Feature","geometry":{"type":"Point","coordinates":[18.615122,54.375789]},"properties":{"name":"Miszewskiego","lines":"5, 6, 9, 11, 12","arr":["5","6","9","11","12"],"terminus":0,"mode":"tram","color":"#d6212b","colorDark":"#7c1116","angle":15.1,"snapDist":7,"label":0}},{"type":"Feature","geometry":{"type":"Point","coordinates":[18.606374,54.378396]},"properties":{"name":"Jaśkowa Dolina","lines":"5, 6, 9, 11, 12","arr":["5","6","9","11","12"],"terminus":0,"mode":"tram","color":"#d6212b","colorDark":"#7c1116","angle":35.7,"snapDist":5,"label":0}},{"type":"Feature","geometry":{"type":"Point","coordinates":[18.602926,54.379928]},"properties":{"name":"Klonowa","lines":"5, 6, 9, 11, 12","arr":["5","6","9","11","12"],"terminus":0,"mode":"tram","color":"#d6212b","colorDark":"#7c1116","angle":36.5,"snapDist":5,"label":0}},{"type":"Feature","geometry":{"type":"Point","coordinates":[18.598522,54.382301]},"properties":{"name":"Galeria Bałtycka","lines":"5, 6, 9, 11, 12","arr":["5","6","9","11","12"],"terminus":0,"mode":"tram","color":"#d6212b","colorDark":"#7c1116","angle":41.9,"snapDist":5,"label":0}},{"type":"Feature","geometry":{"type":"Point","coordinates":[18.590456,54.387038]},"properties":{"name":"Wojska Polskiego","lines":"5, 6, 9, 11, 12","arr":["5","6","9","11","12"],"terminus":0,"mode":"tram","color":"#d6212b","colorDark":"#7c1116","angle":357.5,"snapDist":3,"label":0}},{"type":"Feature","geometry":{"type":"Point","coordinates":[18.584888,54.386896]},"properties":{"name":"Zamenhofa","lines":"5, 6, 9, 11, 12","arr":["5","6","9","11","12"],"terminus":0,"mode":"tram","color":"#d6212b","colorDark":"#7c1116","angle":357.5,"snapDist":2,"label":0}},{"type":"Feature","geometry":{"type":"Point","coordinates":[18.58153,54.388473]},"properties":{"name":"Wilka-Krzyżanowskiego","lines":"5, 6, 9, 11, 12","arr":["5","6","9","11","12"],"terminus":0,"mode":"tram","color":"#d6212b","colorDark":"#7c1116","angle":49.3,"snapDist":5,"label":0}},{"type":"Feature","geometry":{"type":"Point","coordinates":[18.577745,54.391155]},"properties":{"name":"Strzyża PKM","lines":"5, 6, 12","arr":["5","6","12"],"terminus":0,"mode":"tram","color":"#d6212b","colorDark":"#7c1116","angle":50.2,"snapDist":1,"label":0}},{"type":"Feature","geometry":{"type":"Point","coordinates":[18.57172,54.395726]},"properties":{"name":"Uniwersytet Gdański","lines":"5, 6, 12","arr":["5","6","12"],"terminus":0,"mode":"tram","color":"#d6212b","colorDark":"#7c1116","angle":59.4,"snapDist":1,"label":0}},{"type":"Feature","geometry":{"type":"Point","coordinates":[18.568573,54.39888]},"properties":{"name":"Bażyńskiego","lines":"5, 6, 12","arr":["5","6","12"],"terminus":0,"mode":"tram","color":"#d6212b","colorDark":"#7c1116","angle":59.7,"snapDist":1,"label":0}},{"type":"Feature","geometry":{"type":"Point","coordinates":[18.565667,54.402719]},"properties":{"name":"Tetmajera","lines":"5, 6, 12","arr":["5","6","12"],"terminus":0,"mode":"tram","color":"#d6212b","colorDark":"#7c1116","angle":66.4,"snapDist":0,"label":0}},{"type":"Feature","geometry":{"type":"Point","coordinates":[18.563908,54.405075]},"properties":{"name":"Derdowskiego","lines":"5, 6, 12","arr":["5","6","12"],"terminus":0,"mode":"tram","color":"#d6212b","colorDark":"#7c1116","angle":67.1,"snapDist":0,"label":0}},{"type":"Feature","geometry":{"type":"Point","coordinates":[18.562983,54.408365]},"properties":{"name":"Obrońców Westerplatte","lines":"5, 6, 12","arr":["5","6","12"],"terminus":0,"mode":"tram","color":"#d6212b","colorDark":"#7c1116","angle":81.9,"snapDist":1,"label":0}},{"type":"Feature","geometry":{"type":"Point","coordinates":[18.624666,54.372135]},"properties":{"name":"Opera Bałtycka","lines":"6, 9, 11, 12","arr":["6","9","11","12"],"terminus":0,"mode":"tram","color":"#d6212b","colorDark":"#7c1116","angle":45.1,"snapDist":1,"label":0}},{"type":"Feature","geometry":{"type":"Point","coordinates":[18.567101,54.41001]},"properties":{"name":"Oliwa","lines":"6, 12, 60","arr":["6","12","60"],"terminus":0,"mode":"tram","color":"#d6212b","colorDark":"#7c1116","angle":74.4,"snapDist":1,"label":0}},{"type":"Feature","geometry":{"type":"Point","coordinates":[18.565679,54.413883]},"properties":{"name":"Opacka","lines":"6, 12, 60","arr":["6","12","60"],"terminus":0,"mode":"tram","color":"#d6212b","colorDark":"#7c1116","angle":108.1,"snapDist":2,"label":0}},{"type":"Feature","geometry":{"type":"Point","coordinates":[18.573471,54.41676]},"properties":{"name":"Subisława","lines":"6, 12, 60","arr":["6","12","60"],"terminus":0,"mode":"tram","color":"#d6212b","colorDark":"#7c1116","angle":149.6,"snapDist":2,"label":0}},{"type":"Feature","geometry":{"type":"Point","coordinates":[18.57734,54.418036]},"properties":{"name":"Pomorska - Osiedle","lines":"6, 12, 60","arr":["6","12","60"],"terminus":0,"mode":"tram","color":"#d6212b","colorDark":"#7c1116","angle":150.1,"snapDist":2,"label":0}},{"type":"Feature","geometry":{"type":"Point","coordinates":[18.584549,54.420424]},"properties":{"name":"Osiedle Wejhera","lines":"6, 8","arr":["6","8"],"terminus":0,"mode":"tram","color":"#d6212b","colorDark":"#7c1116","angle":152,"snapDist":2,"label":0}},{"type":"Feature","geometry":{"type":"Point","coordinates":[18.588382,54.421603]},"properties":{"name":"Helska","lines":"6, 8","arr":["6","8"],"terminus":0,"mode":"tram","color":"#d6212b","colorDark":"#7c1116","angle":152.2,"snapDist":2,"label":0}},{"type":"Feature","geometry":{"type":"Point","coordinates":[18.592693,54.423238]},"properties":{"name":"Jelitkowo","lines":"6","arr":["6"],"terminus":1,"mode":"tram","color":"#d6212b","colorDark":"#7c1116","angle":152.5,"snapDist":2,"label":0}},{"type":"Feature","geometry":{"type":"Point","coordinates":[18.616663,54.337344]},"properties":{"name":"Chełm Witosa","lines":"7","arr":["7"],"terminus":1,"mode":"tram","color":"#d6212b","colorDark":"#7c1116","angle":220.9,"snapDist":4,"label":1}},{"type":"Feature","geometry":{"type":"Point","coordinates":[18.617743,54.337735]},"properties":{"name":"Chełm Witosa","lines":"7","arr":["7"],"terminus":0,"mode":"tram","color":"#d6212b","colorDark":"#7c1116","angle":84.7,"snapDist":3,"label":0}},{"type":"Feature","geometry":{"type":"Point","coordinates":[18.626597,54.375382]},"properties":{"name":"Politechnika SKM","lines":"7, 8, 10, 60","arr":["7","8","10","60"],"terminus":0,"mode":"tram","color":"#d6212b","colorDark":"#7c1116","angle":169.1,"snapDist":2,"label":1}},{"type":"Feature","geometry":{"type":"Point","coordinates":[18.630668,54.376612]},"properties":{"name":"Węzeł Kliniczna","lines":"7, 10, 60","arr":["7","10","60"],"terminus":0,"mode":"tram","color":"#d6212b","colorDark":"#7c1116","angle":113.2,"snapDist":5,"label":1}},{"type":"Feature","geometry":{"type":"Point","coordinates":[18.634368,54.379564]},"properties":{"name":"Swojska","lines":"7, 10, 60","arr":["7","10","60"],"terminus":0,"mode":"tram","color":"#d6212b","colorDark":"#7c1116","angle":128.8,"snapDist":7,"label":1}},{"type":"Feature","geometry":{"type":"Point","coordinates":[18.638639,54.382507]},"properties":{"name":"Żaglowa - AmberExpo","lines":"7, 10, 60","arr":["7","10","60"],"terminus":0,"mode":"tram","color":"#d6212b","colorDark":"#7c1116","angle":130.4,"snapDist":5,"label":1}},{"type":"Feature","geometry":{"type":"Point","coordinates":[18.644954,54.385809]},"properties":{"name":"Mostostal","lines":"7, 10, 60","arr":["7","10","60"],"terminus":0,"mode":"tram","color":"#d6212b","colorDark":"#7c1116","angle":144,"snapDist":6,"label":1}},{"type":"Feature","geometry":{"type":"Point","coordinates":[18.648953,54.387413]},"properties":{"name":"Polsat Plus Arena Gdańsk","lines":"7, 10, 60","arr":["7","10","60"],"terminus":0,"mode":"tram","color":"#d6212b","colorDark":"#7c1116","angle":144.3,"snapDist":7,"label":1}},{"type":"Feature","geometry":{"type":"Point","coordinates":[18.657199,54.391902]},"properties":{"name":"Śnieżna","lines":"7, 10, 60","arr":["7","10","60"],"terminus":0,"mode":"tram","color":"#d6212b","colorDark":"#7c1116","angle":128.7,"snapDist":5,"label":1}},{"type":"Feature","geometry":{"type":"Point","coordinates":[18.666253,54.398431]},"properties":{"name":"Marynarki Polskiej","lines":"7, 10, 60","arr":["7","10","60"],"terminus":0,"mode":"tram","color":"#d6212b","colorDark":"#7c1116","angle":133.2,"snapDist":6,"label":1}},{"type":"Feature","geometry":{"type":"Point","coordinates":[18.592727,54.423192]},"properties":{"name":"Jelitkowo","lines":"8","arr":["8"],"terminus":1,"mode":"tram","color":"#d6212b","colorDark":"#7c1116","angle":150.5,"snapDist":2,"label":0}},{"type":"Feature","geometry":{"type":"Point","coordinates":[18.631146,54.374378]},"properties":{"name":"Twarda","lines":"8","arr":["8"],"terminus":0,"mode":"tram","color":"#d6212b","colorDark":"#7c1116","angle":279.8,"snapDist":2,"label":1}},{"type":"Feature","geometry":{"type":"Point","coordinates":[18.633945,54.371775]},"properties":{"name":"Stocznia Północna","lines":"8","arr":["8"],"terminus":0,"mode":"tram","color":"#d6212b","colorDark":"#7c1116","angle":236.4,"snapDist":2,"label":1}},{"type":"Feature","geometry":{"type":"Point","coordinates":[18.642731,54.364591]},"properties":{"name":"Stocznia SKM","lines":"8","arr":["8"],"terminus":0,"mode":"tram","color":"#d6212b","colorDark":"#7c1116","angle":234,"snapDist":3,"label":1}},{"type":"Feature","geometry":{"type":"Point","coordinates":[18.647868,54.360374]},"properties":{"name":"Plac Solidarności","lines":"8","arr":["8"],"terminus":0,"mode":"tram","color":"#d6212b","colorDark":"#7c1116","angle":236.9,"snapDist":3,"label":1}},{"type":"Feature","geometry":{"type":"Point","coordinates":[18.645466,54.355131]},"properties":{"name":"Dworzec Główny","lines":"8, 9","arr":["8","9"],"terminus":0,"mode":"tram","color":"#d6212b","colorDark":"#7c1116","angle":277.9,"snapDist":4,"label":0}},{"type":"Feature","geometry":{"type":"Point","coordinates":[18.645318,54.354261]},"properties":{"name":"Dworzec Główny","lines":"8, 9","arr":["8","9"],"terminus":1,"mode":"tram","color":"#d6212b","colorDark":"#7c1116","angle":278,"snapDist":1,"label":1}},{"type":"Feature","geometry":{"type":"Point","coordinates":[18.645621,54.355513]},"properties":{"name":"Dworzec Główny","lines":"8, 9","arr":["8","9"],"terminus":0,"mode":"tram","color":"#d6212b","colorDark":"#7c1116","angle":97.9,"snapDist":3,"label":0}},{"type":"Feature","geometry":{"type":"Point","coordinates":[18.647661,54.360625]},"properties":{"name":"Plac Solidarności","lines":"8","arr":["8"],"terminus":0,"mode":"tram","color":"#d6212b","colorDark":"#7c1116","angle":57.1,"snapDist":3,"label":0}},{"type":"Feature","geometry":{"type":"Point","coordinates":[18.643232,54.364206]},"properties":{"name":"Stocznia SKM","lines":"8","arr":["8"],"terminus":0,"mode":"tram","color":"#d6212b","colorDark":"#7c1116","angle":57.7,"snapDist":1,"label":0}},{"type":"Feature","geometry":{"type":"Point","coordinates":[18.633821,54.371939]},"properties":{"name":"Stocznia Północna","lines":"8","arr":["8"],"terminus":0,"mode":"tram","color":"#d6212b","colorDark":"#7c1116","angle":56.6,"snapDist":1,"label":0}},{"type":"Feature","geometry":{"type":"Point","coordinates":[18.631288,54.374561]},"properties":{"name":"Twarda","lines":"8","arr":["8"],"terminus":0,"mode":"tram","color":"#d6212b","colorDark":"#7c1116","angle":104.6,"snapDist":2,"label":0}},{"type":"Feature","geometry":{"type":"Point","coordinates":[18.626358,54.37539]},"properties":{"name":"Politechnika SKM","lines":"8, 10","arr":["8","10"],"terminus":0,"mode":"tram","color":"#d6212b","colorDark":"#7c1116","angle":349.6,"snapDist":2,"label":0}},{"type":"Feature","geometry":{"type":"Point","coordinates":[18.579232,54.390061]},"properties":{"name":"Zajezdnia WRZESZCZ T2","lines":"9, 11","arr":["9","11"],"terminus":1,"mode":"tram","color":"#d6212b","colorDark":"#7c1116","angle":-130.3,"snapDist":20,"label":1}},{"type":"Feature","geometry":{"type":"Point","coordinates":[18.578184,54.391116]},"properties":{"name":"Strzyża PKM","lines":"9","arr":["9"],"terminus":0,"mode":"tram","color":"#d6212b","colorDark":"#7c1116","angle":303.9,"snapDist":1,"label":0}},{"type":"Feature","geometry":{"type":"Point","coordinates":[18.578778,54.390828]},"properties":{"name":"Strzyża PKM","lines":"9, 11","arr":["9","11"],"terminus":0,"mode":"tram","color":"#d6212b","colorDark":"#7c1116","angle":124.4,"snapDist":3,"label":0}},{"type":"Feature","geometry":{"type":"Point","coordinates":[18.670987,54.400053]},"properties":{"name":"Nowy Port Góreckiego","lines":"10","arr":["10"],"terminus":0,"mode":"tram","color":"#d6212b","colorDark":"#7c1116","angle":25.1,"snapDist":0,"label":1}},{"type":"Feature","geometry":{"type":"Point","coordinates":[18.666156,54.398371]},"properties":{"name":"Marynarki Polskiej","lines":"10","arr":["10"],"terminus":0,"mode":"tram","color":"#d6212b","colorDark":"#7c1116","angle":313.2,"snapDist":1,"label":0}},{"type":"Feature","geometry":{"type":"Point","coordinates":[18.657695,54.392265]},"properties":{"name":"Śnieżna","lines":"10","arr":["10"],"terminus":0,"mode":"tram","color":"#d6212b","colorDark":"#7c1116","angle":308.7,"snapDist":2,"label":0}},{"type":"Feature","geometry":{"type":"Point","coordinates":[18.648468,54.38721]},"properties":{"name":"Polsat Plus Arena Gdańsk","lines":"10","arr":["10"],"terminus":0,"mode":"tram","color":"#d6212b","colorDark":"#7c1116","angle":324.3,"snapDist":7,"label":0}},{"type":"Feature","geometry":{"type":"Point","coordinates":[18.644637,54.385675]},"properties":{"name":"Mostostal","lines":"10","arr":["10"],"terminus":0,"mode":"tram","color":"#d6212b","colorDark":"#7c1116","angle":324,"snapDist":3,"label":0}},{"type":"Feature","geometry":{"type":"Point","coordinates":[18.638452,54.382379]},"properties":{"name":"Żaglowa - AmberExpo","lines":"10","arr":["10"],"terminus":0,"mode":"tram","color":"#d6212b","colorDark":"#7c1116","angle":310.4,"snapDist":4,"label":0}},{"type":"Feature","geometry":{"type":"Point","coordinates":[18.633345,54.378868]},"properties":{"name":"Swojska","lines":"10","arr":["10"],"terminus":0,"mode":"tram","color":"#d6212b","colorDark":"#7c1116","angle":310.9,"snapDist":3,"label":0}},{"type":"Feature","geometry":{"type":"Point","coordinates":[18.630597,54.376488]},"properties":{"name":"Węzeł Kliniczna","lines":"10","arr":["10"],"terminus":0,"mode":"tram","color":"#d6212b","colorDark":"#7c1116","angle":283.9,"snapDist":3,"label":0}},{"type":"Feature","geometry":{"type":"Point","coordinates":[18.636325,54.351083]},"properties":{"name":"Powstańców Warszawskich","lines":"10, 12, 63","arr":["10","12","63"],"terminus":0,"mode":"tram","color":"#d6212b","colorDark":"#7c1116","angle":351.2,"snapDist":6,"label":1}},{"type":"Feature","geometry":{"type":"Point","coordinates":[18.630003,54.350016]},"properties":{"name":"Paska","lines":"10, 12, 63","arr":["10","12","63"],"terminus":0,"mode":"tram","color":"#d6212b","colorDark":"#7c1116","angle":339.9,"snapDist":6,"label":1}},{"type":"Feature","geometry":{"type":"Point","coordinates":[18.624411,54.34911]},"properties":{"name":"Ciasna","lines":"10, 12, 63","arr":["10","12","63"],"terminus":0,"mode":"tram","color":"#d6212b","colorDark":"#7c1116","angle":345.5,"snapDist":6,"label":1}},{"type":"Feature","geometry":{"type":"Point","coordinates":[18.618627,54.348783]},"properties":{"name":"Zakopiańska","lines":"10, 12, 63","arr":["10","12","63"],"terminus":0,"mode":"tram","color":"#d6212b","colorDark":"#7c1116","angle":356.1,"snapDist":4,"label":1}},{"type":"Feature","geometry":{"type":"Point","coordinates":[18.612626,54.349027]},"properties":{"name":"Skrajna","lines":"10, 12, 63","arr":["10","12","63"],"terminus":0,"mode":"tram","color":"#d6212b","colorDark":"#7c1116","angle":5.7,"snapDist":7,"label":1}},{"type":"Feature","geometry":{"type":"Point","coordinates":[18.607108,54.348156]},"properties":{"name":"Siedlce","lines":"10, 12, 63","arr":["10","12","63"],"terminus":0,"mode":"tram","color":"#d6212b","colorDark":"#7c1116","angle":288.1,"snapDist":4,"label":1}},{"type":"Feature","geometry":{"type":"Point","coordinates":[18.592143,54.351507]},"properties":{"name":"Piekarnicza","lines":"10, 12, 63","arr":["10","12","63"],"terminus":0,"mode":"tram","color":"#d6212b","colorDark":"#7c1116","angle":47.6,"snapDist":7,"label":1}},{"type":"Feature","geometry":{"type":"Point","coordinates":[18.588362,54.355636]},"properties":{"name":"Belgradzka","lines":"10, 12, 63","arr":["10","12","63"],"terminus":0,"mode":"tram","color":"#d6212b","colorDark":"#7c1116","angle":62.8,"snapDist":7,"label":1}},{"type":"Feature","geometry":{"type":"Point","coordinates":[18.58263,54.357645]},"properties":{"name":"Warneńska","lines":"10, 12, 63","arr":["10","12","63"],"terminus":0,"mode":"tram","color":"#d6212b","colorDark":"#7c1116","angle":359.9,"snapDist":7,"label":1}},{"type":"Feature","geometry":{"type":"Point","coordinates":[18.577357,54.360401]},"properties":{"name":"Kolumba","lines":"10","arr":["10"],"terminus":0,"mode":"tram","color":"#d6212b","colorDark":"#7c1116","angle":55.5,"snapDist":3,"label":1}},{"type":"Feature","geometry":{"type":"Point","coordinates":[18.573958,54.365527]},"properties":{"name":"Brętowo PKM","lines":"10","arr":["10"],"terminus":0,"mode":"tram","color":"#d6212b","colorDark":"#7c1116","angle":104.2,"snapDist":6,"label":0}},{"type":"Feature","geometry":{"type":"Point","coordinates":[18.574168,54.366014]},"properties":{"name":"Brętowo PKM","lines":"10","arr":["10"],"terminus":1,"mode":"tram","color":"#d6212b","colorDark":"#7c1116","angle":104.5,"snapDist":3,"label":1}},{"type":"Feature","geometry":{"type":"Point","coordinates":[18.573632,54.364772]},"properties":{"name":"Brętowo PKM","lines":"10","arr":["10"],"terminus":0,"mode":"tram","color":"#d6212b","colorDark":"#7c1116","angle":284.1,"snapDist":7,"label":0}},{"type":"Feature","geometry":{"type":"Point","coordinates":[18.577513,54.360269]},"properties":{"name":"Kolumba","lines":"10","arr":["10"],"terminus":0,"mode":"tram","color":"#d6212b","colorDark":"#7c1116","angle":235.5,"snapDist":3,"label":0}},{"type":"Feature","geometry":{"type":"Point","coordinates":[18.582835,54.357645]},"properties":{"name":"Warneńska","lines":"10, 12, 63","arr":["10","12","63"],"terminus":0,"mode":"tram","color":"#d6212b","colorDark":"#7c1116","angle":179.9,"snapDist":2,"label":0}},{"type":"Feature","geometry":{"type":"Point","coordinates":[18.588421,54.355569]},"properties":{"name":"Belgradzka","lines":"10, 12, 63","arr":["10","12","63"],"terminus":0,"mode":"tram","color":"#d6212b","colorDark":"#7c1116","angle":242.8,"snapDist":3,"label":0}},{"type":"Feature","geometry":{"type":"Point","coordinates":[18.592288,54.351422]},"properties":{"name":"Piekarnicza","lines":"10, 12, 63","arr":["10","12","63"],"terminus":0,"mode":"tram","color":"#d6212b","colorDark":"#7c1116","angle":222.3,"snapDist":1,"label":0}},{"type":"Feature","geometry":{"type":"Point","coordinates":[18.607222,54.348354]},"properties":{"name":"Siedlce","lines":"10, 12, 63","arr":["10","12","63"],"terminus":0,"mode":"tram","color":"#d6212b","colorDark":"#7c1116","angle":108.9,"snapDist":1,"label":0}},{"type":"Feature","geometry":{"type":"Point","coordinates":[18.612833,54.349015]},"properties":{"name":"Skrajna","lines":"10, 12, 63","arr":["10","12","63"],"terminus":0,"mode":"tram","color":"#d6212b","colorDark":"#7c1116","angle":185.7,"snapDist":3,"label":0}},{"type":"Feature","geometry":{"type":"Point","coordinates":[18.618823,54.348791]},"properties":{"name":"Zakopiańska","lines":"10, 12, 63","arr":["10","12","63"],"terminus":0,"mode":"tram","color":"#d6212b","colorDark":"#7c1116","angle":176.1,"snapDist":3,"label":0}},{"type":"Feature","geometry":{"type":"Point","coordinates":[18.624675,54.34915]},"properties":{"name":"Ciasna","lines":"10, 12, 63","arr":["10","12","63"],"terminus":0,"mode":"tram","color":"#d6212b","colorDark":"#7c1116","angle":165.5,"snapDist":2,"label":0}},{"type":"Feature","geometry":{"type":"Point","coordinates":[18.630284,54.350079]},"properties":{"name":"Paska","lines":"10, 12, 63","arr":["10","12","63"],"terminus":0,"mode":"tram","color":"#d6212b","colorDark":"#7c1116","angle":158.6,"snapDist":2,"label":0}},{"type":"Feature","geometry":{"type":"Point","coordinates":[18.636595,54.351108]},"properties":{"name":"Powstańców Warszawskich","lines":"10, 12, 63","arr":["10","12","63"],"terminus":0,"mode":"tram","color":"#d6212b","colorDark":"#7c1116","angle":167.3,"snapDist":3,"label":0}},{"type":"Feature","geometry":{"type":"Point","coordinates":[18.574482,54.331196]},"properties":{"name":"Ujeścisko","lines":"12, 63","arr":["12","63"],"terminus":1,"mode":"tram","color":"#d6212b","colorDark":"#7c1116","angle":123.2,"snapDist":6,"label":1}},{"type":"Feature","geometry":{"type":"Point","coordinates":[18.571042,54.331552]},"properties":{"name":"Ujeścisko","lines":"12, 63","arr":["12","63"],"terminus":0,"mode":"tram","color":"#d6212b","colorDark":"#7c1116","angle":4.1,"snapDist":10,"label":0}},{"type":"Feature","geometry":{"type":"Point","coordinates":[18.572146,54.338396]},"properties":{"name":"Zabornia","lines":"12, 63","arr":["12","63"],"terminus":0,"mode":"tram","color":"#d6212b","colorDark":"#7c1116","angle":71.8,"snapDist":5,"label":1}},{"type":"Feature","geometry":{"type":"Point","coordinates":[18.570533,54.341519]},"properties":{"name":"Stolema","lines":"12, 63","arr":["12","63"],"terminus":0,"mode":"tram","color":"#d6212b","colorDark":"#7c1116","angle":82.5,"snapDist":5,"label":1}},{"type":"Feature","geometry":{"type":"Point","coordinates":[18.572392,54.347116]},"properties":{"name":"Łabędzia","lines":"12, 63","arr":["12","63"],"terminus":0,"mode":"tram","color":"#d6212b","colorDark":"#7c1116","angle":106.2,"snapDist":3,"label":1}},{"type":"Feature","geometry":{"type":"Point","coordinates":[18.574045,54.349794]},"properties":{"name":"Królewskie Wzgórze","lines":"12, 63","arr":["12","63"],"terminus":0,"mode":"tram","color":"#d6212b","colorDark":"#7c1116","angle":103.4,"snapDist":4,"label":1}},{"type":"Feature","geometry":{"type":"Point","coordinates":[18.575897,54.352613]},"properties":{"name":"Migowo","lines":"12, 63","arr":["12","63"],"terminus":0,"mode":"tram","color":"#d6212b","colorDark":"#7c1116","angle":115.5,"snapDist":6,"label":1}},{"type":"Feature","geometry":{"type":"Point","coordinates":[18.578663,54.355943]},"properties":{"name":"Budapesztańska","lines":"12, 63","arr":["12","63"],"terminus":0,"mode":"tram","color":"#d6212b","colorDark":"#7c1116","angle":115.7,"snapDist":4,"label":1}},{"type":"Feature","geometry":{"type":"Point","coordinates":[18.594857,54.399259]},"properties":{"name":"Zaspa","lines":"12","arr":["12"],"terminus":1,"mode":"tram","color":"#d6212b","colorDark":"#7c1116","angle":233.3,"snapDist":3,"label":1}},{"type":"Feature","geometry":{"type":"Point","coordinates":[18.59557,54.39988]},"properties":{"name":"Zaspa","lines":"12","arr":["12"],"terminus":0,"mode":"tram","color":"#d6212b","colorDark":"#7c1116","angle":53.7,"snapDist":1,"label":0}},{"type":"Feature","geometry":{"type":"Point","coordinates":[18.578817,54.35621]},"properties":{"name":"Budapesztańska","lines":"12, 63","arr":["12","63"],"terminus":0,"mode":"tram","color":"#d6212b","colorDark":"#7c1116","angle":295.6,"snapDist":4,"label":0}},{"type":"Feature","geometry":{"type":"Point","coordinates":[18.57578,54.352471]},"properties":{"name":"Migowo","lines":"12, 63","arr":["12","63"],"terminus":0,"mode":"tram","color":"#d6212b","colorDark":"#7c1116","angle":295.5,"snapDist":2,"label":0}},{"type":"Feature","geometry":{"type":"Point","coordinates":[18.573994,54.34967]},"properties":{"name":"Królewskie Wzgórze","lines":"12, 63","arr":["12","63"],"terminus":0,"mode":"tram","color":"#d6212b","colorDark":"#7c1116","angle":283.4,"snapDist":2,"label":0}},{"type":"Feature","geometry":{"type":"Point","coordinates":[18.572376,54.347084]},"properties":{"name":"Łabędzia","lines":"12, 63","arr":["12","63"],"terminus":0,"mode":"tram","color":"#d6212b","colorDark":"#7c1116","angle":286.2,"snapDist":5,"label":0}},{"type":"Feature","geometry":{"type":"Point","coordinates":[18.570552,54.341437]},"properties":{"name":"Stolema","lines":"12, 63","arr":["12","63"],"terminus":0,"mode":"tram","color":"#d6212b","colorDark":"#7c1116","angle":262.3,"snapDist":3,"label":0}},{"type":"Feature","geometry":{"type":"Point","coordinates":[18.57221,54.338283]},"properties":{"name":"Zabornia","lines":"12, 63","arr":["12","63"],"terminus":0,"mode":"tram","color":"#d6212b","colorDark":"#7c1116","angle":251.8,"snapDist":3,"label":0}},{"type":"Feature","geometry":{"type":"Point","coordinates":[18.638073,54.407341]},"properties":{"name":"Brzeźno Dom Zdrojowy","lines":"63","arr":["63"],"terminus":1,"mode":"tram","color":"#d6212b","colorDark":"#7c1116","angle":52.7,"snapDist":0,"label":1}}]}